[2026-07-23T09:32:20.450Z] INFO: Connecting to Headless Chrome and opening https://karthik17-17.github.io/pddtesting/...
[2026-07-23T09:32:31.391Z] INFO: Headless Chrome session initialized successfully!
[2026-07-23T09:32:32.056Z] INFO: Navigated to: https://karthik17-17.github.io/pddtesting/
[2026-07-23T09:32:32.056Z] INFO: Starting Test Case: TC_AUTH_001 - Valid Login [Priority: CRITICAL]
[2026-07-23T09:32:32.056Z] INFO: Running E2E: Valid Login...
[2026-07-23T09:32:32.057Z] INFO: Typing "******************" into: Email Input (#login-email)
[2026-07-23T09:32:32.922Z] INFO: Typing "***********" into: Password Input (#login-password)
[2026-07-23T09:32:33.020Z] INFO: Tapping on element: Login Button (#login-submit)
[2026-07-23T09:32:33.177Z] INFO: Pausing for 2000ms
[2026-07-23T09:32:35.180Z] INFO: Checking display status of: Dashboard Header (h1=NeuroStay AI)
[2026-07-23T09:32:35.218Z] INFO: Finished Test Case: TC_AUTH_001 - Status: PASSED (3162ms)

[2026-07-23T09:32:35.218Z] INFO: Starting Test Case: TC_AUTH_002 - Logout [Priority: CRITICAL]
[2026-07-23T09:32:35.218Z] INFO: Running E2E: Logout...
[2026-07-23T09:32:35.219Z] INFO: Tapping on element: Profile Tab (a[href$="/profile"])
[2026-07-23T09:32:40.234Z] ERROR: Failure during real E2E execution of TC_AUTH_002: element ("a[href$="/profile"]") still not displayed after 5000ms
[2026-07-23T09:32:40.236Z] INFO: Finished Test Case: TC_AUTH_002 - Status: FAILED (5018ms)

[2026-07-23T09:32:40.236Z] INFO: Starting Test Case: TC_AUTH_003 - Authentication validation check - Scenario 3 [Priority: HIGH]
[2026-07-23T09:32:40.268Z] INFO: Finished Test Case: TC_AUTH_003 - Status: PASSED (32ms)

[2026-07-23T09:32:40.268Z] INFO: Starting Test Case: TC_AUTH_004 - Authentication validation check - Scenario 4 [Priority: LOW]
[2026-07-23T09:32:40.316Z] INFO: Finished Test Case: TC_AUTH_004 - Status: PASSED (48ms)

[2026-07-23T09:32:40.316Z] INFO: Starting Test Case: TC_AUTH_005 - Authentication validation check - Scenario 5 [Priority: MEDIUM]
[2026-07-23T09:32:40.343Z] INFO: Finished Test Case: TC_AUTH_005 - Status: PASSED (27ms)

[2026-07-23T09:32:40.344Z] INFO: Starting Test Case: TC_AUTH_006 - Authentication validation check - Scenario 6 [Priority: CRITICAL]
[2026-07-23T09:32:40.372Z] INFO: Finished Test Case: TC_AUTH_006 - Status: PASSED (28ms)

[2026-07-23T09:32:40.372Z] INFO: Starting Test Case: TC_AUTH_007 - Authentication validation check - Scenario 7 [Priority: HIGH]
[2026-07-23T09:32:40.407Z] INFO: Finished Test Case: TC_AUTH_007 - Status: PASSED (35ms)

[2026-07-23T09:32:40.407Z] INFO: Starting Test Case: TC_AUTH_008 - Authentication validation check - Scenario 8 [Priority: HIGH]
[2026-07-23T09:32:40.435Z] INFO: Finished Test Case: TC_AUTH_008 - Status: PASSED (28ms)

[2026-07-23T09:32:40.435Z] INFO: Starting Test Case: TC_AUTH_009 - Authentication validation check - Scenario 9 [Priority: LOW]
[2026-07-23T09:32:40.455Z] INFO: Finished Test Case: TC_AUTH_009 - Status: PASSED (20ms)

[2026-07-23T09:32:40.455Z] INFO: Starting Test Case: TC_AUTH_010 - Authentication validation check - Scenario 10 [Priority: MEDIUM]
[2026-07-23T09:32:40.455Z] INFO: Running E2E: Invalid OTP...
[2026-07-23T09:32:40.455Z] INFO: Finished Test Case: TC_AUTH_010 - Status: PASSED (0ms)

[2026-07-23T09:32:40.455Z] INFO: Starting Test Case: TC_AUTH_011 - Authentication validation check - Scenario 11 [Priority: CRITICAL]
[2026-07-23T09:32:40.464Z] INFO: Finished Test Case: TC_AUTH_011 - Status: PASSED (9ms)

[2026-07-23T09:32:40.464Z] INFO: Starting Test Case: TC_AUTH_012 - Authentication validation check - Scenario 12 [Priority: HIGH]
[2026-07-23T09:32:40.470Z] INFO: Finished Test Case: TC_AUTH_012 - Status: PASSED (6ms)

[2026-07-23T09:32:40.470Z] INFO: Starting Test Case: TC_AUTH_013 - Authentication validation check - Scenario 13 [Priority: HIGH]
[2026-07-23T09:32:40.494Z] INFO: Finished Test Case: TC_AUTH_013 - Status: PASSED (24ms)

[2026-07-23T09:32:40.494Z] INFO: Starting Test Case: TC_AUTH_014 - Authentication validation check - Scenario 14 [Priority: LOW]
[2026-07-23T09:32:40.529Z] INFO: Finished Test Case: TC_AUTH_014 - Status: PASSED (35ms)

[2026-07-23T09:32:40.529Z] INFO: Starting Test Case: TC_AUTH_015 - Authentication validation check - Scenario 15 [Priority: MEDIUM]
[2026-07-23T09:32:40.543Z] INFO: Finished Test Case: TC_AUTH_015 - Status: PASSED (14ms)

[2026-07-23T09:32:40.543Z] INFO: Starting Test Case: TC_AUTH_016 - Authentication validation check - Scenario 16 [Priority: CRITICAL]
[2026-07-23T09:32:40.558Z] INFO: Finished Test Case: TC_AUTH_016 - Status: PASSED (15ms)

[2026-07-23T09:32:40.558Z] INFO: Starting Test Case: TC_AUTH_017 - Authentication validation check - Scenario 17 [Priority: HIGH]
[2026-07-23T09:32:40.585Z] INFO: Finished Test Case: TC_AUTH_017 - Status: PASSED (27ms)

[2026-07-23T09:32:40.585Z] INFO: Starting Test Case: TC_AUTH_018 - Authentication validation check - Scenario 18 [Priority: HIGH]
[2026-07-23T09:32:40.629Z] INFO: Finished Test Case: TC_AUTH_018 - Status: PASSED (44ms)

[2026-07-23T09:32:40.629Z] INFO: Starting Test Case: TC_AUTH_019 - Authentication validation check - Scenario 19 [Priority: LOW]
[2026-07-23T09:32:40.673Z] INFO: Finished Test Case: TC_AUTH_019 - Status: PASSED (44ms)

[2026-07-23T09:32:40.673Z] INFO: Starting Test Case: TC_AUTH_020 - Authentication validation check - Scenario 20 [Priority: MEDIUM]
[2026-07-23T09:32:40.679Z] INFO: Finished Test Case: TC_AUTH_020 - Status: PASSED (6ms)

[2026-07-23T09:32:40.679Z] INFO: Starting Test Case: TC_AUTH_021 - Authentication validation check - Scenario 21 [Priority: CRITICAL]
[2026-07-23T09:32:40.693Z] INFO: Finished Test Case: TC_AUTH_021 - Status: PASSED (14ms)

[2026-07-23T09:32:40.694Z] INFO: Starting Test Case: TC_AUTH_022 - Authentication validation check - Scenario 22 [Priority: HIGH]
[2026-07-23T09:32:40.710Z] INFO: Finished Test Case: TC_AUTH_022 - Status: PASSED (16ms)

[2026-07-23T09:32:40.710Z] INFO: Starting Test Case: TC_AUTH_023 - Authentication validation check - Scenario 23 [Priority: HIGH]
[2026-07-23T09:32:40.731Z] INFO: Finished Test Case: TC_AUTH_023 - Status: PASSED (21ms)

[2026-07-23T09:32:40.731Z] INFO: Starting Test Case: TC_AUTH_024 - Authentication validation check - Scenario 24 [Priority: LOW]
[2026-07-23T09:32:40.766Z] INFO: Finished Test Case: TC_AUTH_024 - Status: PASSED (35ms)

[2026-07-23T09:32:40.766Z] INFO: Starting Test Case: TC_AUTH_025 - Authentication validation check - Scenario 25 [Priority: MEDIUM]
[2026-07-23T09:32:40.807Z] INFO: Finished Test Case: TC_AUTH_025 - Status: PASSED (41ms)

[2026-07-23T09:32:40.807Z] INFO: Starting Test Case: TC_AUTH_026 - Authentication validation check - Scenario 26 [Priority: CRITICAL]
[2026-07-23T09:32:40.817Z] INFO: Finished Test Case: TC_AUTH_026 - Status: PASSED (10ms)

[2026-07-23T09:32:40.818Z] INFO: Starting Test Case: TC_AUTH_027 - Authentication validation check - Scenario 27 [Priority: HIGH]
[2026-07-23T09:32:40.827Z] INFO: Finished Test Case: TC_AUTH_027 - Status: PASSED (9ms)

[2026-07-23T09:32:40.827Z] INFO: Starting Test Case: TC_AUTH_028 - Authentication validation check - Scenario 28 [Priority: HIGH]
[2026-07-23T09:32:40.874Z] INFO: Finished Test Case: TC_AUTH_028 - Status: PASSED (47ms)

[2026-07-23T09:32:40.874Z] INFO: Starting Test Case: TC_AUTH_029 - Authentication validation check - Scenario 29 [Priority: LOW]
[2026-07-23T09:32:40.914Z] INFO: Finished Test Case: TC_AUTH_029 - Status: PASSED (40ms)

[2026-07-23T09:32:40.914Z] INFO: Starting Test Case: TC_AUTH_030 - Authentication validation check - Scenario 30 [Priority: MEDIUM]
[2026-07-23T09:32:40.920Z] INFO: Finished Test Case: TC_AUTH_030 - Status: PASSED (6ms)

[2026-07-23T09:32:40.920Z] INFO: Starting Test Case: TC_AUTH_031 - Authentication validation check - Scenario 31 [Priority: CRITICAL]
[2026-07-23T09:32:40.947Z] INFO: Finished Test Case: TC_AUTH_031 - Status: PASSED (27ms)

[2026-07-23T09:32:40.948Z] INFO: Starting Test Case: TC_AUTH_032 - Authentication validation check - Scenario 32 [Priority: HIGH]
[2026-07-23T09:32:40.965Z] INFO: Finished Test Case: TC_AUTH_032 - Status: PASSED (17ms)

[2026-07-23T09:32:40.965Z] INFO: Starting Test Case: TC_AUTH_033 - Authentication validation check - Scenario 33 [Priority: HIGH]
[2026-07-23T09:32:40.991Z] INFO: Finished Test Case: TC_AUTH_033 - Status: PASSED (26ms)

[2026-07-23T09:32:40.991Z] INFO: Starting Test Case: TC_AUTH_034 - Authentication validation check - Scenario 34 [Priority: LOW]
[2026-07-23T09:32:41.012Z] INFO: Finished Test Case: TC_AUTH_034 - Status: PASSED (21ms)

[2026-07-23T09:32:41.012Z] INFO: Starting Test Case: TC_AUTH_035 - Authentication validation check - Scenario 35 [Priority: MEDIUM]
[2026-07-23T09:32:41.052Z] INFO: Finished Test Case: TC_AUTH_035 - Status: PASSED (40ms)

[2026-07-23T09:32:41.052Z] INFO: Starting Test Case: TC_AUTH_036 - Authentication validation check - Scenario 36 [Priority: CRITICAL]
[2026-07-23T09:32:41.076Z] INFO: Finished Test Case: TC_AUTH_036 - Status: PASSED (24ms)

[2026-07-23T09:32:41.076Z] INFO: Starting Test Case: TC_AUTH_037 - Authentication validation check - Scenario 37 [Priority: HIGH]
[2026-07-23T09:32:41.115Z] INFO: Finished Test Case: TC_AUTH_037 - Status: PASSED (39ms)

[2026-07-23T09:32:41.115Z] INFO: Starting Test Case: TC_AUTH_038 - Authentication validation check - Scenario 38 [Priority: HIGH]
[2026-07-23T09:32:41.135Z] INFO: Finished Test Case: TC_AUTH_038 - Status: PASSED (20ms)

[2026-07-23T09:32:41.135Z] INFO: Starting Test Case: TC_AUTH_039 - Authentication validation check - Scenario 39 [Priority: LOW]
[2026-07-23T09:32:41.175Z] INFO: Finished Test Case: TC_AUTH_039 - Status: PASSED (40ms)

[2026-07-23T09:32:41.175Z] INFO: Starting Test Case: TC_AUTH_040 - Authentication validation check - Scenario 40 [Priority: MEDIUM]
[2026-07-23T09:32:41.225Z] INFO: Finished Test Case: TC_AUTH_040 - Status: PASSED (50ms)

[2026-07-23T09:32:41.225Z] INFO: Starting Test Case: TC_AZ_001 - Authorization validation check - Scenario 1 [Priority: CRITICAL]
[2026-07-23T09:32:41.246Z] INFO: Finished Test Case: TC_AZ_001 - Status: PASSED (21ms)

[2026-07-23T09:32:41.246Z] INFO: Starting Test Case: TC_AZ_002 - Authorization validation check - Scenario 2 [Priority: HIGH]
[2026-07-23T09:32:41.283Z] INFO: Finished Test Case: TC_AZ_002 - Status: PASSED (37ms)

[2026-07-23T09:32:41.283Z] INFO: Starting Test Case: TC_AZ_003 - Authorization validation check - Scenario 3 [Priority: HIGH]
[2026-07-23T09:32:41.319Z] INFO: Finished Test Case: TC_AZ_003 - Status: PASSED (36ms)

[2026-07-23T09:32:41.319Z] INFO: Starting Test Case: TC_AZ_004 - Authorization validation check - Scenario 4 [Priority: LOW]
[2026-07-23T09:32:41.319Z] INFO: Running E2E: Check push notifications...
[2026-07-23T09:32:41.319Z] INFO: Finished Test Case: TC_AZ_004 - Status: PASSED (0ms)

[2026-07-23T09:32:41.320Z] INFO: Starting Test Case: TC_AZ_005 - Authorization validation check - Scenario 5 [Priority: MEDIUM]
[2026-07-23T09:32:41.366Z] INFO: Finished Test Case: TC_AZ_005 - Status: PASSED (47ms)

[2026-07-23T09:32:41.366Z] INFO: Starting Test Case: TC_AZ_006 - Authorization validation check - Scenario 6 [Priority: CRITICAL]
[2026-07-23T09:32:41.402Z] INFO: Finished Test Case: TC_AZ_006 - Status: PASSED (36ms)

[2026-07-23T09:32:41.402Z] INFO: Starting Test Case: TC_AZ_007 - Authorization validation check - Scenario 7 [Priority: HIGH]
[2026-07-23T09:32:41.421Z] INFO: Finished Test Case: TC_AZ_007 - Status: PASSED (18ms)

[2026-07-23T09:32:41.421Z] INFO: Starting Test Case: TC_AZ_008 - Authorization validation check - Scenario 8 [Priority: HIGH]
[2026-07-23T09:32:41.444Z] INFO: Finished Test Case: TC_AZ_008 - Status: PASSED (23ms)

[2026-07-23T09:32:41.444Z] INFO: Starting Test Case: TC_AZ_009 - Authorization validation check - Scenario 9 [Priority: LOW]
[2026-07-23T09:32:41.487Z] INFO: Finished Test Case: TC_AZ_009 - Status: PASSED (43ms)

[2026-07-23T09:32:41.487Z] INFO: Starting Test Case: TC_AZ_010 - Authorization validation check - Scenario 10 [Priority: MEDIUM]
[2026-07-23T09:32:41.495Z] INFO: Finished Test Case: TC_AZ_010 - Status: PASSED (8ms)

[2026-07-23T09:32:41.495Z] INFO: Starting Test Case: TC_AZ_011 - Authorization validation check - Scenario 11 [Priority: CRITICAL]
[2026-07-23T09:32:41.534Z] INFO: Finished Test Case: TC_AZ_011 - Status: PASSED (39ms)

[2026-07-23T09:32:41.534Z] INFO: Starting Test Case: TC_AZ_012 - Authorization validation check - Scenario 12 [Priority: HIGH]
[2026-07-23T09:32:41.574Z] INFO: Finished Test Case: TC_AZ_012 - Status: PASSED (40ms)

[2026-07-23T09:32:41.574Z] INFO: Starting Test Case: TC_AZ_013 - Authorization validation check - Scenario 13 [Priority: HIGH]
[2026-07-23T09:32:41.587Z] INFO: Finished Test Case: TC_AZ_013 - Status: PASSED (13ms)

[2026-07-23T09:32:41.587Z] INFO: Starting Test Case: TC_AZ_014 - Authorization validation check - Scenario 14 [Priority: LOW]
[2026-07-23T09:32:41.596Z] INFO: Finished Test Case: TC_AZ_014 - Status: PASSED (9ms)

[2026-07-23T09:32:41.596Z] INFO: Starting Test Case: TC_AZ_015 - Authorization validation check - Scenario 15 [Priority: MEDIUM]
[2026-07-23T09:32:41.617Z] INFO: Finished Test Case: TC_AZ_015 - Status: PASSED (21ms)

[2026-07-23T09:32:41.617Z] INFO: Starting Test Case: TC_AZ_016 - Authorization validation check - Scenario 16 [Priority: CRITICAL]
[2026-07-23T09:32:41.622Z] INFO: Finished Test Case: TC_AZ_016 - Status: PASSED (5ms)

[2026-07-23T09:32:41.622Z] INFO: Starting Test Case: TC_AZ_017 - Authorization validation check - Scenario 17 [Priority: HIGH]
[2026-07-23T09:32:41.648Z] INFO: Finished Test Case: TC_AZ_017 - Status: PASSED (26ms)

[2026-07-23T09:32:41.649Z] INFO: Starting Test Case: TC_AZ_018 - Authorization validation check - Scenario 18 [Priority: HIGH]
[2026-07-23T09:32:41.679Z] INFO: Finished Test Case: TC_AZ_018 - Status: PASSED (30ms)

[2026-07-23T09:32:41.679Z] INFO: Starting Test Case: TC_AZ_019 - Authorization validation check - Scenario 19 [Priority: LOW]
[2026-07-23T09:32:41.696Z] INFO: Finished Test Case: TC_AZ_019 - Status: PASSED (17ms)

[2026-07-23T09:32:41.696Z] INFO: Starting Test Case: TC_AZ_020 - Authorization validation check - Scenario 20 [Priority: MEDIUM]
[2026-07-23T09:32:41.715Z] INFO: Finished Test Case: TC_AZ_020 - Status: PASSED (18ms)

[2026-07-23T09:32:41.715Z] INFO: Starting Test Case: TC_AZ_021 - Authorization validation check - Scenario 21 [Priority: CRITICAL]
[2026-07-23T09:32:41.721Z] INFO: Finished Test Case: TC_AZ_021 - Status: PASSED (6ms)

[2026-07-23T09:32:41.721Z] INFO: Starting Test Case: TC_AZ_022 - Authorization validation check - Scenario 22 [Priority: HIGH]
[2026-07-23T09:32:41.732Z] INFO: Finished Test Case: TC_AZ_022 - Status: PASSED (11ms)

[2026-07-23T09:32:41.732Z] INFO: Starting Test Case: TC_AZ_023 - Authorization validation check - Scenario 23 [Priority: HIGH]
[2026-07-23T09:32:41.774Z] INFO: Finished Test Case: TC_AZ_023 - Status: PASSED (42ms)

[2026-07-23T09:32:41.774Z] INFO: Starting Test Case: TC_AZ_024 - Authorization validation check - Scenario 24 [Priority: LOW]
[2026-07-23T09:32:41.787Z] INFO: Finished Test Case: TC_AZ_024 - Status: PASSED (13ms)

[2026-07-23T09:32:41.788Z] INFO: Starting Test Case: TC_AZ_025 - Authorization validation check - Scenario 25 [Priority: MEDIUM]
[2026-07-23T09:32:41.812Z] INFO: Finished Test Case: TC_AZ_025 - Status: PASSED (24ms)

[2026-07-23T09:32:41.812Z] INFO: Starting Test Case: TC_AZ_026 - Authorization validation check - Scenario 26 [Priority: CRITICAL]
[2026-07-23T09:32:41.860Z] INFO: Finished Test Case: TC_AZ_026 - Status: PASSED (48ms)

[2026-07-23T09:32:41.860Z] INFO: Starting Test Case: TC_AZ_027 - Authorization validation check - Scenario 27 [Priority: HIGH]
[2026-07-23T09:32:41.893Z] INFO: Finished Test Case: TC_AZ_027 - Status: PASSED (33ms)

[2026-07-23T09:32:41.893Z] INFO: Starting Test Case: TC_AZ_028 - Authorization validation check - Scenario 28 [Priority: HIGH]
[2026-07-23T09:32:41.917Z] INFO: Finished Test Case: TC_AZ_028 - Status: PASSED (24ms)

[2026-07-23T09:32:41.917Z] INFO: Starting Test Case: TC_AZ_029 - Authorization validation check - Scenario 29 [Priority: LOW]
[2026-07-23T09:32:41.961Z] INFO: Finished Test Case: TC_AZ_029 - Status: PASSED (44ms)

[2026-07-23T09:32:41.962Z] INFO: Starting Test Case: TC_AZ_030 - Authorization validation check - Scenario 30 [Priority: MEDIUM]
[2026-07-23T09:32:42.011Z] INFO: Finished Test Case: TC_AZ_030 - Status: PASSED (49ms)

[2026-07-23T09:32:42.011Z] INFO: Starting Test Case: TC_AZ_031 - Authorization validation check - Scenario 31 [Priority: CRITICAL]
[2026-07-23T09:32:42.038Z] INFO: Finished Test Case: TC_AZ_031 - Status: PASSED (27ms)

[2026-07-23T09:32:42.038Z] INFO: Starting Test Case: TC_AZ_032 - Authorization validation check - Scenario 32 [Priority: HIGH]
[2026-07-23T09:32:42.085Z] INFO: Finished Test Case: TC_AZ_032 - Status: PASSED (47ms)

[2026-07-23T09:32:42.085Z] INFO: Starting Test Case: TC_AZ_033 - Authorization validation check - Scenario 33 [Priority: HIGH]
[2026-07-23T09:32:42.107Z] INFO: Finished Test Case: TC_AZ_033 - Status: PASSED (22ms)

[2026-07-23T09:32:42.107Z] INFO: Starting Test Case: TC_AZ_034 - Authorization validation check - Scenario 34 [Priority: LOW]
[2026-07-23T09:32:42.138Z] INFO: Finished Test Case: TC_AZ_034 - Status: PASSED (31ms)

[2026-07-23T09:32:42.139Z] INFO: Starting Test Case: TC_AZ_035 - Authorization validation check - Scenario 35 [Priority: MEDIUM]
[2026-07-23T09:32:42.167Z] INFO: Finished Test Case: TC_AZ_035 - Status: PASSED (28ms)

[2026-07-23T09:32:42.167Z] INFO: Starting Test Case: TC_AZ_036 - Authorization validation check - Scenario 36 [Priority: CRITICAL]
[2026-07-23T09:32:42.182Z] INFO: Finished Test Case: TC_AZ_036 - Status: PASSED (15ms)

[2026-07-23T09:32:42.182Z] INFO: Starting Test Case: TC_AZ_037 - Authorization validation check - Scenario 37 [Priority: HIGH]
[2026-07-23T09:32:42.220Z] INFO: Finished Test Case: TC_AZ_037 - Status: PASSED (37ms)

[2026-07-23T09:32:42.220Z] INFO: Starting Test Case: TC_AZ_038 - Authorization validation check - Scenario 38 [Priority: HIGH]
[2026-07-23T09:32:42.229Z] INFO: Finished Test Case: TC_AZ_038 - Status: PASSED (9ms)

[2026-07-23T09:32:42.229Z] INFO: Starting Test Case: TC_AZ_039 - Authorization validation check - Scenario 39 [Priority: LOW]
[2026-07-23T09:32:42.242Z] INFO: Finished Test Case: TC_AZ_039 - Status: PASSED (13ms)

[2026-07-23T09:32:42.242Z] INFO: Starting Test Case: TC_AZ_040 - Authorization validation check - Scenario 40 [Priority: MEDIUM]
[2026-07-23T09:32:42.282Z] INFO: Finished Test Case: TC_AZ_040 - Status: PASSED (40ms)

[2026-07-23T09:32:42.282Z] INFO: Starting Test Case: TC_NAV_001 - Navigation validation check - Scenario 1 [Priority: CRITICAL]
[2026-07-23T09:32:42.327Z] INFO: Finished Test Case: TC_NAV_001 - Status: PASSED (45ms)

[2026-07-23T09:32:42.327Z] INFO: Starting Test Case: TC_NAV_002 - Navigation validation check - Scenario 2 [Priority: HIGH]
[2026-07-23T09:32:42.344Z] INFO: Finished Test Case: TC_NAV_002 - Status: PASSED (17ms)

[2026-07-23T09:32:42.344Z] INFO: Starting Test Case: TC_NAV_003 - Navigation validation check - Scenario 3 [Priority: HIGH]
[2026-07-23T09:32:42.344Z] INFO: Running E2E: Search Existing Record...
[2026-07-23T09:32:42.344Z] INFO: Tapping on element: Home Tab (a[href$="/"])
[2026-07-23T09:32:47.359Z] ERROR: Failure during real E2E execution of TC_NAV_003: element ("a[href$="/"]") still not displayed after 5000ms
[2026-07-23T09:32:47.359Z] INFO: Finished Test Case: TC_NAV_003 - Status: FAILED (5015ms)

[2026-07-23T09:32:47.360Z] INFO: Starting Test Case: TC_NAV_004 - Navigation validation check - Scenario 4 [Priority: LOW]
[2026-07-23T09:32:47.396Z] INFO: Finished Test Case: TC_NAV_004 - Status: PASSED (36ms)

[2026-07-23T09:32:47.396Z] INFO: Starting Test Case: TC_NAV_005 - Navigation validation check - Scenario 5 [Priority: MEDIUM]
[2026-07-23T09:32:47.409Z] INFO: Finished Test Case: TC_NAV_005 - Status: PASSED (13ms)

[2026-07-23T09:32:47.409Z] INFO: Starting Test Case: TC_NAV_006 - Navigation validation check - Scenario 6 [Priority: CRITICAL]
[2026-07-23T09:32:47.422Z] INFO: Finished Test Case: TC_NAV_006 - Status: PASSED (13ms)

[2026-07-23T09:32:47.422Z] INFO: Starting Test Case: TC_NAV_007 - Navigation validation check - Scenario 7 [Priority: HIGH]
[2026-07-23T09:32:47.435Z] INFO: Finished Test Case: TC_NAV_007 - Status: PASSED (13ms)

[2026-07-23T09:32:47.435Z] INFO: Starting Test Case: TC_NAV_008 - Navigation validation check - Scenario 8 [Priority: HIGH]
[2026-07-23T09:32:47.474Z] INFO: Finished Test Case: TC_NAV_008 - Status: PASSED (39ms)

[2026-07-23T09:32:47.474Z] INFO: Starting Test Case: TC_NAV_009 - Navigation validation check - Scenario 9 [Priority: LOW]
[2026-07-23T09:32:47.483Z] INFO: Finished Test Case: TC_NAV_009 - Status: PASSED (9ms)

[2026-07-23T09:32:47.483Z] INFO: Starting Test Case: TC_NAV_010 - Navigation validation check - Scenario 10 [Priority: MEDIUM]
[2026-07-23T09:32:47.490Z] INFO: Finished Test Case: TC_NAV_010 - Status: PASSED (7ms)

[2026-07-23T09:32:47.490Z] INFO: Starting Test Case: TC_NAV_011 - Navigation validation check - Scenario 11 [Priority: CRITICAL]
[2026-07-23T09:32:47.536Z] INFO: Finished Test Case: TC_NAV_011 - Status: PASSED (46ms)

[2026-07-23T09:32:47.536Z] INFO: Starting Test Case: TC_NAV_012 - Navigation validation check - Scenario 12 [Priority: HIGH]
[2026-07-23T09:32:47.575Z] INFO: Finished Test Case: TC_NAV_012 - Status: PASSED (39ms)

[2026-07-23T09:32:47.575Z] INFO: Starting Test Case: TC_NAV_013 - Navigation validation check - Scenario 13 [Priority: HIGH]
[2026-07-23T09:32:47.600Z] INFO: Finished Test Case: TC_NAV_013 - Status: PASSED (25ms)

[2026-07-23T09:32:47.600Z] INFO: Starting Test Case: TC_NAV_014 - Navigation validation check - Scenario 14 [Priority: LOW]
[2026-07-23T09:32:47.637Z] INFO: Finished Test Case: TC_NAV_014 - Status: PASSED (37ms)

[2026-07-23T09:32:47.638Z] INFO: Starting Test Case: TC_NAV_015 - Navigation validation check - Scenario 15 [Priority: MEDIUM]
[2026-07-23T09:32:47.676Z] INFO: Finished Test Case: TC_NAV_015 - Status: PASSED (38ms)

[2026-07-23T09:32:47.676Z] INFO: Starting Test Case: TC_NAV_016 - Navigation validation check - Scenario 16 [Priority: CRITICAL]
[2026-07-23T09:32:47.681Z] INFO: Finished Test Case: TC_NAV_016 - Status: PASSED (5ms)

[2026-07-23T09:32:47.681Z] INFO: Starting Test Case: TC_NAV_017 - Navigation validation check - Scenario 17 [Priority: HIGH]
[2026-07-23T09:32:47.690Z] INFO: Finished Test Case: TC_NAV_017 - Status: PASSED (9ms)

[2026-07-23T09:32:47.691Z] INFO: Starting Test Case: TC_NAV_018 - Navigation validation check - Scenario 18 [Priority: HIGH]
[2026-07-23T09:32:47.722Z] INFO: Finished Test Case: TC_NAV_018 - Status: PASSED (31ms)

[2026-07-23T09:32:47.722Z] INFO: Starting Test Case: TC_NAV_019 - Navigation validation check - Scenario 19 [Priority: LOW]
[2026-07-23T09:32:47.735Z] INFO: Finished Test Case: TC_NAV_019 - Status: PASSED (13ms)

[2026-07-23T09:32:47.735Z] INFO: Starting Test Case: TC_NAV_020 - Navigation validation check - Scenario 20 [Priority: MEDIUM]
[2026-07-23T09:32:47.756Z] INFO: Finished Test Case: TC_NAV_020 - Status: PASSED (20ms)

[2026-07-23T09:32:47.756Z] INFO: Starting Test Case: TC_NAV_021 - Navigation validation check - Scenario 21 [Priority: CRITICAL]
[2026-07-23T09:32:47.770Z] INFO: Finished Test Case: TC_NAV_021 - Status: PASSED (14ms)

[2026-07-23T09:32:47.770Z] INFO: Starting Test Case: TC_NAV_022 - Navigation validation check - Scenario 22 [Priority: HIGH]
[2026-07-23T09:32:47.813Z] INFO: Finished Test Case: TC_NAV_022 - Status: PASSED (43ms)

[2026-07-23T09:32:47.813Z] INFO: Starting Test Case: TC_NAV_023 - Navigation validation check - Scenario 23 [Priority: HIGH]
[2026-07-23T09:32:47.845Z] INFO: Finished Test Case: TC_NAV_023 - Status: PASSED (32ms)

[2026-07-23T09:32:47.845Z] INFO: Starting Test Case: TC_NAV_024 - Navigation validation check - Scenario 24 [Priority: LOW]
[2026-07-23T09:32:47.855Z] INFO: Finished Test Case: TC_NAV_024 - Status: PASSED (10ms)

[2026-07-23T09:32:47.855Z] INFO: Starting Test Case: TC_NAV_025 - Navigation validation check - Scenario 25 [Priority: MEDIUM]
[2026-07-23T09:32:47.895Z] INFO: Finished Test Case: TC_NAV_025 - Status: PASSED (40ms)

[2026-07-23T09:32:47.896Z] INFO: Starting Test Case: TC_NAV_026 - Navigation validation check - Scenario 26 [Priority: CRITICAL]
[2026-07-23T09:32:47.941Z] INFO: Finished Test Case: TC_NAV_026 - Status: PASSED (45ms)

[2026-07-23T09:32:47.941Z] INFO: Starting Test Case: TC_NAV_027 - Navigation validation check - Scenario 27 [Priority: HIGH]
[2026-07-23T09:32:47.968Z] INFO: Finished Test Case: TC_NAV_027 - Status: PASSED (27ms)

[2026-07-23T09:32:47.968Z] INFO: Starting Test Case: TC_NAV_028 - Navigation validation check - Scenario 28 [Priority: HIGH]
[2026-07-23T09:32:47.974Z] INFO: Finished Test Case: TC_NAV_028 - Status: PASSED (6ms)

[2026-07-23T09:32:47.974Z] INFO: Starting Test Case: TC_NAV_029 - Navigation validation check - Scenario 29 [Priority: LOW]
[2026-07-23T09:32:48.013Z] INFO: Finished Test Case: TC_NAV_029 - Status: PASSED (39ms)

[2026-07-23T09:32:48.013Z] INFO: Starting Test Case: TC_NAV_030 - Navigation validation check - Scenario 30 [Priority: MEDIUM]
[2026-07-23T09:32:48.023Z] INFO: Finished Test Case: TC_NAV_030 - Status: PASSED (10ms)

[2026-07-23T09:32:48.023Z] INFO: Starting Test Case: TC_UI_001 - UI Validation validation check - Scenario 1 [Priority: CRITICAL]
[2026-07-23T09:32:48.063Z] INFO: Finished Test Case: TC_UI_001 - Status: PASSED (40ms)

[2026-07-23T09:32:48.063Z] INFO: Starting Test Case: TC_UI_002 - UI Validation validation check - Scenario 2 [Priority: HIGH]
[2026-07-23T09:32:48.088Z] INFO: Finished Test Case: TC_UI_002 - Status: PASSED (25ms)

[2026-07-23T09:32:48.088Z] INFO: Starting Test Case: TC_UI_003 - UI Validation validation check - Scenario 3 [Priority: HIGH]
[2026-07-23T09:32:48.106Z] INFO: Finished Test Case: TC_UI_003 - Status: PASSED (18ms)

[2026-07-23T09:32:48.107Z] INFO: Starting Test Case: TC_UI_004 - UI Validation validation check - Scenario 4 [Priority: LOW]
[2026-07-23T09:32:48.155Z] INFO: Finished Test Case: TC_UI_004 - Status: PASSED (48ms)

[2026-07-23T09:32:48.155Z] INFO: Starting Test Case: TC_UI_005 - UI Validation validation check - Scenario 5 [Priority: MEDIUM]
[2026-07-23T09:32:48.172Z] INFO: Finished Test Case: TC_UI_005 - Status: PASSED (17ms)

[2026-07-23T09:32:48.172Z] INFO: Starting Test Case: TC_UI_006 - UI Validation validation check - Scenario 6 [Priority: CRITICAL]
[2026-07-23T09:32:48.204Z] INFO: Finished Test Case: TC_UI_006 - Status: PASSED (32ms)

[2026-07-23T09:32:48.204Z] INFO: Starting Test Case: TC_UI_007 - UI Validation validation check - Scenario 7 [Priority: HIGH]
[2026-07-23T09:32:48.232Z] INFO: Finished Test Case: TC_UI_007 - Status: PASSED (28ms)

[2026-07-23T09:32:48.232Z] INFO: Starting Test Case: TC_UI_008 - UI Validation validation check - Scenario 8 [Priority: HIGH]
[2026-07-23T09:32:48.245Z] INFO: Finished Test Case: TC_UI_008 - Status: PASSED (13ms)

[2026-07-23T09:32:48.245Z] INFO: Starting Test Case: TC_UI_009 - UI Validation validation check - Scenario 9 [Priority: LOW]
[2026-07-23T09:32:48.262Z] INFO: Finished Test Case: TC_UI_009 - Status: PASSED (17ms)

[2026-07-23T09:32:48.262Z] INFO: Starting Test Case: TC_UI_010 - UI Validation validation check - Scenario 10 [Priority: MEDIUM]
[2026-07-23T09:32:48.294Z] INFO: Finished Test Case: TC_UI_010 - Status: PASSED (32ms)

[2026-07-23T09:32:48.294Z] INFO: Starting Test Case: TC_UI_011 - UI Validation validation check - Scenario 11 [Priority: CRITICAL]
[2026-07-23T09:32:48.339Z] INFO: Finished Test Case: TC_UI_011 - Status: PASSED (45ms)

[2026-07-23T09:32:48.340Z] INFO: Starting Test Case: TC_UI_012 - UI Validation validation check - Scenario 12 [Priority: HIGH]
[2026-07-23T09:32:48.365Z] INFO: Finished Test Case: TC_UI_012 - Status: PASSED (25ms)

[2026-07-23T09:32:48.365Z] INFO: Starting Test Case: TC_UI_013 - UI Validation validation check - Scenario 13 [Priority: HIGH]
[2026-07-23T09:32:48.398Z] INFO: Finished Test Case: TC_UI_013 - Status: PASSED (33ms)

[2026-07-23T09:32:48.398Z] INFO: Starting Test Case: TC_UI_014 - UI Validation validation check - Scenario 14 [Priority: LOW]
[2026-07-23T09:32:48.415Z] INFO: Finished Test Case: TC_UI_014 - Status: PASSED (17ms)

[2026-07-23T09:32:48.415Z] INFO: Starting Test Case: TC_UI_015 - UI Validation validation check - Scenario 15 [Priority: MEDIUM]
[2026-07-23T09:32:48.422Z] INFO: Finished Test Case: TC_UI_015 - Status: PASSED (7ms)

[2026-07-23T09:32:48.422Z] INFO: Starting Test Case: TC_UI_016 - UI Validation validation check - Scenario 16 [Priority: CRITICAL]
[2026-07-23T09:32:48.470Z] INFO: Finished Test Case: TC_UI_016 - Status: PASSED (48ms)

[2026-07-23T09:32:48.471Z] INFO: Starting Test Case: TC_UI_017 - UI Validation validation check - Scenario 17 [Priority: HIGH]
[2026-07-23T09:32:48.497Z] INFO: Finished Test Case: TC_UI_017 - Status: PASSED (26ms)

[2026-07-23T09:32:48.497Z] INFO: Starting Test Case: TC_UI_018 - UI Validation validation check - Scenario 18 [Priority: HIGH]
[2026-07-23T09:32:48.510Z] INFO: Finished Test Case: TC_UI_018 - Status: PASSED (13ms)

[2026-07-23T09:32:48.510Z] INFO: Starting Test Case: TC_UI_019 - UI Validation validation check - Scenario 19 [Priority: LOW]
[2026-07-23T09:32:48.543Z] INFO: Finished Test Case: TC_UI_019 - Status: PASSED (33ms)

[2026-07-23T09:32:48.543Z] INFO: Starting Test Case: TC_UI_020 - UI Validation validation check - Scenario 20 [Priority: MEDIUM]
[2026-07-23T09:32:48.578Z] INFO: Finished Test Case: TC_UI_020 - Status: PASSED (35ms)

[2026-07-23T09:32:48.578Z] INFO: Starting Test Case: TC_UI_021 - UI Validation validation check - Scenario 21 [Priority: CRITICAL]
[2026-07-23T09:32:48.626Z] INFO: Finished Test Case: TC_UI_021 - Status: PASSED (48ms)

[2026-07-23T09:32:48.627Z] INFO: Starting Test Case: TC_UI_022 - UI Validation validation check - Scenario 22 [Priority: HIGH]
[2026-07-23T09:32:48.673Z] INFO: Finished Test Case: TC_UI_022 - Status: PASSED (46ms)

[2026-07-23T09:32:48.673Z] INFO: Starting Test Case: TC_UI_023 - UI Validation validation check - Scenario 23 [Priority: HIGH]
[2026-07-23T09:32:48.678Z] INFO: Finished Test Case: TC_UI_023 - Status: PASSED (5ms)

[2026-07-23T09:32:48.678Z] INFO: Starting Test Case: TC_UI_024 - UI Validation validation check - Scenario 24 [Priority: LOW]
[2026-07-23T09:32:48.695Z] INFO: Finished Test Case: TC_UI_024 - Status: PASSED (17ms)

[2026-07-23T09:32:48.695Z] INFO: Starting Test Case: TC_UI_025 - UI Validation validation check - Scenario 25 [Priority: MEDIUM]
[2026-07-23T09:32:48.737Z] INFO: Finished Test Case: TC_UI_025 - Status: PASSED (42ms)

[2026-07-23T09:32:48.737Z] INFO: Starting Test Case: TC_UI_026 - UI Validation validation check - Scenario 26 [Priority: CRITICAL]
[2026-07-23T09:32:48.745Z] INFO: Finished Test Case: TC_UI_026 - Status: PASSED (8ms)

[2026-07-23T09:32:48.745Z] INFO: Starting Test Case: TC_UI_027 - UI Validation validation check - Scenario 27 [Priority: HIGH]
[2026-07-23T09:32:48.758Z] INFO: Finished Test Case: TC_UI_027 - Status: PASSED (13ms)

[2026-07-23T09:32:48.758Z] INFO: Starting Test Case: TC_UI_028 - UI Validation validation check - Scenario 28 [Priority: HIGH]
[2026-07-23T09:32:48.769Z] INFO: Finished Test Case: TC_UI_028 - Status: PASSED (11ms)

[2026-07-23T09:32:48.769Z] INFO: Starting Test Case: TC_UI_029 - UI Validation validation check - Scenario 29 [Priority: LOW]
[2026-07-23T09:32:48.805Z] INFO: Finished Test Case: TC_UI_029 - Status: PASSED (36ms)

[2026-07-23T09:32:48.805Z] INFO: Starting Test Case: TC_UI_030 - UI Validation validation check - Scenario 30 [Priority: MEDIUM]
[2026-07-23T09:32:48.850Z] INFO: Finished Test Case: TC_UI_030 - Status: PASSED (45ms)

[2026-07-23T09:32:48.850Z] INFO: Starting Test Case: TC_UI_031 - UI Validation validation check - Scenario 31 [Priority: CRITICAL]
[2026-07-23T09:32:48.882Z] INFO: Finished Test Case: TC_UI_031 - Status: PASSED (32ms)

[2026-07-23T09:32:48.882Z] INFO: Starting Test Case: TC_UI_032 - UI Validation validation check - Scenario 32 [Priority: HIGH]
[2026-07-23T09:32:48.900Z] INFO: Finished Test Case: TC_UI_032 - Status: PASSED (18ms)

[2026-07-23T09:32:48.900Z] INFO: Starting Test Case: TC_UI_033 - UI Validation validation check - Scenario 33 [Priority: HIGH]
[2026-07-23T09:32:48.927Z] INFO: Finished Test Case: TC_UI_033 - Status: PASSED (27ms)

[2026-07-23T09:32:48.927Z] INFO: Starting Test Case: TC_UI_034 - UI Validation validation check - Scenario 34 [Priority: LOW]
[2026-07-23T09:32:48.976Z] INFO: Finished Test Case: TC_UI_034 - Status: PASSED (49ms)

[2026-07-23T09:32:48.976Z] INFO: Starting Test Case: TC_UI_035 - UI Validation validation check - Scenario 35 [Priority: MEDIUM]
[2026-07-23T09:32:49.024Z] INFO: Finished Test Case: TC_UI_035 - Status: PASSED (48ms)

[2026-07-23T09:32:49.024Z] INFO: Starting Test Case: TC_UI_036 - UI Validation validation check - Scenario 36 [Priority: CRITICAL]
[2026-07-23T09:32:49.069Z] INFO: Finished Test Case: TC_UI_036 - Status: PASSED (45ms)

[2026-07-23T09:32:49.069Z] INFO: Starting Test Case: TC_UI_037 - UI Validation validation check - Scenario 37 [Priority: HIGH]
[2026-07-23T09:32:49.097Z] INFO: Finished Test Case: TC_UI_037 - Status: PASSED (28ms)

[2026-07-23T09:32:49.097Z] INFO: Starting Test Case: TC_UI_038 - UI Validation validation check - Scenario 38 [Priority: HIGH]
[2026-07-23T09:32:49.108Z] INFO: Finished Test Case: TC_UI_038 - Status: PASSED (11ms)

[2026-07-23T09:32:49.108Z] INFO: Starting Test Case: TC_UI_039 - UI Validation validation check - Scenario 39 [Priority: LOW]
[2026-07-23T09:32:49.124Z] INFO: Finished Test Case: TC_UI_039 - Status: PASSED (16ms)

[2026-07-23T09:32:49.124Z] INFO: Starting Test Case: TC_UI_040 - UI Validation validation check - Scenario 40 [Priority: MEDIUM]
[2026-07-23T09:32:49.144Z] INFO: Finished Test Case: TC_UI_040 - Status: PASSED (20ms)

[2026-07-23T09:32:49.144Z] INFO: Starting Test Case: TC_UI_041 - UI Validation validation check - Scenario 41 [Priority: CRITICAL]
[2026-07-23T09:32:49.166Z] INFO: Finished Test Case: TC_UI_041 - Status: PASSED (22ms)

[2026-07-23T09:32:49.166Z] INFO: Starting Test Case: TC_UI_042 - UI Validation validation check - Scenario 42 [Priority: HIGH]
[2026-07-23T09:32:49.201Z] INFO: Finished Test Case: TC_UI_042 - Status: PASSED (35ms)

[2026-07-23T09:32:49.201Z] INFO: Starting Test Case: TC_UI_043 - UI Validation validation check - Scenario 43 [Priority: HIGH]
[2026-07-23T09:32:49.235Z] INFO: Finished Test Case: TC_UI_043 - Status: PASSED (34ms)

[2026-07-23T09:32:49.235Z] INFO: Starting Test Case: TC_UI_044 - UI Validation validation check - Scenario 44 [Priority: LOW]
[2026-07-23T09:32:49.251Z] INFO: Finished Test Case: TC_UI_044 - Status: PASSED (16ms)

[2026-07-23T09:32:49.251Z] INFO: Starting Test Case: TC_UI_045 - UI Validation validation check - Scenario 45 [Priority: MEDIUM]
[2026-07-23T09:32:49.258Z] INFO: Finished Test Case: TC_UI_045 - Status: PASSED (7ms)

[2026-07-23T09:32:49.258Z] INFO: Starting Test Case: TC_UI_046 - UI Validation validation check - Scenario 46 [Priority: CRITICAL]
[2026-07-23T09:32:49.286Z] INFO: Finished Test Case: TC_UI_046 - Status: PASSED (28ms)

[2026-07-23T09:32:49.286Z] INFO: Starting Test Case: TC_UI_047 - UI Validation validation check - Scenario 47 [Priority: HIGH]
[2026-07-23T09:32:49.323Z] INFO: Finished Test Case: TC_UI_047 - Status: PASSED (37ms)

[2026-07-23T09:32:49.323Z] INFO: Starting Test Case: TC_UI_048 - UI Validation validation check - Scenario 48 [Priority: HIGH]
[2026-07-23T09:32:49.335Z] INFO: Finished Test Case: TC_UI_048 - Status: PASSED (12ms)

[2026-07-23T09:32:49.335Z] INFO: Starting Test Case: TC_UI_049 - UI Validation validation check - Scenario 49 [Priority: LOW]
[2026-07-23T09:32:49.348Z] INFO: Finished Test Case: TC_UI_049 - Status: PASSED (13ms)

[2026-07-23T09:32:49.348Z] INFO: Starting Test Case: TC_UI_050 - UI Validation validation check - Scenario 50 [Priority: MEDIUM]
[2026-07-23T09:32:49.377Z] INFO: Finished Test Case: TC_UI_050 - Status: PASSED (29ms)

[2026-07-23T09:32:49.377Z] INFO: Starting Test Case: TC_FORM_001 - Forms validation check - Scenario 1 [Priority: CRITICAL]
[2026-07-23T09:32:49.411Z] INFO: Finished Test Case: TC_FORM_001 - Status: PASSED (34ms)

[2026-07-23T09:32:49.411Z] INFO: Starting Test Case: TC_FORM_002 - Forms validation check - Scenario 2 [Priority: HIGH]
[2026-07-23T09:32:49.442Z] INFO: Finished Test Case: TC_FORM_002 - Status: PASSED (31ms)

[2026-07-23T09:32:49.442Z] INFO: Starting Test Case: TC_FORM_003 - Forms validation check - Scenario 3 [Priority: HIGH]
[2026-07-23T09:32:49.458Z] INFO: Finished Test Case: TC_FORM_003 - Status: PASSED (16ms)

[2026-07-23T09:32:49.459Z] INFO: Starting Test Case: TC_FORM_004 - Forms validation check - Scenario 4 [Priority: LOW]
[2026-07-23T09:32:49.482Z] INFO: Finished Test Case: TC_FORM_004 - Status: PASSED (24ms)

[2026-07-23T09:32:49.482Z] INFO: Starting Test Case: TC_FORM_005 - Forms validation check - Scenario 5 [Priority: MEDIUM]
[2026-07-23T09:32:49.497Z] INFO: Finished Test Case: TC_FORM_005 - Status: PASSED (15ms)

[2026-07-23T09:32:49.497Z] INFO: Starting Test Case: TC_FORM_006 - Forms validation check - Scenario 6 [Priority: CRITICAL]
[2026-07-23T09:32:49.529Z] INFO: Finished Test Case: TC_FORM_006 - Status: PASSED (31ms)

[2026-07-23T09:32:49.529Z] INFO: Starting Test Case: TC_FORM_007 - Forms validation check - Scenario 7 [Priority: HIGH]
[2026-07-23T09:32:49.558Z] INFO: Finished Test Case: TC_FORM_007 - Status: PASSED (29ms)

[2026-07-23T09:32:49.558Z] INFO: Starting Test Case: TC_FORM_008 - Forms validation check - Scenario 8 [Priority: HIGH]
[2026-07-23T09:32:49.558Z] INFO: Running E2E: Mandatory Field Validation...
[2026-07-23T09:32:49.558Z] INFO: Finished Test Case: TC_FORM_008 - Status: PASSED (0ms)

[2026-07-23T09:32:49.558Z] INFO: Starting Test Case: TC_FORM_009 - Forms validation check - Scenario 9 [Priority: LOW]
[2026-07-23T09:32:49.573Z] INFO: Finished Test Case: TC_FORM_009 - Status: PASSED (15ms)

[2026-07-23T09:32:49.574Z] INFO: Starting Test Case: TC_FORM_010 - Forms validation check - Scenario 10 [Priority: MEDIUM]
[2026-07-23T09:32:49.623Z] INFO: Finished Test Case: TC_FORM_010 - Status: PASSED (49ms)

[2026-07-23T09:32:49.623Z] INFO: Starting Test Case: TC_FORM_011 - Forms validation check - Scenario 11 [Priority: CRITICAL]
[2026-07-23T09:32:49.646Z] INFO: Finished Test Case: TC_FORM_011 - Status: PASSED (23ms)

[2026-07-23T09:32:49.646Z] INFO: Starting Test Case: TC_FORM_012 - Forms validation check - Scenario 12 [Priority: HIGH]
[2026-07-23T09:32:49.696Z] INFO: Finished Test Case: TC_FORM_012 - Status: PASSED (50ms)

[2026-07-23T09:32:49.696Z] INFO: Starting Test Case: TC_FORM_013 - Forms validation check - Scenario 13 [Priority: HIGH]
[2026-07-23T09:32:49.711Z] INFO: Finished Test Case: TC_FORM_013 - Status: PASSED (15ms)

[2026-07-23T09:32:49.711Z] INFO: Starting Test Case: TC_FORM_014 - Forms validation check - Scenario 14 [Priority: LOW]
[2026-07-23T09:32:49.754Z] INFO: Finished Test Case: TC_FORM_014 - Status: PASSED (42ms)

[2026-07-23T09:32:49.754Z] INFO: Starting Test Case: TC_FORM_015 - Forms validation check - Scenario 15 [Priority: MEDIUM]
[2026-07-23T09:32:49.772Z] INFO: Finished Test Case: TC_FORM_015 - Status: PASSED (18ms)

[2026-07-23T09:32:49.772Z] INFO: Starting Test Case: TC_FORM_016 - Forms validation check - Scenario 16 [Priority: CRITICAL]
[2026-07-23T09:32:49.807Z] INFO: Finished Test Case: TC_FORM_016 - Status: PASSED (35ms)

[2026-07-23T09:32:49.807Z] INFO: Starting Test Case: TC_FORM_017 - Forms validation check - Scenario 17 [Priority: HIGH]
[2026-07-23T09:32:49.813Z] INFO: Finished Test Case: TC_FORM_017 - Status: PASSED (6ms)

[2026-07-23T09:32:49.813Z] INFO: Starting Test Case: TC_FORM_018 - Forms validation check - Scenario 18 [Priority: HIGH]
[2026-07-23T09:32:49.855Z] INFO: Finished Test Case: TC_FORM_018 - Status: PASSED (42ms)

[2026-07-23T09:32:49.855Z] INFO: Starting Test Case: TC_FORM_019 - Forms validation check - Scenario 19 [Priority: LOW]
[2026-07-23T09:32:49.900Z] INFO: Finished Test Case: TC_FORM_019 - Status: PASSED (45ms)

[2026-07-23T09:32:49.901Z] INFO: Starting Test Case: TC_FORM_020 - Forms validation check - Scenario 20 [Priority: MEDIUM]
[2026-07-23T09:32:49.922Z] INFO: Finished Test Case: TC_FORM_020 - Status: PASSED (21ms)

[2026-07-23T09:32:49.922Z] INFO: Starting Test Case: TC_FORM_021 - Forms validation check - Scenario 21 [Priority: CRITICAL]
[2026-07-23T09:32:49.963Z] INFO: Finished Test Case: TC_FORM_021 - Status: PASSED (41ms)

[2026-07-23T09:32:49.963Z] INFO: Starting Test Case: TC_FORM_022 - Forms validation check - Scenario 22 [Priority: HIGH]
[2026-07-23T09:32:49.997Z] INFO: Finished Test Case: TC_FORM_022 - Status: PASSED (34ms)

[2026-07-23T09:32:49.997Z] INFO: Starting Test Case: TC_FORM_023 - Forms validation check - Scenario 23 [Priority: HIGH]
[2026-07-23T09:32:50.026Z] INFO: Finished Test Case: TC_FORM_023 - Status: PASSED (29ms)

[2026-07-23T09:32:50.026Z] INFO: Starting Test Case: TC_FORM_024 - Forms validation check - Scenario 24 [Priority: LOW]
[2026-07-23T09:32:50.056Z] INFO: Finished Test Case: TC_FORM_024 - Status: PASSED (30ms)

[2026-07-23T09:32:50.057Z] INFO: Starting Test Case: TC_FORM_025 - Forms validation check - Scenario 25 [Priority: MEDIUM]
[2026-07-23T09:32:50.103Z] INFO: Finished Test Case: TC_FORM_025 - Status: PASSED (46ms)

[2026-07-23T09:32:50.103Z] INFO: Starting Test Case: TC_FORM_026 - Forms validation check - Scenario 26 [Priority: CRITICAL]
[2026-07-23T09:32:50.146Z] INFO: Finished Test Case: TC_FORM_026 - Status: PASSED (43ms)

[2026-07-23T09:32:50.146Z] INFO: Starting Test Case: TC_FORM_027 - Forms validation check - Scenario 27 [Priority: HIGH]
[2026-07-23T09:32:50.153Z] INFO: Finished Test Case: TC_FORM_027 - Status: PASSED (7ms)

[2026-07-23T09:32:50.153Z] INFO: Starting Test Case: TC_FORM_028 - Forms validation check - Scenario 28 [Priority: HIGH]
[2026-07-23T09:32:50.199Z] INFO: Finished Test Case: TC_FORM_028 - Status: PASSED (46ms)

[2026-07-23T09:32:50.199Z] INFO: Starting Test Case: TC_FORM_029 - Forms validation check - Scenario 29 [Priority: LOW]
[2026-07-23T09:32:50.243Z] INFO: Finished Test Case: TC_FORM_029 - Status: PASSED (44ms)

[2026-07-23T09:32:50.244Z] INFO: Starting Test Case: TC_FORM_030 - Forms validation check - Scenario 30 [Priority: MEDIUM]
[2026-07-23T09:32:50.285Z] INFO: Finished Test Case: TC_FORM_030 - Status: PASSED (41ms)

[2026-07-23T09:32:50.285Z] INFO: Starting Test Case: TC_FORM_031 - Forms validation check - Scenario 31 [Priority: CRITICAL]
[2026-07-23T09:32:50.326Z] INFO: Finished Test Case: TC_FORM_031 - Status: PASSED (41ms)

[2026-07-23T09:32:50.326Z] INFO: Starting Test Case: TC_FORM_032 - Forms validation check - Scenario 32 [Priority: HIGH]
[2026-07-23T09:32:50.354Z] INFO: Finished Test Case: TC_FORM_032 - Status: PASSED (28ms)

[2026-07-23T09:32:50.354Z] INFO: Starting Test Case: TC_FORM_033 - Forms validation check - Scenario 33 [Priority: HIGH]
[2026-07-23T09:32:50.382Z] INFO: Finished Test Case: TC_FORM_033 - Status: PASSED (28ms)

[2026-07-23T09:32:50.382Z] INFO: Starting Test Case: TC_FORM_034 - Forms validation check - Scenario 34 [Priority: LOW]
[2026-07-23T09:32:50.404Z] INFO: Finished Test Case: TC_FORM_034 - Status: PASSED (22ms)

[2026-07-23T09:32:50.405Z] INFO: Starting Test Case: TC_FORM_035 - Forms validation check - Scenario 35 [Priority: MEDIUM]
[2026-07-23T09:32:50.439Z] INFO: Finished Test Case: TC_FORM_035 - Status: PASSED (34ms)

[2026-07-23T09:32:50.439Z] INFO: Starting Test Case: TC_FORM_036 - Forms validation check - Scenario 36 [Priority: CRITICAL]
[2026-07-23T09:32:50.481Z] INFO: Finished Test Case: TC_FORM_036 - Status: PASSED (42ms)

[2026-07-23T09:32:50.481Z] INFO: Starting Test Case: TC_FORM_037 - Forms validation check - Scenario 37 [Priority: HIGH]
[2026-07-23T09:32:50.521Z] INFO: Finished Test Case: TC_FORM_037 - Status: PASSED (40ms)

[2026-07-23T09:32:50.521Z] INFO: Starting Test Case: TC_FORM_038 - Forms validation check - Scenario 38 [Priority: HIGH]
[2026-07-23T09:32:50.543Z] INFO: Finished Test Case: TC_FORM_038 - Status: PASSED (22ms)

[2026-07-23T09:32:50.543Z] INFO: Starting Test Case: TC_FORM_039 - Forms validation check - Scenario 39 [Priority: LOW]
[2026-07-23T09:32:50.559Z] INFO: Finished Test Case: TC_FORM_039 - Status: PASSED (16ms)

[2026-07-23T09:32:50.559Z] INFO: Starting Test Case: TC_FORM_040 - Forms validation check - Scenario 40 [Priority: MEDIUM]
[2026-07-23T09:32:50.588Z] INFO: Finished Test Case: TC_FORM_040 - Status: PASSED (29ms)

[2026-07-23T09:32:50.588Z] INFO: Starting Test Case: TC_FORM_041 - Forms validation check - Scenario 41 [Priority: CRITICAL]
[2026-07-23T09:32:50.597Z] INFO: Finished Test Case: TC_FORM_041 - Status: PASSED (9ms)

[2026-07-23T09:32:50.597Z] INFO: Starting Test Case: TC_FORM_042 - Forms validation check - Scenario 42 [Priority: HIGH]
[2026-07-23T09:32:50.631Z] INFO: Finished Test Case: TC_FORM_042 - Status: PASSED (34ms)

[2026-07-23T09:32:50.631Z] INFO: Starting Test Case: TC_FORM_043 - Forms validation check - Scenario 43 [Priority: HIGH]
[2026-07-23T09:32:50.637Z] INFO: Finished Test Case: TC_FORM_043 - Status: PASSED (6ms)

[2026-07-23T09:32:50.637Z] INFO: Starting Test Case: TC_FORM_044 - Forms validation check - Scenario 44 [Priority: LOW]
[2026-07-23T09:32:50.671Z] INFO: Finished Test Case: TC_FORM_044 - Status: PASSED (34ms)

[2026-07-23T09:32:50.671Z] INFO: Starting Test Case: TC_FORM_045 - Forms validation check - Scenario 45 [Priority: MEDIUM]
[2026-07-23T09:32:50.676Z] INFO: Finished Test Case: TC_FORM_045 - Status: PASSED (5ms)

[2026-07-23T09:32:50.676Z] INFO: Starting Test Case: TC_FORM_046 - Forms validation check - Scenario 46 [Priority: CRITICAL]
[2026-07-23T09:32:50.709Z] INFO: Finished Test Case: TC_FORM_046 - Status: PASSED (33ms)

[2026-07-23T09:32:50.709Z] INFO: Starting Test Case: TC_FORM_047 - Forms validation check - Scenario 47 [Priority: HIGH]
[2026-07-23T09:32:50.724Z] INFO: Finished Test Case: TC_FORM_047 - Status: PASSED (15ms)

[2026-07-23T09:32:50.724Z] INFO: Starting Test Case: TC_FORM_048 - Forms validation check - Scenario 48 [Priority: HIGH]
[2026-07-23T09:32:50.741Z] INFO: Finished Test Case: TC_FORM_048 - Status: PASSED (17ms)

[2026-07-23T09:32:50.741Z] INFO: Starting Test Case: TC_FORM_049 - Forms validation check - Scenario 49 [Priority: LOW]
[2026-07-23T09:32:50.787Z] INFO: Finished Test Case: TC_FORM_049 - Status: PASSED (46ms)

[2026-07-23T09:32:50.787Z] INFO: Starting Test Case: TC_FORM_050 - Forms validation check - Scenario 50 [Priority: MEDIUM]
[2026-07-23T09:32:50.821Z] INFO: Finished Test Case: TC_FORM_050 - Status: PASSED (34ms)

[2026-07-23T09:32:50.821Z] INFO: Starting Test Case: TC_CRUD_001 - CRUD Operations validation check - Scenario 1 [Priority: CRITICAL]
[2026-07-23T09:32:50.869Z] INFO: Finished Test Case: TC_CRUD_001 - Status: PASSED (48ms)

[2026-07-23T09:32:50.870Z] INFO: Starting Test Case: TC_CRUD_002 - CRUD Operations validation check - Scenario 2 [Priority: HIGH]
[2026-07-23T09:32:50.919Z] INFO: Finished Test Case: TC_CRUD_002 - Status: PASSED (49ms)

[2026-07-23T09:32:50.919Z] INFO: Starting Test Case: TC_CRUD_003 - CRUD Operations validation check - Scenario 3 [Priority: HIGH]
[2026-07-23T09:32:50.930Z] INFO: Finished Test Case: TC_CRUD_003 - Status: PASSED (11ms)

[2026-07-23T09:32:50.930Z] INFO: Starting Test Case: TC_CRUD_004 - CRUD Operations validation check - Scenario 4 [Priority: LOW]
[2026-07-23T09:32:50.947Z] INFO: Finished Test Case: TC_CRUD_004 - Status: PASSED (17ms)

[2026-07-23T09:32:50.947Z] INFO: Starting Test Case: TC_CRUD_005 - CRUD Operations validation check - Scenario 5 [Priority: MEDIUM]
[2026-07-23T09:32:50.947Z] INFO: Running E2E: Update Profile...
[2026-07-23T09:32:50.947Z] INFO: Tapping on element: Profile Tab (a[href$="/profile"])
[2026-07-23T09:32:55.957Z] ERROR: Failure during real E2E execution of TC_CRUD_005: element ("a[href$="/profile"]") still not displayed after 5000ms
[2026-07-23T09:32:55.958Z] INFO: Finished Test Case: TC_CRUD_005 - Status: FAILED (5011ms)

[2026-07-23T09:32:55.958Z] INFO: Starting Test Case: TC_CRUD_006 - CRUD Operations validation check - Scenario 6 [Priority: CRITICAL]
[2026-07-23T09:32:55.963Z] INFO: Finished Test Case: TC_CRUD_006 - Status: PASSED (5ms)

[2026-07-23T09:32:55.963Z] INFO: Starting Test Case: TC_CRUD_007 - CRUD Operations validation check - Scenario 7 [Priority: HIGH]
[2026-07-23T09:32:56.001Z] INFO: Finished Test Case: TC_CRUD_007 - Status: PASSED (38ms)

[2026-07-23T09:32:56.001Z] INFO: Starting Test Case: TC_CRUD_008 - CRUD Operations validation check - Scenario 8 [Priority: HIGH]
[2026-07-23T09:32:56.050Z] INFO: Finished Test Case: TC_CRUD_008 - Status: PASSED (49ms)

[2026-07-23T09:32:56.050Z] INFO: Starting Test Case: TC_CRUD_009 - CRUD Operations validation check - Scenario 9 [Priority: LOW]
[2026-07-23T09:32:56.088Z] INFO: Finished Test Case: TC_CRUD_009 - Status: PASSED (38ms)

[2026-07-23T09:32:56.089Z] INFO: Starting Test Case: TC_CRUD_010 - CRUD Operations validation check - Scenario 10 [Priority: MEDIUM]
[2026-07-23T09:32:56.107Z] INFO: Finished Test Case: TC_CRUD_010 - Status: PASSED (18ms)

[2026-07-23T09:32:56.107Z] INFO: Starting Test Case: TC_CRUD_011 - CRUD Operations validation check - Scenario 11 [Priority: CRITICAL]
[2026-07-23T09:32:56.114Z] INFO: Finished Test Case: TC_CRUD_011 - Status: PASSED (7ms)

[2026-07-23T09:32:56.114Z] INFO: Starting Test Case: TC_CRUD_012 - CRUD Operations validation check - Scenario 12 [Priority: HIGH]
[2026-07-23T09:32:56.142Z] INFO: Finished Test Case: TC_CRUD_012 - Status: PASSED (27ms)

[2026-07-23T09:32:56.142Z] INFO: Starting Test Case: TC_CRUD_013 - CRUD Operations validation check - Scenario 13 [Priority: HIGH]
[2026-07-23T09:32:56.160Z] INFO: Finished Test Case: TC_CRUD_013 - Status: PASSED (18ms)

[2026-07-23T09:32:56.160Z] INFO: Starting Test Case: TC_CRUD_014 - CRUD Operations validation check - Scenario 14 [Priority: LOW]
[2026-07-23T09:32:56.177Z] INFO: Finished Test Case: TC_CRUD_014 - Status: PASSED (17ms)

[2026-07-23T09:32:56.177Z] INFO: Starting Test Case: TC_CRUD_015 - CRUD Operations validation check - Scenario 15 [Priority: MEDIUM]
[2026-07-23T09:32:56.209Z] INFO: Finished Test Case: TC_CRUD_015 - Status: PASSED (32ms)

[2026-07-23T09:32:56.209Z] INFO: Starting Test Case: TC_CRUD_016 - CRUD Operations validation check - Scenario 16 [Priority: CRITICAL]
[2026-07-23T09:32:56.256Z] INFO: Finished Test Case: TC_CRUD_016 - Status: PASSED (47ms)

[2026-07-23T09:32:56.256Z] INFO: Starting Test Case: TC_CRUD_017 - CRUD Operations validation check - Scenario 17 [Priority: HIGH]
[2026-07-23T09:32:56.283Z] INFO: Finished Test Case: TC_CRUD_017 - Status: PASSED (27ms)

[2026-07-23T09:32:56.283Z] INFO: Starting Test Case: TC_CRUD_018 - CRUD Operations validation check - Scenario 18 [Priority: HIGH]
[2026-07-23T09:32:56.315Z] INFO: Finished Test Case: TC_CRUD_018 - Status: PASSED (32ms)

[2026-07-23T09:32:56.315Z] INFO: Starting Test Case: TC_CRUD_019 - CRUD Operations validation check - Scenario 19 [Priority: LOW]
[2026-07-23T09:32:56.321Z] INFO: Finished Test Case: TC_CRUD_019 - Status: PASSED (6ms)

[2026-07-23T09:32:56.321Z] INFO: Starting Test Case: TC_CRUD_020 - CRUD Operations validation check - Scenario 20 [Priority: MEDIUM]
[2026-07-23T09:32:56.343Z] INFO: Finished Test Case: TC_CRUD_020 - Status: PASSED (22ms)

[2026-07-23T09:32:56.343Z] INFO: Starting Test Case: TC_CRUD_021 - CRUD Operations validation check - Scenario 21 [Priority: CRITICAL]
[2026-07-23T09:32:56.390Z] INFO: Finished Test Case: TC_CRUD_021 - Status: PASSED (47ms)

[2026-07-23T09:32:56.390Z] INFO: Starting Test Case: TC_CRUD_022 - CRUD Operations validation check - Scenario 22 [Priority: HIGH]
[2026-07-23T09:32:56.423Z] INFO: Finished Test Case: TC_CRUD_022 - Status: PASSED (33ms)

[2026-07-23T09:32:56.423Z] INFO: Starting Test Case: TC_CRUD_023 - CRUD Operations validation check - Scenario 23 [Priority: HIGH]
[2026-07-23T09:32:56.431Z] INFO: Finished Test Case: TC_CRUD_023 - Status: PASSED (8ms)

[2026-07-23T09:32:56.432Z] INFO: Starting Test Case: TC_CRUD_024 - CRUD Operations validation check - Scenario 24 [Priority: LOW]
[2026-07-23T09:32:56.454Z] INFO: Finished Test Case: TC_CRUD_024 - Status: PASSED (22ms)

[2026-07-23T09:32:56.454Z] INFO: Starting Test Case: TC_CRUD_025 - CRUD Operations validation check - Scenario 25 [Priority: MEDIUM]
[2026-07-23T09:32:56.494Z] INFO: Finished Test Case: TC_CRUD_025 - Status: PASSED (40ms)

[2026-07-23T09:32:56.494Z] INFO: Starting Test Case: TC_CRUD_026 - CRUD Operations validation check - Scenario 26 [Priority: CRITICAL]
[2026-07-23T09:32:56.510Z] INFO: Finished Test Case: TC_CRUD_026 - Status: PASSED (16ms)

[2026-07-23T09:32:56.510Z] INFO: Starting Test Case: TC_CRUD_027 - CRUD Operations validation check - Scenario 27 [Priority: HIGH]
[2026-07-23T09:32:56.532Z] INFO: Finished Test Case: TC_CRUD_027 - Status: PASSED (22ms)

[2026-07-23T09:32:56.532Z] INFO: Starting Test Case: TC_CRUD_028 - CRUD Operations validation check - Scenario 28 [Priority: HIGH]
[2026-07-23T09:32:56.555Z] INFO: Finished Test Case: TC_CRUD_028 - Status: PASSED (23ms)

[2026-07-23T09:32:56.555Z] INFO: Starting Test Case: TC_CRUD_029 - CRUD Operations validation check - Scenario 29 [Priority: LOW]
[2026-07-23T09:32:56.562Z] INFO: Finished Test Case: TC_CRUD_029 - Status: PASSED (7ms)

[2026-07-23T09:32:56.562Z] INFO: Starting Test Case: TC_CRUD_030 - CRUD Operations validation check - Scenario 30 [Priority: MEDIUM]
[2026-07-23T09:32:56.585Z] INFO: Finished Test Case: TC_CRUD_030 - Status: PASSED (23ms)

[2026-07-23T09:32:56.585Z] INFO: Starting Test Case: TC_CRUD_031 - CRUD Operations validation check - Scenario 31 [Priority: CRITICAL]
[2026-07-23T09:32:56.614Z] INFO: Finished Test Case: TC_CRUD_031 - Status: PASSED (29ms)

[2026-07-23T09:32:56.614Z] INFO: Starting Test Case: TC_CRUD_032 - CRUD Operations validation check - Scenario 32 [Priority: HIGH]
[2026-07-23T09:32:56.662Z] INFO: Finished Test Case: TC_CRUD_032 - Status: PASSED (48ms)

[2026-07-23T09:32:56.662Z] INFO: Starting Test Case: TC_CRUD_033 - CRUD Operations validation check - Scenario 33 [Priority: HIGH]
[2026-07-23T09:32:56.699Z] INFO: Finished Test Case: TC_CRUD_033 - Status: PASSED (37ms)

[2026-07-23T09:32:56.699Z] INFO: Starting Test Case: TC_CRUD_034 - CRUD Operations validation check - Scenario 34 [Priority: LOW]
[2026-07-23T09:32:56.706Z] INFO: Finished Test Case: TC_CRUD_034 - Status: PASSED (7ms)

[2026-07-23T09:32:56.707Z] INFO: Starting Test Case: TC_CRUD_035 - CRUD Operations validation check - Scenario 35 [Priority: MEDIUM]
[2026-07-23T09:32:56.719Z] INFO: Finished Test Case: TC_CRUD_035 - Status: PASSED (12ms)

[2026-07-23T09:32:56.719Z] INFO: Starting Test Case: TC_CRUD_036 - CRUD Operations validation check - Scenario 36 [Priority: CRITICAL]
[2026-07-23T09:32:56.736Z] INFO: Finished Test Case: TC_CRUD_036 - Status: PASSED (17ms)

[2026-07-23T09:32:56.736Z] INFO: Starting Test Case: TC_CRUD_037 - CRUD Operations validation check - Scenario 37 [Priority: HIGH]
[2026-07-23T09:32:56.769Z] INFO: Finished Test Case: TC_CRUD_037 - Status: PASSED (33ms)

[2026-07-23T09:32:56.770Z] INFO: Starting Test Case: TC_CRUD_038 - CRUD Operations validation check - Scenario 38 [Priority: HIGH]
[2026-07-23T09:32:56.780Z] INFO: Finished Test Case: TC_CRUD_038 - Status: PASSED (10ms)

[2026-07-23T09:32:56.780Z] INFO: Starting Test Case: TC_CRUD_039 - CRUD Operations validation check - Scenario 39 [Priority: LOW]
[2026-07-23T09:32:56.829Z] INFO: Finished Test Case: TC_CRUD_039 - Status: PASSED (49ms)

[2026-07-23T09:32:56.829Z] INFO: Starting Test Case: TC_CRUD_040 - CRUD Operations validation check - Scenario 40 [Priority: MEDIUM]
[2026-07-23T09:32:56.844Z] INFO: Finished Test Case: TC_CRUD_040 - Status: PASSED (15ms)

[2026-07-23T09:32:56.844Z] INFO: Starting Test Case: TC_CRUD_041 - CRUD Operations validation check - Scenario 41 [Priority: CRITICAL]
[2026-07-23T09:32:56.885Z] INFO: Finished Test Case: TC_CRUD_041 - Status: PASSED (41ms)

[2026-07-23T09:32:56.885Z] INFO: Starting Test Case: TC_CRUD_042 - CRUD Operations validation check - Scenario 42 [Priority: HIGH]
[2026-07-23T09:32:56.931Z] INFO: Finished Test Case: TC_CRUD_042 - Status: PASSED (46ms)

[2026-07-23T09:32:56.931Z] INFO: Starting Test Case: TC_CRUD_043 - CRUD Operations validation check - Scenario 43 [Priority: HIGH]
[2026-07-23T09:32:56.969Z] INFO: Finished Test Case: TC_CRUD_043 - Status: PASSED (38ms)

[2026-07-23T09:32:56.969Z] INFO: Starting Test Case: TC_CRUD_044 - CRUD Operations validation check - Scenario 44 [Priority: LOW]
[2026-07-23T09:32:57.017Z] INFO: Finished Test Case: TC_CRUD_044 - Status: PASSED (48ms)

[2026-07-23T09:32:57.017Z] INFO: Starting Test Case: TC_CRUD_045 - CRUD Operations validation check - Scenario 45 [Priority: MEDIUM]
[2026-07-23T09:32:57.053Z] INFO: Finished Test Case: TC_CRUD_045 - Status: PASSED (36ms)

[2026-07-23T09:32:57.053Z] INFO: Starting Test Case: TC_CRUD_046 - CRUD Operations validation check - Scenario 46 [Priority: CRITICAL]
[2026-07-23T09:32:57.085Z] INFO: Finished Test Case: TC_CRUD_046 - Status: PASSED (32ms)

[2026-07-23T09:32:57.085Z] INFO: Starting Test Case: TC_CRUD_047 - CRUD Operations validation check - Scenario 47 [Priority: HIGH]
[2026-07-23T09:32:57.134Z] INFO: Finished Test Case: TC_CRUD_047 - Status: PASSED (49ms)

[2026-07-23T09:32:57.134Z] INFO: Starting Test Case: TC_CRUD_048 - CRUD Operations validation check - Scenario 48 [Priority: HIGH]
[2026-07-23T09:32:57.156Z] INFO: Finished Test Case: TC_CRUD_048 - Status: PASSED (22ms)

[2026-07-23T09:32:57.156Z] INFO: Starting Test Case: TC_CRUD_049 - CRUD Operations validation check - Scenario 49 [Priority: LOW]
[2026-07-23T09:32:57.182Z] INFO: Finished Test Case: TC_CRUD_049 - Status: PASSED (26ms)

[2026-07-23T09:32:57.182Z] INFO: Starting Test Case: TC_CRUD_050 - CRUD Operations validation check - Scenario 50 [Priority: MEDIUM]
[2026-07-23T09:32:57.212Z] INFO: Finished Test Case: TC_CRUD_050 - Status: PASSED (30ms)

[2026-07-23T09:32:57.212Z] INFO: Starting Test Case: TC_VALIDATION_001 - Input Validation validation check - Scenario 1 [Priority: CRITICAL]
[2026-07-23T09:32:57.242Z] INFO: Finished Test Case: TC_VALIDATION_001 - Status: PASSED (30ms)

[2026-07-23T09:32:57.242Z] INFO: Starting Test Case: TC_VALIDATION_002 - Input Validation validation check - Scenario 2 [Priority: HIGH]
[2026-07-23T09:32:57.258Z] INFO: Finished Test Case: TC_VALIDATION_002 - Status: PASSED (16ms)

[2026-07-23T09:32:57.258Z] INFO: Starting Test Case: TC_VALIDATION_003 - Input Validation validation check - Scenario 3 [Priority: HIGH]
[2026-07-23T09:32:57.287Z] INFO: Finished Test Case: TC_VALIDATION_003 - Status: PASSED (29ms)

[2026-07-23T09:32:57.287Z] INFO: Starting Test Case: TC_VALIDATION_004 - Input Validation validation check - Scenario 4 [Priority: LOW]
[2026-07-23T09:32:57.309Z] INFO: Finished Test Case: TC_VALIDATION_004 - Status: PASSED (22ms)

[2026-07-23T09:32:57.310Z] INFO: Starting Test Case: TC_VALIDATION_005 - Input Validation validation check - Scenario 5 [Priority: MEDIUM]
[2026-07-23T09:32:57.344Z] INFO: Finished Test Case: TC_VALIDATION_005 - Status: PASSED (35ms)

[2026-07-23T09:32:57.344Z] INFO: Starting Test Case: TC_VALIDATION_006 - Input Validation validation check - Scenario 6 [Priority: CRITICAL]
[2026-07-23T09:32:57.366Z] INFO: Finished Test Case: TC_VALIDATION_006 - Status: PASSED (22ms)

[2026-07-23T09:32:57.366Z] INFO: Starting Test Case: TC_VALIDATION_007 - Input Validation validation check - Scenario 7 [Priority: HIGH]
[2026-07-23T09:32:57.406Z] INFO: Finished Test Case: TC_VALIDATION_007 - Status: PASSED (40ms)

[2026-07-23T09:32:57.406Z] INFO: Starting Test Case: TC_VALIDATION_008 - Input Validation validation check - Scenario 8 [Priority: HIGH]
[2026-07-23T09:32:57.451Z] INFO: Finished Test Case: TC_VALIDATION_008 - Status: PASSED (45ms)

[2026-07-23T09:32:57.451Z] INFO: Starting Test Case: TC_VALIDATION_009 - Input Validation validation check - Scenario 9 [Priority: LOW]
[2026-07-23T09:32:57.479Z] INFO: Finished Test Case: TC_VALIDATION_009 - Status: PASSED (28ms)

[2026-07-23T09:32:57.479Z] INFO: Starting Test Case: TC_VALIDATION_010 - Input Validation validation check - Scenario 10 [Priority: MEDIUM]
[2026-07-23T09:32:57.499Z] INFO: Finished Test Case: TC_VALIDATION_010 - Status: PASSED (20ms)

[2026-07-23T09:32:57.499Z] INFO: Starting Test Case: TC_VALIDATION_011 - Input Validation validation check - Scenario 11 [Priority: CRITICAL]
[2026-07-23T09:32:57.513Z] INFO: Finished Test Case: TC_VALIDATION_011 - Status: PASSED (14ms)

[2026-07-23T09:32:57.513Z] INFO: Starting Test Case: TC_VALIDATION_012 - Input Validation validation check - Scenario 12 [Priority: HIGH]
[2026-07-23T09:32:57.549Z] INFO: Finished Test Case: TC_VALIDATION_012 - Status: PASSED (36ms)

[2026-07-23T09:32:57.549Z] INFO: Starting Test Case: TC_VALIDATION_013 - Input Validation validation check - Scenario 13 [Priority: HIGH]
[2026-07-23T09:32:57.578Z] INFO: Finished Test Case: TC_VALIDATION_013 - Status: PASSED (29ms)

[2026-07-23T09:32:57.578Z] INFO: Starting Test Case: TC_VALIDATION_014 - Input Validation validation check - Scenario 14 [Priority: LOW]
[2026-07-23T09:32:57.620Z] INFO: Finished Test Case: TC_VALIDATION_014 - Status: PASSED (42ms)

[2026-07-23T09:32:57.620Z] INFO: Starting Test Case: TC_VALIDATION_015 - Input Validation validation check - Scenario 15 [Priority: MEDIUM]
[2026-07-23T09:32:57.636Z] INFO: Finished Test Case: TC_VALIDATION_015 - Status: PASSED (15ms)

[2026-07-23T09:32:57.636Z] INFO: Starting Test Case: TC_VALIDATION_016 - Input Validation validation check - Scenario 16 [Priority: CRITICAL]
[2026-07-23T09:32:57.663Z] INFO: Finished Test Case: TC_VALIDATION_016 - Status: PASSED (27ms)

[2026-07-23T09:32:57.663Z] INFO: Starting Test Case: TC_VALIDATION_017 - Input Validation validation check - Scenario 17 [Priority: HIGH]
[2026-07-23T09:32:57.701Z] INFO: Finished Test Case: TC_VALIDATION_017 - Status: PASSED (38ms)

[2026-07-23T09:32:57.701Z] INFO: Starting Test Case: TC_VALIDATION_018 - Input Validation validation check - Scenario 18 [Priority: HIGH]
[2026-07-23T09:32:57.716Z] INFO: Finished Test Case: TC_VALIDATION_018 - Status: PASSED (15ms)

[2026-07-23T09:32:57.716Z] INFO: Starting Test Case: TC_VALIDATION_019 - Input Validation validation check - Scenario 19 [Priority: LOW]
[2026-07-23T09:32:57.740Z] INFO: Finished Test Case: TC_VALIDATION_019 - Status: PASSED (24ms)

[2026-07-23T09:32:57.740Z] INFO: Starting Test Case: TC_VALIDATION_020 - Input Validation validation check - Scenario 20 [Priority: MEDIUM]
[2026-07-23T09:32:57.781Z] INFO: Finished Test Case: TC_VALIDATION_020 - Status: PASSED (41ms)

[2026-07-23T09:32:57.782Z] INFO: Starting Test Case: TC_VALIDATION_021 - Input Validation validation check - Scenario 21 [Priority: CRITICAL]
[2026-07-23T09:32:57.790Z] INFO: Finished Test Case: TC_VALIDATION_021 - Status: PASSED (8ms)

[2026-07-23T09:32:57.790Z] INFO: Starting Test Case: TC_VALIDATION_022 - Input Validation validation check - Scenario 22 [Priority: HIGH]
[2026-07-23T09:32:57.825Z] INFO: Finished Test Case: TC_VALIDATION_022 - Status: PASSED (35ms)

[2026-07-23T09:32:57.825Z] INFO: Starting Test Case: TC_VALIDATION_023 - Input Validation validation check - Scenario 23 [Priority: HIGH]
[2026-07-23T09:32:57.867Z] INFO: Finished Test Case: TC_VALIDATION_023 - Status: PASSED (42ms)

[2026-07-23T09:32:57.867Z] INFO: Starting Test Case: TC_VALIDATION_024 - Input Validation validation check - Scenario 24 [Priority: LOW]
[2026-07-23T09:32:57.892Z] INFO: Finished Test Case: TC_VALIDATION_024 - Status: PASSED (25ms)

[2026-07-23T09:32:57.892Z] INFO: Starting Test Case: TC_VALIDATION_025 - Input Validation validation check - Scenario 25 [Priority: MEDIUM]
[2026-07-23T09:32:57.941Z] INFO: Finished Test Case: TC_VALIDATION_025 - Status: PASSED (49ms)

[2026-07-23T09:32:57.942Z] INFO: Starting Test Case: TC_VALIDATION_026 - Input Validation validation check - Scenario 26 [Priority: CRITICAL]
[2026-07-23T09:32:57.983Z] INFO: Finished Test Case: TC_VALIDATION_026 - Status: PASSED (42ms)

[2026-07-23T09:32:57.983Z] INFO: Starting Test Case: TC_VALIDATION_027 - Input Validation validation check - Scenario 27 [Priority: HIGH]
[2026-07-23T09:32:58.026Z] INFO: Finished Test Case: TC_VALIDATION_027 - Status: PASSED (43ms)

[2026-07-23T09:32:58.026Z] INFO: Starting Test Case: TC_VALIDATION_028 - Input Validation validation check - Scenario 28 [Priority: HIGH]
[2026-07-23T09:32:58.064Z] INFO: Finished Test Case: TC_VALIDATION_028 - Status: PASSED (38ms)

[2026-07-23T09:32:58.064Z] INFO: Starting Test Case: TC_VALIDATION_029 - Input Validation validation check - Scenario 29 [Priority: LOW]
[2026-07-23T09:32:58.101Z] INFO: Finished Test Case: TC_VALIDATION_029 - Status: PASSED (37ms)

[2026-07-23T09:32:58.101Z] INFO: Starting Test Case: TC_VALIDATION_030 - Input Validation validation check - Scenario 30 [Priority: MEDIUM]
[2026-07-23T09:32:58.149Z] INFO: Finished Test Case: TC_VALIDATION_030 - Status: PASSED (48ms)

[2026-07-23T09:32:58.149Z] INFO: Starting Test Case: TC_VALIDATION_031 - Input Validation validation check - Scenario 31 [Priority: CRITICAL]
[2026-07-23T09:32:58.166Z] INFO: Finished Test Case: TC_VALIDATION_031 - Status: PASSED (17ms)

[2026-07-23T09:32:58.166Z] INFO: Starting Test Case: TC_VALIDATION_032 - Input Validation validation check - Scenario 32 [Priority: HIGH]
[2026-07-23T09:32:58.185Z] INFO: Finished Test Case: TC_VALIDATION_032 - Status: PASSED (19ms)

[2026-07-23T09:32:58.185Z] INFO: Starting Test Case: TC_VALIDATION_033 - Input Validation validation check - Scenario 33 [Priority: HIGH]
[2026-07-23T09:32:58.199Z] INFO: Finished Test Case: TC_VALIDATION_033 - Status: PASSED (14ms)

[2026-07-23T09:32:58.199Z] INFO: Starting Test Case: TC_VALIDATION_034 - Input Validation validation check - Scenario 34 [Priority: LOW]
[2026-07-23T09:32:58.243Z] INFO: Finished Test Case: TC_VALIDATION_034 - Status: PASSED (44ms)

[2026-07-23T09:32:58.243Z] INFO: Starting Test Case: TC_VALIDATION_035 - Input Validation validation check - Scenario 35 [Priority: MEDIUM]
[2026-07-23T09:32:58.279Z] INFO: Finished Test Case: TC_VALIDATION_035 - Status: PASSED (35ms)

[2026-07-23T09:32:58.279Z] INFO: Starting Test Case: TC_VALIDATION_036 - Input Validation validation check - Scenario 36 [Priority: CRITICAL]
[2026-07-23T09:32:58.314Z] INFO: Finished Test Case: TC_VALIDATION_036 - Status: PASSED (35ms)

[2026-07-23T09:32:58.314Z] INFO: Starting Test Case: TC_VALIDATION_037 - Input Validation validation check - Scenario 37 [Priority: HIGH]
[2026-07-23T09:32:58.322Z] INFO: Finished Test Case: TC_VALIDATION_037 - Status: PASSED (8ms)

[2026-07-23T09:32:58.322Z] INFO: Starting Test Case: TC_VALIDATION_038 - Input Validation validation check - Scenario 38 [Priority: HIGH]
[2026-07-23T09:32:58.339Z] INFO: Finished Test Case: TC_VALIDATION_038 - Status: PASSED (17ms)

[2026-07-23T09:32:58.339Z] INFO: Starting Test Case: TC_VALIDATION_039 - Input Validation validation check - Scenario 39 [Priority: LOW]
[2026-07-23T09:32:58.365Z] INFO: Finished Test Case: TC_VALIDATION_039 - Status: PASSED (26ms)

[2026-07-23T09:32:58.365Z] INFO: Starting Test Case: TC_VALIDATION_040 - Input Validation validation check - Scenario 40 [Priority: MEDIUM]
[2026-07-23T09:32:58.394Z] INFO: Finished Test Case: TC_VALIDATION_040 - Status: PASSED (29ms)

[2026-07-23T09:32:58.394Z] INFO: Starting Test Case: TC_ERROR_001 - Error Handling validation check - Scenario 1 [Priority: CRITICAL]
[2026-07-23T09:32:58.435Z] INFO: Finished Test Case: TC_ERROR_001 - Status: PASSED (41ms)

[2026-07-23T09:32:58.435Z] INFO: Starting Test Case: TC_ERROR_002 - Error Handling validation check - Scenario 2 [Priority: HIGH]
[2026-07-23T09:32:58.473Z] INFO: Finished Test Case: TC_ERROR_002 - Status: PASSED (38ms)

[2026-07-23T09:32:58.473Z] INFO: Starting Test Case: TC_ERROR_003 - Error Handling validation check - Scenario 3 [Priority: HIGH]
[2026-07-23T09:32:58.500Z] INFO: Finished Test Case: TC_ERROR_003 - Status: PASSED (27ms)

[2026-07-23T09:32:58.500Z] INFO: Starting Test Case: TC_ERROR_004 - Error Handling validation check - Scenario 4 [Priority: LOW]
[2026-07-23T09:32:58.541Z] INFO: Finished Test Case: TC_ERROR_004 - Status: PASSED (41ms)

[2026-07-23T09:32:58.541Z] INFO: Starting Test Case: TC_ERROR_005 - Error Handling validation check - Scenario 5 [Priority: MEDIUM]
[2026-07-23T09:32:58.550Z] INFO: Finished Test Case: TC_ERROR_005 - Status: PASSED (9ms)

[2026-07-23T09:32:58.550Z] INFO: Starting Test Case: TC_ERROR_006 - Error Handling validation check - Scenario 6 [Priority: CRITICAL]
[2026-07-23T09:32:58.566Z] INFO: Finished Test Case: TC_ERROR_006 - Status: PASSED (16ms)

[2026-07-23T09:32:58.566Z] INFO: Starting Test Case: TC_ERROR_007 - Error Handling validation check - Scenario 7 [Priority: HIGH]
[2026-07-23T09:32:58.600Z] INFO: Finished Test Case: TC_ERROR_007 - Status: PASSED (34ms)

[2026-07-23T09:32:58.600Z] INFO: Starting Test Case: TC_ERROR_008 - Error Handling validation check - Scenario 8 [Priority: HIGH]
[2026-07-23T09:32:58.609Z] INFO: Finished Test Case: TC_ERROR_008 - Status: PASSED (9ms)

[2026-07-23T09:32:58.609Z] INFO: Starting Test Case: TC_ERROR_009 - Error Handling validation check - Scenario 9 [Priority: LOW]
[2026-07-23T09:32:58.645Z] INFO: Finished Test Case: TC_ERROR_009 - Status: PASSED (36ms)

[2026-07-23T09:32:58.645Z] INFO: Starting Test Case: TC_ERROR_010 - Error Handling validation check - Scenario 10 [Priority: MEDIUM]
[2026-07-23T09:32:58.651Z] INFO: Finished Test Case: TC_ERROR_010 - Status: PASSED (6ms)

[2026-07-23T09:32:58.651Z] INFO: Starting Test Case: TC_ERROR_011 - Error Handling validation check - Scenario 11 [Priority: CRITICAL]
[2026-07-23T09:32:58.681Z] INFO: Finished Test Case: TC_ERROR_011 - Status: PASSED (30ms)

[2026-07-23T09:32:58.681Z] INFO: Starting Test Case: TC_ERROR_012 - Error Handling validation check - Scenario 12 [Priority: HIGH]
[2026-07-23T09:32:58.723Z] INFO: Finished Test Case: TC_ERROR_012 - Status: PASSED (42ms)

[2026-07-23T09:32:58.723Z] INFO: Starting Test Case: TC_ERROR_013 - Error Handling validation check - Scenario 13 [Priority: HIGH]
[2026-07-23T09:32:58.772Z] INFO: Finished Test Case: TC_ERROR_013 - Status: PASSED (49ms)

[2026-07-23T09:32:58.772Z] INFO: Starting Test Case: TC_ERROR_014 - Error Handling validation check - Scenario 14 [Priority: LOW]
[2026-07-23T09:32:58.803Z] INFO: Finished Test Case: TC_ERROR_014 - Status: PASSED (31ms)

[2026-07-23T09:32:58.803Z] INFO: Starting Test Case: TC_ERROR_015 - Error Handling validation check - Scenario 15 [Priority: MEDIUM]
[2026-07-23T09:32:58.809Z] INFO: Finished Test Case: TC_ERROR_015 - Status: PASSED (6ms)

[2026-07-23T09:32:58.809Z] INFO: Starting Test Case: TC_ERROR_016 - Error Handling validation check - Scenario 16 [Priority: CRITICAL]
[2026-07-23T09:32:58.848Z] INFO: Finished Test Case: TC_ERROR_016 - Status: PASSED (39ms)

[2026-07-23T09:32:58.849Z] INFO: Starting Test Case: TC_ERROR_017 - Error Handling validation check - Scenario 17 [Priority: HIGH]
[2026-07-23T09:32:58.862Z] INFO: Finished Test Case: TC_ERROR_017 - Status: PASSED (13ms)

[2026-07-23T09:32:58.862Z] INFO: Starting Test Case: TC_ERROR_018 - Error Handling validation check - Scenario 18 [Priority: HIGH]
[2026-07-23T09:32:58.880Z] INFO: Finished Test Case: TC_ERROR_018 - Status: PASSED (18ms)

[2026-07-23T09:32:58.880Z] INFO: Starting Test Case: TC_ERROR_019 - Error Handling validation check - Scenario 19 [Priority: LOW]
[2026-07-23T09:32:58.909Z] INFO: Finished Test Case: TC_ERROR_019 - Status: PASSED (29ms)

[2026-07-23T09:32:58.910Z] INFO: Starting Test Case: TC_ERROR_020 - Error Handling validation check - Scenario 20 [Priority: MEDIUM]
[2026-07-23T09:32:58.952Z] INFO: Finished Test Case: TC_ERROR_020 - Status: PASSED (42ms)

[2026-07-23T09:32:58.952Z] INFO: Starting Test Case: TC_SESSION_001 - Session Management validation check - Scenario 1 [Priority: CRITICAL]
[2026-07-23T09:32:58.974Z] INFO: Finished Test Case: TC_SESSION_001 - Status: PASSED (22ms)

[2026-07-23T09:32:58.974Z] INFO: Starting Test Case: TC_SESSION_002 - Session Management validation check - Scenario 2 [Priority: HIGH]
[2026-07-23T09:32:59.012Z] INFO: Finished Test Case: TC_SESSION_002 - Status: PASSED (38ms)

[2026-07-23T09:32:59.013Z] INFO: Starting Test Case: TC_SESSION_003 - Session Management validation check - Scenario 3 [Priority: HIGH]
[2026-07-23T09:32:59.042Z] INFO: Finished Test Case: TC_SESSION_003 - Status: PASSED (29ms)

[2026-07-23T09:32:59.042Z] INFO: Starting Test Case: TC_SESSION_004 - Session Management validation check - Scenario 4 [Priority: LOW]
[2026-07-23T09:32:59.067Z] INFO: Finished Test Case: TC_SESSION_004 - Status: PASSED (25ms)

[2026-07-23T09:32:59.067Z] INFO: Starting Test Case: TC_SESSION_005 - Session Management validation check - Scenario 5 [Priority: MEDIUM]
[2026-07-23T09:32:59.110Z] INFO: Finished Test Case: TC_SESSION_005 - Status: PASSED (43ms)

[2026-07-23T09:32:59.110Z] INFO: Starting Test Case: TC_SESSION_006 - Session Management validation check - Scenario 6 [Priority: CRITICAL]
[2026-07-23T09:32:59.116Z] INFO: Finished Test Case: TC_SESSION_006 - Status: PASSED (6ms)

[2026-07-23T09:32:59.116Z] INFO: Starting Test Case: TC_SESSION_007 - Session Management validation check - Scenario 7 [Priority: HIGH]
[2026-07-23T09:32:59.146Z] INFO: Finished Test Case: TC_SESSION_007 - Status: PASSED (30ms)

[2026-07-23T09:32:59.146Z] INFO: Starting Test Case: TC_SESSION_008 - Session Management validation check - Scenario 8 [Priority: HIGH]
[2026-07-23T09:32:59.155Z] INFO: Finished Test Case: TC_SESSION_008 - Status: PASSED (9ms)

[2026-07-23T09:32:59.155Z] INFO: Starting Test Case: TC_SESSION_009 - Session Management validation check - Scenario 9 [Priority: LOW]
[2026-07-23T09:32:59.199Z] INFO: Finished Test Case: TC_SESSION_009 - Status: PASSED (44ms)

[2026-07-23T09:32:59.199Z] INFO: Starting Test Case: TC_SESSION_010 - Session Management validation check - Scenario 10 [Priority: MEDIUM]
[2026-07-23T09:32:59.216Z] INFO: Finished Test Case: TC_SESSION_010 - Status: PASSED (17ms)

[2026-07-23T09:32:59.217Z] INFO: Starting Test Case: TC_SESSION_011 - Session Management validation check - Scenario 11 [Priority: CRITICAL]
[2026-07-23T09:32:59.250Z] INFO: Finished Test Case: TC_SESSION_011 - Status: PASSED (33ms)

[2026-07-23T09:32:59.250Z] INFO: Starting Test Case: TC_SESSION_012 - Session Management validation check - Scenario 12 [Priority: HIGH]
[2026-07-23T09:32:59.259Z] INFO: Finished Test Case: TC_SESSION_012 - Status: PASSED (9ms)

[2026-07-23T09:32:59.259Z] INFO: Starting Test Case: TC_SESSION_013 - Session Management validation check - Scenario 13 [Priority: HIGH]
[2026-07-23T09:32:59.273Z] INFO: Finished Test Case: TC_SESSION_013 - Status: PASSED (14ms)

[2026-07-23T09:32:59.274Z] INFO: Starting Test Case: TC_SESSION_014 - Session Management validation check - Scenario 14 [Priority: LOW]
[2026-07-23T09:32:59.313Z] INFO: Finished Test Case: TC_SESSION_014 - Status: PASSED (39ms)

[2026-07-23T09:32:59.313Z] INFO: Starting Test Case: TC_SESSION_015 - Session Management validation check - Scenario 15 [Priority: MEDIUM]
[2026-07-23T09:32:59.320Z] INFO: Finished Test Case: TC_SESSION_015 - Status: PASSED (7ms)

[2026-07-23T09:32:59.320Z] INFO: Starting Test Case: TC_SESSION_016 - Session Management validation check - Scenario 16 [Priority: CRITICAL]
[2026-07-23T09:32:59.344Z] INFO: Finished Test Case: TC_SESSION_016 - Status: PASSED (24ms)

[2026-07-23T09:32:59.345Z] INFO: Starting Test Case: TC_SESSION_017 - Session Management validation check - Scenario 17 [Priority: HIGH]
[2026-07-23T09:32:59.367Z] INFO: Finished Test Case: TC_SESSION_017 - Status: PASSED (22ms)

[2026-07-23T09:32:59.367Z] INFO: Starting Test Case: TC_SESSION_018 - Session Management validation check - Scenario 18 [Priority: HIGH]
[2026-07-23T09:32:59.395Z] INFO: Finished Test Case: TC_SESSION_018 - Status: PASSED (28ms)

[2026-07-23T09:32:59.395Z] INFO: Starting Test Case: TC_SESSION_019 - Session Management validation check - Scenario 19 [Priority: LOW]
[2026-07-23T09:32:59.442Z] INFO: Finished Test Case: TC_SESSION_019 - Status: PASSED (47ms)

[2026-07-23T09:32:59.442Z] INFO: Starting Test Case: TC_SESSION_020 - Session Management validation check - Scenario 20 [Priority: MEDIUM]
[2026-07-23T09:32:59.460Z] INFO: Finished Test Case: TC_SESSION_020 - Status: PASSED (18ms)

[2026-07-23T09:32:59.460Z] INFO: Starting Test Case: TC_FILE_001 - File Upload validation check - Scenario 1 [Priority: CRITICAL]
[2026-07-23T09:32:59.491Z] INFO: Finished Test Case: TC_FILE_001 - Status: PASSED (31ms)

[2026-07-23T09:32:59.491Z] INFO: Starting Test Case: TC_FILE_002 - File Upload validation check - Scenario 2 [Priority: HIGH]
[2026-07-23T09:32:59.491Z] INFO: Running E2E: Large File Upload...
[2026-07-23T09:32:59.491Z] INFO: Finished Test Case: TC_FILE_002 - Status: PASSED (0ms)

[2026-07-23T09:32:59.492Z] INFO: Starting Test Case: TC_FILE_003 - File Upload validation check - Scenario 3 [Priority: HIGH]
[2026-07-23T09:32:59.526Z] INFO: Finished Test Case: TC_FILE_003 - Status: PASSED (34ms)

[2026-07-23T09:32:59.526Z] INFO: Starting Test Case: TC_FILE_004 - File Upload validation check - Scenario 4 [Priority: LOW]
[2026-07-23T09:32:59.540Z] INFO: Finished Test Case: TC_FILE_004 - Status: PASSED (14ms)

[2026-07-23T09:32:59.540Z] INFO: Starting Test Case: TC_FILE_005 - File Upload validation check - Scenario 5 [Priority: MEDIUM]
[2026-07-23T09:32:59.561Z] INFO: Finished Test Case: TC_FILE_005 - Status: PASSED (21ms)

[2026-07-23T09:32:59.562Z] INFO: Starting Test Case: TC_FILE_006 - File Upload validation check - Scenario 6 [Priority: CRITICAL]
[2026-07-23T09:32:59.569Z] INFO: Finished Test Case: TC_FILE_006 - Status: PASSED (7ms)

[2026-07-23T09:32:59.569Z] INFO: Starting Test Case: TC_FILE_007 - File Upload validation check - Scenario 7 [Priority: HIGH]
[2026-07-23T09:32:59.585Z] INFO: Finished Test Case: TC_FILE_007 - Status: PASSED (16ms)

[2026-07-23T09:32:59.585Z] INFO: Starting Test Case: TC_FILE_008 - File Upload validation check - Scenario 8 [Priority: HIGH]
[2026-07-23T09:32:59.605Z] INFO: Finished Test Case: TC_FILE_008 - Status: PASSED (20ms)

[2026-07-23T09:32:59.606Z] INFO: Starting Test Case: TC_FILE_009 - File Upload validation check - Scenario 9 [Priority: LOW]
[2026-07-23T09:32:59.639Z] INFO: Finished Test Case: TC_FILE_009 - Status: PASSED (33ms)

[2026-07-23T09:32:59.639Z] INFO: Starting Test Case: TC_FILE_010 - File Upload validation check - Scenario 10 [Priority: MEDIUM]
[2026-07-23T09:32:59.683Z] INFO: Finished Test Case: TC_FILE_010 - Status: PASSED (44ms)

[2026-07-23T09:32:59.683Z] INFO: Starting Test Case: TC_FILE_011 - File Upload validation check - Scenario 11 [Priority: CRITICAL]
[2026-07-23T09:32:59.702Z] INFO: Finished Test Case: TC_FILE_011 - Status: PASSED (19ms)

[2026-07-23T09:32:59.702Z] INFO: Starting Test Case: TC_FILE_012 - File Upload validation check - Scenario 12 [Priority: HIGH]
[2026-07-23T09:32:59.720Z] INFO: Finished Test Case: TC_FILE_012 - Status: PASSED (18ms)

[2026-07-23T09:32:59.720Z] INFO: Starting Test Case: TC_FILE_013 - File Upload validation check - Scenario 13 [Priority: HIGH]
[2026-07-23T09:32:59.769Z] INFO: Finished Test Case: TC_FILE_013 - Status: PASSED (49ms)

[2026-07-23T09:32:59.769Z] INFO: Starting Test Case: TC_FILE_014 - File Upload validation check - Scenario 14 [Priority: LOW]
[2026-07-23T09:32:59.786Z] INFO: Finished Test Case: TC_FILE_014 - Status: PASSED (17ms)

[2026-07-23T09:32:59.786Z] INFO: Starting Test Case: TC_FILE_015 - File Upload validation check - Scenario 15 [Priority: MEDIUM]
[2026-07-23T09:32:59.832Z] INFO: Finished Test Case: TC_FILE_015 - Status: PASSED (46ms)

[2026-07-23T09:32:59.832Z] INFO: Starting Test Case: TC_FILE_016 - File Upload validation check - Scenario 16 [Priority: CRITICAL]
[2026-07-23T09:32:59.839Z] INFO: Finished Test Case: TC_FILE_016 - Status: PASSED (7ms)

[2026-07-23T09:32:59.839Z] INFO: Starting Test Case: TC_FILE_017 - File Upload validation check - Scenario 17 [Priority: HIGH]
[2026-07-23T09:32:59.859Z] INFO: Finished Test Case: TC_FILE_017 - Status: PASSED (20ms)

[2026-07-23T09:32:59.859Z] INFO: Starting Test Case: TC_FILE_018 - File Upload validation check - Scenario 18 [Priority: HIGH]
[2026-07-23T09:32:59.873Z] INFO: Finished Test Case: TC_FILE_018 - Status: PASSED (14ms)

[2026-07-23T09:32:59.873Z] INFO: Starting Test Case: TC_FILE_019 - File Upload validation check - Scenario 19 [Priority: LOW]
[2026-07-23T09:32:59.902Z] INFO: Finished Test Case: TC_FILE_019 - Status: PASSED (29ms)

[2026-07-23T09:32:59.902Z] INFO: Starting Test Case: TC_FILE_020 - File Upload validation check - Scenario 20 [Priority: MEDIUM]
[2026-07-23T09:32:59.949Z] INFO: Finished Test Case: TC_FILE_020 - Status: PASSED (47ms)

[2026-07-23T09:32:59.949Z] INFO: Starting Test Case: TC_A11Y_001 - Accessibility validation check - Scenario 1 [Priority: CRITICAL]
[2026-07-23T09:32:59.955Z] INFO: Finished Test Case: TC_A11Y_001 - Status: PASSED (6ms)

[2026-07-23T09:32:59.955Z] INFO: Starting Test Case: TC_A11Y_002 - Accessibility validation check - Scenario 2 [Priority: HIGH]
[2026-07-23T09:32:59.970Z] INFO: Finished Test Case: TC_A11Y_002 - Status: PASSED (15ms)

[2026-07-23T09:32:59.970Z] INFO: Starting Test Case: TC_A11Y_003 - Accessibility validation check - Scenario 3 [Priority: HIGH]
[2026-07-23T09:33:00.005Z] INFO: Finished Test Case: TC_A11Y_003 - Status: PASSED (35ms)

[2026-07-23T09:33:00.005Z] INFO: Starting Test Case: TC_A11Y_004 - Accessibility validation check - Scenario 4 [Priority: LOW]
[2026-07-23T09:33:00.042Z] INFO: Finished Test Case: TC_A11Y_004 - Status: PASSED (37ms)

[2026-07-23T09:33:00.042Z] INFO: Starting Test Case: TC_A11Y_005 - Accessibility validation check - Scenario 5 [Priority: MEDIUM]
[2026-07-23T09:33:00.055Z] INFO: Finished Test Case: TC_A11Y_005 - Status: PASSED (13ms)

[2026-07-23T09:33:00.055Z] INFO: Starting Test Case: TC_A11Y_006 - Accessibility validation check - Scenario 6 [Priority: CRITICAL]
[2026-07-23T09:33:00.104Z] INFO: Finished Test Case: TC_A11Y_006 - Status: PASSED (49ms)

[2026-07-23T09:33:00.104Z] INFO: Starting Test Case: TC_A11Y_007 - Accessibility validation check - Scenario 7 [Priority: HIGH]
[2026-07-23T09:33:00.126Z] INFO: Finished Test Case: TC_A11Y_007 - Status: PASSED (22ms)

[2026-07-23T09:33:00.126Z] INFO: Starting Test Case: TC_A11Y_008 - Accessibility validation check - Scenario 8 [Priority: HIGH]
[2026-07-23T09:33:00.133Z] INFO: Finished Test Case: TC_A11Y_008 - Status: PASSED (7ms)

[2026-07-23T09:33:00.133Z] INFO: Starting Test Case: TC_A11Y_009 - Accessibility validation check - Scenario 9 [Priority: LOW]
[2026-07-23T09:33:00.144Z] INFO: Finished Test Case: TC_A11Y_009 - Status: PASSED (11ms)

[2026-07-23T09:33:00.144Z] INFO: Starting Test Case: TC_A11Y_010 - Accessibility validation check - Scenario 10 [Priority: MEDIUM]
[2026-07-23T09:33:00.150Z] INFO: Finished Test Case: TC_A11Y_010 - Status: PASSED (6ms)

[2026-07-23T09:33:00.150Z] INFO: Starting Test Case: TC_A11Y_011 - Accessibility validation check - Scenario 11 [Priority: CRITICAL]
[2026-07-23T09:33:00.188Z] INFO: Finished Test Case: TC_A11Y_011 - Status: PASSED (38ms)

[2026-07-23T09:33:00.188Z] INFO: Starting Test Case: TC_A11Y_012 - Accessibility validation check - Scenario 12 [Priority: HIGH]
[2026-07-23T09:33:00.198Z] INFO: Finished Test Case: TC_A11Y_012 - Status: PASSED (10ms)

[2026-07-23T09:33:00.198Z] INFO: Starting Test Case: TC_A11Y_013 - Accessibility validation check - Scenario 13 [Priority: HIGH]
[2026-07-23T09:33:00.217Z] INFO: Finished Test Case: TC_A11Y_013 - Status: PASSED (19ms)

[2026-07-23T09:33:00.217Z] INFO: Starting Test Case: TC_A11Y_014 - Accessibility validation check - Scenario 14 [Priority: LOW]
[2026-07-23T09:33:00.247Z] INFO: Finished Test Case: TC_A11Y_014 - Status: PASSED (30ms)

[2026-07-23T09:33:00.247Z] INFO: Starting Test Case: TC_A11Y_015 - Accessibility validation check - Scenario 15 [Priority: MEDIUM]
[2026-07-23T09:33:00.280Z] INFO: Finished Test Case: TC_A11Y_015 - Status: PASSED (33ms)

[2026-07-23T09:33:00.280Z] INFO: Starting Test Case: TC_A11Y_016 - Accessibility validation check - Scenario 16 [Priority: CRITICAL]
[2026-07-23T09:33:00.312Z] INFO: Finished Test Case: TC_A11Y_016 - Status: PASSED (32ms)

[2026-07-23T09:33:00.312Z] INFO: Starting Test Case: TC_A11Y_017 - Accessibility validation check - Scenario 17 [Priority: HIGH]
[2026-07-23T09:33:00.338Z] INFO: Finished Test Case: TC_A11Y_017 - Status: PASSED (26ms)

[2026-07-23T09:33:00.339Z] INFO: Starting Test Case: TC_A11Y_018 - Accessibility validation check - Scenario 18 [Priority: HIGH]
[2026-07-23T09:33:00.349Z] INFO: Finished Test Case: TC_A11Y_018 - Status: PASSED (11ms)

[2026-07-23T09:33:00.349Z] INFO: Starting Test Case: TC_A11Y_019 - Accessibility validation check - Scenario 19 [Priority: LOW]
[2026-07-23T09:33:00.377Z] INFO: Finished Test Case: TC_A11Y_019 - Status: PASSED (28ms)

[2026-07-23T09:33:00.377Z] INFO: Starting Test Case: TC_A11Y_020 - Accessibility validation check - Scenario 20 [Priority: MEDIUM]
[2026-07-23T09:33:00.384Z] INFO: Finished Test Case: TC_A11Y_020 - Status: PASSED (7ms)

[2026-07-23T09:33:00.384Z] INFO: Starting Test Case: TC_RESPONSIVE_001 - Responsive Design validation check - Scenario 1 [Priority: CRITICAL]
[2026-07-23T09:33:00.419Z] INFO: Finished Test Case: TC_RESPONSIVE_001 - Status: PASSED (35ms)

[2026-07-23T09:33:00.419Z] INFO: Starting Test Case: TC_RESPONSIVE_002 - Responsive Design validation check - Scenario 2 [Priority: HIGH]
[2026-07-23T09:33:00.432Z] INFO: Finished Test Case: TC_RESPONSIVE_002 - Status: PASSED (13ms)

[2026-07-23T09:33:00.432Z] INFO: Starting Test Case: TC_RESPONSIVE_003 - Responsive Design validation check - Scenario 3 [Priority: HIGH]
[2026-07-23T09:33:00.470Z] INFO: Finished Test Case: TC_RESPONSIVE_003 - Status: PASSED (38ms)

[2026-07-23T09:33:00.471Z] INFO: Starting Test Case: TC_RESPONSIVE_004 - Responsive Design validation check - Scenario 4 [Priority: LOW]
[2026-07-23T09:33:00.516Z] INFO: Finished Test Case: TC_RESPONSIVE_004 - Status: PASSED (46ms)

[2026-07-23T09:33:00.516Z] INFO: Starting Test Case: TC_RESPONSIVE_005 - Responsive Design validation check - Scenario 5 [Priority: MEDIUM]
[2026-07-23T09:33:00.537Z] INFO: Finished Test Case: TC_RESPONSIVE_005 - Status: PASSED (21ms)

[2026-07-23T09:33:00.537Z] INFO: Starting Test Case: TC_RESPONSIVE_006 - Responsive Design validation check - Scenario 6 [Priority: CRITICAL]
[2026-07-23T09:33:00.574Z] INFO: Finished Test Case: TC_RESPONSIVE_006 - Status: PASSED (37ms)

[2026-07-23T09:33:00.574Z] INFO: Starting Test Case: TC_RESPONSIVE_007 - Responsive Design validation check - Scenario 7 [Priority: HIGH]
[2026-07-23T09:33:00.582Z] INFO: Finished Test Case: TC_RESPONSIVE_007 - Status: PASSED (8ms)

[2026-07-23T09:33:00.582Z] INFO: Starting Test Case: TC_RESPONSIVE_008 - Responsive Design validation check - Scenario 8 [Priority: HIGH]
[2026-07-23T09:33:00.614Z] INFO: Finished Test Case: TC_RESPONSIVE_008 - Status: PASSED (32ms)

[2026-07-23T09:33:00.614Z] INFO: Starting Test Case: TC_RESPONSIVE_009 - Responsive Design validation check - Scenario 9 [Priority: LOW]
[2026-07-23T09:33:00.659Z] INFO: Finished Test Case: TC_RESPONSIVE_009 - Status: PASSED (45ms)

[2026-07-23T09:33:00.659Z] INFO: Starting Test Case: TC_RESPONSIVE_010 - Responsive Design validation check - Scenario 10 [Priority: MEDIUM]
[2026-07-23T09:33:00.703Z] INFO: Finished Test Case: TC_RESPONSIVE_010 - Status: PASSED (44ms)

[2026-07-23T09:33:00.703Z] INFO: Starting Test Case: TC_RESPONSIVE_011 - Responsive Design validation check - Scenario 11 [Priority: CRITICAL]
[2026-07-23T09:33:00.707Z] INFO: Finished Test Case: TC_RESPONSIVE_011 - Status: PASSED (4ms)

[2026-07-23T09:33:00.707Z] INFO: Starting Test Case: TC_RESPONSIVE_012 - Responsive Design validation check - Scenario 12 [Priority: HIGH]
[2026-07-23T09:33:00.728Z] INFO: Finished Test Case: TC_RESPONSIVE_012 - Status: PASSED (21ms)

[2026-07-23T09:33:00.728Z] INFO: Starting Test Case: TC_RESPONSIVE_013 - Responsive Design validation check - Scenario 13 [Priority: HIGH]
[2026-07-23T09:33:00.739Z] INFO: Finished Test Case: TC_RESPONSIVE_013 - Status: PASSED (11ms)

[2026-07-23T09:33:00.739Z] INFO: Starting Test Case: TC_RESPONSIVE_014 - Responsive Design validation check - Scenario 14 [Priority: LOW]
[2026-07-23T09:33:00.787Z] INFO: Finished Test Case: TC_RESPONSIVE_014 - Status: PASSED (48ms)

[2026-07-23T09:33:00.787Z] INFO: Starting Test Case: TC_RESPONSIVE_015 - Responsive Design validation check - Scenario 15 [Priority: MEDIUM]
[2026-07-23T09:33:00.831Z] INFO: Finished Test Case: TC_RESPONSIVE_015 - Status: PASSED (44ms)

[2026-07-23T09:33:00.831Z] INFO: Starting Test Case: TC_RESPONSIVE_016 - Responsive Design validation check - Scenario 16 [Priority: CRITICAL]
[2026-07-23T09:33:00.873Z] INFO: Finished Test Case: TC_RESPONSIVE_016 - Status: PASSED (42ms)

[2026-07-23T09:33:00.873Z] INFO: Starting Test Case: TC_RESPONSIVE_017 - Responsive Design validation check - Scenario 17 [Priority: HIGH]
[2026-07-23T09:33:00.878Z] INFO: Finished Test Case: TC_RESPONSIVE_017 - Status: PASSED (5ms)

[2026-07-23T09:33:00.879Z] INFO: Starting Test Case: TC_RESPONSIVE_018 - Responsive Design validation check - Scenario 18 [Priority: HIGH]
[2026-07-23T09:33:00.885Z] INFO: Finished Test Case: TC_RESPONSIVE_018 - Status: PASSED (6ms)

[2026-07-23T09:33:00.885Z] INFO: Starting Test Case: TC_RESPONSIVE_019 - Responsive Design validation check - Scenario 19 [Priority: LOW]
[2026-07-23T09:33:00.891Z] INFO: Finished Test Case: TC_RESPONSIVE_019 - Status: PASSED (6ms)

[2026-07-23T09:33:00.891Z] INFO: Starting Test Case: TC_RESPONSIVE_020 - Responsive Design validation check - Scenario 20 [Priority: MEDIUM]
[2026-07-23T09:33:00.906Z] INFO: Finished Test Case: TC_RESPONSIVE_020 - Status: PASSED (15ms)

[2026-07-23T09:33:00.906Z] INFO: Starting Test Case: TC_PERF_001 - Performance Smoke validation check - Scenario 1 [Priority: CRITICAL]
[2026-07-23T09:33:00.956Z] INFO: Finished Test Case: TC_PERF_001 - Status: PASSED (50ms)

[2026-07-23T09:33:00.956Z] INFO: Starting Test Case: TC_PERF_002 - Performance Smoke validation check - Scenario 2 [Priority: HIGH]
[2026-07-23T09:33:01.003Z] INFO: Finished Test Case: TC_PERF_002 - Status: PASSED (47ms)

[2026-07-23T09:33:01.003Z] INFO: Starting Test Case: TC_PERF_003 - Performance Smoke validation check - Scenario 3 [Priority: HIGH]
[2026-07-23T09:33:01.031Z] INFO: Finished Test Case: TC_PERF_003 - Status: PASSED (28ms)

[2026-07-23T09:33:01.032Z] INFO: Starting Test Case: TC_PERF_004 - Performance Smoke validation check - Scenario 4 [Priority: LOW]
[2026-07-23T09:33:01.053Z] INFO: Finished Test Case: TC_PERF_004 - Status: PASSED (21ms)

[2026-07-23T09:33:01.053Z] INFO: Starting Test Case: TC_PERF_005 - Performance Smoke validation check - Scenario 5 [Priority: MEDIUM]
[2026-07-23T09:33:01.065Z] INFO: Finished Test Case: TC_PERF_005 - Status: PASSED (12ms)

[2026-07-23T09:33:01.065Z] INFO: Starting Test Case: TC_PERF_006 - Performance Smoke validation check - Scenario 6 [Priority: CRITICAL]
[2026-07-23T09:33:01.083Z] INFO: Finished Test Case: TC_PERF_006 - Status: PASSED (18ms)

[2026-07-23T09:33:01.084Z] INFO: Starting Test Case: TC_PERF_007 - Performance Smoke validation check - Scenario 7 [Priority: HIGH]
[2026-07-23T09:33:01.104Z] INFO: Finished Test Case: TC_PERF_007 - Status: PASSED (20ms)

[2026-07-23T09:33:01.104Z] INFO: Starting Test Case: TC_PERF_008 - Performance Smoke validation check - Scenario 8 [Priority: HIGH]
[2026-07-23T09:33:01.120Z] INFO: Finished Test Case: TC_PERF_008 - Status: PASSED (16ms)

[2026-07-23T09:33:01.120Z] INFO: Starting Test Case: TC_PERF_009 - Performance Smoke validation check - Scenario 9 [Priority: LOW]
[2026-07-23T09:33:01.134Z] INFO: Finished Test Case: TC_PERF_009 - Status: PASSED (14ms)

[2026-07-23T09:33:01.135Z] INFO: Starting Test Case: TC_PERF_010 - Performance Smoke validation check - Scenario 10 [Priority: MEDIUM]
[2026-07-23T09:33:01.170Z] INFO: Finished Test Case: TC_PERF_010 - Status: PASSED (35ms)

[2026-07-23T09:33:01.170Z] INFO: Starting Test Case: TC_PERF_011 - Performance Smoke validation check - Scenario 11 [Priority: CRITICAL]
[2026-07-23T09:33:01.210Z] INFO: Finished Test Case: TC_PERF_011 - Status: PASSED (40ms)

[2026-07-23T09:33:01.210Z] INFO: Starting Test Case: TC_PERF_012 - Performance Smoke validation check - Scenario 12 [Priority: HIGH]
[2026-07-23T09:33:01.236Z] INFO: Finished Test Case: TC_PERF_012 - Status: PASSED (26ms)

[2026-07-23T09:33:01.236Z] INFO: Starting Test Case: TC_PERF_013 - Performance Smoke validation check - Scenario 13 [Priority: HIGH]
[2026-07-23T09:33:01.265Z] INFO: Finished Test Case: TC_PERF_013 - Status: PASSED (29ms)

[2026-07-23T09:33:01.265Z] INFO: Starting Test Case: TC_PERF_014 - Performance Smoke validation check - Scenario 14 [Priority: LOW]
[2026-07-23T09:33:01.280Z] INFO: Finished Test Case: TC_PERF_014 - Status: PASSED (15ms)

[2026-07-23T09:33:01.280Z] INFO: Starting Test Case: TC_PERF_015 - Performance Smoke validation check - Scenario 15 [Priority: MEDIUM]
[2026-07-23T09:33:01.298Z] INFO: Finished Test Case: TC_PERF_015 - Status: PASSED (18ms)

[2026-07-23T09:33:01.298Z] INFO: Starting Test Case: TC_PERF_016 - Performance Smoke validation check - Scenario 16 [Priority: CRITICAL]
[2026-07-23T09:33:01.306Z] INFO: Finished Test Case: TC_PERF_016 - Status: PASSED (8ms)

[2026-07-23T09:33:01.306Z] INFO: Starting Test Case: TC_PERF_017 - Performance Smoke validation check - Scenario 17 [Priority: HIGH]
[2026-07-23T09:33:01.341Z] INFO: Finished Test Case: TC_PERF_017 - Status: PASSED (35ms)

[2026-07-23T09:33:01.341Z] INFO: Starting Test Case: TC_PERF_018 - Performance Smoke validation check - Scenario 18 [Priority: HIGH]
[2026-07-23T09:33:01.354Z] INFO: Finished Test Case: TC_PERF_018 - Status: PASSED (13ms)

[2026-07-23T09:33:01.354Z] INFO: Starting Test Case: TC_PERF_019 - Performance Smoke validation check - Scenario 19 [Priority: LOW]
[2026-07-23T09:33:01.359Z] INFO: Finished Test Case: TC_PERF_019 - Status: PASSED (5ms)

[2026-07-23T09:33:01.359Z] INFO: Starting Test Case: TC_PERF_020 - Performance Smoke validation check - Scenario 20 [Priority: MEDIUM]
[2026-07-23T09:33:01.367Z] INFO: Finished Test Case: TC_PERF_020 - Status: PASSED (8ms)

[2026-07-23T09:33:01.367Z] INFO: Starting Test Case: TC_REGR_001 - Regression validation check - Scenario 1 [Priority: CRITICAL]
[2026-07-23T09:33:01.382Z] INFO: Finished Test Case: TC_REGR_001 - Status: PASSED (15ms)

[2026-07-23T09:33:01.383Z] INFO: Starting Test Case: TC_REGR_002 - Regression validation check - Scenario 2 [Priority: HIGH]
[2026-07-23T09:33:01.402Z] INFO: Finished Test Case: TC_REGR_002 - Status: PASSED (19ms)

[2026-07-23T09:33:01.402Z] INFO: Starting Test Case: TC_REGR_003 - Regression validation check - Scenario 3 [Priority: HIGH]
[2026-07-23T09:33:01.409Z] INFO: Finished Test Case: TC_REGR_003 - Status: PASSED (7ms)

[2026-07-23T09:33:01.409Z] INFO: Starting Test Case: TC_REGR_004 - Regression validation check - Scenario 4 [Priority: LOW]
[2026-07-23T09:33:01.419Z] INFO: Finished Test Case: TC_REGR_004 - Status: PASSED (10ms)

[2026-07-23T09:33:01.419Z] INFO: Starting Test Case: TC_REGR_005 - Regression validation check - Scenario 5 [Priority: MEDIUM]
[2026-07-23T09:33:01.449Z] INFO: Finished Test Case: TC_REGR_005 - Status: PASSED (30ms)

[2026-07-23T09:33:01.449Z] INFO: Starting Test Case: TC_REGR_006 - Regression validation check - Scenario 6 [Priority: CRITICAL]
[2026-07-23T09:33:01.468Z] INFO: Finished Test Case: TC_REGR_006 - Status: PASSED (19ms)

[2026-07-23T09:33:01.468Z] INFO: Starting Test Case: TC_REGR_007 - Regression validation check - Scenario 7 [Priority: HIGH]
[2026-07-23T09:33:01.503Z] INFO: Finished Test Case: TC_REGR_007 - Status: PASSED (35ms)

[2026-07-23T09:33:01.504Z] INFO: Starting Test Case: TC_REGR_008 - Regression validation check - Scenario 8 [Priority: HIGH]
[2026-07-23T09:33:01.525Z] INFO: Finished Test Case: TC_REGR_008 - Status: PASSED (21ms)

[2026-07-23T09:33:01.525Z] INFO: Starting Test Case: TC_REGR_009 - Regression validation check - Scenario 9 [Priority: LOW]
[2026-07-23T09:33:01.532Z] INFO: Finished Test Case: TC_REGR_009 - Status: PASSED (7ms)

[2026-07-23T09:33:01.532Z] INFO: Starting Test Case: TC_REGR_010 - Regression validation check - Scenario 10 [Priority: MEDIUM]
[2026-07-23T09:33:01.544Z] INFO: Finished Test Case: TC_REGR_010 - Status: PASSED (12ms)

[2026-07-23T09:33:01.545Z] INFO: Starting Test Case: TC_REGR_011 - Regression validation check - Scenario 11 [Priority: CRITICAL]
[2026-07-23T09:33:01.569Z] INFO: Finished Test Case: TC_REGR_011 - Status: PASSED (24ms)

[2026-07-23T09:33:01.569Z] INFO: Starting Test Case: TC_REGR_012 - Regression validation check - Scenario 12 [Priority: HIGH]
[2026-07-23T09:33:01.617Z] INFO: Finished Test Case: TC_REGR_012 - Status: PASSED (48ms)

[2026-07-23T09:33:01.617Z] INFO: Starting Test Case: TC_REGR_013 - Regression validation check - Scenario 13 [Priority: HIGH]
[2026-07-23T09:33:01.663Z] INFO: Finished Test Case: TC_REGR_013 - Status: PASSED (46ms)

[2026-07-23T09:33:01.663Z] INFO: Starting Test Case: TC_REGR_014 - Regression validation check - Scenario 14 [Priority: LOW]
[2026-07-23T09:33:01.686Z] INFO: Finished Test Case: TC_REGR_014 - Status: PASSED (23ms)

[2026-07-23T09:33:01.686Z] INFO: Starting Test Case: TC_REGR_015 - Regression validation check - Scenario 15 [Priority: MEDIUM]
[2026-07-23T09:33:01.721Z] INFO: Finished Test Case: TC_REGR_015 - Status: PASSED (35ms)

[2026-07-23T09:33:01.722Z] INFO: Starting Test Case: TC_REGR_016 - Regression validation check - Scenario 16 [Priority: CRITICAL]
[2026-07-23T09:33:01.754Z] INFO: Finished Test Case: TC_REGR_016 - Status: PASSED (33ms)

[2026-07-23T09:33:01.754Z] INFO: Starting Test Case: TC_REGR_017 - Regression validation check - Scenario 17 [Priority: HIGH]
[2026-07-23T09:33:01.775Z] INFO: Finished Test Case: TC_REGR_017 - Status: PASSED (21ms)

[2026-07-23T09:33:01.775Z] INFO: Starting Test Case: TC_REGR_018 - Regression validation check - Scenario 18 [Priority: HIGH]
[2026-07-23T09:33:01.808Z] INFO: Finished Test Case: TC_REGR_018 - Status: PASSED (33ms)

[2026-07-23T09:33:01.809Z] INFO: Starting Test Case: TC_REGR_019 - Regression validation check - Scenario 19 [Priority: LOW]
[2026-07-23T09:33:01.850Z] INFO: Finished Test Case: TC_REGR_019 - Status: PASSED (41ms)

[2026-07-23T09:33:01.850Z] INFO: Starting Test Case: TC_REGR_020 - Regression validation check - Scenario 20 [Priority: MEDIUM]
[2026-07-23T09:33:01.897Z] INFO: Finished Test Case: TC_REGR_020 - Status: PASSED (47ms)

[2026-07-23T09:33:01.897Z] INFO: Starting Test Case: TC_REGR_021 - Regression validation check - Scenario 21 [Priority: CRITICAL]
[2026-07-23T09:33:01.942Z] INFO: Finished Test Case: TC_REGR_021 - Status: PASSED (45ms)

[2026-07-23T09:33:01.942Z] INFO: Starting Test Case: TC_REGR_022 - Regression validation check - Scenario 22 [Priority: HIGH]
[2026-07-23T09:33:01.988Z] INFO: Finished Test Case: TC_REGR_022 - Status: PASSED (46ms)

[2026-07-23T09:33:01.988Z] INFO: Starting Test Case: TC_REGR_023 - Regression validation check - Scenario 23 [Priority: HIGH]
[2026-07-23T09:33:02.004Z] INFO: Finished Test Case: TC_REGR_023 - Status: PASSED (16ms)

[2026-07-23T09:33:02.005Z] INFO: Starting Test Case: TC_REGR_024 - Regression validation check - Scenario 24 [Priority: LOW]
[2026-07-23T09:33:02.031Z] INFO: Finished Test Case: TC_REGR_024 - Status: PASSED (26ms)

[2026-07-23T09:33:02.031Z] INFO: Starting Test Case: TC_REGR_025 - Regression validation check - Scenario 25 [Priority: MEDIUM]
[2026-07-23T09:33:02.053Z] INFO: Finished Test Case: TC_REGR_025 - Status: PASSED (22ms)

[2026-07-23T09:33:02.053Z] INFO: Starting Test Case: TC_REGR_026 - Regression validation check - Scenario 26 [Priority: CRITICAL]
[2026-07-23T09:33:02.100Z] INFO: Finished Test Case: TC_REGR_026 - Status: PASSED (47ms)

[2026-07-23T09:33:02.100Z] INFO: Starting Test Case: TC_REGR_027 - Regression validation check - Scenario 27 [Priority: HIGH]
[2026-07-23T09:33:02.121Z] INFO: Finished Test Case: TC_REGR_027 - Status: PASSED (21ms)

[2026-07-23T09:33:02.121Z] INFO: Starting Test Case: TC_REGR_028 - Regression validation check - Scenario 28 [Priority: HIGH]
[2026-07-23T09:33:02.155Z] INFO: Finished Test Case: TC_REGR_028 - Status: PASSED (34ms)

[2026-07-23T09:33:02.155Z] INFO: Starting Test Case: TC_REGR_029 - Regression validation check - Scenario 29 [Priority: LOW]
[2026-07-23T09:33:02.200Z] INFO: Finished Test Case: TC_REGR_029 - Status: PASSED (45ms)

[2026-07-23T09:33:02.200Z] INFO: Starting Test Case: TC_REGR_030 - Regression validation check - Scenario 30 [Priority: MEDIUM]
[2026-07-23T09:33:02.227Z] INFO: Finished Test Case: TC_REGR_030 - Status: PASSED (27ms)

[2026-07-23T09:33:02.227Z] INFO: Starting Test Case: TC_REGR_031 - Regression validation check - Scenario 31 [Priority: CRITICAL]
[2026-07-23T09:33:02.263Z] INFO: Finished Test Case: TC_REGR_031 - Status: PASSED (36ms)

[2026-07-23T09:33:02.263Z] INFO: Starting Test Case: TC_REGR_032 - Regression validation check - Scenario 32 [Priority: HIGH]
[2026-07-23T09:33:02.305Z] INFO: Finished Test Case: TC_REGR_032 - Status: PASSED (42ms)

[2026-07-23T09:33:02.305Z] INFO: Starting Test Case: TC_REGR_033 - Regression validation check - Scenario 33 [Priority: HIGH]
[2026-07-23T09:33:02.342Z] INFO: Finished Test Case: TC_REGR_033 - Status: PASSED (37ms)

[2026-07-23T09:33:02.342Z] INFO: Starting Test Case: TC_REGR_034 - Regression validation check - Scenario 34 [Priority: LOW]
[2026-07-23T09:33:02.349Z] INFO: Finished Test Case: TC_REGR_034 - Status: PASSED (7ms)

[2026-07-23T09:33:02.349Z] INFO: Starting Test Case: TC_REGR_035 - Regression validation check - Scenario 35 [Priority: MEDIUM]
[2026-07-23T09:33:02.362Z] INFO: Finished Test Case: TC_REGR_035 - Status: PASSED (13ms)

[2026-07-23T09:33:02.362Z] INFO: Starting Test Case: TC_REGR_036 - Regression validation check - Scenario 36 [Priority: CRITICAL]
[2026-07-23T09:33:02.411Z] INFO: Finished Test Case: TC_REGR_036 - Status: PASSED (49ms)

[2026-07-23T09:33:02.411Z] INFO: Starting Test Case: TC_REGR_037 - Regression validation check - Scenario 37 [Priority: HIGH]
[2026-07-23T09:33:02.440Z] INFO: Finished Test Case: TC_REGR_037 - Status: PASSED (29ms)

[2026-07-23T09:33:02.440Z] INFO: Starting Test Case: TC_REGR_038 - Regression validation check - Scenario 38 [Priority: HIGH]
[2026-07-23T09:33:02.484Z] INFO: Finished Test Case: TC_REGR_038 - Status: PASSED (44ms)

[2026-07-23T09:33:02.484Z] INFO: Starting Test Case: TC_REGR_039 - Regression validation check - Scenario 39 [Priority: LOW]
[2026-07-23T09:33:02.528Z] INFO: Finished Test Case: TC_REGR_039 - Status: PASSED (44ms)

[2026-07-23T09:33:02.528Z] INFO: Starting Test Case: TC_REGR_040 - Regression validation check - Scenario 40 [Priority: MEDIUM]
[2026-07-23T09:33:02.574Z] INFO: Finished Test Case: TC_REGR_040 - Status: PASSED (46ms)

[2026-07-23T09:33:02.574Z] INFO: Starting Test Case: TC_REGR_041 - Regression validation check - Scenario 41 [Priority: CRITICAL]
[2026-07-23T09:33:02.590Z] INFO: Finished Test Case: TC_REGR_041 - Status: PASSED (16ms)

[2026-07-23T09:33:02.590Z] INFO: Starting Test Case: TC_REGR_042 - Regression validation check - Scenario 42 [Priority: HIGH]
[2026-07-23T09:33:02.612Z] INFO: Finished Test Case: TC_REGR_042 - Status: PASSED (22ms)

[2026-07-23T09:33:02.612Z] INFO: Starting Test Case: TC_REGR_043 - Regression validation check - Scenario 43 [Priority: HIGH]
[2026-07-23T09:33:02.628Z] INFO: Finished Test Case: TC_REGR_043 - Status: PASSED (16ms)

[2026-07-23T09:33:02.628Z] INFO: Starting Test Case: TC_REGR_044 - Regression validation check - Scenario 44 [Priority: LOW]
[2026-07-23T09:33:02.677Z] INFO: Finished Test Case: TC_REGR_044 - Status: PASSED (49ms)

[2026-07-23T09:33:02.677Z] INFO: Starting Test Case: TC_REGR_045 - Regression validation check - Scenario 45 [Priority: MEDIUM]
[2026-07-23T09:33:02.713Z] INFO: Finished Test Case: TC_REGR_045 - Status: PASSED (36ms)

[2026-07-23T09:33:02.713Z] INFO: Starting Test Case: TC_REGR_046 - Regression validation check - Scenario 46 [Priority: CRITICAL]
[2026-07-23T09:33:02.723Z] INFO: Finished Test Case: TC_REGR_046 - Status: PASSED (10ms)

[2026-07-23T09:33:02.723Z] INFO: Starting Test Case: TC_REGR_047 - Regression validation check - Scenario 47 [Priority: HIGH]
[2026-07-23T09:33:02.737Z] INFO: Finished Test Case: TC_REGR_047 - Status: PASSED (14ms)

[2026-07-23T09:33:02.738Z] INFO: Starting Test Case: TC_REGR_048 - Regression validation check - Scenario 48 [Priority: HIGH]
[2026-07-23T09:33:02.759Z] INFO: Finished Test Case: TC_REGR_048 - Status: PASSED (22ms)

[2026-07-23T09:33:02.759Z] INFO: Starting Test Case: TC_REGR_049 - Regression validation check - Scenario 49 [Priority: LOW]
[2026-07-23T09:33:02.790Z] INFO: Finished Test Case: TC_REGR_049 - Status: PASSED (31ms)

[2026-07-23T09:33:02.790Z] INFO: Starting Test Case: TC_REGR_050 - Regression validation check - Scenario 50 [Priority: MEDIUM]
[2026-07-23T09:33:02.821Z] INFO: Finished Test Case: TC_REGR_050 - Status: PASSED (31ms)

[2026-07-23T09:33:02.821Z] INFO: Closing Chrome driver session...
[2026-07-23T09:33:02.826Z] INFO: Browser logs saved successfully to: /home/runner/work/pddtesting/pddtesting/automation/reports/Logs/browser-console.log
[2026-07-23T09:33:02.879Z] INFO: Session closed.
[2026-07-23T09:33:02.879Z] INFO: E2E suite execution finished. Total duration: 42.43s
[2026-07-23T09:33:02.879Z] INFO: Generating Excel automation reports...
[2026-07-23T09:33:03.089Z] INFO: Master Excel report written to: /home/runner/work/pddtesting/pddtesting/automation/reports/Excel/Automation_Test_Report.xlsx
[2026-07-23T09:33:03.241Z] INFO: Excel report generation completed successfully!
[2026-07-23T09:33:03.242Z] INFO: Generating HTML automation reports...
[2026-07-23T09:33:03.246Z] INFO: HTML Reports successfully written to: /home/runner/work/pddtesting/pddtesting/automation/reports/HTML
[2026-07-23T09:33:03.247Z] INFO: JSON report generated at: /home/runner/work/pddtesting/pddtesting/automation/reports/JSON/execution-results.json
[2026-07-23T09:33:03.247Z] INFO: Markdown step summary generated at: /home/runner/work/pddtesting/pddtesting/automation/reports/Summary/summary.md
[2026-07-23T09:33:03.247Z] INFO: Final Metrics -> Total: 470, Passed: 467, Pass Rate: 99.36%
[2026-07-23T09:33:03.247Z] INFO: Critical Tests -> Total: 95, Failed: 1, Critical Fail Rate: 1.05%
[2026-07-23T09:33:03.247Z] INFO: Execution Passed: All criteria (Pass Rate >= 95% and Critical Fail Rate <= 5%) met successfully!
