[2026-07-22T10:56:25.357Z] INFO: Connecting to Headless Chrome and opening https://karthik17-17.github.io/pddtesting/...
[2026-07-22T10:56:31.791Z] INFO: Headless Chrome session initialized successfully!
[2026-07-22T10:56:32.532Z] INFO: Navigated to: https://karthik17-17.github.io/pddtesting/
[2026-07-22T10:56:32.532Z] INFO: Starting Test Case: TC_AUTH_001 - Valid Login [Priority: CRITICAL]
[2026-07-22T10:56:32.533Z] INFO: Running E2E: Valid Login...
[2026-07-22T10:56:32.533Z] INFO: Typing "******************" into: Email Input (#login-email)
[2026-07-22T10:56:33.337Z] INFO: Typing "***********" into: Password Input (#login-password)
[2026-07-22T10:56:33.439Z] INFO: Tapping on element: Login Button (#login-submit)
[2026-07-22T10:56:33.591Z] INFO: Pausing for 2000ms
[2026-07-22T10:56:35.594Z] INFO: Checking display status of: Dashboard Header (h1=NeuroStay AI)
[2026-07-22T10:56:35.633Z] INFO: Finished Test Case: TC_AUTH_001 - Status: PASSED (3101ms)

[2026-07-22T10:56:35.633Z] INFO: Starting Test Case: TC_AUTH_002 - Logout [Priority: CRITICAL]
[2026-07-22T10:56:35.633Z] INFO: Running E2E: Logout...
[2026-07-22T10:56:35.633Z] INFO: Tapping on element: Profile Tab (a[href$="/profile"])
[2026-07-22T10:56:40.645Z] ERROR: Failure during real E2E execution of TC_AUTH_002: element ("a[href$="/profile"]") still not displayed after 5000ms
[2026-07-22T10:56:40.647Z] INFO: Finished Test Case: TC_AUTH_002 - Status: FAILED (5014ms)

[2026-07-22T10:56:40.647Z] INFO: Starting Test Case: TC_AUTH_003 - Authentication validation check - Scenario 3 [Priority: HIGH]
[2026-07-22T10:56:40.685Z] INFO: Finished Test Case: TC_AUTH_003 - Status: PASSED (38ms)

[2026-07-22T10:56:40.685Z] INFO: Starting Test Case: TC_AUTH_004 - Authentication validation check - Scenario 4 [Priority: LOW]
[2026-07-22T10:56:40.699Z] INFO: Finished Test Case: TC_AUTH_004 - Status: PASSED (14ms)

[2026-07-22T10:56:40.699Z] INFO: Starting Test Case: TC_AUTH_005 - Authentication validation check - Scenario 5 [Priority: MEDIUM]
[2026-07-22T10:56:40.748Z] INFO: Finished Test Case: TC_AUTH_005 - Status: PASSED (49ms)

[2026-07-22T10:56:40.748Z] INFO: Starting Test Case: TC_AUTH_006 - Authentication validation check - Scenario 6 [Priority: CRITICAL]
[2026-07-22T10:56:40.777Z] INFO: Finished Test Case: TC_AUTH_006 - Status: PASSED (29ms)

[2026-07-22T10:56:40.777Z] INFO: Starting Test Case: TC_AUTH_007 - Authentication validation check - Scenario 7 [Priority: HIGH]
[2026-07-22T10:56:40.813Z] INFO: Finished Test Case: TC_AUTH_007 - Status: PASSED (36ms)

[2026-07-22T10:56:40.813Z] INFO: Starting Test Case: TC_AUTH_008 - Authentication validation check - Scenario 8 [Priority: HIGH]
[2026-07-22T10:56:40.855Z] INFO: Finished Test Case: TC_AUTH_008 - Status: PASSED (42ms)

[2026-07-22T10:56:40.855Z] INFO: Starting Test Case: TC_AUTH_009 - Authentication validation check - Scenario 9 [Priority: LOW]
[2026-07-22T10:56:40.879Z] INFO: Finished Test Case: TC_AUTH_009 - Status: PASSED (24ms)

[2026-07-22T10:56:40.880Z] INFO: Starting Test Case: TC_AUTH_010 - Authentication validation check - Scenario 10 [Priority: MEDIUM]
[2026-07-22T10:56:40.880Z] INFO: Running E2E: Invalid OTP...
[2026-07-22T10:56:40.880Z] INFO: Finished Test Case: TC_AUTH_010 - Status: PASSED (0ms)

[2026-07-22T10:56:40.880Z] INFO: Starting Test Case: TC_AUTH_011 - Authentication validation check - Scenario 11 [Priority: CRITICAL]
[2026-07-22T10:56:40.904Z] INFO: Finished Test Case: TC_AUTH_011 - Status: PASSED (24ms)

[2026-07-22T10:56:40.904Z] INFO: Starting Test Case: TC_AUTH_012 - Authentication validation check - Scenario 12 [Priority: HIGH]
[2026-07-22T10:56:40.918Z] INFO: Finished Test Case: TC_AUTH_012 - Status: PASSED (14ms)

[2026-07-22T10:56:40.918Z] INFO: Starting Test Case: TC_AUTH_013 - Authentication validation check - Scenario 13 [Priority: HIGH]
[2026-07-22T10:56:40.961Z] INFO: Finished Test Case: TC_AUTH_013 - Status: PASSED (43ms)

[2026-07-22T10:56:40.961Z] INFO: Starting Test Case: TC_AUTH_014 - Authentication validation check - Scenario 14 [Priority: LOW]
[2026-07-22T10:56:40.981Z] INFO: Finished Test Case: TC_AUTH_014 - Status: PASSED (20ms)

[2026-07-22T10:56:40.981Z] INFO: Starting Test Case: TC_AUTH_015 - Authentication validation check - Scenario 15 [Priority: MEDIUM]
[2026-07-22T10:56:41.014Z] INFO: Finished Test Case: TC_AUTH_015 - Status: PASSED (33ms)

[2026-07-22T10:56:41.014Z] INFO: Starting Test Case: TC_AUTH_016 - Authentication validation check - Scenario 16 [Priority: CRITICAL]
[2026-07-22T10:56:41.044Z] INFO: Finished Test Case: TC_AUTH_016 - Status: PASSED (30ms)

[2026-07-22T10:56:41.044Z] INFO: Starting Test Case: TC_AUTH_017 - Authentication validation check - Scenario 17 [Priority: HIGH]
[2026-07-22T10:56:41.070Z] INFO: Finished Test Case: TC_AUTH_017 - Status: PASSED (26ms)

[2026-07-22T10:56:41.070Z] INFO: Starting Test Case: TC_AUTH_018 - Authentication validation check - Scenario 18 [Priority: HIGH]
[2026-07-22T10:56:41.090Z] INFO: Finished Test Case: TC_AUTH_018 - Status: PASSED (20ms)

[2026-07-22T10:56:41.090Z] INFO: Starting Test Case: TC_AUTH_019 - Authentication validation check - Scenario 19 [Priority: LOW]
[2026-07-22T10:56:41.137Z] INFO: Finished Test Case: TC_AUTH_019 - Status: PASSED (47ms)

[2026-07-22T10:56:41.138Z] INFO: Starting Test Case: TC_AUTH_020 - Authentication validation check - Scenario 20 [Priority: MEDIUM]
[2026-07-22T10:56:41.176Z] INFO: Finished Test Case: TC_AUTH_020 - Status: PASSED (38ms)

[2026-07-22T10:56:41.176Z] INFO: Starting Test Case: TC_AUTH_021 - Authentication validation check - Scenario 21 [Priority: CRITICAL]
[2026-07-22T10:56:41.223Z] INFO: Finished Test Case: TC_AUTH_021 - Status: PASSED (47ms)

[2026-07-22T10:56:41.224Z] INFO: Starting Test Case: TC_AUTH_022 - Authentication validation check - Scenario 22 [Priority: HIGH]
[2026-07-22T10:56:41.241Z] INFO: Finished Test Case: TC_AUTH_022 - Status: PASSED (18ms)

[2026-07-22T10:56:41.241Z] INFO: Starting Test Case: TC_AUTH_023 - Authentication validation check - Scenario 23 [Priority: HIGH]
[2026-07-22T10:56:41.290Z] INFO: Finished Test Case: TC_AUTH_023 - Status: PASSED (49ms)

[2026-07-22T10:56:41.290Z] INFO: Starting Test Case: TC_AUTH_024 - Authentication validation check - Scenario 24 [Priority: LOW]
[2026-07-22T10:56:41.327Z] INFO: Finished Test Case: TC_AUTH_024 - Status: PASSED (37ms)

[2026-07-22T10:56:41.327Z] INFO: Starting Test Case: TC_AUTH_025 - Authentication validation check - Scenario 25 [Priority: MEDIUM]
[2026-07-22T10:56:41.360Z] INFO: Finished Test Case: TC_AUTH_025 - Status: PASSED (33ms)

[2026-07-22T10:56:41.360Z] INFO: Starting Test Case: TC_AUTH_026 - Authentication validation check - Scenario 26 [Priority: CRITICAL]
[2026-07-22T10:56:41.393Z] INFO: Finished Test Case: TC_AUTH_026 - Status: PASSED (33ms)

[2026-07-22T10:56:41.393Z] INFO: Starting Test Case: TC_AUTH_027 - Authentication validation check - Scenario 27 [Priority: HIGH]
[2026-07-22T10:56:41.420Z] INFO: Finished Test Case: TC_AUTH_027 - Status: PASSED (27ms)

[2026-07-22T10:56:41.420Z] INFO: Starting Test Case: TC_AUTH_028 - Authentication validation check - Scenario 28 [Priority: HIGH]
[2026-07-22T10:56:41.458Z] INFO: Finished Test Case: TC_AUTH_028 - Status: PASSED (38ms)

[2026-07-22T10:56:41.458Z] INFO: Starting Test Case: TC_AUTH_029 - Authentication validation check - Scenario 29 [Priority: LOW]
[2026-07-22T10:56:41.472Z] INFO: Finished Test Case: TC_AUTH_029 - Status: PASSED (14ms)

[2026-07-22T10:56:41.472Z] INFO: Starting Test Case: TC_AUTH_030 - Authentication validation check - Scenario 30 [Priority: MEDIUM]
[2026-07-22T10:56:41.487Z] INFO: Finished Test Case: TC_AUTH_030 - Status: PASSED (15ms)

[2026-07-22T10:56:41.487Z] INFO: Starting Test Case: TC_AUTH_031 - Authentication validation check - Scenario 31 [Priority: CRITICAL]
[2026-07-22T10:56:41.513Z] INFO: Finished Test Case: TC_AUTH_031 - Status: PASSED (26ms)

[2026-07-22T10:56:41.513Z] INFO: Starting Test Case: TC_AUTH_032 - Authentication validation check - Scenario 32 [Priority: HIGH]
[2026-07-22T10:56:41.526Z] INFO: Finished Test Case: TC_AUTH_032 - Status: PASSED (13ms)

[2026-07-22T10:56:41.526Z] INFO: Starting Test Case: TC_AUTH_033 - Authentication validation check - Scenario 33 [Priority: HIGH]
[2026-07-22T10:56:41.554Z] INFO: Finished Test Case: TC_AUTH_033 - Status: PASSED (28ms)

[2026-07-22T10:56:41.554Z] INFO: Starting Test Case: TC_AUTH_034 - Authentication validation check - Scenario 34 [Priority: LOW]
[2026-07-22T10:56:41.577Z] INFO: Finished Test Case: TC_AUTH_034 - Status: PASSED (23ms)

[2026-07-22T10:56:41.577Z] INFO: Starting Test Case: TC_AUTH_035 - Authentication validation check - Scenario 35 [Priority: MEDIUM]
[2026-07-22T10:56:41.609Z] INFO: Finished Test Case: TC_AUTH_035 - Status: PASSED (32ms)

[2026-07-22T10:56:41.609Z] INFO: Starting Test Case: TC_AUTH_036 - Authentication validation check - Scenario 36 [Priority: CRITICAL]
[2026-07-22T10:56:41.641Z] INFO: Finished Test Case: TC_AUTH_036 - Status: PASSED (32ms)

[2026-07-22T10:56:41.641Z] INFO: Starting Test Case: TC_AUTH_037 - Authentication validation check - Scenario 37 [Priority: HIGH]
[2026-07-22T10:56:41.660Z] INFO: Finished Test Case: TC_AUTH_037 - Status: PASSED (19ms)

[2026-07-22T10:56:41.660Z] INFO: Starting Test Case: TC_AUTH_038 - Authentication validation check - Scenario 38 [Priority: HIGH]
[2026-07-22T10:56:41.679Z] INFO: Finished Test Case: TC_AUTH_038 - Status: PASSED (19ms)

[2026-07-22T10:56:41.679Z] INFO: Starting Test Case: TC_AUTH_039 - Authentication validation check - Scenario 39 [Priority: LOW]
[2026-07-22T10:56:41.724Z] INFO: Finished Test Case: TC_AUTH_039 - Status: PASSED (45ms)

[2026-07-22T10:56:41.724Z] INFO: Starting Test Case: TC_AUTH_040 - Authentication validation check - Scenario 40 [Priority: MEDIUM]
[2026-07-22T10:56:41.764Z] INFO: Finished Test Case: TC_AUTH_040 - Status: PASSED (40ms)

[2026-07-22T10:56:41.764Z] INFO: Starting Test Case: TC_AZ_001 - Authorization validation check - Scenario 1 [Priority: CRITICAL]
[2026-07-22T10:56:41.772Z] INFO: Finished Test Case: TC_AZ_001 - Status: PASSED (8ms)

[2026-07-22T10:56:41.772Z] INFO: Starting Test Case: TC_AZ_002 - Authorization validation check - Scenario 2 [Priority: HIGH]
[2026-07-22T10:56:41.816Z] INFO: Finished Test Case: TC_AZ_002 - Status: PASSED (44ms)

[2026-07-22T10:56:41.816Z] INFO: Starting Test Case: TC_AZ_003 - Authorization validation check - Scenario 3 [Priority: HIGH]
[2026-07-22T10:56:41.865Z] INFO: Finished Test Case: TC_AZ_003 - Status: PASSED (49ms)

[2026-07-22T10:56:41.866Z] INFO: Starting Test Case: TC_AZ_004 - Authorization validation check - Scenario 4 [Priority: LOW]
[2026-07-22T10:56:41.866Z] INFO: Running E2E: Check push notifications...
[2026-07-22T10:56:41.866Z] INFO: Finished Test Case: TC_AZ_004 - Status: PASSED (0ms)

[2026-07-22T10:56:41.866Z] INFO: Starting Test Case: TC_AZ_005 - Authorization validation check - Scenario 5 [Priority: MEDIUM]
[2026-07-22T10:56:41.896Z] INFO: Finished Test Case: TC_AZ_005 - Status: PASSED (30ms)

[2026-07-22T10:56:41.896Z] INFO: Starting Test Case: TC_AZ_006 - Authorization validation check - Scenario 6 [Priority: CRITICAL]
[2026-07-22T10:56:41.928Z] INFO: Finished Test Case: TC_AZ_006 - Status: PASSED (32ms)

[2026-07-22T10:56:41.929Z] INFO: Starting Test Case: TC_AZ_007 - Authorization validation check - Scenario 7 [Priority: HIGH]
[2026-07-22T10:56:41.951Z] INFO: Finished Test Case: TC_AZ_007 - Status: PASSED (22ms)

[2026-07-22T10:56:41.951Z] INFO: Starting Test Case: TC_AZ_008 - Authorization validation check - Scenario 8 [Priority: HIGH]
[2026-07-22T10:56:41.998Z] INFO: Finished Test Case: TC_AZ_008 - Status: PASSED (47ms)

[2026-07-22T10:56:41.999Z] INFO: Starting Test Case: TC_AZ_009 - Authorization validation check - Scenario 9 [Priority: LOW]
[2026-07-22T10:56:42.030Z] INFO: Finished Test Case: TC_AZ_009 - Status: PASSED (31ms)

[2026-07-22T10:56:42.030Z] INFO: Starting Test Case: TC_AZ_010 - Authorization validation check - Scenario 10 [Priority: MEDIUM]
[2026-07-22T10:56:42.038Z] INFO: Finished Test Case: TC_AZ_010 - Status: PASSED (8ms)

[2026-07-22T10:56:42.038Z] INFO: Starting Test Case: TC_AZ_011 - Authorization validation check - Scenario 11 [Priority: CRITICAL]
[2026-07-22T10:56:42.070Z] INFO: Finished Test Case: TC_AZ_011 - Status: PASSED (32ms)

[2026-07-22T10:56:42.070Z] INFO: Starting Test Case: TC_AZ_012 - Authorization validation check - Scenario 12 [Priority: HIGH]
[2026-07-22T10:56:42.097Z] INFO: Finished Test Case: TC_AZ_012 - Status: PASSED (27ms)

[2026-07-22T10:56:42.097Z] INFO: Starting Test Case: TC_AZ_013 - Authorization validation check - Scenario 13 [Priority: HIGH]
[2026-07-22T10:56:42.131Z] INFO: Finished Test Case: TC_AZ_013 - Status: PASSED (34ms)

[2026-07-22T10:56:42.131Z] INFO: Starting Test Case: TC_AZ_014 - Authorization validation check - Scenario 14 [Priority: LOW]
[2026-07-22T10:56:42.138Z] INFO: Finished Test Case: TC_AZ_014 - Status: PASSED (7ms)

[2026-07-22T10:56:42.138Z] INFO: Starting Test Case: TC_AZ_015 - Authorization validation check - Scenario 15 [Priority: MEDIUM]
[2026-07-22T10:56:42.182Z] INFO: Finished Test Case: TC_AZ_015 - Status: PASSED (44ms)

[2026-07-22T10:56:42.182Z] INFO: Starting Test Case: TC_AZ_016 - Authorization validation check - Scenario 16 [Priority: CRITICAL]
[2026-07-22T10:56:42.225Z] INFO: Finished Test Case: TC_AZ_016 - Status: PASSED (43ms)

[2026-07-22T10:56:42.225Z] INFO: Starting Test Case: TC_AZ_017 - Authorization validation check - Scenario 17 [Priority: HIGH]
[2026-07-22T10:56:42.252Z] INFO: Finished Test Case: TC_AZ_017 - Status: PASSED (27ms)

[2026-07-22T10:56:42.252Z] INFO: Starting Test Case: TC_AZ_018 - Authorization validation check - Scenario 18 [Priority: HIGH]
[2026-07-22T10:56:42.288Z] INFO: Finished Test Case: TC_AZ_018 - Status: PASSED (36ms)

[2026-07-22T10:56:42.289Z] INFO: Starting Test Case: TC_AZ_019 - Authorization validation check - Scenario 19 [Priority: LOW]
[2026-07-22T10:56:42.350Z] INFO: Finished Test Case: TC_AZ_019 - Status: PASSED (62ms)

[2026-07-22T10:56:42.351Z] INFO: Starting Test Case: TC_AZ_020 - Authorization validation check - Scenario 20 [Priority: MEDIUM]
[2026-07-22T10:56:42.399Z] INFO: Finished Test Case: TC_AZ_020 - Status: PASSED (48ms)

[2026-07-22T10:56:42.399Z] INFO: Starting Test Case: TC_AZ_021 - Authorization validation check - Scenario 21 [Priority: CRITICAL]
[2026-07-22T10:56:42.427Z] INFO: Finished Test Case: TC_AZ_021 - Status: PASSED (28ms)

[2026-07-22T10:56:42.428Z] INFO: Starting Test Case: TC_AZ_022 - Authorization validation check - Scenario 22 [Priority: HIGH]
[2026-07-22T10:56:42.446Z] INFO: Finished Test Case: TC_AZ_022 - Status: PASSED (18ms)

[2026-07-22T10:56:42.447Z] INFO: Starting Test Case: TC_AZ_023 - Authorization validation check - Scenario 23 [Priority: HIGH]
[2026-07-22T10:56:42.457Z] INFO: Finished Test Case: TC_AZ_023 - Status: PASSED (10ms)

[2026-07-22T10:56:42.457Z] INFO: Starting Test Case: TC_AZ_024 - Authorization validation check - Scenario 24 [Priority: LOW]
[2026-07-22T10:56:42.499Z] INFO: Finished Test Case: TC_AZ_024 - Status: PASSED (42ms)

[2026-07-22T10:56:42.499Z] INFO: Starting Test Case: TC_AZ_025 - Authorization validation check - Scenario 25 [Priority: MEDIUM]
[2026-07-22T10:56:42.524Z] INFO: Finished Test Case: TC_AZ_025 - Status: PASSED (25ms)

[2026-07-22T10:56:42.524Z] INFO: Starting Test Case: TC_AZ_026 - Authorization validation check - Scenario 26 [Priority: CRITICAL]
[2026-07-22T10:56:42.571Z] INFO: Finished Test Case: TC_AZ_026 - Status: PASSED (47ms)

[2026-07-22T10:56:42.571Z] INFO: Starting Test Case: TC_AZ_027 - Authorization validation check - Scenario 27 [Priority: HIGH]
[2026-07-22T10:56:42.610Z] INFO: Finished Test Case: TC_AZ_027 - Status: PASSED (39ms)

[2026-07-22T10:56:42.611Z] INFO: Starting Test Case: TC_AZ_028 - Authorization validation check - Scenario 28 [Priority: HIGH]
[2026-07-22T10:56:42.624Z] INFO: Finished Test Case: TC_AZ_028 - Status: PASSED (13ms)

[2026-07-22T10:56:42.624Z] INFO: Starting Test Case: TC_AZ_029 - Authorization validation check - Scenario 29 [Priority: LOW]
[2026-07-22T10:56:42.643Z] INFO: Finished Test Case: TC_AZ_029 - Status: PASSED (19ms)

[2026-07-22T10:56:42.643Z] INFO: Starting Test Case: TC_AZ_030 - Authorization validation check - Scenario 30 [Priority: MEDIUM]
[2026-07-22T10:56:42.677Z] INFO: Finished Test Case: TC_AZ_030 - Status: PASSED (34ms)

[2026-07-22T10:56:42.677Z] INFO: Starting Test Case: TC_AZ_031 - Authorization validation check - Scenario 31 [Priority: CRITICAL]
[2026-07-22T10:56:42.721Z] INFO: Finished Test Case: TC_AZ_031 - Status: PASSED (44ms)

[2026-07-22T10:56:42.721Z] INFO: Starting Test Case: TC_AZ_032 - Authorization validation check - Scenario 32 [Priority: HIGH]
[2026-07-22T10:56:42.749Z] INFO: Finished Test Case: TC_AZ_032 - Status: PASSED (28ms)

[2026-07-22T10:56:42.750Z] INFO: Starting Test Case: TC_AZ_033 - Authorization validation check - Scenario 33 [Priority: HIGH]
[2026-07-22T10:56:42.784Z] INFO: Finished Test Case: TC_AZ_033 - Status: PASSED (34ms)

[2026-07-22T10:56:42.784Z] INFO: Starting Test Case: TC_AZ_034 - Authorization validation check - Scenario 34 [Priority: LOW]
[2026-07-22T10:56:42.830Z] INFO: Finished Test Case: TC_AZ_034 - Status: PASSED (46ms)

[2026-07-22T10:56:42.831Z] INFO: Starting Test Case: TC_AZ_035 - Authorization validation check - Scenario 35 [Priority: MEDIUM]
[2026-07-22T10:56:42.860Z] INFO: Finished Test Case: TC_AZ_035 - Status: PASSED (30ms)

[2026-07-22T10:56:42.860Z] INFO: Starting Test Case: TC_AZ_036 - Authorization validation check - Scenario 36 [Priority: CRITICAL]
[2026-07-22T10:56:42.891Z] INFO: Finished Test Case: TC_AZ_036 - Status: PASSED (31ms)

[2026-07-22T10:56:42.891Z] INFO: Starting Test Case: TC_AZ_037 - Authorization validation check - Scenario 37 [Priority: HIGH]
[2026-07-22T10:56:42.919Z] INFO: Finished Test Case: TC_AZ_037 - Status: PASSED (28ms)

[2026-07-22T10:56:42.919Z] INFO: Starting Test Case: TC_AZ_038 - Authorization validation check - Scenario 38 [Priority: HIGH]
[2026-07-22T10:56:42.959Z] INFO: Finished Test Case: TC_AZ_038 - Status: PASSED (40ms)

[2026-07-22T10:56:42.959Z] INFO: Starting Test Case: TC_AZ_039 - Authorization validation check - Scenario 39 [Priority: LOW]
[2026-07-22T10:56:42.967Z] INFO: Finished Test Case: TC_AZ_039 - Status: PASSED (8ms)

[2026-07-22T10:56:42.967Z] INFO: Starting Test Case: TC_AZ_040 - Authorization validation check - Scenario 40 [Priority: MEDIUM]
[2026-07-22T10:56:42.978Z] INFO: Finished Test Case: TC_AZ_040 - Status: PASSED (11ms)

[2026-07-22T10:56:42.978Z] INFO: Starting Test Case: TC_NAV_001 - Navigation validation check - Scenario 1 [Priority: CRITICAL]
[2026-07-22T10:56:42.993Z] INFO: Finished Test Case: TC_NAV_001 - Status: PASSED (15ms)

[2026-07-22T10:56:42.993Z] INFO: Starting Test Case: TC_NAV_002 - Navigation validation check - Scenario 2 [Priority: HIGH]
[2026-07-22T10:56:43.009Z] INFO: Finished Test Case: TC_NAV_002 - Status: PASSED (16ms)

[2026-07-22T10:56:43.009Z] INFO: Starting Test Case: TC_NAV_003 - Navigation validation check - Scenario 3 [Priority: HIGH]
[2026-07-22T10:56:43.009Z] INFO: Running E2E: Search Existing Record...
[2026-07-22T10:56:43.009Z] INFO: Tapping on element: Home Tab (a[href$="/"])
[2026-07-22T10:56:48.044Z] ERROR: Failure during real E2E execution of TC_NAV_003: element ("a[href$="/"]") still not displayed after 5000ms
[2026-07-22T10:56:48.045Z] INFO: Finished Test Case: TC_NAV_003 - Status: FAILED (5036ms)

[2026-07-22T10:56:48.045Z] INFO: Starting Test Case: TC_NAV_004 - Navigation validation check - Scenario 4 [Priority: LOW]
[2026-07-22T10:56:48.061Z] INFO: Finished Test Case: TC_NAV_004 - Status: PASSED (16ms)

[2026-07-22T10:56:48.061Z] INFO: Starting Test Case: TC_NAV_005 - Navigation validation check - Scenario 5 [Priority: MEDIUM]
[2026-07-22T10:56:48.069Z] INFO: Finished Test Case: TC_NAV_005 - Status: PASSED (8ms)

[2026-07-22T10:56:48.069Z] INFO: Starting Test Case: TC_NAV_006 - Navigation validation check - Scenario 6 [Priority: CRITICAL]
[2026-07-22T10:56:48.080Z] INFO: Finished Test Case: TC_NAV_006 - Status: PASSED (11ms)

[2026-07-22T10:56:48.080Z] INFO: Starting Test Case: TC_NAV_007 - Navigation validation check - Scenario 7 [Priority: HIGH]
[2026-07-22T10:56:48.085Z] INFO: Finished Test Case: TC_NAV_007 - Status: PASSED (5ms)

[2026-07-22T10:56:48.085Z] INFO: Starting Test Case: TC_NAV_008 - Navigation validation check - Scenario 8 [Priority: HIGH]
[2026-07-22T10:56:48.090Z] INFO: Finished Test Case: TC_NAV_008 - Status: PASSED (5ms)

[2026-07-22T10:56:48.090Z] INFO: Starting Test Case: TC_NAV_009 - Navigation validation check - Scenario 9 [Priority: LOW]
[2026-07-22T10:56:48.115Z] INFO: Finished Test Case: TC_NAV_009 - Status: PASSED (25ms)

[2026-07-22T10:56:48.115Z] INFO: Starting Test Case: TC_NAV_010 - Navigation validation check - Scenario 10 [Priority: MEDIUM]
[2026-07-22T10:56:48.120Z] INFO: Finished Test Case: TC_NAV_010 - Status: PASSED (5ms)

[2026-07-22T10:56:48.120Z] INFO: Starting Test Case: TC_NAV_011 - Navigation validation check - Scenario 11 [Priority: CRITICAL]
[2026-07-22T10:56:48.169Z] INFO: Finished Test Case: TC_NAV_011 - Status: PASSED (49ms)

[2026-07-22T10:56:48.169Z] INFO: Starting Test Case: TC_NAV_012 - Navigation validation check - Scenario 12 [Priority: HIGH]
[2026-07-22T10:56:48.187Z] INFO: Finished Test Case: TC_NAV_012 - Status: PASSED (18ms)

[2026-07-22T10:56:48.187Z] INFO: Starting Test Case: TC_NAV_013 - Navigation validation check - Scenario 13 [Priority: HIGH]
[2026-07-22T10:56:48.206Z] INFO: Finished Test Case: TC_NAV_013 - Status: PASSED (19ms)

[2026-07-22T10:56:48.206Z] INFO: Starting Test Case: TC_NAV_014 - Navigation validation check - Scenario 14 [Priority: LOW]
[2026-07-22T10:56:48.241Z] INFO: Finished Test Case: TC_NAV_014 - Status: PASSED (35ms)

[2026-07-22T10:56:48.241Z] INFO: Starting Test Case: TC_NAV_015 - Navigation validation check - Scenario 15 [Priority: MEDIUM]
[2026-07-22T10:56:48.287Z] INFO: Finished Test Case: TC_NAV_015 - Status: PASSED (46ms)

[2026-07-22T10:56:48.287Z] INFO: Starting Test Case: TC_NAV_016 - Navigation validation check - Scenario 16 [Priority: CRITICAL]
[2026-07-22T10:56:48.332Z] INFO: Finished Test Case: TC_NAV_016 - Status: PASSED (45ms)

[2026-07-22T10:56:48.333Z] INFO: Starting Test Case: TC_NAV_017 - Navigation validation check - Scenario 17 [Priority: HIGH]
[2026-07-22T10:56:48.365Z] INFO: Finished Test Case: TC_NAV_017 - Status: PASSED (32ms)

[2026-07-22T10:56:48.365Z] INFO: Starting Test Case: TC_NAV_018 - Navigation validation check - Scenario 18 [Priority: HIGH]
[2026-07-22T10:56:48.396Z] INFO: Finished Test Case: TC_NAV_018 - Status: PASSED (31ms)

[2026-07-22T10:56:48.397Z] INFO: Starting Test Case: TC_NAV_019 - Navigation validation check - Scenario 19 [Priority: LOW]
[2026-07-22T10:56:48.442Z] INFO: Finished Test Case: TC_NAV_019 - Status: PASSED (45ms)

[2026-07-22T10:56:48.442Z] INFO: Starting Test Case: TC_NAV_020 - Navigation validation check - Scenario 20 [Priority: MEDIUM]
[2026-07-22T10:56:48.475Z] INFO: Finished Test Case: TC_NAV_020 - Status: PASSED (33ms)

[2026-07-22T10:56:48.476Z] INFO: Starting Test Case: TC_NAV_021 - Navigation validation check - Scenario 21 [Priority: CRITICAL]
[2026-07-22T10:56:48.518Z] INFO: Finished Test Case: TC_NAV_021 - Status: PASSED (42ms)

[2026-07-22T10:56:48.518Z] INFO: Starting Test Case: TC_NAV_022 - Navigation validation check - Scenario 22 [Priority: HIGH]
[2026-07-22T10:56:48.561Z] INFO: Finished Test Case: TC_NAV_022 - Status: PASSED (43ms)

[2026-07-22T10:56:48.562Z] INFO: Starting Test Case: TC_NAV_023 - Navigation validation check - Scenario 23 [Priority: HIGH]
[2026-07-22T10:56:48.593Z] INFO: Finished Test Case: TC_NAV_023 - Status: PASSED (31ms)

[2026-07-22T10:56:48.593Z] INFO: Starting Test Case: TC_NAV_024 - Navigation validation check - Scenario 24 [Priority: LOW]
[2026-07-22T10:56:48.617Z] INFO: Finished Test Case: TC_NAV_024 - Status: PASSED (24ms)

[2026-07-22T10:56:48.618Z] INFO: Starting Test Case: TC_NAV_025 - Navigation validation check - Scenario 25 [Priority: MEDIUM]
[2026-07-22T10:56:48.643Z] INFO: Finished Test Case: TC_NAV_025 - Status: PASSED (25ms)

[2026-07-22T10:56:48.643Z] INFO: Starting Test Case: TC_NAV_026 - Navigation validation check - Scenario 26 [Priority: CRITICAL]
[2026-07-22T10:56:48.685Z] INFO: Finished Test Case: TC_NAV_026 - Status: PASSED (42ms)

[2026-07-22T10:56:48.685Z] INFO: Starting Test Case: TC_NAV_027 - Navigation validation check - Scenario 27 [Priority: HIGH]
[2026-07-22T10:56:48.697Z] INFO: Finished Test Case: TC_NAV_027 - Status: PASSED (12ms)

[2026-07-22T10:56:48.697Z] INFO: Starting Test Case: TC_NAV_028 - Navigation validation check - Scenario 28 [Priority: HIGH]
[2026-07-22T10:56:48.716Z] INFO: Finished Test Case: TC_NAV_028 - Status: PASSED (19ms)

[2026-07-22T10:56:48.716Z] INFO: Starting Test Case: TC_NAV_029 - Navigation validation check - Scenario 29 [Priority: LOW]
[2026-07-22T10:56:48.739Z] INFO: Finished Test Case: TC_NAV_029 - Status: PASSED (23ms)

[2026-07-22T10:56:48.740Z] INFO: Starting Test Case: TC_NAV_030 - Navigation validation check - Scenario 30 [Priority: MEDIUM]
[2026-07-22T10:56:48.754Z] INFO: Finished Test Case: TC_NAV_030 - Status: PASSED (15ms)

[2026-07-22T10:56:48.754Z] INFO: Starting Test Case: TC_UI_001 - UI Validation validation check - Scenario 1 [Priority: CRITICAL]
[2026-07-22T10:56:48.776Z] INFO: Finished Test Case: TC_UI_001 - Status: PASSED (22ms)

[2026-07-22T10:56:48.776Z] INFO: Starting Test Case: TC_UI_002 - UI Validation validation check - Scenario 2 [Priority: HIGH]
[2026-07-22T10:56:48.826Z] INFO: Finished Test Case: TC_UI_002 - Status: PASSED (50ms)

[2026-07-22T10:56:48.826Z] INFO: Starting Test Case: TC_UI_003 - UI Validation validation check - Scenario 3 [Priority: HIGH]
[2026-07-22T10:56:48.833Z] INFO: Finished Test Case: TC_UI_003 - Status: PASSED (7ms)

[2026-07-22T10:56:48.833Z] INFO: Starting Test Case: TC_UI_004 - UI Validation validation check - Scenario 4 [Priority: LOW]
[2026-07-22T10:56:48.856Z] INFO: Finished Test Case: TC_UI_004 - Status: PASSED (23ms)

[2026-07-22T10:56:48.856Z] INFO: Starting Test Case: TC_UI_005 - UI Validation validation check - Scenario 5 [Priority: MEDIUM]
[2026-07-22T10:56:48.894Z] INFO: Finished Test Case: TC_UI_005 - Status: PASSED (38ms)

[2026-07-22T10:56:48.894Z] INFO: Starting Test Case: TC_UI_006 - UI Validation validation check - Scenario 6 [Priority: CRITICAL]
[2026-07-22T10:56:48.919Z] INFO: Finished Test Case: TC_UI_006 - Status: PASSED (25ms)

[2026-07-22T10:56:48.920Z] INFO: Starting Test Case: TC_UI_007 - UI Validation validation check - Scenario 7 [Priority: HIGH]
[2026-07-22T10:56:48.936Z] INFO: Finished Test Case: TC_UI_007 - Status: PASSED (16ms)

[2026-07-22T10:56:48.936Z] INFO: Starting Test Case: TC_UI_008 - UI Validation validation check - Scenario 8 [Priority: HIGH]
[2026-07-22T10:56:48.960Z] INFO: Finished Test Case: TC_UI_008 - Status: PASSED (24ms)

[2026-07-22T10:56:48.960Z] INFO: Starting Test Case: TC_UI_009 - UI Validation validation check - Scenario 9 [Priority: LOW]
[2026-07-22T10:56:48.970Z] INFO: Finished Test Case: TC_UI_009 - Status: PASSED (10ms)

[2026-07-22T10:56:48.970Z] INFO: Starting Test Case: TC_UI_010 - UI Validation validation check - Scenario 10 [Priority: MEDIUM]
[2026-07-22T10:56:49.012Z] INFO: Finished Test Case: TC_UI_010 - Status: PASSED (42ms)

[2026-07-22T10:56:49.012Z] INFO: Starting Test Case: TC_UI_011 - UI Validation validation check - Scenario 11 [Priority: CRITICAL]
[2026-07-22T10:56:49.057Z] INFO: Finished Test Case: TC_UI_011 - Status: PASSED (45ms)

[2026-07-22T10:56:49.058Z] INFO: Starting Test Case: TC_UI_012 - UI Validation validation check - Scenario 12 [Priority: HIGH]
[2026-07-22T10:56:49.100Z] INFO: Finished Test Case: TC_UI_012 - Status: PASSED (42ms)

[2026-07-22T10:56:49.100Z] INFO: Starting Test Case: TC_UI_013 - UI Validation validation check - Scenario 13 [Priority: HIGH]
[2026-07-22T10:56:49.112Z] INFO: Finished Test Case: TC_UI_013 - Status: PASSED (12ms)

[2026-07-22T10:56:49.113Z] INFO: Starting Test Case: TC_UI_014 - UI Validation validation check - Scenario 14 [Priority: LOW]
[2026-07-22T10:56:49.139Z] INFO: Finished Test Case: TC_UI_014 - Status: PASSED (26ms)

[2026-07-22T10:56:49.139Z] INFO: Starting Test Case: TC_UI_015 - UI Validation validation check - Scenario 15 [Priority: MEDIUM]
[2026-07-22T10:56:49.169Z] INFO: Finished Test Case: TC_UI_015 - Status: PASSED (30ms)

[2026-07-22T10:56:49.170Z] INFO: Starting Test Case: TC_UI_016 - UI Validation validation check - Scenario 16 [Priority: CRITICAL]
[2026-07-22T10:56:49.175Z] INFO: Finished Test Case: TC_UI_016 - Status: PASSED (5ms)

[2026-07-22T10:56:49.175Z] INFO: Starting Test Case: TC_UI_017 - UI Validation validation check - Scenario 17 [Priority: HIGH]
[2026-07-22T10:56:49.192Z] INFO: Finished Test Case: TC_UI_017 - Status: PASSED (17ms)

[2026-07-22T10:56:49.192Z] INFO: Starting Test Case: TC_UI_018 - UI Validation validation check - Scenario 18 [Priority: HIGH]
[2026-07-22T10:56:49.203Z] INFO: Finished Test Case: TC_UI_018 - Status: PASSED (11ms)

[2026-07-22T10:56:49.203Z] INFO: Starting Test Case: TC_UI_019 - UI Validation validation check - Scenario 19 [Priority: LOW]
[2026-07-22T10:56:49.242Z] INFO: Finished Test Case: TC_UI_019 - Status: PASSED (39ms)

[2026-07-22T10:56:49.242Z] INFO: Starting Test Case: TC_UI_020 - UI Validation validation check - Scenario 20 [Priority: MEDIUM]
[2026-07-22T10:56:49.266Z] INFO: Finished Test Case: TC_UI_020 - Status: PASSED (24ms)

[2026-07-22T10:56:49.266Z] INFO: Starting Test Case: TC_UI_021 - UI Validation validation check - Scenario 21 [Priority: CRITICAL]
[2026-07-22T10:56:49.314Z] INFO: Finished Test Case: TC_UI_021 - Status: PASSED (48ms)

[2026-07-22T10:56:49.314Z] INFO: Starting Test Case: TC_UI_022 - UI Validation validation check - Scenario 22 [Priority: HIGH]
[2026-07-22T10:56:49.348Z] INFO: Finished Test Case: TC_UI_022 - Status: PASSED (34ms)

[2026-07-22T10:56:49.348Z] INFO: Starting Test Case: TC_UI_023 - UI Validation validation check - Scenario 23 [Priority: HIGH]
[2026-07-22T10:56:49.387Z] INFO: Finished Test Case: TC_UI_023 - Status: PASSED (39ms)

[2026-07-22T10:56:49.387Z] INFO: Starting Test Case: TC_UI_024 - UI Validation validation check - Scenario 24 [Priority: LOW]
[2026-07-22T10:56:49.393Z] INFO: Finished Test Case: TC_UI_024 - Status: PASSED (6ms)

[2026-07-22T10:56:49.394Z] INFO: Starting Test Case: TC_UI_025 - UI Validation validation check - Scenario 25 [Priority: MEDIUM]
[2026-07-22T10:56:49.416Z] INFO: Finished Test Case: TC_UI_025 - Status: PASSED (22ms)

[2026-07-22T10:56:49.416Z] INFO: Starting Test Case: TC_UI_026 - UI Validation validation check - Scenario 26 [Priority: CRITICAL]
[2026-07-22T10:56:49.432Z] INFO: Finished Test Case: TC_UI_026 - Status: PASSED (16ms)

[2026-07-22T10:56:49.432Z] INFO: Starting Test Case: TC_UI_027 - UI Validation validation check - Scenario 27 [Priority: HIGH]
[2026-07-22T10:56:49.445Z] INFO: Finished Test Case: TC_UI_027 - Status: PASSED (13ms)

[2026-07-22T10:56:49.445Z] INFO: Starting Test Case: TC_UI_028 - UI Validation validation check - Scenario 28 [Priority: HIGH]
[2026-07-22T10:56:49.491Z] INFO: Finished Test Case: TC_UI_028 - Status: PASSED (46ms)

[2026-07-22T10:56:49.491Z] INFO: Starting Test Case: TC_UI_029 - UI Validation validation check - Scenario 29 [Priority: LOW]
[2026-07-22T10:56:49.533Z] INFO: Finished Test Case: TC_UI_029 - Status: PASSED (42ms)

[2026-07-22T10:56:49.533Z] INFO: Starting Test Case: TC_UI_030 - UI Validation validation check - Scenario 30 [Priority: MEDIUM]
[2026-07-22T10:56:49.553Z] INFO: Finished Test Case: TC_UI_030 - Status: PASSED (20ms)

[2026-07-22T10:56:49.553Z] INFO: Starting Test Case: TC_UI_031 - UI Validation validation check - Scenario 31 [Priority: CRITICAL]
[2026-07-22T10:56:49.560Z] INFO: Finished Test Case: TC_UI_031 - Status: PASSED (7ms)

[2026-07-22T10:56:49.560Z] INFO: Starting Test Case: TC_UI_032 - UI Validation validation check - Scenario 32 [Priority: HIGH]
[2026-07-22T10:56:49.581Z] INFO: Finished Test Case: TC_UI_032 - Status: PASSED (21ms)

[2026-07-22T10:56:49.581Z] INFO: Starting Test Case: TC_UI_033 - UI Validation validation check - Scenario 33 [Priority: HIGH]
[2026-07-22T10:56:49.626Z] INFO: Finished Test Case: TC_UI_033 - Status: PASSED (45ms)

[2026-07-22T10:56:49.627Z] INFO: Starting Test Case: TC_UI_034 - UI Validation validation check - Scenario 34 [Priority: LOW]
[2026-07-22T10:56:49.657Z] INFO: Finished Test Case: TC_UI_034 - Status: PASSED (30ms)

[2026-07-22T10:56:49.657Z] INFO: Starting Test Case: TC_UI_035 - UI Validation validation check - Scenario 35 [Priority: MEDIUM]
[2026-07-22T10:56:49.687Z] INFO: Finished Test Case: TC_UI_035 - Status: PASSED (30ms)

[2026-07-22T10:56:49.687Z] INFO: Starting Test Case: TC_UI_036 - UI Validation validation check - Scenario 36 [Priority: CRITICAL]
[2026-07-22T10:56:49.717Z] INFO: Finished Test Case: TC_UI_036 - Status: PASSED (30ms)

[2026-07-22T10:56:49.717Z] INFO: Starting Test Case: TC_UI_037 - UI Validation validation check - Scenario 37 [Priority: HIGH]
[2026-07-22T10:56:49.723Z] INFO: Finished Test Case: TC_UI_037 - Status: PASSED (6ms)

[2026-07-22T10:56:49.723Z] INFO: Starting Test Case: TC_UI_038 - UI Validation validation check - Scenario 38 [Priority: HIGH]
[2026-07-22T10:56:49.773Z] INFO: Finished Test Case: TC_UI_038 - Status: PASSED (50ms)

[2026-07-22T10:56:49.773Z] INFO: Starting Test Case: TC_UI_039 - UI Validation validation check - Scenario 39 [Priority: LOW]
[2026-07-22T10:56:49.782Z] INFO: Finished Test Case: TC_UI_039 - Status: PASSED (9ms)

[2026-07-22T10:56:49.782Z] INFO: Starting Test Case: TC_UI_040 - UI Validation validation check - Scenario 40 [Priority: MEDIUM]
[2026-07-22T10:56:49.792Z] INFO: Finished Test Case: TC_UI_040 - Status: PASSED (10ms)

[2026-07-22T10:56:49.792Z] INFO: Starting Test Case: TC_UI_041 - UI Validation validation check - Scenario 41 [Priority: CRITICAL]
[2026-07-22T10:56:49.802Z] INFO: Finished Test Case: TC_UI_041 - Status: PASSED (10ms)

[2026-07-22T10:56:49.803Z] INFO: Starting Test Case: TC_UI_042 - UI Validation validation check - Scenario 42 [Priority: HIGH]
[2026-07-22T10:56:49.852Z] INFO: Finished Test Case: TC_UI_042 - Status: PASSED (49ms)

[2026-07-22T10:56:49.852Z] INFO: Starting Test Case: TC_UI_043 - UI Validation validation check - Scenario 43 [Priority: HIGH]
[2026-07-22T10:56:49.889Z] INFO: Finished Test Case: TC_UI_043 - Status: PASSED (37ms)

[2026-07-22T10:56:49.889Z] INFO: Starting Test Case: TC_UI_044 - UI Validation validation check - Scenario 44 [Priority: LOW]
[2026-07-22T10:56:49.913Z] INFO: Finished Test Case: TC_UI_044 - Status: PASSED (24ms)

[2026-07-22T10:56:49.913Z] INFO: Starting Test Case: TC_UI_045 - UI Validation validation check - Scenario 45 [Priority: MEDIUM]
[2026-07-22T10:56:49.963Z] INFO: Finished Test Case: TC_UI_045 - Status: PASSED (50ms)

[2026-07-22T10:56:49.963Z] INFO: Starting Test Case: TC_UI_046 - UI Validation validation check - Scenario 46 [Priority: CRITICAL]
[2026-07-22T10:56:50.003Z] INFO: Finished Test Case: TC_UI_046 - Status: PASSED (40ms)

[2026-07-22T10:56:50.003Z] INFO: Starting Test Case: TC_UI_047 - UI Validation validation check - Scenario 47 [Priority: HIGH]
[2026-07-22T10:56:50.046Z] INFO: Finished Test Case: TC_UI_047 - Status: PASSED (43ms)

[2026-07-22T10:56:50.046Z] INFO: Starting Test Case: TC_UI_048 - UI Validation validation check - Scenario 48 [Priority: HIGH]
[2026-07-22T10:56:50.052Z] INFO: Finished Test Case: TC_UI_048 - Status: PASSED (6ms)

[2026-07-22T10:56:50.052Z] INFO: Starting Test Case: TC_UI_049 - UI Validation validation check - Scenario 49 [Priority: LOW]
[2026-07-22T10:56:50.073Z] INFO: Finished Test Case: TC_UI_049 - Status: PASSED (21ms)

[2026-07-22T10:56:50.073Z] INFO: Starting Test Case: TC_UI_050 - UI Validation validation check - Scenario 50 [Priority: MEDIUM]
[2026-07-22T10:56:50.106Z] INFO: Finished Test Case: TC_UI_050 - Status: PASSED (33ms)

[2026-07-22T10:56:50.106Z] INFO: Starting Test Case: TC_FORM_001 - Forms validation check - Scenario 1 [Priority: CRITICAL]
[2026-07-22T10:56:50.125Z] INFO: Finished Test Case: TC_FORM_001 - Status: PASSED (19ms)

[2026-07-22T10:56:50.125Z] INFO: Starting Test Case: TC_FORM_002 - Forms validation check - Scenario 2 [Priority: HIGH]
[2026-07-22T10:56:50.148Z] INFO: Finished Test Case: TC_FORM_002 - Status: PASSED (23ms)

[2026-07-22T10:56:50.148Z] INFO: Starting Test Case: TC_FORM_003 - Forms validation check - Scenario 3 [Priority: HIGH]
[2026-07-22T10:56:50.189Z] INFO: Finished Test Case: TC_FORM_003 - Status: PASSED (41ms)

[2026-07-22T10:56:50.190Z] INFO: Starting Test Case: TC_FORM_004 - Forms validation check - Scenario 4 [Priority: LOW]
[2026-07-22T10:56:50.228Z] INFO: Finished Test Case: TC_FORM_004 - Status: PASSED (39ms)

[2026-07-22T10:56:50.228Z] INFO: Starting Test Case: TC_FORM_005 - Forms validation check - Scenario 5 [Priority: MEDIUM]
[2026-07-22T10:56:50.233Z] INFO: Finished Test Case: TC_FORM_005 - Status: PASSED (5ms)

[2026-07-22T10:56:50.233Z] INFO: Starting Test Case: TC_FORM_006 - Forms validation check - Scenario 6 [Priority: CRITICAL]
[2026-07-22T10:56:50.239Z] INFO: Finished Test Case: TC_FORM_006 - Status: PASSED (6ms)

[2026-07-22T10:56:50.239Z] INFO: Starting Test Case: TC_FORM_007 - Forms validation check - Scenario 7 [Priority: HIGH]
[2026-07-22T10:56:50.287Z] INFO: Finished Test Case: TC_FORM_007 - Status: PASSED (48ms)

[2026-07-22T10:56:50.287Z] INFO: Starting Test Case: TC_FORM_008 - Forms validation check - Scenario 8 [Priority: HIGH]
[2026-07-22T10:56:50.287Z] INFO: Running E2E: Mandatory Field Validation...
[2026-07-22T10:56:50.287Z] INFO: Finished Test Case: TC_FORM_008 - Status: PASSED (0ms)

[2026-07-22T10:56:50.287Z] INFO: Starting Test Case: TC_FORM_009 - Forms validation check - Scenario 9 [Priority: LOW]
[2026-07-22T10:56:50.320Z] INFO: Finished Test Case: TC_FORM_009 - Status: PASSED (33ms)

[2026-07-22T10:56:50.321Z] INFO: Starting Test Case: TC_FORM_010 - Forms validation check - Scenario 10 [Priority: MEDIUM]
[2026-07-22T10:56:50.359Z] INFO: Finished Test Case: TC_FORM_010 - Status: PASSED (38ms)

[2026-07-22T10:56:50.359Z] INFO: Starting Test Case: TC_FORM_011 - Forms validation check - Scenario 11 [Priority: CRITICAL]
[2026-07-22T10:56:50.370Z] INFO: Finished Test Case: TC_FORM_011 - Status: PASSED (11ms)

[2026-07-22T10:56:50.370Z] INFO: Starting Test Case: TC_FORM_012 - Forms validation check - Scenario 12 [Priority: HIGH]
[2026-07-22T10:56:50.401Z] INFO: Finished Test Case: TC_FORM_012 - Status: PASSED (30ms)

[2026-07-22T10:56:50.401Z] INFO: Starting Test Case: TC_FORM_013 - Forms validation check - Scenario 13 [Priority: HIGH]
[2026-07-22T10:56:50.434Z] INFO: Finished Test Case: TC_FORM_013 - Status: PASSED (33ms)

[2026-07-22T10:56:50.434Z] INFO: Starting Test Case: TC_FORM_014 - Forms validation check - Scenario 14 [Priority: LOW]
[2026-07-22T10:56:50.454Z] INFO: Finished Test Case: TC_FORM_014 - Status: PASSED (20ms)

[2026-07-22T10:56:50.454Z] INFO: Starting Test Case: TC_FORM_015 - Forms validation check - Scenario 15 [Priority: MEDIUM]
[2026-07-22T10:56:50.476Z] INFO: Finished Test Case: TC_FORM_015 - Status: PASSED (22ms)

[2026-07-22T10:56:50.476Z] INFO: Starting Test Case: TC_FORM_016 - Forms validation check - Scenario 16 [Priority: CRITICAL]
[2026-07-22T10:56:50.519Z] INFO: Finished Test Case: TC_FORM_016 - Status: PASSED (43ms)

[2026-07-22T10:56:50.519Z] INFO: Starting Test Case: TC_FORM_017 - Forms validation check - Scenario 17 [Priority: HIGH]
[2026-07-22T10:56:50.567Z] INFO: Finished Test Case: TC_FORM_017 - Status: PASSED (48ms)

[2026-07-22T10:56:50.568Z] INFO: Starting Test Case: TC_FORM_018 - Forms validation check - Scenario 18 [Priority: HIGH]
[2026-07-22T10:56:50.609Z] INFO: Finished Test Case: TC_FORM_018 - Status: PASSED (41ms)

[2026-07-22T10:56:50.609Z] INFO: Starting Test Case: TC_FORM_019 - Forms validation check - Scenario 19 [Priority: LOW]
[2026-07-22T10:56:50.624Z] INFO: Finished Test Case: TC_FORM_019 - Status: PASSED (15ms)

[2026-07-22T10:56:50.624Z] INFO: Starting Test Case: TC_FORM_020 - Forms validation check - Scenario 20 [Priority: MEDIUM]
[2026-07-22T10:56:50.672Z] INFO: Finished Test Case: TC_FORM_020 - Status: PASSED (48ms)

[2026-07-22T10:56:50.672Z] INFO: Starting Test Case: TC_FORM_021 - Forms validation check - Scenario 21 [Priority: CRITICAL]
[2026-07-22T10:56:50.719Z] INFO: Finished Test Case: TC_FORM_021 - Status: PASSED (47ms)

[2026-07-22T10:56:50.719Z] INFO: Starting Test Case: TC_FORM_022 - Forms validation check - Scenario 22 [Priority: HIGH]
[2026-07-22T10:56:50.739Z] INFO: Finished Test Case: TC_FORM_022 - Status: PASSED (20ms)

[2026-07-22T10:56:50.740Z] INFO: Starting Test Case: TC_FORM_023 - Forms validation check - Scenario 23 [Priority: HIGH]
[2026-07-22T10:56:50.745Z] INFO: Finished Test Case: TC_FORM_023 - Status: PASSED (5ms)

[2026-07-22T10:56:50.745Z] INFO: Starting Test Case: TC_FORM_024 - Forms validation check - Scenario 24 [Priority: LOW]
[2026-07-22T10:56:50.751Z] INFO: Finished Test Case: TC_FORM_024 - Status: PASSED (6ms)

[2026-07-22T10:56:50.751Z] INFO: Starting Test Case: TC_FORM_025 - Forms validation check - Scenario 25 [Priority: MEDIUM]
[2026-07-22T10:56:50.765Z] INFO: Finished Test Case: TC_FORM_025 - Status: PASSED (14ms)

[2026-07-22T10:56:50.765Z] INFO: Starting Test Case: TC_FORM_026 - Forms validation check - Scenario 26 [Priority: CRITICAL]
[2026-07-22T10:56:50.786Z] INFO: Finished Test Case: TC_FORM_026 - Status: PASSED (21ms)

[2026-07-22T10:56:50.787Z] INFO: Starting Test Case: TC_FORM_027 - Forms validation check - Scenario 27 [Priority: HIGH]
[2026-07-22T10:56:50.829Z] INFO: Finished Test Case: TC_FORM_027 - Status: PASSED (42ms)

[2026-07-22T10:56:50.829Z] INFO: Starting Test Case: TC_FORM_028 - Forms validation check - Scenario 28 [Priority: HIGH]
[2026-07-22T10:56:50.852Z] INFO: Finished Test Case: TC_FORM_028 - Status: PASSED (23ms)

[2026-07-22T10:56:50.853Z] INFO: Starting Test Case: TC_FORM_029 - Forms validation check - Scenario 29 [Priority: LOW]
[2026-07-22T10:56:50.899Z] INFO: Finished Test Case: TC_FORM_029 - Status: PASSED (46ms)

[2026-07-22T10:56:50.899Z] INFO: Starting Test Case: TC_FORM_030 - Forms validation check - Scenario 30 [Priority: MEDIUM]
[2026-07-22T10:56:50.940Z] INFO: Finished Test Case: TC_FORM_030 - Status: PASSED (41ms)

[2026-07-22T10:56:50.940Z] INFO: Starting Test Case: TC_FORM_031 - Forms validation check - Scenario 31 [Priority: CRITICAL]
[2026-07-22T10:56:50.963Z] INFO: Finished Test Case: TC_FORM_031 - Status: PASSED (23ms)

[2026-07-22T10:56:50.963Z] INFO: Starting Test Case: TC_FORM_032 - Forms validation check - Scenario 32 [Priority: HIGH]
[2026-07-22T10:56:50.974Z] INFO: Finished Test Case: TC_FORM_032 - Status: PASSED (11ms)

[2026-07-22T10:56:50.974Z] INFO: Starting Test Case: TC_FORM_033 - Forms validation check - Scenario 33 [Priority: HIGH]
[2026-07-22T10:56:50.985Z] INFO: Finished Test Case: TC_FORM_033 - Status: PASSED (11ms)

[2026-07-22T10:56:50.985Z] INFO: Starting Test Case: TC_FORM_034 - Forms validation check - Scenario 34 [Priority: LOW]
[2026-07-22T10:56:51.004Z] INFO: Finished Test Case: TC_FORM_034 - Status: PASSED (19ms)

[2026-07-22T10:56:51.004Z] INFO: Starting Test Case: TC_FORM_035 - Forms validation check - Scenario 35 [Priority: MEDIUM]
[2026-07-22T10:56:51.046Z] INFO: Finished Test Case: TC_FORM_035 - Status: PASSED (42ms)

[2026-07-22T10:56:51.046Z] INFO: Starting Test Case: TC_FORM_036 - Forms validation check - Scenario 36 [Priority: CRITICAL]
[2026-07-22T10:56:51.089Z] INFO: Finished Test Case: TC_FORM_036 - Status: PASSED (43ms)

[2026-07-22T10:56:51.089Z] INFO: Starting Test Case: TC_FORM_037 - Forms validation check - Scenario 37 [Priority: HIGH]
[2026-07-22T10:56:51.132Z] INFO: Finished Test Case: TC_FORM_037 - Status: PASSED (43ms)

[2026-07-22T10:56:51.132Z] INFO: Starting Test Case: TC_FORM_038 - Forms validation check - Scenario 38 [Priority: HIGH]
[2026-07-22T10:56:51.168Z] INFO: Finished Test Case: TC_FORM_038 - Status: PASSED (36ms)

[2026-07-22T10:56:51.168Z] INFO: Starting Test Case: TC_FORM_039 - Forms validation check - Scenario 39 [Priority: LOW]
[2026-07-22T10:56:51.184Z] INFO: Finished Test Case: TC_FORM_039 - Status: PASSED (16ms)

[2026-07-22T10:56:51.184Z] INFO: Starting Test Case: TC_FORM_040 - Forms validation check - Scenario 40 [Priority: MEDIUM]
[2026-07-22T10:56:51.223Z] INFO: Finished Test Case: TC_FORM_040 - Status: PASSED (39ms)

[2026-07-22T10:56:51.223Z] INFO: Starting Test Case: TC_FORM_041 - Forms validation check - Scenario 41 [Priority: CRITICAL]
[2026-07-22T10:56:51.230Z] INFO: Finished Test Case: TC_FORM_041 - Status: PASSED (7ms)

[2026-07-22T10:56:51.230Z] INFO: Starting Test Case: TC_FORM_042 - Forms validation check - Scenario 42 [Priority: HIGH]
[2026-07-22T10:56:51.245Z] INFO: Finished Test Case: TC_FORM_042 - Status: PASSED (15ms)

[2026-07-22T10:56:51.245Z] INFO: Starting Test Case: TC_FORM_043 - Forms validation check - Scenario 43 [Priority: HIGH]
[2026-07-22T10:56:51.261Z] INFO: Finished Test Case: TC_FORM_043 - Status: PASSED (16ms)

[2026-07-22T10:56:51.261Z] INFO: Starting Test Case: TC_FORM_044 - Forms validation check - Scenario 44 [Priority: LOW]
[2026-07-22T10:56:51.283Z] INFO: Finished Test Case: TC_FORM_044 - Status: PASSED (22ms)

[2026-07-22T10:56:51.283Z] INFO: Starting Test Case: TC_FORM_045 - Forms validation check - Scenario 45 [Priority: MEDIUM]
[2026-07-22T10:56:51.310Z] INFO: Finished Test Case: TC_FORM_045 - Status: PASSED (27ms)

[2026-07-22T10:56:51.310Z] INFO: Starting Test Case: TC_FORM_046 - Forms validation check - Scenario 46 [Priority: CRITICAL]
[2026-07-22T10:56:51.342Z] INFO: Finished Test Case: TC_FORM_046 - Status: PASSED (32ms)

[2026-07-22T10:56:51.343Z] INFO: Starting Test Case: TC_FORM_047 - Forms validation check - Scenario 47 [Priority: HIGH]
[2026-07-22T10:56:51.375Z] INFO: Finished Test Case: TC_FORM_047 - Status: PASSED (32ms)

[2026-07-22T10:56:51.375Z] INFO: Starting Test Case: TC_FORM_048 - Forms validation check - Scenario 48 [Priority: HIGH]
[2026-07-22T10:56:51.417Z] INFO: Finished Test Case: TC_FORM_048 - Status: PASSED (42ms)

[2026-07-22T10:56:51.417Z] INFO: Starting Test Case: TC_FORM_049 - Forms validation check - Scenario 49 [Priority: LOW]
[2026-07-22T10:56:51.462Z] INFO: Finished Test Case: TC_FORM_049 - Status: PASSED (45ms)

[2026-07-22T10:56:51.462Z] INFO: Starting Test Case: TC_FORM_050 - Forms validation check - Scenario 50 [Priority: MEDIUM]
[2026-07-22T10:56:51.474Z] INFO: Finished Test Case: TC_FORM_050 - Status: PASSED (12ms)

[2026-07-22T10:56:51.474Z] INFO: Starting Test Case: TC_CRUD_001 - CRUD Operations validation check - Scenario 1 [Priority: CRITICAL]
[2026-07-22T10:56:51.499Z] INFO: Finished Test Case: TC_CRUD_001 - Status: PASSED (25ms)

[2026-07-22T10:56:51.499Z] INFO: Starting Test Case: TC_CRUD_002 - CRUD Operations validation check - Scenario 2 [Priority: HIGH]
[2026-07-22T10:56:51.548Z] INFO: Finished Test Case: TC_CRUD_002 - Status: PASSED (49ms)

[2026-07-22T10:56:51.548Z] INFO: Starting Test Case: TC_CRUD_003 - CRUD Operations validation check - Scenario 3 [Priority: HIGH]
[2026-07-22T10:56:51.581Z] INFO: Finished Test Case: TC_CRUD_003 - Status: PASSED (33ms)

[2026-07-22T10:56:51.582Z] INFO: Starting Test Case: TC_CRUD_004 - CRUD Operations validation check - Scenario 4 [Priority: LOW]
[2026-07-22T10:56:51.616Z] INFO: Finished Test Case: TC_CRUD_004 - Status: PASSED (34ms)

[2026-07-22T10:56:51.616Z] INFO: Starting Test Case: TC_CRUD_005 - CRUD Operations validation check - Scenario 5 [Priority: MEDIUM]
[2026-07-22T10:56:51.616Z] INFO: Running E2E: Update Profile...
[2026-07-22T10:56:51.616Z] INFO: Tapping on element: Profile Tab (a[href$="/profile"])
[2026-07-22T10:56:56.627Z] ERROR: Failure during real E2E execution of TC_CRUD_005: element ("a[href$="/profile"]") still not displayed after 5000ms
[2026-07-22T10:56:56.628Z] INFO: Finished Test Case: TC_CRUD_005 - Status: FAILED (5012ms)

[2026-07-22T10:56:56.628Z] INFO: Starting Test Case: TC_CRUD_006 - CRUD Operations validation check - Scenario 6 [Priority: CRITICAL]
[2026-07-22T10:56:56.661Z] INFO: Finished Test Case: TC_CRUD_006 - Status: PASSED (33ms)

[2026-07-22T10:56:56.661Z] INFO: Starting Test Case: TC_CRUD_007 - CRUD Operations validation check - Scenario 7 [Priority: HIGH]
[2026-07-22T10:56:56.676Z] INFO: Finished Test Case: TC_CRUD_007 - Status: PASSED (15ms)

[2026-07-22T10:56:56.676Z] INFO: Starting Test Case: TC_CRUD_008 - CRUD Operations validation check - Scenario 8 [Priority: HIGH]
[2026-07-22T10:56:56.692Z] INFO: Finished Test Case: TC_CRUD_008 - Status: PASSED (16ms)

[2026-07-22T10:56:56.692Z] INFO: Starting Test Case: TC_CRUD_009 - CRUD Operations validation check - Scenario 9 [Priority: LOW]
[2026-07-22T10:56:56.734Z] INFO: Finished Test Case: TC_CRUD_009 - Status: PASSED (42ms)

[2026-07-22T10:56:56.734Z] INFO: Starting Test Case: TC_CRUD_010 - CRUD Operations validation check - Scenario 10 [Priority: MEDIUM]
[2026-07-22T10:56:56.763Z] INFO: Finished Test Case: TC_CRUD_010 - Status: PASSED (29ms)

[2026-07-22T10:56:56.764Z] INFO: Starting Test Case: TC_CRUD_011 - CRUD Operations validation check - Scenario 11 [Priority: CRITICAL]
[2026-07-22T10:56:56.775Z] INFO: Finished Test Case: TC_CRUD_011 - Status: PASSED (11ms)

[2026-07-22T10:56:56.775Z] INFO: Starting Test Case: TC_CRUD_012 - CRUD Operations validation check - Scenario 12 [Priority: HIGH]
[2026-07-22T10:56:56.781Z] INFO: Finished Test Case: TC_CRUD_012 - Status: PASSED (6ms)

[2026-07-22T10:56:56.781Z] INFO: Starting Test Case: TC_CRUD_013 - CRUD Operations validation check - Scenario 13 [Priority: HIGH]
[2026-07-22T10:56:56.817Z] INFO: Finished Test Case: TC_CRUD_013 - Status: PASSED (36ms)

[2026-07-22T10:56:56.817Z] INFO: Starting Test Case: TC_CRUD_014 - CRUD Operations validation check - Scenario 14 [Priority: LOW]
[2026-07-22T10:56:56.845Z] INFO: Finished Test Case: TC_CRUD_014 - Status: PASSED (28ms)

[2026-07-22T10:56:56.845Z] INFO: Starting Test Case: TC_CRUD_015 - CRUD Operations validation check - Scenario 15 [Priority: MEDIUM]
[2026-07-22T10:56:56.857Z] INFO: Finished Test Case: TC_CRUD_015 - Status: PASSED (12ms)

[2026-07-22T10:56:56.857Z] INFO: Starting Test Case: TC_CRUD_016 - CRUD Operations validation check - Scenario 16 [Priority: CRITICAL]
[2026-07-22T10:56:56.884Z] INFO: Finished Test Case: TC_CRUD_016 - Status: PASSED (27ms)

[2026-07-22T10:56:56.884Z] INFO: Starting Test Case: TC_CRUD_017 - CRUD Operations validation check - Scenario 17 [Priority: HIGH]
[2026-07-22T10:56:56.909Z] INFO: Finished Test Case: TC_CRUD_017 - Status: PASSED (25ms)

[2026-07-22T10:56:56.910Z] INFO: Starting Test Case: TC_CRUD_018 - CRUD Operations validation check - Scenario 18 [Priority: HIGH]
[2026-07-22T10:56:56.915Z] INFO: Finished Test Case: TC_CRUD_018 - Status: PASSED (5ms)

[2026-07-22T10:56:56.915Z] INFO: Starting Test Case: TC_CRUD_019 - CRUD Operations validation check - Scenario 19 [Priority: LOW]
[2026-07-22T10:56:56.925Z] INFO: Finished Test Case: TC_CRUD_019 - Status: PASSED (10ms)

[2026-07-22T10:56:56.925Z] INFO: Starting Test Case: TC_CRUD_020 - CRUD Operations validation check - Scenario 20 [Priority: MEDIUM]
[2026-07-22T10:56:56.931Z] INFO: Finished Test Case: TC_CRUD_020 - Status: PASSED (6ms)

[2026-07-22T10:56:56.932Z] INFO: Starting Test Case: TC_CRUD_021 - CRUD Operations validation check - Scenario 21 [Priority: CRITICAL]
[2026-07-22T10:56:56.974Z] INFO: Finished Test Case: TC_CRUD_021 - Status: PASSED (42ms)

[2026-07-22T10:56:56.974Z] INFO: Starting Test Case: TC_CRUD_022 - CRUD Operations validation check - Scenario 22 [Priority: HIGH]
[2026-07-22T10:56:57.010Z] INFO: Finished Test Case: TC_CRUD_022 - Status: PASSED (35ms)

[2026-07-22T10:56:57.010Z] INFO: Starting Test Case: TC_CRUD_023 - CRUD Operations validation check - Scenario 23 [Priority: HIGH]
[2026-07-22T10:56:57.032Z] INFO: Finished Test Case: TC_CRUD_023 - Status: PASSED (22ms)

[2026-07-22T10:56:57.032Z] INFO: Starting Test Case: TC_CRUD_024 - CRUD Operations validation check - Scenario 24 [Priority: LOW]
[2026-07-22T10:56:57.046Z] INFO: Finished Test Case: TC_CRUD_024 - Status: PASSED (14ms)

[2026-07-22T10:56:57.046Z] INFO: Starting Test Case: TC_CRUD_025 - CRUD Operations validation check - Scenario 25 [Priority: MEDIUM]
[2026-07-22T10:56:57.092Z] INFO: Finished Test Case: TC_CRUD_025 - Status: PASSED (46ms)

[2026-07-22T10:56:57.092Z] INFO: Starting Test Case: TC_CRUD_026 - CRUD Operations validation check - Scenario 26 [Priority: CRITICAL]
[2026-07-22T10:56:57.102Z] INFO: Finished Test Case: TC_CRUD_026 - Status: PASSED (10ms)

[2026-07-22T10:56:57.102Z] INFO: Starting Test Case: TC_CRUD_027 - CRUD Operations validation check - Scenario 27 [Priority: HIGH]
[2026-07-22T10:56:57.111Z] INFO: Finished Test Case: TC_CRUD_027 - Status: PASSED (9ms)

[2026-07-22T10:56:57.111Z] INFO: Starting Test Case: TC_CRUD_028 - CRUD Operations validation check - Scenario 28 [Priority: HIGH]
[2026-07-22T10:56:57.158Z] INFO: Finished Test Case: TC_CRUD_028 - Status: PASSED (47ms)

[2026-07-22T10:56:57.158Z] INFO: Starting Test Case: TC_CRUD_029 - CRUD Operations validation check - Scenario 29 [Priority: LOW]
[2026-07-22T10:56:57.177Z] INFO: Finished Test Case: TC_CRUD_029 - Status: PASSED (19ms)

[2026-07-22T10:56:57.177Z] INFO: Starting Test Case: TC_CRUD_030 - CRUD Operations validation check - Scenario 30 [Priority: MEDIUM]
[2026-07-22T10:56:57.211Z] INFO: Finished Test Case: TC_CRUD_030 - Status: PASSED (34ms)

[2026-07-22T10:56:57.211Z] INFO: Starting Test Case: TC_CRUD_031 - CRUD Operations validation check - Scenario 31 [Priority: CRITICAL]
[2026-07-22T10:56:57.232Z] INFO: Finished Test Case: TC_CRUD_031 - Status: PASSED (21ms)

[2026-07-22T10:56:57.232Z] INFO: Starting Test Case: TC_CRUD_032 - CRUD Operations validation check - Scenario 32 [Priority: HIGH]
[2026-07-22T10:56:57.256Z] INFO: Finished Test Case: TC_CRUD_032 - Status: PASSED (24ms)

[2026-07-22T10:56:57.257Z] INFO: Starting Test Case: TC_CRUD_033 - CRUD Operations validation check - Scenario 33 [Priority: HIGH]
[2026-07-22T10:56:57.262Z] INFO: Finished Test Case: TC_CRUD_033 - Status: PASSED (6ms)

[2026-07-22T10:56:57.262Z] INFO: Starting Test Case: TC_CRUD_034 - CRUD Operations validation check - Scenario 34 [Priority: LOW]
[2026-07-22T10:56:57.283Z] INFO: Finished Test Case: TC_CRUD_034 - Status: PASSED (21ms)

[2026-07-22T10:56:57.283Z] INFO: Starting Test Case: TC_CRUD_035 - CRUD Operations validation check - Scenario 35 [Priority: MEDIUM]
[2026-07-22T10:56:57.316Z] INFO: Finished Test Case: TC_CRUD_035 - Status: PASSED (33ms)

[2026-07-22T10:56:57.316Z] INFO: Starting Test Case: TC_CRUD_036 - CRUD Operations validation check - Scenario 36 [Priority: CRITICAL]
[2026-07-22T10:56:57.333Z] INFO: Finished Test Case: TC_CRUD_036 - Status: PASSED (17ms)

[2026-07-22T10:56:57.333Z] INFO: Starting Test Case: TC_CRUD_037 - CRUD Operations validation check - Scenario 37 [Priority: HIGH]
[2026-07-22T10:56:57.358Z] INFO: Finished Test Case: TC_CRUD_037 - Status: PASSED (25ms)

[2026-07-22T10:56:57.359Z] INFO: Starting Test Case: TC_CRUD_038 - CRUD Operations validation check - Scenario 38 [Priority: HIGH]
[2026-07-22T10:56:57.384Z] INFO: Finished Test Case: TC_CRUD_038 - Status: PASSED (25ms)

[2026-07-22T10:56:57.384Z] INFO: Starting Test Case: TC_CRUD_039 - CRUD Operations validation check - Scenario 39 [Priority: LOW]
[2026-07-22T10:56:57.405Z] INFO: Finished Test Case: TC_CRUD_039 - Status: PASSED (21ms)

[2026-07-22T10:56:57.406Z] INFO: Starting Test Case: TC_CRUD_040 - CRUD Operations validation check - Scenario 40 [Priority: MEDIUM]
[2026-07-22T10:56:57.438Z] INFO: Finished Test Case: TC_CRUD_040 - Status: PASSED (32ms)

[2026-07-22T10:56:57.438Z] INFO: Starting Test Case: TC_CRUD_041 - CRUD Operations validation check - Scenario 41 [Priority: CRITICAL]
[2026-07-22T10:56:57.470Z] INFO: Finished Test Case: TC_CRUD_041 - Status: PASSED (32ms)

[2026-07-22T10:56:57.470Z] INFO: Starting Test Case: TC_CRUD_042 - CRUD Operations validation check - Scenario 42 [Priority: HIGH]
[2026-07-22T10:56:57.484Z] INFO: Finished Test Case: TC_CRUD_042 - Status: PASSED (14ms)

[2026-07-22T10:56:57.484Z] INFO: Starting Test Case: TC_CRUD_043 - CRUD Operations validation check - Scenario 43 [Priority: HIGH]
[2026-07-22T10:56:57.529Z] INFO: Finished Test Case: TC_CRUD_043 - Status: PASSED (45ms)

[2026-07-22T10:56:57.529Z] INFO: Starting Test Case: TC_CRUD_044 - CRUD Operations validation check - Scenario 44 [Priority: LOW]
[2026-07-22T10:56:57.569Z] INFO: Finished Test Case: TC_CRUD_044 - Status: PASSED (40ms)

[2026-07-22T10:56:57.570Z] INFO: Starting Test Case: TC_CRUD_045 - CRUD Operations validation check - Scenario 45 [Priority: MEDIUM]
[2026-07-22T10:56:57.612Z] INFO: Finished Test Case: TC_CRUD_045 - Status: PASSED (42ms)

[2026-07-22T10:56:57.612Z] INFO: Starting Test Case: TC_CRUD_046 - CRUD Operations validation check - Scenario 46 [Priority: CRITICAL]
[2026-07-22T10:56:57.653Z] INFO: Finished Test Case: TC_CRUD_046 - Status: PASSED (41ms)

[2026-07-22T10:56:57.653Z] INFO: Starting Test Case: TC_CRUD_047 - CRUD Operations validation check - Scenario 47 [Priority: HIGH]
[2026-07-22T10:56:57.675Z] INFO: Finished Test Case: TC_CRUD_047 - Status: PASSED (22ms)

[2026-07-22T10:56:57.675Z] INFO: Starting Test Case: TC_CRUD_048 - CRUD Operations validation check - Scenario 48 [Priority: HIGH]
[2026-07-22T10:56:57.693Z] INFO: Finished Test Case: TC_CRUD_048 - Status: PASSED (18ms)

[2026-07-22T10:56:57.693Z] INFO: Starting Test Case: TC_CRUD_049 - CRUD Operations validation check - Scenario 49 [Priority: LOW]
[2026-07-22T10:56:57.701Z] INFO: Finished Test Case: TC_CRUD_049 - Status: PASSED (8ms)

[2026-07-22T10:56:57.701Z] INFO: Starting Test Case: TC_CRUD_050 - CRUD Operations validation check - Scenario 50 [Priority: MEDIUM]
[2026-07-22T10:56:57.711Z] INFO: Finished Test Case: TC_CRUD_050 - Status: PASSED (10ms)

[2026-07-22T10:56:57.711Z] INFO: Starting Test Case: TC_VALIDATION_001 - Input Validation validation check - Scenario 1 [Priority: CRITICAL]
[2026-07-22T10:56:57.747Z] INFO: Finished Test Case: TC_VALIDATION_001 - Status: PASSED (36ms)

[2026-07-22T10:56:57.747Z] INFO: Starting Test Case: TC_VALIDATION_002 - Input Validation validation check - Scenario 2 [Priority: HIGH]
[2026-07-22T10:56:57.760Z] INFO: Finished Test Case: TC_VALIDATION_002 - Status: PASSED (13ms)

[2026-07-22T10:56:57.760Z] INFO: Starting Test Case: TC_VALIDATION_003 - Input Validation validation check - Scenario 3 [Priority: HIGH]
[2026-07-22T10:56:57.803Z] INFO: Finished Test Case: TC_VALIDATION_003 - Status: PASSED (43ms)

[2026-07-22T10:56:57.803Z] INFO: Starting Test Case: TC_VALIDATION_004 - Input Validation validation check - Scenario 4 [Priority: LOW]
[2026-07-22T10:56:57.824Z] INFO: Finished Test Case: TC_VALIDATION_004 - Status: PASSED (21ms)

[2026-07-22T10:56:57.824Z] INFO: Starting Test Case: TC_VALIDATION_005 - Input Validation validation check - Scenario 5 [Priority: MEDIUM]
[2026-07-22T10:56:57.841Z] INFO: Finished Test Case: TC_VALIDATION_005 - Status: PASSED (17ms)

[2026-07-22T10:56:57.841Z] INFO: Starting Test Case: TC_VALIDATION_006 - Input Validation validation check - Scenario 6 [Priority: CRITICAL]
[2026-07-22T10:56:57.870Z] INFO: Finished Test Case: TC_VALIDATION_006 - Status: PASSED (29ms)

[2026-07-22T10:56:57.870Z] INFO: Starting Test Case: TC_VALIDATION_007 - Input Validation validation check - Scenario 7 [Priority: HIGH]
[2026-07-22T10:56:57.912Z] INFO: Finished Test Case: TC_VALIDATION_007 - Status: PASSED (42ms)

[2026-07-22T10:56:57.912Z] INFO: Starting Test Case: TC_VALIDATION_008 - Input Validation validation check - Scenario 8 [Priority: HIGH]
[2026-07-22T10:56:57.941Z] INFO: Finished Test Case: TC_VALIDATION_008 - Status: PASSED (29ms)

[2026-07-22T10:56:57.942Z] INFO: Starting Test Case: TC_VALIDATION_009 - Input Validation validation check - Scenario 9 [Priority: LOW]
[2026-07-22T10:56:57.977Z] INFO: Finished Test Case: TC_VALIDATION_009 - Status: PASSED (35ms)

[2026-07-22T10:56:57.977Z] INFO: Starting Test Case: TC_VALIDATION_010 - Input Validation validation check - Scenario 10 [Priority: MEDIUM]
[2026-07-22T10:56:57.989Z] INFO: Finished Test Case: TC_VALIDATION_010 - Status: PASSED (12ms)

[2026-07-22T10:56:57.989Z] INFO: Starting Test Case: TC_VALIDATION_011 - Input Validation validation check - Scenario 11 [Priority: CRITICAL]
[2026-07-22T10:56:58.010Z] INFO: Finished Test Case: TC_VALIDATION_011 - Status: PASSED (21ms)

[2026-07-22T10:56:58.010Z] INFO: Starting Test Case: TC_VALIDATION_012 - Input Validation validation check - Scenario 12 [Priority: HIGH]
[2026-07-22T10:56:58.059Z] INFO: Finished Test Case: TC_VALIDATION_012 - Status: PASSED (49ms)

[2026-07-22T10:56:58.059Z] INFO: Starting Test Case: TC_VALIDATION_013 - Input Validation validation check - Scenario 13 [Priority: HIGH]
[2026-07-22T10:56:58.067Z] INFO: Finished Test Case: TC_VALIDATION_013 - Status: PASSED (8ms)

[2026-07-22T10:56:58.067Z] INFO: Starting Test Case: TC_VALIDATION_014 - Input Validation validation check - Scenario 14 [Priority: LOW]
[2026-07-22T10:56:58.098Z] INFO: Finished Test Case: TC_VALIDATION_014 - Status: PASSED (31ms)

[2026-07-22T10:56:58.098Z] INFO: Starting Test Case: TC_VALIDATION_015 - Input Validation validation check - Scenario 15 [Priority: MEDIUM]
[2026-07-22T10:56:58.106Z] INFO: Finished Test Case: TC_VALIDATION_015 - Status: PASSED (8ms)

[2026-07-22T10:56:58.106Z] INFO: Starting Test Case: TC_VALIDATION_016 - Input Validation validation check - Scenario 16 [Priority: CRITICAL]
[2026-07-22T10:56:58.114Z] INFO: Finished Test Case: TC_VALIDATION_016 - Status: PASSED (8ms)

[2026-07-22T10:56:58.114Z] INFO: Starting Test Case: TC_VALIDATION_017 - Input Validation validation check - Scenario 17 [Priority: HIGH]
[2026-07-22T10:56:58.122Z] INFO: Finished Test Case: TC_VALIDATION_017 - Status: PASSED (8ms)

[2026-07-22T10:56:58.122Z] INFO: Starting Test Case: TC_VALIDATION_018 - Input Validation validation check - Scenario 18 [Priority: HIGH]
[2026-07-22T10:56:58.131Z] INFO: Finished Test Case: TC_VALIDATION_018 - Status: PASSED (9ms)

[2026-07-22T10:56:58.132Z] INFO: Starting Test Case: TC_VALIDATION_019 - Input Validation validation check - Scenario 19 [Priority: LOW]
[2026-07-22T10:56:58.147Z] INFO: Finished Test Case: TC_VALIDATION_019 - Status: PASSED (15ms)

[2026-07-22T10:56:58.147Z] INFO: Starting Test Case: TC_VALIDATION_020 - Input Validation validation check - Scenario 20 [Priority: MEDIUM]
[2026-07-22T10:56:58.157Z] INFO: Finished Test Case: TC_VALIDATION_020 - Status: PASSED (10ms)

[2026-07-22T10:56:58.157Z] INFO: Starting Test Case: TC_VALIDATION_021 - Input Validation validation check - Scenario 21 [Priority: CRITICAL]
[2026-07-22T10:56:58.168Z] INFO: Finished Test Case: TC_VALIDATION_021 - Status: PASSED (11ms)

[2026-07-22T10:56:58.168Z] INFO: Starting Test Case: TC_VALIDATION_022 - Input Validation validation check - Scenario 22 [Priority: HIGH]
[2026-07-22T10:56:58.180Z] INFO: Finished Test Case: TC_VALIDATION_022 - Status: PASSED (12ms)

[2026-07-22T10:56:58.180Z] INFO: Starting Test Case: TC_VALIDATION_023 - Input Validation validation check - Scenario 23 [Priority: HIGH]
[2026-07-22T10:56:58.213Z] INFO: Finished Test Case: TC_VALIDATION_023 - Status: PASSED (33ms)

[2026-07-22T10:56:58.213Z] INFO: Starting Test Case: TC_VALIDATION_024 - Input Validation validation check - Scenario 24 [Priority: LOW]
[2026-07-22T10:56:58.250Z] INFO: Finished Test Case: TC_VALIDATION_024 - Status: PASSED (37ms)

[2026-07-22T10:56:58.250Z] INFO: Starting Test Case: TC_VALIDATION_025 - Input Validation validation check - Scenario 25 [Priority: MEDIUM]
[2026-07-22T10:56:58.270Z] INFO: Finished Test Case: TC_VALIDATION_025 - Status: PASSED (20ms)

[2026-07-22T10:56:58.270Z] INFO: Starting Test Case: TC_VALIDATION_026 - Input Validation validation check - Scenario 26 [Priority: CRITICAL]
[2026-07-22T10:56:58.313Z] INFO: Finished Test Case: TC_VALIDATION_026 - Status: PASSED (43ms)

[2026-07-22T10:56:58.313Z] INFO: Starting Test Case: TC_VALIDATION_027 - Input Validation validation check - Scenario 27 [Priority: HIGH]
[2026-07-22T10:56:58.328Z] INFO: Finished Test Case: TC_VALIDATION_027 - Status: PASSED (15ms)

[2026-07-22T10:56:58.328Z] INFO: Starting Test Case: TC_VALIDATION_028 - Input Validation validation check - Scenario 28 [Priority: HIGH]
[2026-07-22T10:56:58.344Z] INFO: Finished Test Case: TC_VALIDATION_028 - Status: PASSED (16ms)

[2026-07-22T10:56:58.344Z] INFO: Starting Test Case: TC_VALIDATION_029 - Input Validation validation check - Scenario 29 [Priority: LOW]
[2026-07-22T10:56:58.373Z] INFO: Finished Test Case: TC_VALIDATION_029 - Status: PASSED (29ms)

[2026-07-22T10:56:58.373Z] INFO: Starting Test Case: TC_VALIDATION_030 - Input Validation validation check - Scenario 30 [Priority: MEDIUM]
[2026-07-22T10:56:58.404Z] INFO: Finished Test Case: TC_VALIDATION_030 - Status: PASSED (31ms)

[2026-07-22T10:56:58.404Z] INFO: Starting Test Case: TC_VALIDATION_031 - Input Validation validation check - Scenario 31 [Priority: CRITICAL]
[2026-07-22T10:56:58.409Z] INFO: Finished Test Case: TC_VALIDATION_031 - Status: PASSED (5ms)

[2026-07-22T10:56:58.409Z] INFO: Starting Test Case: TC_VALIDATION_032 - Input Validation validation check - Scenario 32 [Priority: HIGH]
[2026-07-22T10:56:58.418Z] INFO: Finished Test Case: TC_VALIDATION_032 - Status: PASSED (9ms)

[2026-07-22T10:56:58.418Z] INFO: Starting Test Case: TC_VALIDATION_033 - Input Validation validation check - Scenario 33 [Priority: HIGH]
[2026-07-22T10:56:58.463Z] INFO: Finished Test Case: TC_VALIDATION_033 - Status: PASSED (45ms)

[2026-07-22T10:56:58.463Z] INFO: Starting Test Case: TC_VALIDATION_034 - Input Validation validation check - Scenario 34 [Priority: LOW]
[2026-07-22T10:56:58.486Z] INFO: Finished Test Case: TC_VALIDATION_034 - Status: PASSED (23ms)

[2026-07-22T10:56:58.486Z] INFO: Starting Test Case: TC_VALIDATION_035 - Input Validation validation check - Scenario 35 [Priority: MEDIUM]
[2026-07-22T10:56:58.493Z] INFO: Finished Test Case: TC_VALIDATION_035 - Status: PASSED (7ms)

[2026-07-22T10:56:58.493Z] INFO: Starting Test Case: TC_VALIDATION_036 - Input Validation validation check - Scenario 36 [Priority: CRITICAL]
[2026-07-22T10:56:58.507Z] INFO: Finished Test Case: TC_VALIDATION_036 - Status: PASSED (14ms)

[2026-07-22T10:56:58.507Z] INFO: Starting Test Case: TC_VALIDATION_037 - Input Validation validation check - Scenario 37 [Priority: HIGH]
[2026-07-22T10:56:58.527Z] INFO: Finished Test Case: TC_VALIDATION_037 - Status: PASSED (20ms)

[2026-07-22T10:56:58.527Z] INFO: Starting Test Case: TC_VALIDATION_038 - Input Validation validation check - Scenario 38 [Priority: HIGH]
[2026-07-22T10:56:58.574Z] INFO: Finished Test Case: TC_VALIDATION_038 - Status: PASSED (47ms)

[2026-07-22T10:56:58.574Z] INFO: Starting Test Case: TC_VALIDATION_039 - Input Validation validation check - Scenario 39 [Priority: LOW]
[2026-07-22T10:56:58.617Z] INFO: Finished Test Case: TC_VALIDATION_039 - Status: PASSED (43ms)

[2026-07-22T10:56:58.617Z] INFO: Starting Test Case: TC_VALIDATION_040 - Input Validation validation check - Scenario 40 [Priority: MEDIUM]
[2026-07-22T10:56:58.622Z] INFO: Finished Test Case: TC_VALIDATION_040 - Status: PASSED (5ms)

[2026-07-22T10:56:58.622Z] INFO: Starting Test Case: TC_ERROR_001 - Error Handling validation check - Scenario 1 [Priority: CRITICAL]
[2026-07-22T10:56:58.644Z] INFO: Finished Test Case: TC_ERROR_001 - Status: PASSED (22ms)

[2026-07-22T10:56:58.644Z] INFO: Starting Test Case: TC_ERROR_002 - Error Handling validation check - Scenario 2 [Priority: HIGH]
[2026-07-22T10:56:58.674Z] INFO: Finished Test Case: TC_ERROR_002 - Status: PASSED (30ms)

[2026-07-22T10:56:58.674Z] INFO: Starting Test Case: TC_ERROR_003 - Error Handling validation check - Scenario 3 [Priority: HIGH]
[2026-07-22T10:56:58.713Z] INFO: Finished Test Case: TC_ERROR_003 - Status: PASSED (39ms)

[2026-07-22T10:56:58.713Z] INFO: Starting Test Case: TC_ERROR_004 - Error Handling validation check - Scenario 4 [Priority: LOW]
[2026-07-22T10:56:58.724Z] INFO: Finished Test Case: TC_ERROR_004 - Status: PASSED (11ms)

[2026-07-22T10:56:58.724Z] INFO: Starting Test Case: TC_ERROR_005 - Error Handling validation check - Scenario 5 [Priority: MEDIUM]
[2026-07-22T10:56:58.755Z] INFO: Finished Test Case: TC_ERROR_005 - Status: PASSED (31ms)

[2026-07-22T10:56:58.755Z] INFO: Starting Test Case: TC_ERROR_006 - Error Handling validation check - Scenario 6 [Priority: CRITICAL]
[2026-07-22T10:56:58.783Z] INFO: Finished Test Case: TC_ERROR_006 - Status: PASSED (27ms)

[2026-07-22T10:56:58.783Z] INFO: Starting Test Case: TC_ERROR_007 - Error Handling validation check - Scenario 7 [Priority: HIGH]
[2026-07-22T10:56:58.795Z] INFO: Finished Test Case: TC_ERROR_007 - Status: PASSED (12ms)

[2026-07-22T10:56:58.795Z] INFO: Starting Test Case: TC_ERROR_008 - Error Handling validation check - Scenario 8 [Priority: HIGH]
[2026-07-22T10:56:58.843Z] INFO: Finished Test Case: TC_ERROR_008 - Status: PASSED (48ms)

[2026-07-22T10:56:58.843Z] INFO: Starting Test Case: TC_ERROR_009 - Error Handling validation check - Scenario 9 [Priority: LOW]
[2026-07-22T10:56:58.891Z] INFO: Finished Test Case: TC_ERROR_009 - Status: PASSED (48ms)

[2026-07-22T10:56:58.891Z] INFO: Starting Test Case: TC_ERROR_010 - Error Handling validation check - Scenario 10 [Priority: MEDIUM]
[2026-07-22T10:56:58.930Z] INFO: Finished Test Case: TC_ERROR_010 - Status: PASSED (39ms)

[2026-07-22T10:56:58.930Z] INFO: Starting Test Case: TC_ERROR_011 - Error Handling validation check - Scenario 11 [Priority: CRITICAL]
[2026-07-22T10:56:58.936Z] INFO: Finished Test Case: TC_ERROR_011 - Status: PASSED (6ms)

[2026-07-22T10:56:58.936Z] INFO: Starting Test Case: TC_ERROR_012 - Error Handling validation check - Scenario 12 [Priority: HIGH]
[2026-07-22T10:56:58.975Z] INFO: Finished Test Case: TC_ERROR_012 - Status: PASSED (39ms)

[2026-07-22T10:56:58.975Z] INFO: Starting Test Case: TC_ERROR_013 - Error Handling validation check - Scenario 13 [Priority: HIGH]
[2026-07-22T10:56:59.013Z] INFO: Finished Test Case: TC_ERROR_013 - Status: PASSED (38ms)

[2026-07-22T10:56:59.013Z] INFO: Starting Test Case: TC_ERROR_014 - Error Handling validation check - Scenario 14 [Priority: LOW]
[2026-07-22T10:56:59.062Z] INFO: Finished Test Case: TC_ERROR_014 - Status: PASSED (49ms)

[2026-07-22T10:56:59.062Z] INFO: Starting Test Case: TC_ERROR_015 - Error Handling validation check - Scenario 15 [Priority: MEDIUM]
[2026-07-22T10:56:59.087Z] INFO: Finished Test Case: TC_ERROR_015 - Status: PASSED (25ms)

[2026-07-22T10:56:59.087Z] INFO: Starting Test Case: TC_ERROR_016 - Error Handling validation check - Scenario 16 [Priority: CRITICAL]
[2026-07-22T10:56:59.120Z] INFO: Finished Test Case: TC_ERROR_016 - Status: PASSED (33ms)

[2026-07-22T10:56:59.120Z] INFO: Starting Test Case: TC_ERROR_017 - Error Handling validation check - Scenario 17 [Priority: HIGH]
[2026-07-22T10:56:59.155Z] INFO: Finished Test Case: TC_ERROR_017 - Status: PASSED (35ms)

[2026-07-22T10:56:59.155Z] INFO: Starting Test Case: TC_ERROR_018 - Error Handling validation check - Scenario 18 [Priority: HIGH]
[2026-07-22T10:56:59.189Z] INFO: Finished Test Case: TC_ERROR_018 - Status: PASSED (34ms)

[2026-07-22T10:56:59.189Z] INFO: Starting Test Case: TC_ERROR_019 - Error Handling validation check - Scenario 19 [Priority: LOW]
[2026-07-22T10:56:59.198Z] INFO: Finished Test Case: TC_ERROR_019 - Status: PASSED (9ms)

[2026-07-22T10:56:59.198Z] INFO: Starting Test Case: TC_ERROR_020 - Error Handling validation check - Scenario 20 [Priority: MEDIUM]
[2026-07-22T10:56:59.216Z] INFO: Finished Test Case: TC_ERROR_020 - Status: PASSED (18ms)

[2026-07-22T10:56:59.216Z] INFO: Starting Test Case: TC_SESSION_001 - Session Management validation check - Scenario 1 [Priority: CRITICAL]
[2026-07-22T10:56:59.252Z] INFO: Finished Test Case: TC_SESSION_001 - Status: PASSED (36ms)

[2026-07-22T10:56:59.252Z] INFO: Starting Test Case: TC_SESSION_002 - Session Management validation check - Scenario 2 [Priority: HIGH]
[2026-07-22T10:56:59.280Z] INFO: Finished Test Case: TC_SESSION_002 - Status: PASSED (28ms)

[2026-07-22T10:56:59.280Z] INFO: Starting Test Case: TC_SESSION_003 - Session Management validation check - Scenario 3 [Priority: HIGH]
[2026-07-22T10:56:59.325Z] INFO: Finished Test Case: TC_SESSION_003 - Status: PASSED (45ms)

[2026-07-22T10:56:59.325Z] INFO: Starting Test Case: TC_SESSION_004 - Session Management validation check - Scenario 4 [Priority: LOW]
[2026-07-22T10:56:59.374Z] INFO: Finished Test Case: TC_SESSION_004 - Status: PASSED (49ms)

[2026-07-22T10:56:59.374Z] INFO: Starting Test Case: TC_SESSION_005 - Session Management validation check - Scenario 5 [Priority: MEDIUM]
[2026-07-22T10:56:59.381Z] INFO: Finished Test Case: TC_SESSION_005 - Status: PASSED (7ms)

[2026-07-22T10:56:59.381Z] INFO: Starting Test Case: TC_SESSION_006 - Session Management validation check - Scenario 6 [Priority: CRITICAL]
[2026-07-22T10:56:59.405Z] INFO: Finished Test Case: TC_SESSION_006 - Status: PASSED (24ms)

[2026-07-22T10:56:59.405Z] INFO: Starting Test Case: TC_SESSION_007 - Session Management validation check - Scenario 7 [Priority: HIGH]
[2026-07-22T10:56:59.453Z] INFO: Finished Test Case: TC_SESSION_007 - Status: PASSED (48ms)

[2026-07-22T10:56:59.453Z] INFO: Starting Test Case: TC_SESSION_008 - Session Management validation check - Scenario 8 [Priority: HIGH]
[2026-07-22T10:56:59.463Z] INFO: Finished Test Case: TC_SESSION_008 - Status: PASSED (10ms)

[2026-07-22T10:56:59.464Z] INFO: Starting Test Case: TC_SESSION_009 - Session Management validation check - Scenario 9 [Priority: LOW]
[2026-07-22T10:56:59.494Z] INFO: Finished Test Case: TC_SESSION_009 - Status: PASSED (30ms)

[2026-07-22T10:56:59.494Z] INFO: Starting Test Case: TC_SESSION_010 - Session Management validation check - Scenario 10 [Priority: MEDIUM]
[2026-07-22T10:56:59.508Z] INFO: Finished Test Case: TC_SESSION_010 - Status: PASSED (14ms)

[2026-07-22T10:56:59.508Z] INFO: Starting Test Case: TC_SESSION_011 - Session Management validation check - Scenario 11 [Priority: CRITICAL]
[2026-07-22T10:56:59.518Z] INFO: Finished Test Case: TC_SESSION_011 - Status: PASSED (10ms)

[2026-07-22T10:56:59.519Z] INFO: Starting Test Case: TC_SESSION_012 - Session Management validation check - Scenario 12 [Priority: HIGH]
[2026-07-22T10:56:59.525Z] INFO: Finished Test Case: TC_SESSION_012 - Status: PASSED (7ms)

[2026-07-22T10:56:59.525Z] INFO: Starting Test Case: TC_SESSION_013 - Session Management validation check - Scenario 13 [Priority: HIGH]
[2026-07-22T10:56:59.553Z] INFO: Finished Test Case: TC_SESSION_013 - Status: PASSED (28ms)

[2026-07-22T10:56:59.553Z] INFO: Starting Test Case: TC_SESSION_014 - Session Management validation check - Scenario 14 [Priority: LOW]
[2026-07-22T10:56:59.598Z] INFO: Finished Test Case: TC_SESSION_014 - Status: PASSED (45ms)

[2026-07-22T10:56:59.598Z] INFO: Starting Test Case: TC_SESSION_015 - Session Management validation check - Scenario 15 [Priority: MEDIUM]
[2026-07-22T10:56:59.644Z] INFO: Finished Test Case: TC_SESSION_015 - Status: PASSED (46ms)

[2026-07-22T10:56:59.644Z] INFO: Starting Test Case: TC_SESSION_016 - Session Management validation check - Scenario 16 [Priority: CRITICAL]
[2026-07-22T10:56:59.686Z] INFO: Finished Test Case: TC_SESSION_016 - Status: PASSED (42ms)

[2026-07-22T10:56:59.686Z] INFO: Starting Test Case: TC_SESSION_017 - Session Management validation check - Scenario 17 [Priority: HIGH]
[2026-07-22T10:56:59.725Z] INFO: Finished Test Case: TC_SESSION_017 - Status: PASSED (39ms)

[2026-07-22T10:56:59.725Z] INFO: Starting Test Case: TC_SESSION_018 - Session Management validation check - Scenario 18 [Priority: HIGH]
[2026-07-22T10:56:59.753Z] INFO: Finished Test Case: TC_SESSION_018 - Status: PASSED (28ms)

[2026-07-22T10:56:59.753Z] INFO: Starting Test Case: TC_SESSION_019 - Session Management validation check - Scenario 19 [Priority: LOW]
[2026-07-22T10:56:59.792Z] INFO: Finished Test Case: TC_SESSION_019 - Status: PASSED (39ms)

[2026-07-22T10:56:59.792Z] INFO: Starting Test Case: TC_SESSION_020 - Session Management validation check - Scenario 20 [Priority: MEDIUM]
[2026-07-22T10:56:59.840Z] INFO: Finished Test Case: TC_SESSION_020 - Status: PASSED (48ms)

[2026-07-22T10:56:59.840Z] INFO: Starting Test Case: TC_FILE_001 - File Upload validation check - Scenario 1 [Priority: CRITICAL]
[2026-07-22T10:56:59.885Z] INFO: Finished Test Case: TC_FILE_001 - Status: PASSED (45ms)

[2026-07-22T10:56:59.885Z] INFO: Starting Test Case: TC_FILE_002 - File Upload validation check - Scenario 2 [Priority: HIGH]
[2026-07-22T10:56:59.885Z] INFO: Running E2E: Large File Upload...
[2026-07-22T10:56:59.885Z] INFO: Finished Test Case: TC_FILE_002 - Status: PASSED (0ms)

[2026-07-22T10:56:59.885Z] INFO: Starting Test Case: TC_FILE_003 - File Upload validation check - Scenario 3 [Priority: HIGH]
[2026-07-22T10:56:59.933Z] INFO: Finished Test Case: TC_FILE_003 - Status: PASSED (48ms)

[2026-07-22T10:56:59.933Z] INFO: Starting Test Case: TC_FILE_004 - File Upload validation check - Scenario 4 [Priority: LOW]
[2026-07-22T10:56:59.959Z] INFO: Finished Test Case: TC_FILE_004 - Status: PASSED (26ms)

[2026-07-22T10:56:59.959Z] INFO: Starting Test Case: TC_FILE_005 - File Upload validation check - Scenario 5 [Priority: MEDIUM]
[2026-07-22T10:56:59.980Z] INFO: Finished Test Case: TC_FILE_005 - Status: PASSED (21ms)

[2026-07-22T10:56:59.980Z] INFO: Starting Test Case: TC_FILE_006 - File Upload validation check - Scenario 6 [Priority: CRITICAL]
[2026-07-22T10:56:59.999Z] INFO: Finished Test Case: TC_FILE_006 - Status: PASSED (18ms)

[2026-07-22T10:56:59.999Z] INFO: Starting Test Case: TC_FILE_007 - File Upload validation check - Scenario 7 [Priority: HIGH]
[2026-07-22T10:57:00.013Z] INFO: Finished Test Case: TC_FILE_007 - Status: PASSED (14ms)

[2026-07-22T10:57:00.013Z] INFO: Starting Test Case: TC_FILE_008 - File Upload validation check - Scenario 8 [Priority: HIGH]
[2026-07-22T10:57:00.058Z] INFO: Finished Test Case: TC_FILE_008 - Status: PASSED (45ms)

[2026-07-22T10:57:00.058Z] INFO: Starting Test Case: TC_FILE_009 - File Upload validation check - Scenario 9 [Priority: LOW]
[2026-07-22T10:57:00.083Z] INFO: Finished Test Case: TC_FILE_009 - Status: PASSED (25ms)

[2026-07-22T10:57:00.083Z] INFO: Starting Test Case: TC_FILE_010 - File Upload validation check - Scenario 10 [Priority: MEDIUM]
[2026-07-22T10:57:00.109Z] INFO: Finished Test Case: TC_FILE_010 - Status: PASSED (26ms)

[2026-07-22T10:57:00.109Z] INFO: Starting Test Case: TC_FILE_011 - File Upload validation check - Scenario 11 [Priority: CRITICAL]
[2026-07-22T10:57:00.116Z] INFO: Finished Test Case: TC_FILE_011 - Status: PASSED (7ms)

[2026-07-22T10:57:00.117Z] INFO: Starting Test Case: TC_FILE_012 - File Upload validation check - Scenario 12 [Priority: HIGH]
[2026-07-22T10:57:00.164Z] INFO: Finished Test Case: TC_FILE_012 - Status: PASSED (47ms)

[2026-07-22T10:57:00.164Z] INFO: Starting Test Case: TC_FILE_013 - File Upload validation check - Scenario 13 [Priority: HIGH]
[2026-07-22T10:57:00.187Z] INFO: Finished Test Case: TC_FILE_013 - Status: PASSED (23ms)

[2026-07-22T10:57:00.187Z] INFO: Starting Test Case: TC_FILE_014 - File Upload validation check - Scenario 14 [Priority: LOW]
[2026-07-22T10:57:00.208Z] INFO: Finished Test Case: TC_FILE_014 - Status: PASSED (21ms)

[2026-07-22T10:57:00.208Z] INFO: Starting Test Case: TC_FILE_015 - File Upload validation check - Scenario 15 [Priority: MEDIUM]
[2026-07-22T10:57:00.213Z] INFO: Finished Test Case: TC_FILE_015 - Status: PASSED (5ms)

[2026-07-22T10:57:00.213Z] INFO: Starting Test Case: TC_FILE_016 - File Upload validation check - Scenario 16 [Priority: CRITICAL]
[2026-07-22T10:57:00.249Z] INFO: Finished Test Case: TC_FILE_016 - Status: PASSED (36ms)

[2026-07-22T10:57:00.249Z] INFO: Starting Test Case: TC_FILE_017 - File Upload validation check - Scenario 17 [Priority: HIGH]
[2026-07-22T10:57:00.255Z] INFO: Finished Test Case: TC_FILE_017 - Status: PASSED (6ms)

[2026-07-22T10:57:00.255Z] INFO: Starting Test Case: TC_FILE_018 - File Upload validation check - Scenario 18 [Priority: HIGH]
[2026-07-22T10:57:00.263Z] INFO: Finished Test Case: TC_FILE_018 - Status: PASSED (8ms)

[2026-07-22T10:57:00.263Z] INFO: Starting Test Case: TC_FILE_019 - File Upload validation check - Scenario 19 [Priority: LOW]
[2026-07-22T10:57:00.268Z] INFO: Finished Test Case: TC_FILE_019 - Status: PASSED (5ms)

[2026-07-22T10:57:00.268Z] INFO: Starting Test Case: TC_FILE_020 - File Upload validation check - Scenario 20 [Priority: MEDIUM]
[2026-07-22T10:57:00.297Z] INFO: Finished Test Case: TC_FILE_020 - Status: PASSED (29ms)

[2026-07-22T10:57:00.298Z] INFO: Starting Test Case: TC_A11Y_001 - Accessibility validation check - Scenario 1 [Priority: CRITICAL]
[2026-07-22T10:57:00.309Z] INFO: Finished Test Case: TC_A11Y_001 - Status: PASSED (11ms)

[2026-07-22T10:57:00.309Z] INFO: Starting Test Case: TC_A11Y_002 - Accessibility validation check - Scenario 2 [Priority: HIGH]
[2026-07-22T10:57:00.344Z] INFO: Finished Test Case: TC_A11Y_002 - Status: PASSED (35ms)

[2026-07-22T10:57:00.344Z] INFO: Starting Test Case: TC_A11Y_003 - Accessibility validation check - Scenario 3 [Priority: HIGH]
[2026-07-22T10:57:00.358Z] INFO: Finished Test Case: TC_A11Y_003 - Status: PASSED (14ms)

[2026-07-22T10:57:00.358Z] INFO: Starting Test Case: TC_A11Y_004 - Accessibility validation check - Scenario 4 [Priority: LOW]
[2026-07-22T10:57:00.407Z] INFO: Finished Test Case: TC_A11Y_004 - Status: PASSED (49ms)

[2026-07-22T10:57:00.407Z] INFO: Starting Test Case: TC_A11Y_005 - Accessibility validation check - Scenario 5 [Priority: MEDIUM]
[2026-07-22T10:57:00.432Z] INFO: Finished Test Case: TC_A11Y_005 - Status: PASSED (25ms)

[2026-07-22T10:57:00.433Z] INFO: Starting Test Case: TC_A11Y_006 - Accessibility validation check - Scenario 6 [Priority: CRITICAL]
[2026-07-22T10:57:00.468Z] INFO: Finished Test Case: TC_A11Y_006 - Status: PASSED (35ms)

[2026-07-22T10:57:00.468Z] INFO: Starting Test Case: TC_A11Y_007 - Accessibility validation check - Scenario 7 [Priority: HIGH]
[2026-07-22T10:57:00.482Z] INFO: Finished Test Case: TC_A11Y_007 - Status: PASSED (14ms)

[2026-07-22T10:57:00.482Z] INFO: Starting Test Case: TC_A11Y_008 - Accessibility validation check - Scenario 8 [Priority: HIGH]
[2026-07-22T10:57:00.499Z] INFO: Finished Test Case: TC_A11Y_008 - Status: PASSED (17ms)

[2026-07-22T10:57:00.499Z] INFO: Starting Test Case: TC_A11Y_009 - Accessibility validation check - Scenario 9 [Priority: LOW]
[2026-07-22T10:57:00.521Z] INFO: Finished Test Case: TC_A11Y_009 - Status: PASSED (22ms)

[2026-07-22T10:57:00.522Z] INFO: Starting Test Case: TC_A11Y_010 - Accessibility validation check - Scenario 10 [Priority: MEDIUM]
[2026-07-22T10:57:00.546Z] INFO: Finished Test Case: TC_A11Y_010 - Status: PASSED (24ms)

[2026-07-22T10:57:00.546Z] INFO: Starting Test Case: TC_A11Y_011 - Accessibility validation check - Scenario 11 [Priority: CRITICAL]
[2026-07-22T10:57:00.555Z] INFO: Finished Test Case: TC_A11Y_011 - Status: PASSED (9ms)

[2026-07-22T10:57:00.555Z] INFO: Starting Test Case: TC_A11Y_012 - Accessibility validation check - Scenario 12 [Priority: HIGH]
[2026-07-22T10:57:00.578Z] INFO: Finished Test Case: TC_A11Y_012 - Status: PASSED (23ms)

[2026-07-22T10:57:00.578Z] INFO: Starting Test Case: TC_A11Y_013 - Accessibility validation check - Scenario 13 [Priority: HIGH]
[2026-07-22T10:57:00.586Z] INFO: Finished Test Case: TC_A11Y_013 - Status: PASSED (8ms)

[2026-07-22T10:57:00.586Z] INFO: Starting Test Case: TC_A11Y_014 - Accessibility validation check - Scenario 14 [Priority: LOW]
[2026-07-22T10:57:00.630Z] INFO: Finished Test Case: TC_A11Y_014 - Status: PASSED (44ms)

[2026-07-22T10:57:00.630Z] INFO: Starting Test Case: TC_A11Y_015 - Accessibility validation check - Scenario 15 [Priority: MEDIUM]
[2026-07-22T10:57:00.674Z] INFO: Finished Test Case: TC_A11Y_015 - Status: PASSED (44ms)

[2026-07-22T10:57:00.674Z] INFO: Starting Test Case: TC_A11Y_016 - Accessibility validation check - Scenario 16 [Priority: CRITICAL]
[2026-07-22T10:57:00.722Z] INFO: Finished Test Case: TC_A11Y_016 - Status: PASSED (48ms)

[2026-07-22T10:57:00.722Z] INFO: Starting Test Case: TC_A11Y_017 - Accessibility validation check - Scenario 17 [Priority: HIGH]
[2026-07-22T10:57:00.738Z] INFO: Finished Test Case: TC_A11Y_017 - Status: PASSED (15ms)

[2026-07-22T10:57:00.738Z] INFO: Starting Test Case: TC_A11Y_018 - Accessibility validation check - Scenario 18 [Priority: HIGH]
[2026-07-22T10:57:00.748Z] INFO: Finished Test Case: TC_A11Y_018 - Status: PASSED (10ms)

[2026-07-22T10:57:00.748Z] INFO: Starting Test Case: TC_A11Y_019 - Accessibility validation check - Scenario 19 [Priority: LOW]
[2026-07-22T10:57:00.767Z] INFO: Finished Test Case: TC_A11Y_019 - Status: PASSED (19ms)

[2026-07-22T10:57:00.767Z] INFO: Starting Test Case: TC_A11Y_020 - Accessibility validation check - Scenario 20 [Priority: MEDIUM]
[2026-07-22T10:57:00.782Z] INFO: Finished Test Case: TC_A11Y_020 - Status: PASSED (15ms)

[2026-07-22T10:57:00.782Z] INFO: Starting Test Case: TC_RESPONSIVE_001 - Responsive Design validation check - Scenario 1 [Priority: CRITICAL]
[2026-07-22T10:57:00.798Z] INFO: Finished Test Case: TC_RESPONSIVE_001 - Status: PASSED (16ms)

[2026-07-22T10:57:00.798Z] INFO: Starting Test Case: TC_RESPONSIVE_002 - Responsive Design validation check - Scenario 2 [Priority: HIGH]
[2026-07-22T10:57:00.831Z] INFO: Finished Test Case: TC_RESPONSIVE_002 - Status: PASSED (33ms)

[2026-07-22T10:57:00.831Z] INFO: Starting Test Case: TC_RESPONSIVE_003 - Responsive Design validation check - Scenario 3 [Priority: HIGH]
[2026-07-22T10:57:00.849Z] INFO: Finished Test Case: TC_RESPONSIVE_003 - Status: PASSED (18ms)

[2026-07-22T10:57:00.849Z] INFO: Starting Test Case: TC_RESPONSIVE_004 - Responsive Design validation check - Scenario 4 [Priority: LOW]
[2026-07-22T10:57:00.862Z] INFO: Finished Test Case: TC_RESPONSIVE_004 - Status: PASSED (13ms)

[2026-07-22T10:57:00.862Z] INFO: Starting Test Case: TC_RESPONSIVE_005 - Responsive Design validation check - Scenario 5 [Priority: MEDIUM]
[2026-07-22T10:57:00.885Z] INFO: Finished Test Case: TC_RESPONSIVE_005 - Status: PASSED (23ms)

[2026-07-22T10:57:00.885Z] INFO: Starting Test Case: TC_RESPONSIVE_006 - Responsive Design validation check - Scenario 6 [Priority: CRITICAL]
[2026-07-22T10:57:00.912Z] INFO: Finished Test Case: TC_RESPONSIVE_006 - Status: PASSED (27ms)

[2026-07-22T10:57:00.912Z] INFO: Starting Test Case: TC_RESPONSIVE_007 - Responsive Design validation check - Scenario 7 [Priority: HIGH]
[2026-07-22T10:57:00.962Z] INFO: Finished Test Case: TC_RESPONSIVE_007 - Status: PASSED (50ms)

[2026-07-22T10:57:00.962Z] INFO: Starting Test Case: TC_RESPONSIVE_008 - Responsive Design validation check - Scenario 8 [Priority: HIGH]
[2026-07-22T10:57:01.006Z] INFO: Finished Test Case: TC_RESPONSIVE_008 - Status: PASSED (44ms)

[2026-07-22T10:57:01.006Z] INFO: Starting Test Case: TC_RESPONSIVE_009 - Responsive Design validation check - Scenario 9 [Priority: LOW]
[2026-07-22T10:57:01.032Z] INFO: Finished Test Case: TC_RESPONSIVE_009 - Status: PASSED (26ms)

[2026-07-22T10:57:01.032Z] INFO: Starting Test Case: TC_RESPONSIVE_010 - Responsive Design validation check - Scenario 10 [Priority: MEDIUM]
[2026-07-22T10:57:01.044Z] INFO: Finished Test Case: TC_RESPONSIVE_010 - Status: PASSED (12ms)

[2026-07-22T10:57:01.044Z] INFO: Starting Test Case: TC_RESPONSIVE_011 - Responsive Design validation check - Scenario 11 [Priority: CRITICAL]
[2026-07-22T10:57:01.083Z] INFO: Finished Test Case: TC_RESPONSIVE_011 - Status: PASSED (39ms)

[2026-07-22T10:57:01.083Z] INFO: Starting Test Case: TC_RESPONSIVE_012 - Responsive Design validation check - Scenario 12 [Priority: HIGH]
[2026-07-22T10:57:01.129Z] INFO: Finished Test Case: TC_RESPONSIVE_012 - Status: PASSED (46ms)

[2026-07-22T10:57:01.129Z] INFO: Starting Test Case: TC_RESPONSIVE_013 - Responsive Design validation check - Scenario 13 [Priority: HIGH]
[2026-07-22T10:57:01.140Z] INFO: Finished Test Case: TC_RESPONSIVE_013 - Status: PASSED (11ms)

[2026-07-22T10:57:01.140Z] INFO: Starting Test Case: TC_RESPONSIVE_014 - Responsive Design validation check - Scenario 14 [Priority: LOW]
[2026-07-22T10:57:01.168Z] INFO: Finished Test Case: TC_RESPONSIVE_014 - Status: PASSED (28ms)

[2026-07-22T10:57:01.168Z] INFO: Starting Test Case: TC_RESPONSIVE_015 - Responsive Design validation check - Scenario 15 [Priority: MEDIUM]
[2026-07-22T10:57:01.204Z] INFO: Finished Test Case: TC_RESPONSIVE_015 - Status: PASSED (36ms)

[2026-07-22T10:57:01.204Z] INFO: Starting Test Case: TC_RESPONSIVE_016 - Responsive Design validation check - Scenario 16 [Priority: CRITICAL]
[2026-07-22T10:57:01.214Z] INFO: Finished Test Case: TC_RESPONSIVE_016 - Status: PASSED (10ms)

[2026-07-22T10:57:01.214Z] INFO: Starting Test Case: TC_RESPONSIVE_017 - Responsive Design validation check - Scenario 17 [Priority: HIGH]
[2026-07-22T10:57:01.222Z] INFO: Finished Test Case: TC_RESPONSIVE_017 - Status: PASSED (8ms)

[2026-07-22T10:57:01.222Z] INFO: Starting Test Case: TC_RESPONSIVE_018 - Responsive Design validation check - Scenario 18 [Priority: HIGH]
[2026-07-22T10:57:01.261Z] INFO: Finished Test Case: TC_RESPONSIVE_018 - Status: PASSED (39ms)

[2026-07-22T10:57:01.261Z] INFO: Starting Test Case: TC_RESPONSIVE_019 - Responsive Design validation check - Scenario 19 [Priority: LOW]
[2026-07-22T10:57:01.307Z] INFO: Finished Test Case: TC_RESPONSIVE_019 - Status: PASSED (45ms)

[2026-07-22T10:57:01.307Z] INFO: Starting Test Case: TC_RESPONSIVE_020 - Responsive Design validation check - Scenario 20 [Priority: MEDIUM]
[2026-07-22T10:57:01.353Z] INFO: Finished Test Case: TC_RESPONSIVE_020 - Status: PASSED (46ms)

[2026-07-22T10:57:01.353Z] INFO: Starting Test Case: TC_PERF_001 - Performance Smoke validation check - Scenario 1 [Priority: CRITICAL]
[2026-07-22T10:57:01.399Z] INFO: Finished Test Case: TC_PERF_001 - Status: PASSED (46ms)

[2026-07-22T10:57:01.400Z] INFO: Starting Test Case: TC_PERF_002 - Performance Smoke validation check - Scenario 2 [Priority: HIGH]
[2026-07-22T10:57:01.448Z] INFO: Finished Test Case: TC_PERF_002 - Status: PASSED (48ms)

[2026-07-22T10:57:01.448Z] INFO: Starting Test Case: TC_PERF_003 - Performance Smoke validation check - Scenario 3 [Priority: HIGH]
[2026-07-22T10:57:01.473Z] INFO: Finished Test Case: TC_PERF_003 - Status: PASSED (25ms)

[2026-07-22T10:57:01.473Z] INFO: Starting Test Case: TC_PERF_004 - Performance Smoke validation check - Scenario 4 [Priority: LOW]
[2026-07-22T10:57:01.518Z] INFO: Finished Test Case: TC_PERF_004 - Status: PASSED (45ms)

[2026-07-22T10:57:01.518Z] INFO: Starting Test Case: TC_PERF_005 - Performance Smoke validation check - Scenario 5 [Priority: MEDIUM]
[2026-07-22T10:57:01.547Z] INFO: Finished Test Case: TC_PERF_005 - Status: PASSED (29ms)

[2026-07-22T10:57:01.547Z] INFO: Starting Test Case: TC_PERF_006 - Performance Smoke validation check - Scenario 6 [Priority: CRITICAL]
[2026-07-22T10:57:01.594Z] INFO: Finished Test Case: TC_PERF_006 - Status: PASSED (47ms)

[2026-07-22T10:57:01.594Z] INFO: Starting Test Case: TC_PERF_007 - Performance Smoke validation check - Scenario 7 [Priority: HIGH]
[2026-07-22T10:57:01.628Z] INFO: Finished Test Case: TC_PERF_007 - Status: PASSED (34ms)

[2026-07-22T10:57:01.628Z] INFO: Starting Test Case: TC_PERF_008 - Performance Smoke validation check - Scenario 8 [Priority: HIGH]
[2026-07-22T10:57:01.667Z] INFO: Finished Test Case: TC_PERF_008 - Status: PASSED (38ms)

[2026-07-22T10:57:01.667Z] INFO: Starting Test Case: TC_PERF_009 - Performance Smoke validation check - Scenario 9 [Priority: LOW]
[2026-07-22T10:57:01.716Z] INFO: Finished Test Case: TC_PERF_009 - Status: PASSED (49ms)

[2026-07-22T10:57:01.716Z] INFO: Starting Test Case: TC_PERF_010 - Performance Smoke validation check - Scenario 10 [Priority: MEDIUM]
[2026-07-22T10:57:01.763Z] INFO: Finished Test Case: TC_PERF_010 - Status: PASSED (47ms)

[2026-07-22T10:57:01.764Z] INFO: Starting Test Case: TC_PERF_011 - Performance Smoke validation check - Scenario 11 [Priority: CRITICAL]
[2026-07-22T10:57:01.770Z] INFO: Finished Test Case: TC_PERF_011 - Status: PASSED (6ms)

[2026-07-22T10:57:01.770Z] INFO: Starting Test Case: TC_PERF_012 - Performance Smoke validation check - Scenario 12 [Priority: HIGH]
[2026-07-22T10:57:01.786Z] INFO: Finished Test Case: TC_PERF_012 - Status: PASSED (16ms)

[2026-07-22T10:57:01.786Z] INFO: Starting Test Case: TC_PERF_013 - Performance Smoke validation check - Scenario 13 [Priority: HIGH]
[2026-07-22T10:57:01.805Z] INFO: Finished Test Case: TC_PERF_013 - Status: PASSED (19ms)

[2026-07-22T10:57:01.805Z] INFO: Starting Test Case: TC_PERF_014 - Performance Smoke validation check - Scenario 14 [Priority: LOW]
[2026-07-22T10:57:01.841Z] INFO: Finished Test Case: TC_PERF_014 - Status: PASSED (36ms)

[2026-07-22T10:57:01.841Z] INFO: Starting Test Case: TC_PERF_015 - Performance Smoke validation check - Scenario 15 [Priority: MEDIUM]
[2026-07-22T10:57:01.862Z] INFO: Finished Test Case: TC_PERF_015 - Status: PASSED (21ms)

[2026-07-22T10:57:01.862Z] INFO: Starting Test Case: TC_PERF_016 - Performance Smoke validation check - Scenario 16 [Priority: CRITICAL]
[2026-07-22T10:57:01.897Z] INFO: Finished Test Case: TC_PERF_016 - Status: PASSED (34ms)

[2026-07-22T10:57:01.897Z] INFO: Starting Test Case: TC_PERF_017 - Performance Smoke validation check - Scenario 17 [Priority: HIGH]
[2026-07-22T10:57:01.929Z] INFO: Finished Test Case: TC_PERF_017 - Status: PASSED (32ms)

[2026-07-22T10:57:01.929Z] INFO: Starting Test Case: TC_PERF_018 - Performance Smoke validation check - Scenario 18 [Priority: HIGH]
[2026-07-22T10:57:01.956Z] INFO: Finished Test Case: TC_PERF_018 - Status: PASSED (27ms)

[2026-07-22T10:57:01.956Z] INFO: Starting Test Case: TC_PERF_019 - Performance Smoke validation check - Scenario 19 [Priority: LOW]
[2026-07-22T10:57:01.969Z] INFO: Finished Test Case: TC_PERF_019 - Status: PASSED (13ms)

[2026-07-22T10:57:01.969Z] INFO: Starting Test Case: TC_PERF_020 - Performance Smoke validation check - Scenario 20 [Priority: MEDIUM]
[2026-07-22T10:57:02.004Z] INFO: Finished Test Case: TC_PERF_020 - Status: PASSED (35ms)

[2026-07-22T10:57:02.004Z] INFO: Starting Test Case: TC_REGR_001 - Regression validation check - Scenario 1 [Priority: CRITICAL]
[2026-07-22T10:57:02.046Z] INFO: Finished Test Case: TC_REGR_001 - Status: PASSED (42ms)

[2026-07-22T10:57:02.046Z] INFO: Starting Test Case: TC_REGR_002 - Regression validation check - Scenario 2 [Priority: HIGH]
[2026-07-22T10:57:02.071Z] INFO: Finished Test Case: TC_REGR_002 - Status: PASSED (25ms)

[2026-07-22T10:57:02.071Z] INFO: Starting Test Case: TC_REGR_003 - Regression validation check - Scenario 3 [Priority: HIGH]
[2026-07-22T10:57:02.093Z] INFO: Finished Test Case: TC_REGR_003 - Status: PASSED (22ms)

[2026-07-22T10:57:02.094Z] INFO: Starting Test Case: TC_REGR_004 - Regression validation check - Scenario 4 [Priority: LOW]
[2026-07-22T10:57:02.124Z] INFO: Finished Test Case: TC_REGR_004 - Status: PASSED (30ms)

[2026-07-22T10:57:02.124Z] INFO: Starting Test Case: TC_REGR_005 - Regression validation check - Scenario 5 [Priority: MEDIUM]
[2026-07-22T10:57:02.154Z] INFO: Finished Test Case: TC_REGR_005 - Status: PASSED (30ms)

[2026-07-22T10:57:02.155Z] INFO: Starting Test Case: TC_REGR_006 - Regression validation check - Scenario 6 [Priority: CRITICAL]
[2026-07-22T10:57:02.170Z] INFO: Finished Test Case: TC_REGR_006 - Status: PASSED (15ms)

[2026-07-22T10:57:02.170Z] INFO: Starting Test Case: TC_REGR_007 - Regression validation check - Scenario 7 [Priority: HIGH]
[2026-07-22T10:57:02.216Z] INFO: Finished Test Case: TC_REGR_007 - Status: PASSED (46ms)

[2026-07-22T10:57:02.217Z] INFO: Starting Test Case: TC_REGR_008 - Regression validation check - Scenario 8 [Priority: HIGH]
[2026-07-22T10:57:02.228Z] INFO: Finished Test Case: TC_REGR_008 - Status: PASSED (11ms)

[2026-07-22T10:57:02.228Z] INFO: Starting Test Case: TC_REGR_009 - Regression validation check - Scenario 9 [Priority: LOW]
[2026-07-22T10:57:02.258Z] INFO: Finished Test Case: TC_REGR_009 - Status: PASSED (30ms)

[2026-07-22T10:57:02.258Z] INFO: Starting Test Case: TC_REGR_010 - Regression validation check - Scenario 10 [Priority: MEDIUM]
[2026-07-22T10:57:02.278Z] INFO: Finished Test Case: TC_REGR_010 - Status: PASSED (20ms)

[2026-07-22T10:57:02.279Z] INFO: Starting Test Case: TC_REGR_011 - Regression validation check - Scenario 11 [Priority: CRITICAL]
[2026-07-22T10:57:02.303Z] INFO: Finished Test Case: TC_REGR_011 - Status: PASSED (24ms)

[2026-07-22T10:57:02.303Z] INFO: Starting Test Case: TC_REGR_012 - Regression validation check - Scenario 12 [Priority: HIGH]
[2026-07-22T10:57:02.346Z] INFO: Finished Test Case: TC_REGR_012 - Status: PASSED (43ms)

[2026-07-22T10:57:02.346Z] INFO: Starting Test Case: TC_REGR_013 - Regression validation check - Scenario 13 [Priority: HIGH]
[2026-07-22T10:57:02.375Z] INFO: Finished Test Case: TC_REGR_013 - Status: PASSED (29ms)

[2026-07-22T10:57:02.375Z] INFO: Starting Test Case: TC_REGR_014 - Regression validation check - Scenario 14 [Priority: LOW]
[2026-07-22T10:57:02.392Z] INFO: Finished Test Case: TC_REGR_014 - Status: PASSED (17ms)

[2026-07-22T10:57:02.392Z] INFO: Starting Test Case: TC_REGR_015 - Regression validation check - Scenario 15 [Priority: MEDIUM]
[2026-07-22T10:57:02.439Z] INFO: Finished Test Case: TC_REGR_015 - Status: PASSED (47ms)

[2026-07-22T10:57:02.440Z] INFO: Starting Test Case: TC_REGR_016 - Regression validation check - Scenario 16 [Priority: CRITICAL]
[2026-07-22T10:57:02.484Z] INFO: Finished Test Case: TC_REGR_016 - Status: PASSED (44ms)

[2026-07-22T10:57:02.484Z] INFO: Starting Test Case: TC_REGR_017 - Regression validation check - Scenario 17 [Priority: HIGH]
[2026-07-22T10:57:02.502Z] INFO: Finished Test Case: TC_REGR_017 - Status: PASSED (18ms)

[2026-07-22T10:57:02.502Z] INFO: Starting Test Case: TC_REGR_018 - Regression validation check - Scenario 18 [Priority: HIGH]
[2026-07-22T10:57:02.545Z] INFO: Finished Test Case: TC_REGR_018 - Status: PASSED (43ms)

[2026-07-22T10:57:02.545Z] INFO: Starting Test Case: TC_REGR_019 - Regression validation check - Scenario 19 [Priority: LOW]
[2026-07-22T10:57:02.574Z] INFO: Finished Test Case: TC_REGR_019 - Status: PASSED (29ms)

[2026-07-22T10:57:02.575Z] INFO: Starting Test Case: TC_REGR_020 - Regression validation check - Scenario 20 [Priority: MEDIUM]
[2026-07-22T10:57:02.597Z] INFO: Finished Test Case: TC_REGR_020 - Status: PASSED (22ms)

[2026-07-22T10:57:02.597Z] INFO: Starting Test Case: TC_REGR_021 - Regression validation check - Scenario 21 [Priority: CRITICAL]
[2026-07-22T10:57:02.619Z] INFO: Finished Test Case: TC_REGR_021 - Status: PASSED (22ms)

[2026-07-22T10:57:02.619Z] INFO: Starting Test Case: TC_REGR_022 - Regression validation check - Scenario 22 [Priority: HIGH]
[2026-07-22T10:57:02.655Z] INFO: Finished Test Case: TC_REGR_022 - Status: PASSED (35ms)

[2026-07-22T10:57:02.655Z] INFO: Starting Test Case: TC_REGR_023 - Regression validation check - Scenario 23 [Priority: HIGH]
[2026-07-22T10:57:02.667Z] INFO: Finished Test Case: TC_REGR_023 - Status: PASSED (12ms)

[2026-07-22T10:57:02.667Z] INFO: Starting Test Case: TC_REGR_024 - Regression validation check - Scenario 24 [Priority: LOW]
[2026-07-22T10:57:02.708Z] INFO: Finished Test Case: TC_REGR_024 - Status: PASSED (41ms)

[2026-07-22T10:57:02.708Z] INFO: Starting Test Case: TC_REGR_025 - Regression validation check - Scenario 25 [Priority: MEDIUM]
[2026-07-22T10:57:02.728Z] INFO: Finished Test Case: TC_REGR_025 - Status: PASSED (20ms)

[2026-07-22T10:57:02.728Z] INFO: Starting Test Case: TC_REGR_026 - Regression validation check - Scenario 26 [Priority: CRITICAL]
[2026-07-22T10:57:02.760Z] INFO: Finished Test Case: TC_REGR_026 - Status: PASSED (32ms)

[2026-07-22T10:57:02.760Z] INFO: Starting Test Case: TC_REGR_027 - Regression validation check - Scenario 27 [Priority: HIGH]
[2026-07-22T10:57:02.765Z] INFO: Finished Test Case: TC_REGR_027 - Status: PASSED (5ms)

[2026-07-22T10:57:02.766Z] INFO: Starting Test Case: TC_REGR_028 - Regression validation check - Scenario 28 [Priority: HIGH]
[2026-07-22T10:57:02.797Z] INFO: Finished Test Case: TC_REGR_028 - Status: PASSED (31ms)

[2026-07-22T10:57:02.797Z] INFO: Starting Test Case: TC_REGR_029 - Regression validation check - Scenario 29 [Priority: LOW]
[2026-07-22T10:57:02.837Z] INFO: Finished Test Case: TC_REGR_029 - Status: PASSED (40ms)

[2026-07-22T10:57:02.837Z] INFO: Starting Test Case: TC_REGR_030 - Regression validation check - Scenario 30 [Priority: MEDIUM]
[2026-07-22T10:57:02.857Z] INFO: Finished Test Case: TC_REGR_030 - Status: PASSED (20ms)

[2026-07-22T10:57:02.857Z] INFO: Starting Test Case: TC_REGR_031 - Regression validation check - Scenario 31 [Priority: CRITICAL]
[2026-07-22T10:57:02.886Z] INFO: Finished Test Case: TC_REGR_031 - Status: PASSED (29ms)

[2026-07-22T10:57:02.886Z] INFO: Starting Test Case: TC_REGR_032 - Regression validation check - Scenario 32 [Priority: HIGH]
[2026-07-22T10:57:02.928Z] INFO: Finished Test Case: TC_REGR_032 - Status: PASSED (42ms)

[2026-07-22T10:57:02.928Z] INFO: Starting Test Case: TC_REGR_033 - Regression validation check - Scenario 33 [Priority: HIGH]
[2026-07-22T10:57:02.978Z] INFO: Finished Test Case: TC_REGR_033 - Status: PASSED (50ms)

[2026-07-22T10:57:02.978Z] INFO: Starting Test Case: TC_REGR_034 - Regression validation check - Scenario 34 [Priority: LOW]
[2026-07-22T10:57:02.996Z] INFO: Finished Test Case: TC_REGR_034 - Status: PASSED (18ms)

[2026-07-22T10:57:02.996Z] INFO: Starting Test Case: TC_REGR_035 - Regression validation check - Scenario 35 [Priority: MEDIUM]
[2026-07-22T10:57:03.045Z] INFO: Finished Test Case: TC_REGR_035 - Status: PASSED (49ms)

[2026-07-22T10:57:03.045Z] INFO: Starting Test Case: TC_REGR_036 - Regression validation check - Scenario 36 [Priority: CRITICAL]
[2026-07-22T10:57:03.059Z] INFO: Finished Test Case: TC_REGR_036 - Status: PASSED (14ms)

[2026-07-22T10:57:03.059Z] INFO: Starting Test Case: TC_REGR_037 - Regression validation check - Scenario 37 [Priority: HIGH]
[2026-07-22T10:57:03.103Z] INFO: Finished Test Case: TC_REGR_037 - Status: PASSED (44ms)

[2026-07-22T10:57:03.103Z] INFO: Starting Test Case: TC_REGR_038 - Regression validation check - Scenario 38 [Priority: HIGH]
[2026-07-22T10:57:03.149Z] INFO: Finished Test Case: TC_REGR_038 - Status: PASSED (45ms)

[2026-07-22T10:57:03.149Z] INFO: Starting Test Case: TC_REGR_039 - Regression validation check - Scenario 39 [Priority: LOW]
[2026-07-22T10:57:03.179Z] INFO: Finished Test Case: TC_REGR_039 - Status: PASSED (30ms)

[2026-07-22T10:57:03.179Z] INFO: Starting Test Case: TC_REGR_040 - Regression validation check - Scenario 40 [Priority: MEDIUM]
[2026-07-22T10:57:03.220Z] INFO: Finished Test Case: TC_REGR_040 - Status: PASSED (41ms)

[2026-07-22T10:57:03.221Z] INFO: Starting Test Case: TC_REGR_041 - Regression validation check - Scenario 41 [Priority: CRITICAL]
[2026-07-22T10:57:03.253Z] INFO: Finished Test Case: TC_REGR_041 - Status: PASSED (32ms)

[2026-07-22T10:57:03.253Z] INFO: Starting Test Case: TC_REGR_042 - Regression validation check - Scenario 42 [Priority: HIGH]
[2026-07-22T10:57:03.302Z] INFO: Finished Test Case: TC_REGR_042 - Status: PASSED (49ms)

[2026-07-22T10:57:03.302Z] INFO: Starting Test Case: TC_REGR_043 - Regression validation check - Scenario 43 [Priority: HIGH]
[2026-07-22T10:57:03.324Z] INFO: Finished Test Case: TC_REGR_043 - Status: PASSED (22ms)

[2026-07-22T10:57:03.324Z] INFO: Starting Test Case: TC_REGR_044 - Regression validation check - Scenario 44 [Priority: LOW]
[2026-07-22T10:57:03.366Z] INFO: Finished Test Case: TC_REGR_044 - Status: PASSED (41ms)

[2026-07-22T10:57:03.366Z] INFO: Starting Test Case: TC_REGR_045 - Regression validation check - Scenario 45 [Priority: MEDIUM]
[2026-07-22T10:57:03.390Z] INFO: Finished Test Case: TC_REGR_045 - Status: PASSED (24ms)

[2026-07-22T10:57:03.390Z] INFO: Starting Test Case: TC_REGR_046 - Regression validation check - Scenario 46 [Priority: CRITICAL]
[2026-07-22T10:57:03.437Z] INFO: Finished Test Case: TC_REGR_046 - Status: PASSED (47ms)

[2026-07-22T10:57:03.438Z] INFO: Starting Test Case: TC_REGR_047 - Regression validation check - Scenario 47 [Priority: HIGH]
[2026-07-22T10:57:03.463Z] INFO: Finished Test Case: TC_REGR_047 - Status: PASSED (25ms)

[2026-07-22T10:57:03.463Z] INFO: Starting Test Case: TC_REGR_048 - Regression validation check - Scenario 48 [Priority: HIGH]
[2026-07-22T10:57:03.476Z] INFO: Finished Test Case: TC_REGR_048 - Status: PASSED (13ms)

[2026-07-22T10:57:03.476Z] INFO: Starting Test Case: TC_REGR_049 - Regression validation check - Scenario 49 [Priority: LOW]
[2026-07-22T10:57:03.518Z] INFO: Finished Test Case: TC_REGR_049 - Status: PASSED (42ms)

[2026-07-22T10:57:03.518Z] INFO: Starting Test Case: TC_REGR_050 - Regression validation check - Scenario 50 [Priority: MEDIUM]
[2026-07-22T10:57:03.524Z] INFO: Finished Test Case: TC_REGR_050 - Status: PASSED (6ms)

[2026-07-22T10:57:03.524Z] INFO: Closing Chrome driver session...
[2026-07-22T10:57:03.527Z] INFO: Browser logs saved successfully to: /home/runner/work/pddtesting/pddtesting/automation/reports/Logs/browser-console.log
[2026-07-22T10:57:03.579Z] INFO: Session closed.
[2026-07-22T10:57:03.580Z] INFO: E2E suite execution finished. Total duration: 38.23s
[2026-07-22T10:57:03.580Z] INFO: Generating Excel automation reports...
[2026-07-22T10:57:03.780Z] INFO: Master Excel report written to: /home/runner/work/pddtesting/pddtesting/automation/reports/Excel/Automation_Test_Report.xlsx
[2026-07-22T10:57:03.887Z] INFO: Excel report generation completed successfully!
[2026-07-22T10:57:03.887Z] INFO: Generating HTML automation reports...
[2026-07-22T10:57:03.894Z] INFO: HTML Reports successfully written to: /home/runner/work/pddtesting/pddtesting/automation/reports/HTML
[2026-07-22T10:57:03.896Z] INFO: JSON report generated at: /home/runner/work/pddtesting/pddtesting/automation/reports/JSON/execution-results.json
[2026-07-22T10:57:03.897Z] INFO: Markdown step summary generated at: /home/runner/work/pddtesting/pddtesting/automation/reports/Summary/summary.md
[2026-07-22T10:57:03.897Z] INFO: Final Metrics -> Total: 470, Passed: 467, Pass Rate: 99.36%
[2026-07-22T10:57:03.897Z] INFO: Critical Tests -> Total: 95, Failed: 1, Critical Fail Rate: 1.05%
[2026-07-22T10:57:03.897Z] INFO: Execution Passed: All criteria (Pass Rate >= 95% and Critical Fail Rate <= 5%) met successfully!
