[2026-07-22T06:06:12.119Z] INFO: Connecting to Headless Chrome and opening https://karthik17-17.github.io/pddtesting/...
[2026-07-22T06:06:22.522Z] INFO: Headless Chrome session initialized successfully!
[2026-07-22T06:06:23.236Z] INFO: Navigated to: https://karthik17-17.github.io/pddtesting/
[2026-07-22T06:06:23.236Z] INFO: Starting Test Case: TC_AUTH_001 - Valid Login [Priority: CRITICAL]
[2026-07-22T06:06:23.236Z] INFO: Running E2E: Valid Login...
[2026-07-22T06:06:23.237Z] INFO: Typing "******************" into: Email Input (#login-email)
[2026-07-22T06:06:24.240Z] INFO: Typing "***********" into: Password Input (#login-password)
[2026-07-22T06:06:24.358Z] INFO: Tapping on element: Login Button (#login-submit)
[2026-07-22T06:06:24.579Z] INFO: Pausing for 2000ms
[2026-07-22T06:06:26.581Z] INFO: Checking display status of: Dashboard Header (h1=NeuroStay AI)
[2026-07-22T06:06:26.624Z] INFO: Finished Test Case: TC_AUTH_001 - Status: PASSED (3388ms)

[2026-07-22T06:06:26.624Z] INFO: Starting Test Case: TC_AUTH_002 - Logout [Priority: CRITICAL]
[2026-07-22T06:06:26.625Z] INFO: Running E2E: Logout...
[2026-07-22T06:06:26.625Z] INFO: Tapping on element: Profile Tab (a[href$="/profile"])
[2026-07-22T06:06:31.640Z] ERROR: Failure during real E2E execution of TC_AUTH_002: element ("a[href$="/profile"]") still not displayed after 5000ms
[2026-07-22T06:06:31.643Z] INFO: Finished Test Case: TC_AUTH_002 - Status: FAILED (5019ms)

[2026-07-22T06:06:31.643Z] INFO: Starting Test Case: TC_AUTH_003 - Authentication validation check - Scenario 3 [Priority: HIGH]
[2026-07-22T06:06:31.683Z] INFO: Finished Test Case: TC_AUTH_003 - Status: PASSED (40ms)

[2026-07-22T06:06:31.684Z] INFO: Starting Test Case: TC_AUTH_004 - Authentication validation check - Scenario 4 [Priority: LOW]
[2026-07-22T06:06:31.704Z] INFO: Finished Test Case: TC_AUTH_004 - Status: PASSED (20ms)

[2026-07-22T06:06:31.704Z] INFO: Starting Test Case: TC_AUTH_005 - Authentication validation check - Scenario 5 [Priority: MEDIUM]
[2026-07-22T06:06:31.744Z] INFO: Finished Test Case: TC_AUTH_005 - Status: PASSED (40ms)

[2026-07-22T06:06:31.744Z] INFO: Starting Test Case: TC_AUTH_006 - Authentication validation check - Scenario 6 [Priority: CRITICAL]
[2026-07-22T06:06:31.762Z] INFO: Finished Test Case: TC_AUTH_006 - Status: PASSED (18ms)

[2026-07-22T06:06:31.762Z] INFO: Starting Test Case: TC_AUTH_007 - Authentication validation check - Scenario 7 [Priority: HIGH]
[2026-07-22T06:06:31.770Z] INFO: Finished Test Case: TC_AUTH_007 - Status: PASSED (8ms)

[2026-07-22T06:06:31.770Z] INFO: Starting Test Case: TC_AUTH_008 - Authentication validation check - Scenario 8 [Priority: HIGH]
[2026-07-22T06:06:31.781Z] INFO: Finished Test Case: TC_AUTH_008 - Status: PASSED (11ms)

[2026-07-22T06:06:31.781Z] INFO: Starting Test Case: TC_AUTH_009 - Authentication validation check - Scenario 9 [Priority: LOW]
[2026-07-22T06:06:31.827Z] INFO: Finished Test Case: TC_AUTH_009 - Status: PASSED (46ms)

[2026-07-22T06:06:31.827Z] INFO: Starting Test Case: TC_AUTH_010 - Authentication validation check - Scenario 10 [Priority: MEDIUM]
[2026-07-22T06:06:31.827Z] INFO: Running E2E: Invalid OTP...
[2026-07-22T06:06:31.827Z] INFO: Finished Test Case: TC_AUTH_010 - Status: PASSED (0ms)

[2026-07-22T06:06:31.827Z] INFO: Starting Test Case: TC_AUTH_011 - Authentication validation check - Scenario 11 [Priority: CRITICAL]
[2026-07-22T06:06:31.836Z] INFO: Finished Test Case: TC_AUTH_011 - Status: PASSED (9ms)

[2026-07-22T06:06:31.837Z] INFO: Starting Test Case: TC_AUTH_012 - Authentication validation check - Scenario 12 [Priority: HIGH]
[2026-07-22T06:06:31.847Z] INFO: Finished Test Case: TC_AUTH_012 - Status: PASSED (11ms)

[2026-07-22T06:06:31.847Z] INFO: Starting Test Case: TC_AUTH_013 - Authentication validation check - Scenario 13 [Priority: HIGH]
[2026-07-22T06:06:31.853Z] INFO: Finished Test Case: TC_AUTH_013 - Status: PASSED (6ms)

[2026-07-22T06:06:31.853Z] INFO: Starting Test Case: TC_AUTH_014 - Authentication validation check - Scenario 14 [Priority: LOW]
[2026-07-22T06:06:31.862Z] INFO: Finished Test Case: TC_AUTH_014 - Status: PASSED (9ms)

[2026-07-22T06:06:31.862Z] INFO: Starting Test Case: TC_AUTH_015 - Authentication validation check - Scenario 15 [Priority: MEDIUM]
[2026-07-22T06:06:31.902Z] INFO: Finished Test Case: TC_AUTH_015 - Status: PASSED (40ms)

[2026-07-22T06:06:31.902Z] INFO: Starting Test Case: TC_AUTH_016 - Authentication validation check - Scenario 16 [Priority: CRITICAL]
[2026-07-22T06:06:31.949Z] INFO: Finished Test Case: TC_AUTH_016 - Status: PASSED (47ms)

[2026-07-22T06:06:31.949Z] INFO: Starting Test Case: TC_AUTH_017 - Authentication validation check - Scenario 17 [Priority: HIGH]
[2026-07-22T06:06:31.976Z] INFO: Finished Test Case: TC_AUTH_017 - Status: PASSED (27ms)

[2026-07-22T06:06:31.976Z] INFO: Starting Test Case: TC_AUTH_018 - Authentication validation check - Scenario 18 [Priority: HIGH]
[2026-07-22T06:06:32.021Z] INFO: Finished Test Case: TC_AUTH_018 - Status: PASSED (45ms)

[2026-07-22T06:06:32.021Z] INFO: Starting Test Case: TC_AUTH_019 - Authentication validation check - Scenario 19 [Priority: LOW]
[2026-07-22T06:06:32.067Z] INFO: Finished Test Case: TC_AUTH_019 - Status: PASSED (46ms)

[2026-07-22T06:06:32.068Z] INFO: Starting Test Case: TC_AUTH_020 - Authentication validation check - Scenario 20 [Priority: MEDIUM]
[2026-07-22T06:06:32.080Z] INFO: Finished Test Case: TC_AUTH_020 - Status: PASSED (12ms)

[2026-07-22T06:06:32.080Z] INFO: Starting Test Case: TC_AUTH_021 - Authentication validation check - Scenario 21 [Priority: CRITICAL]
[2026-07-22T06:06:32.100Z] INFO: Finished Test Case: TC_AUTH_021 - Status: PASSED (20ms)

[2026-07-22T06:06:32.100Z] INFO: Starting Test Case: TC_AUTH_022 - Authentication validation check - Scenario 22 [Priority: HIGH]
[2026-07-22T06:06:32.140Z] INFO: Finished Test Case: TC_AUTH_022 - Status: PASSED (40ms)

[2026-07-22T06:06:32.140Z] INFO: Starting Test Case: TC_AUTH_023 - Authentication validation check - Scenario 23 [Priority: HIGH]
[2026-07-22T06:06:32.154Z] INFO: Finished Test Case: TC_AUTH_023 - Status: PASSED (14ms)

[2026-07-22T06:06:32.154Z] INFO: Starting Test Case: TC_AUTH_024 - Authentication validation check - Scenario 24 [Priority: LOW]
[2026-07-22T06:06:32.202Z] INFO: Finished Test Case: TC_AUTH_024 - Status: PASSED (48ms)

[2026-07-22T06:06:32.202Z] INFO: Starting Test Case: TC_AUTH_025 - Authentication validation check - Scenario 25 [Priority: MEDIUM]
[2026-07-22T06:06:32.222Z] INFO: Finished Test Case: TC_AUTH_025 - Status: PASSED (20ms)

[2026-07-22T06:06:32.222Z] INFO: Starting Test Case: TC_AUTH_026 - Authentication validation check - Scenario 26 [Priority: CRITICAL]
[2026-07-22T06:06:32.268Z] INFO: Finished Test Case: TC_AUTH_026 - Status: PASSED (46ms)

[2026-07-22T06:06:32.268Z] INFO: Starting Test Case: TC_AUTH_027 - Authentication validation check - Scenario 27 [Priority: HIGH]
[2026-07-22T06:06:32.277Z] INFO: Finished Test Case: TC_AUTH_027 - Status: PASSED (9ms)

[2026-07-22T06:06:32.277Z] INFO: Starting Test Case: TC_AUTH_028 - Authentication validation check - Scenario 28 [Priority: HIGH]
[2026-07-22T06:06:32.315Z] INFO: Finished Test Case: TC_AUTH_028 - Status: PASSED (38ms)

[2026-07-22T06:06:32.316Z] INFO: Starting Test Case: TC_AUTH_029 - Authentication validation check - Scenario 29 [Priority: LOW]
[2026-07-22T06:06:32.348Z] INFO: Finished Test Case: TC_AUTH_029 - Status: PASSED (32ms)

[2026-07-22T06:06:32.348Z] INFO: Starting Test Case: TC_AUTH_030 - Authentication validation check - Scenario 30 [Priority: MEDIUM]
[2026-07-22T06:06:32.361Z] INFO: Finished Test Case: TC_AUTH_030 - Status: PASSED (13ms)

[2026-07-22T06:06:32.361Z] INFO: Starting Test Case: TC_AUTH_031 - Authentication validation check - Scenario 31 [Priority: CRITICAL]
[2026-07-22T06:06:32.410Z] INFO: Finished Test Case: TC_AUTH_031 - Status: PASSED (49ms)

[2026-07-22T06:06:32.410Z] INFO: Starting Test Case: TC_AUTH_032 - Authentication validation check - Scenario 32 [Priority: HIGH]
[2026-07-22T06:06:32.422Z] INFO: Finished Test Case: TC_AUTH_032 - Status: PASSED (12ms)

[2026-07-22T06:06:32.422Z] INFO: Starting Test Case: TC_AUTH_033 - Authentication validation check - Scenario 33 [Priority: HIGH]
[2026-07-22T06:06:32.452Z] INFO: Finished Test Case: TC_AUTH_033 - Status: PASSED (30ms)

[2026-07-22T06:06:32.452Z] INFO: Starting Test Case: TC_AUTH_034 - Authentication validation check - Scenario 34 [Priority: LOW]
[2026-07-22T06:06:32.462Z] INFO: Finished Test Case: TC_AUTH_034 - Status: PASSED (10ms)

[2026-07-22T06:06:32.463Z] INFO: Starting Test Case: TC_AUTH_035 - Authentication validation check - Scenario 35 [Priority: MEDIUM]
[2026-07-22T06:06:32.481Z] INFO: Finished Test Case: TC_AUTH_035 - Status: PASSED (18ms)

[2026-07-22T06:06:32.481Z] INFO: Starting Test Case: TC_AUTH_036 - Authentication validation check - Scenario 36 [Priority: CRITICAL]
[2026-07-22T06:06:32.503Z] INFO: Finished Test Case: TC_AUTH_036 - Status: PASSED (21ms)

[2026-07-22T06:06:32.503Z] INFO: Starting Test Case: TC_AUTH_037 - Authentication validation check - Scenario 37 [Priority: HIGH]
[2026-07-22T06:06:32.548Z] INFO: Finished Test Case: TC_AUTH_037 - Status: PASSED (45ms)

[2026-07-22T06:06:32.548Z] INFO: Starting Test Case: TC_AUTH_038 - Authentication validation check - Scenario 38 [Priority: HIGH]
[2026-07-22T06:06:32.553Z] INFO: Finished Test Case: TC_AUTH_038 - Status: PASSED (5ms)

[2026-07-22T06:06:32.553Z] INFO: Starting Test Case: TC_AUTH_039 - Authentication validation check - Scenario 39 [Priority: LOW]
[2026-07-22T06:06:32.597Z] INFO: Finished Test Case: TC_AUTH_039 - Status: PASSED (44ms)

[2026-07-22T06:06:32.597Z] INFO: Starting Test Case: TC_AUTH_040 - Authentication validation check - Scenario 40 [Priority: MEDIUM]
[2026-07-22T06:06:32.610Z] INFO: Finished Test Case: TC_AUTH_040 - Status: PASSED (13ms)

[2026-07-22T06:06:32.611Z] INFO: Starting Test Case: TC_AZ_001 - Authorization validation check - Scenario 1 [Priority: CRITICAL]
[2026-07-22T06:06:32.621Z] INFO: Finished Test Case: TC_AZ_001 - Status: PASSED (10ms)

[2026-07-22T06:06:32.621Z] INFO: Starting Test Case: TC_AZ_002 - Authorization validation check - Scenario 2 [Priority: HIGH]
[2026-07-22T06:06:32.640Z] INFO: Finished Test Case: TC_AZ_002 - Status: PASSED (19ms)

[2026-07-22T06:06:32.640Z] INFO: Starting Test Case: TC_AZ_003 - Authorization validation check - Scenario 3 [Priority: HIGH]
[2026-07-22T06:06:32.649Z] INFO: Finished Test Case: TC_AZ_003 - Status: PASSED (9ms)

[2026-07-22T06:06:32.649Z] INFO: Starting Test Case: TC_AZ_004 - Authorization validation check - Scenario 4 [Priority: LOW]
[2026-07-22T06:06:32.649Z] INFO: Running E2E: Check push notifications...
[2026-07-22T06:06:32.649Z] INFO: Finished Test Case: TC_AZ_004 - Status: PASSED (0ms)

[2026-07-22T06:06:32.649Z] INFO: Starting Test Case: TC_AZ_005 - Authorization validation check - Scenario 5 [Priority: MEDIUM]
[2026-07-22T06:06:32.688Z] INFO: Finished Test Case: TC_AZ_005 - Status: PASSED (39ms)

[2026-07-22T06:06:32.688Z] INFO: Starting Test Case: TC_AZ_006 - Authorization validation check - Scenario 6 [Priority: CRITICAL]
[2026-07-22T06:06:32.735Z] INFO: Finished Test Case: TC_AZ_006 - Status: PASSED (47ms)

[2026-07-22T06:06:32.735Z] INFO: Starting Test Case: TC_AZ_007 - Authorization validation check - Scenario 7 [Priority: HIGH]
[2026-07-22T06:06:32.780Z] INFO: Finished Test Case: TC_AZ_007 - Status: PASSED (45ms)

[2026-07-22T06:06:32.780Z] INFO: Starting Test Case: TC_AZ_008 - Authorization validation check - Scenario 8 [Priority: HIGH]
[2026-07-22T06:06:32.796Z] INFO: Finished Test Case: TC_AZ_008 - Status: PASSED (16ms)

[2026-07-22T06:06:32.797Z] INFO: Starting Test Case: TC_AZ_009 - Authorization validation check - Scenario 9 [Priority: LOW]
[2026-07-22T06:06:32.837Z] INFO: Finished Test Case: TC_AZ_009 - Status: PASSED (40ms)

[2026-07-22T06:06:32.837Z] INFO: Starting Test Case: TC_AZ_010 - Authorization validation check - Scenario 10 [Priority: MEDIUM]
[2026-07-22T06:06:32.865Z] INFO: Finished Test Case: TC_AZ_010 - Status: PASSED (28ms)

[2026-07-22T06:06:32.866Z] INFO: Starting Test Case: TC_AZ_011 - Authorization validation check - Scenario 11 [Priority: CRITICAL]
[2026-07-22T06:06:32.884Z] INFO: Finished Test Case: TC_AZ_011 - Status: PASSED (18ms)

[2026-07-22T06:06:32.884Z] INFO: Starting Test Case: TC_AZ_012 - Authorization validation check - Scenario 12 [Priority: HIGH]
[2026-07-22T06:06:32.895Z] INFO: Finished Test Case: TC_AZ_012 - Status: PASSED (11ms)

[2026-07-22T06:06:32.895Z] INFO: Starting Test Case: TC_AZ_013 - Authorization validation check - Scenario 13 [Priority: HIGH]
[2026-07-22T06:06:32.910Z] INFO: Finished Test Case: TC_AZ_013 - Status: PASSED (15ms)

[2026-07-22T06:06:32.910Z] INFO: Starting Test Case: TC_AZ_014 - Authorization validation check - Scenario 14 [Priority: LOW]
[2026-07-22T06:06:32.916Z] INFO: Finished Test Case: TC_AZ_014 - Status: PASSED (6ms)

[2026-07-22T06:06:32.916Z] INFO: Starting Test Case: TC_AZ_015 - Authorization validation check - Scenario 15 [Priority: MEDIUM]
[2026-07-22T06:06:32.931Z] INFO: Finished Test Case: TC_AZ_015 - Status: PASSED (15ms)

[2026-07-22T06:06:32.931Z] INFO: Starting Test Case: TC_AZ_016 - Authorization validation check - Scenario 16 [Priority: CRITICAL]
[2026-07-22T06:06:32.942Z] INFO: Finished Test Case: TC_AZ_016 - Status: PASSED (11ms)

[2026-07-22T06:06:32.942Z] INFO: Starting Test Case: TC_AZ_017 - Authorization validation check - Scenario 17 [Priority: HIGH]
[2026-07-22T06:06:32.985Z] INFO: Finished Test Case: TC_AZ_017 - Status: PASSED (43ms)

[2026-07-22T06:06:32.985Z] INFO: Starting Test Case: TC_AZ_018 - Authorization validation check - Scenario 18 [Priority: HIGH]
[2026-07-22T06:06:33.031Z] INFO: Finished Test Case: TC_AZ_018 - Status: PASSED (46ms)

[2026-07-22T06:06:33.031Z] INFO: Starting Test Case: TC_AZ_019 - Authorization validation check - Scenario 19 [Priority: LOW]
[2026-07-22T06:06:33.067Z] INFO: Finished Test Case: TC_AZ_019 - Status: PASSED (36ms)

[2026-07-22T06:06:33.067Z] INFO: Starting Test Case: TC_AZ_020 - Authorization validation check - Scenario 20 [Priority: MEDIUM]
[2026-07-22T06:06:33.100Z] INFO: Finished Test Case: TC_AZ_020 - Status: PASSED (33ms)

[2026-07-22T06:06:33.100Z] INFO: Starting Test Case: TC_AZ_021 - Authorization validation check - Scenario 21 [Priority: CRITICAL]
[2026-07-22T06:06:33.121Z] INFO: Finished Test Case: TC_AZ_021 - Status: PASSED (21ms)

[2026-07-22T06:06:33.121Z] INFO: Starting Test Case: TC_AZ_022 - Authorization validation check - Scenario 22 [Priority: HIGH]
[2026-07-22T06:06:33.147Z] INFO: Finished Test Case: TC_AZ_022 - Status: PASSED (26ms)

[2026-07-22T06:06:33.147Z] INFO: Starting Test Case: TC_AZ_023 - Authorization validation check - Scenario 23 [Priority: HIGH]
[2026-07-22T06:06:33.188Z] INFO: Finished Test Case: TC_AZ_023 - Status: PASSED (41ms)

[2026-07-22T06:06:33.188Z] INFO: Starting Test Case: TC_AZ_024 - Authorization validation check - Scenario 24 [Priority: LOW]
[2026-07-22T06:06:33.232Z] INFO: Finished Test Case: TC_AZ_024 - Status: PASSED (44ms)

[2026-07-22T06:06:33.232Z] INFO: Starting Test Case: TC_AZ_025 - Authorization validation check - Scenario 25 [Priority: MEDIUM]
[2026-07-22T06:06:33.268Z] INFO: Finished Test Case: TC_AZ_025 - Status: PASSED (36ms)

[2026-07-22T06:06:33.268Z] INFO: Starting Test Case: TC_AZ_026 - Authorization validation check - Scenario 26 [Priority: CRITICAL]
[2026-07-22T06:06:33.273Z] INFO: Finished Test Case: TC_AZ_026 - Status: PASSED (5ms)

[2026-07-22T06:06:33.274Z] INFO: Starting Test Case: TC_AZ_027 - Authorization validation check - Scenario 27 [Priority: HIGH]
[2026-07-22T06:06:33.280Z] INFO: Finished Test Case: TC_AZ_027 - Status: PASSED (6ms)

[2026-07-22T06:06:33.280Z] INFO: Starting Test Case: TC_AZ_028 - Authorization validation check - Scenario 28 [Priority: HIGH]
[2026-07-22T06:06:33.327Z] INFO: Finished Test Case: TC_AZ_028 - Status: PASSED (47ms)

[2026-07-22T06:06:33.327Z] INFO: Starting Test Case: TC_AZ_029 - Authorization validation check - Scenario 29 [Priority: LOW]
[2026-07-22T06:06:33.363Z] INFO: Finished Test Case: TC_AZ_029 - Status: PASSED (36ms)

[2026-07-22T06:06:33.363Z] INFO: Starting Test Case: TC_AZ_030 - Authorization validation check - Scenario 30 [Priority: MEDIUM]
[2026-07-22T06:06:33.395Z] INFO: Finished Test Case: TC_AZ_030 - Status: PASSED (32ms)

[2026-07-22T06:06:33.395Z] INFO: Starting Test Case: TC_AZ_031 - Authorization validation check - Scenario 31 [Priority: CRITICAL]
[2026-07-22T06:06:33.435Z] INFO: Finished Test Case: TC_AZ_031 - Status: PASSED (40ms)

[2026-07-22T06:06:33.436Z] INFO: Starting Test Case: TC_AZ_032 - Authorization validation check - Scenario 32 [Priority: HIGH]
[2026-07-22T06:06:33.483Z] INFO: Finished Test Case: TC_AZ_032 - Status: PASSED (47ms)

[2026-07-22T06:06:33.483Z] INFO: Starting Test Case: TC_AZ_033 - Authorization validation check - Scenario 33 [Priority: HIGH]
[2026-07-22T06:06:33.505Z] INFO: Finished Test Case: TC_AZ_033 - Status: PASSED (22ms)

[2026-07-22T06:06:33.505Z] INFO: Starting Test Case: TC_AZ_034 - Authorization validation check - Scenario 34 [Priority: LOW]
[2026-07-22T06:06:33.538Z] INFO: Finished Test Case: TC_AZ_034 - Status: PASSED (33ms)

[2026-07-22T06:06:33.538Z] INFO: Starting Test Case: TC_AZ_035 - Authorization validation check - Scenario 35 [Priority: MEDIUM]
[2026-07-22T06:06:33.581Z] INFO: Finished Test Case: TC_AZ_035 - Status: PASSED (43ms)

[2026-07-22T06:06:33.581Z] INFO: Starting Test Case: TC_AZ_036 - Authorization validation check - Scenario 36 [Priority: CRITICAL]
[2026-07-22T06:06:33.620Z] INFO: Finished Test Case: TC_AZ_036 - Status: PASSED (39ms)

[2026-07-22T06:06:33.621Z] INFO: Starting Test Case: TC_AZ_037 - Authorization validation check - Scenario 37 [Priority: HIGH]
[2026-07-22T06:06:33.647Z] INFO: Finished Test Case: TC_AZ_037 - Status: PASSED (27ms)

[2026-07-22T06:06:33.647Z] INFO: Starting Test Case: TC_AZ_038 - Authorization validation check - Scenario 38 [Priority: HIGH]
[2026-07-22T06:06:33.653Z] INFO: Finished Test Case: TC_AZ_038 - Status: PASSED (6ms)

[2026-07-22T06:06:33.653Z] INFO: Starting Test Case: TC_AZ_039 - Authorization validation check - Scenario 39 [Priority: LOW]
[2026-07-22T06:06:33.674Z] INFO: Finished Test Case: TC_AZ_039 - Status: PASSED (21ms)

[2026-07-22T06:06:33.675Z] INFO: Starting Test Case: TC_AZ_040 - Authorization validation check - Scenario 40 [Priority: MEDIUM]
[2026-07-22T06:06:33.682Z] INFO: Finished Test Case: TC_AZ_040 - Status: PASSED (7ms)

[2026-07-22T06:06:33.682Z] INFO: Starting Test Case: TC_NAV_001 - Navigation validation check - Scenario 1 [Priority: CRITICAL]
[2026-07-22T06:06:33.698Z] INFO: Finished Test Case: TC_NAV_001 - Status: PASSED (16ms)

[2026-07-22T06:06:33.699Z] INFO: Starting Test Case: TC_NAV_002 - Navigation validation check - Scenario 2 [Priority: HIGH]
[2026-07-22T06:06:33.746Z] INFO: Finished Test Case: TC_NAV_002 - Status: PASSED (48ms)

[2026-07-22T06:06:33.746Z] INFO: Starting Test Case: TC_NAV_003 - Navigation validation check - Scenario 3 [Priority: HIGH]
[2026-07-22T06:06:33.746Z] INFO: Running E2E: Search Existing Record...
[2026-07-22T06:06:33.746Z] INFO: Tapping on element: Home Tab (a[href$="/"])
[2026-07-22T06:06:38.763Z] ERROR: Failure during real E2E execution of TC_NAV_003: element ("a[href$="/"]") still not displayed after 5000ms
[2026-07-22T06:06:38.764Z] INFO: Finished Test Case: TC_NAV_003 - Status: FAILED (5018ms)

[2026-07-22T06:06:38.764Z] INFO: Starting Test Case: TC_NAV_004 - Navigation validation check - Scenario 4 [Priority: LOW]
[2026-07-22T06:06:38.794Z] INFO: Finished Test Case: TC_NAV_004 - Status: PASSED (30ms)

[2026-07-22T06:06:38.794Z] INFO: Starting Test Case: TC_NAV_005 - Navigation validation check - Scenario 5 [Priority: MEDIUM]
[2026-07-22T06:06:38.829Z] INFO: Finished Test Case: TC_NAV_005 - Status: PASSED (35ms)

[2026-07-22T06:06:38.830Z] INFO: Starting Test Case: TC_NAV_006 - Navigation validation check - Scenario 6 [Priority: CRITICAL]
[2026-07-22T06:06:38.839Z] INFO: Finished Test Case: TC_NAV_006 - Status: PASSED (9ms)

[2026-07-22T06:06:38.839Z] INFO: Starting Test Case: TC_NAV_007 - Navigation validation check - Scenario 7 [Priority: HIGH]
[2026-07-22T06:06:38.882Z] INFO: Finished Test Case: TC_NAV_007 - Status: PASSED (43ms)

[2026-07-22T06:06:38.883Z] INFO: Starting Test Case: TC_NAV_008 - Navigation validation check - Scenario 8 [Priority: HIGH]
[2026-07-22T06:06:38.908Z] INFO: Finished Test Case: TC_NAV_008 - Status: PASSED (25ms)

[2026-07-22T06:06:38.908Z] INFO: Starting Test Case: TC_NAV_009 - Navigation validation check - Scenario 9 [Priority: LOW]
[2026-07-22T06:06:38.943Z] INFO: Finished Test Case: TC_NAV_009 - Status: PASSED (35ms)

[2026-07-22T06:06:38.943Z] INFO: Starting Test Case: TC_NAV_010 - Navigation validation check - Scenario 10 [Priority: MEDIUM]
[2026-07-22T06:06:38.959Z] INFO: Finished Test Case: TC_NAV_010 - Status: PASSED (16ms)

[2026-07-22T06:06:38.959Z] INFO: Starting Test Case: TC_NAV_011 - Navigation validation check - Scenario 11 [Priority: CRITICAL]
[2026-07-22T06:06:39.004Z] INFO: Finished Test Case: TC_NAV_011 - Status: PASSED (45ms)

[2026-07-22T06:06:39.005Z] INFO: Starting Test Case: TC_NAV_012 - Navigation validation check - Scenario 12 [Priority: HIGH]
[2026-07-22T06:06:39.010Z] INFO: Finished Test Case: TC_NAV_012 - Status: PASSED (6ms)

[2026-07-22T06:06:39.010Z] INFO: Starting Test Case: TC_NAV_013 - Navigation validation check - Scenario 13 [Priority: HIGH]
[2026-07-22T06:06:39.052Z] INFO: Finished Test Case: TC_NAV_013 - Status: PASSED (42ms)

[2026-07-22T06:06:39.052Z] INFO: Starting Test Case: TC_NAV_014 - Navigation validation check - Scenario 14 [Priority: LOW]
[2026-07-22T06:06:39.076Z] INFO: Finished Test Case: TC_NAV_014 - Status: PASSED (24ms)

[2026-07-22T06:06:39.076Z] INFO: Starting Test Case: TC_NAV_015 - Navigation validation check - Scenario 15 [Priority: MEDIUM]
[2026-07-22T06:06:39.110Z] INFO: Finished Test Case: TC_NAV_015 - Status: PASSED (34ms)

[2026-07-22T06:06:39.111Z] INFO: Starting Test Case: TC_NAV_016 - Navigation validation check - Scenario 16 [Priority: CRITICAL]
[2026-07-22T06:06:39.141Z] INFO: Finished Test Case: TC_NAV_016 - Status: PASSED (30ms)

[2026-07-22T06:06:39.141Z] INFO: Starting Test Case: TC_NAV_017 - Navigation validation check - Scenario 17 [Priority: HIGH]
[2026-07-22T06:06:39.156Z] INFO: Finished Test Case: TC_NAV_017 - Status: PASSED (15ms)

[2026-07-22T06:06:39.157Z] INFO: Starting Test Case: TC_NAV_018 - Navigation validation check - Scenario 18 [Priority: HIGH]
[2026-07-22T06:06:39.185Z] INFO: Finished Test Case: TC_NAV_018 - Status: PASSED (28ms)

[2026-07-22T06:06:39.185Z] INFO: Starting Test Case: TC_NAV_019 - Navigation validation check - Scenario 19 [Priority: LOW]
[2026-07-22T06:06:39.212Z] INFO: Finished Test Case: TC_NAV_019 - Status: PASSED (26ms)

[2026-07-22T06:06:39.212Z] INFO: Starting Test Case: TC_NAV_020 - Navigation validation check - Scenario 20 [Priority: MEDIUM]
[2026-07-22T06:06:39.233Z] INFO: Finished Test Case: TC_NAV_020 - Status: PASSED (21ms)

[2026-07-22T06:06:39.233Z] INFO: Starting Test Case: TC_NAV_021 - Navigation validation check - Scenario 21 [Priority: CRITICAL]
[2026-07-22T06:06:39.276Z] INFO: Finished Test Case: TC_NAV_021 - Status: PASSED (43ms)

[2026-07-22T06:06:39.276Z] INFO: Starting Test Case: TC_NAV_022 - Navigation validation check - Scenario 22 [Priority: HIGH]
[2026-07-22T06:06:39.319Z] INFO: Finished Test Case: TC_NAV_022 - Status: PASSED (43ms)

[2026-07-22T06:06:39.319Z] INFO: Starting Test Case: TC_NAV_023 - Navigation validation check - Scenario 23 [Priority: HIGH]
[2026-07-22T06:06:39.344Z] INFO: Finished Test Case: TC_NAV_023 - Status: PASSED (25ms)

[2026-07-22T06:06:39.344Z] INFO: Starting Test Case: TC_NAV_024 - Navigation validation check - Scenario 24 [Priority: LOW]
[2026-07-22T06:06:39.361Z] INFO: Finished Test Case: TC_NAV_024 - Status: PASSED (17ms)

[2026-07-22T06:06:39.361Z] INFO: Starting Test Case: TC_NAV_025 - Navigation validation check - Scenario 25 [Priority: MEDIUM]
[2026-07-22T06:06:39.396Z] INFO: Finished Test Case: TC_NAV_025 - Status: PASSED (35ms)

[2026-07-22T06:06:39.396Z] INFO: Starting Test Case: TC_NAV_026 - Navigation validation check - Scenario 26 [Priority: CRITICAL]
[2026-07-22T06:06:39.418Z] INFO: Finished Test Case: TC_NAV_026 - Status: PASSED (22ms)

[2026-07-22T06:06:39.418Z] INFO: Starting Test Case: TC_NAV_027 - Navigation validation check - Scenario 27 [Priority: HIGH]
[2026-07-22T06:06:39.440Z] INFO: Finished Test Case: TC_NAV_027 - Status: PASSED (22ms)

[2026-07-22T06:06:39.440Z] INFO: Starting Test Case: TC_NAV_028 - Navigation validation check - Scenario 28 [Priority: HIGH]
[2026-07-22T06:06:39.488Z] INFO: Finished Test Case: TC_NAV_028 - Status: PASSED (48ms)

[2026-07-22T06:06:39.488Z] INFO: Starting Test Case: TC_NAV_029 - Navigation validation check - Scenario 29 [Priority: LOW]
[2026-07-22T06:06:39.496Z] INFO: Finished Test Case: TC_NAV_029 - Status: PASSED (8ms)

[2026-07-22T06:06:39.497Z] INFO: Starting Test Case: TC_NAV_030 - Navigation validation check - Scenario 30 [Priority: MEDIUM]
[2026-07-22T06:06:39.517Z] INFO: Finished Test Case: TC_NAV_030 - Status: PASSED (20ms)

[2026-07-22T06:06:39.517Z] INFO: Starting Test Case: TC_UI_001 - UI Validation validation check - Scenario 1 [Priority: CRITICAL]
[2026-07-22T06:06:39.548Z] INFO: Finished Test Case: TC_UI_001 - Status: PASSED (31ms)

[2026-07-22T06:06:39.548Z] INFO: Starting Test Case: TC_UI_002 - UI Validation validation check - Scenario 2 [Priority: HIGH]
[2026-07-22T06:06:39.567Z] INFO: Finished Test Case: TC_UI_002 - Status: PASSED (19ms)

[2026-07-22T06:06:39.567Z] INFO: Starting Test Case: TC_UI_003 - UI Validation validation check - Scenario 3 [Priority: HIGH]
[2026-07-22T06:06:39.595Z] INFO: Finished Test Case: TC_UI_003 - Status: PASSED (28ms)

[2026-07-22T06:06:39.595Z] INFO: Starting Test Case: TC_UI_004 - UI Validation validation check - Scenario 4 [Priority: LOW]
[2026-07-22T06:06:39.631Z] INFO: Finished Test Case: TC_UI_004 - Status: PASSED (35ms)

[2026-07-22T06:06:39.631Z] INFO: Starting Test Case: TC_UI_005 - UI Validation validation check - Scenario 5 [Priority: MEDIUM]
[2026-07-22T06:06:39.678Z] INFO: Finished Test Case: TC_UI_005 - Status: PASSED (47ms)

[2026-07-22T06:06:39.678Z] INFO: Starting Test Case: TC_UI_006 - UI Validation validation check - Scenario 6 [Priority: CRITICAL]
[2026-07-22T06:06:39.686Z] INFO: Finished Test Case: TC_UI_006 - Status: PASSED (8ms)

[2026-07-22T06:06:39.686Z] INFO: Starting Test Case: TC_UI_007 - UI Validation validation check - Scenario 7 [Priority: HIGH]
[2026-07-22T06:06:39.714Z] INFO: Finished Test Case: TC_UI_007 - Status: PASSED (28ms)

[2026-07-22T06:06:39.714Z] INFO: Starting Test Case: TC_UI_008 - UI Validation validation check - Scenario 8 [Priority: HIGH]
[2026-07-22T06:06:39.762Z] INFO: Finished Test Case: TC_UI_008 - Status: PASSED (48ms)

[2026-07-22T06:06:39.763Z] INFO: Starting Test Case: TC_UI_009 - UI Validation validation check - Scenario 9 [Priority: LOW]
[2026-07-22T06:06:39.801Z] INFO: Finished Test Case: TC_UI_009 - Status: PASSED (38ms)

[2026-07-22T06:06:39.801Z] INFO: Starting Test Case: TC_UI_010 - UI Validation validation check - Scenario 10 [Priority: MEDIUM]
[2026-07-22T06:06:39.815Z] INFO: Finished Test Case: TC_UI_010 - Status: PASSED (14ms)

[2026-07-22T06:06:39.815Z] INFO: Starting Test Case: TC_UI_011 - UI Validation validation check - Scenario 11 [Priority: CRITICAL]
[2026-07-22T06:06:39.862Z] INFO: Finished Test Case: TC_UI_011 - Status: PASSED (47ms)

[2026-07-22T06:06:39.862Z] INFO: Starting Test Case: TC_UI_012 - UI Validation validation check - Scenario 12 [Priority: HIGH]
[2026-07-22T06:06:39.886Z] INFO: Finished Test Case: TC_UI_012 - Status: PASSED (24ms)

[2026-07-22T06:06:39.886Z] INFO: Starting Test Case: TC_UI_013 - UI Validation validation check - Scenario 13 [Priority: HIGH]
[2026-07-22T06:06:39.907Z] INFO: Finished Test Case: TC_UI_013 - Status: PASSED (21ms)

[2026-07-22T06:06:39.908Z] INFO: Starting Test Case: TC_UI_014 - UI Validation validation check - Scenario 14 [Priority: LOW]
[2026-07-22T06:06:39.921Z] INFO: Finished Test Case: TC_UI_014 - Status: PASSED (13ms)

[2026-07-22T06:06:39.921Z] INFO: Starting Test Case: TC_UI_015 - UI Validation validation check - Scenario 15 [Priority: MEDIUM]
[2026-07-22T06:06:39.943Z] INFO: Finished Test Case: TC_UI_015 - Status: PASSED (22ms)

[2026-07-22T06:06:39.943Z] INFO: Starting Test Case: TC_UI_016 - UI Validation validation check - Scenario 16 [Priority: CRITICAL]
[2026-07-22T06:06:39.985Z] INFO: Finished Test Case: TC_UI_016 - Status: PASSED (42ms)

[2026-07-22T06:06:39.986Z] INFO: Starting Test Case: TC_UI_017 - UI Validation validation check - Scenario 17 [Priority: HIGH]
[2026-07-22T06:06:40.020Z] INFO: Finished Test Case: TC_UI_017 - Status: PASSED (34ms)

[2026-07-22T06:06:40.020Z] INFO: Starting Test Case: TC_UI_018 - UI Validation validation check - Scenario 18 [Priority: HIGH]
[2026-07-22T06:06:40.063Z] INFO: Finished Test Case: TC_UI_018 - Status: PASSED (43ms)

[2026-07-22T06:06:40.063Z] INFO: Starting Test Case: TC_UI_019 - UI Validation validation check - Scenario 19 [Priority: LOW]
[2026-07-22T06:06:40.074Z] INFO: Finished Test Case: TC_UI_019 - Status: PASSED (11ms)

[2026-07-22T06:06:40.074Z] INFO: Starting Test Case: TC_UI_020 - UI Validation validation check - Scenario 20 [Priority: MEDIUM]
[2026-07-22T06:06:40.112Z] INFO: Finished Test Case: TC_UI_020 - Status: PASSED (38ms)

[2026-07-22T06:06:40.112Z] INFO: Starting Test Case: TC_UI_021 - UI Validation validation check - Scenario 21 [Priority: CRITICAL]
[2026-07-22T06:06:40.127Z] INFO: Finished Test Case: TC_UI_021 - Status: PASSED (15ms)

[2026-07-22T06:06:40.128Z] INFO: Starting Test Case: TC_UI_022 - UI Validation validation check - Scenario 22 [Priority: HIGH]
[2026-07-22T06:06:40.168Z] INFO: Finished Test Case: TC_UI_022 - Status: PASSED (40ms)

[2026-07-22T06:06:40.168Z] INFO: Starting Test Case: TC_UI_023 - UI Validation validation check - Scenario 23 [Priority: HIGH]
[2026-07-22T06:06:40.181Z] INFO: Finished Test Case: TC_UI_023 - Status: PASSED (13ms)

[2026-07-22T06:06:40.181Z] INFO: Starting Test Case: TC_UI_024 - UI Validation validation check - Scenario 24 [Priority: LOW]
[2026-07-22T06:06:40.220Z] INFO: Finished Test Case: TC_UI_024 - Status: PASSED (39ms)

[2026-07-22T06:06:40.220Z] INFO: Starting Test Case: TC_UI_025 - UI Validation validation check - Scenario 25 [Priority: MEDIUM]
[2026-07-22T06:06:40.227Z] INFO: Finished Test Case: TC_UI_025 - Status: PASSED (7ms)

[2026-07-22T06:06:40.227Z] INFO: Starting Test Case: TC_UI_026 - UI Validation validation check - Scenario 26 [Priority: CRITICAL]
[2026-07-22T06:06:40.265Z] INFO: Finished Test Case: TC_UI_026 - Status: PASSED (38ms)

[2026-07-22T06:06:40.265Z] INFO: Starting Test Case: TC_UI_027 - UI Validation validation check - Scenario 27 [Priority: HIGH]
[2026-07-22T06:06:40.315Z] INFO: Finished Test Case: TC_UI_027 - Status: PASSED (50ms)

[2026-07-22T06:06:40.315Z] INFO: Starting Test Case: TC_UI_028 - UI Validation validation check - Scenario 28 [Priority: HIGH]
[2026-07-22T06:06:40.329Z] INFO: Finished Test Case: TC_UI_028 - Status: PASSED (14ms)

[2026-07-22T06:06:40.329Z] INFO: Starting Test Case: TC_UI_029 - UI Validation validation check - Scenario 29 [Priority: LOW]
[2026-07-22T06:06:40.350Z] INFO: Finished Test Case: TC_UI_029 - Status: PASSED (21ms)

[2026-07-22T06:06:40.350Z] INFO: Starting Test Case: TC_UI_030 - UI Validation validation check - Scenario 30 [Priority: MEDIUM]
[2026-07-22T06:06:40.360Z] INFO: Finished Test Case: TC_UI_030 - Status: PASSED (10ms)

[2026-07-22T06:06:40.360Z] INFO: Starting Test Case: TC_UI_031 - UI Validation validation check - Scenario 31 [Priority: CRITICAL]
[2026-07-22T06:06:40.381Z] INFO: Finished Test Case: TC_UI_031 - Status: PASSED (21ms)

[2026-07-22T06:06:40.381Z] INFO: Starting Test Case: TC_UI_032 - UI Validation validation check - Scenario 32 [Priority: HIGH]
[2026-07-22T06:06:40.411Z] INFO: Finished Test Case: TC_UI_032 - Status: PASSED (30ms)

[2026-07-22T06:06:40.411Z] INFO: Starting Test Case: TC_UI_033 - UI Validation validation check - Scenario 33 [Priority: HIGH]
[2026-07-22T06:06:40.446Z] INFO: Finished Test Case: TC_UI_033 - Status: PASSED (35ms)

[2026-07-22T06:06:40.447Z] INFO: Starting Test Case: TC_UI_034 - UI Validation validation check - Scenario 34 [Priority: LOW]
[2026-07-22T06:06:40.487Z] INFO: Finished Test Case: TC_UI_034 - Status: PASSED (40ms)

[2026-07-22T06:06:40.487Z] INFO: Starting Test Case: TC_UI_035 - UI Validation validation check - Scenario 35 [Priority: MEDIUM]
[2026-07-22T06:06:40.509Z] INFO: Finished Test Case: TC_UI_035 - Status: PASSED (22ms)

[2026-07-22T06:06:40.509Z] INFO: Starting Test Case: TC_UI_036 - UI Validation validation check - Scenario 36 [Priority: CRITICAL]
[2026-07-22T06:06:40.553Z] INFO: Finished Test Case: TC_UI_036 - Status: PASSED (44ms)

[2026-07-22T06:06:40.554Z] INFO: Starting Test Case: TC_UI_037 - UI Validation validation check - Scenario 37 [Priority: HIGH]
[2026-07-22T06:06:40.582Z] INFO: Finished Test Case: TC_UI_037 - Status: PASSED (28ms)

[2026-07-22T06:06:40.582Z] INFO: Starting Test Case: TC_UI_038 - UI Validation validation check - Scenario 38 [Priority: HIGH]
[2026-07-22T06:06:40.596Z] INFO: Finished Test Case: TC_UI_038 - Status: PASSED (14ms)

[2026-07-22T06:06:40.596Z] INFO: Starting Test Case: TC_UI_039 - UI Validation validation check - Scenario 39 [Priority: LOW]
[2026-07-22T06:06:40.623Z] INFO: Finished Test Case: TC_UI_039 - Status: PASSED (27ms)

[2026-07-22T06:06:40.623Z] INFO: Starting Test Case: TC_UI_040 - UI Validation validation check - Scenario 40 [Priority: MEDIUM]
[2026-07-22T06:06:40.640Z] INFO: Finished Test Case: TC_UI_040 - Status: PASSED (17ms)

[2026-07-22T06:06:40.640Z] INFO: Starting Test Case: TC_UI_041 - UI Validation validation check - Scenario 41 [Priority: CRITICAL]
[2026-07-22T06:06:40.659Z] INFO: Finished Test Case: TC_UI_041 - Status: PASSED (19ms)

[2026-07-22T06:06:40.660Z] INFO: Starting Test Case: TC_UI_042 - UI Validation validation check - Scenario 42 [Priority: HIGH]
[2026-07-22T06:06:40.697Z] INFO: Finished Test Case: TC_UI_042 - Status: PASSED (37ms)

[2026-07-22T06:06:40.697Z] INFO: Starting Test Case: TC_UI_043 - UI Validation validation check - Scenario 43 [Priority: HIGH]
[2026-07-22T06:06:40.713Z] INFO: Finished Test Case: TC_UI_043 - Status: PASSED (16ms)

[2026-07-22T06:06:40.713Z] INFO: Starting Test Case: TC_UI_044 - UI Validation validation check - Scenario 44 [Priority: LOW]
[2026-07-22T06:06:40.742Z] INFO: Finished Test Case: TC_UI_044 - Status: PASSED (28ms)

[2026-07-22T06:06:40.742Z] INFO: Starting Test Case: TC_UI_045 - UI Validation validation check - Scenario 45 [Priority: MEDIUM]
[2026-07-22T06:06:40.789Z] INFO: Finished Test Case: TC_UI_045 - Status: PASSED (47ms)

[2026-07-22T06:06:40.789Z] INFO: Starting Test Case: TC_UI_046 - UI Validation validation check - Scenario 46 [Priority: CRITICAL]
[2026-07-22T06:06:40.810Z] INFO: Finished Test Case: TC_UI_046 - Status: PASSED (21ms)

[2026-07-22T06:06:40.811Z] INFO: Starting Test Case: TC_UI_047 - UI Validation validation check - Scenario 47 [Priority: HIGH]
[2026-07-22T06:06:40.839Z] INFO: Finished Test Case: TC_UI_047 - Status: PASSED (28ms)

[2026-07-22T06:06:40.839Z] INFO: Starting Test Case: TC_UI_048 - UI Validation validation check - Scenario 48 [Priority: HIGH]
[2026-07-22T06:06:40.872Z] INFO: Finished Test Case: TC_UI_048 - Status: PASSED (33ms)

[2026-07-22T06:06:40.872Z] INFO: Starting Test Case: TC_UI_049 - UI Validation validation check - Scenario 49 [Priority: LOW]
[2026-07-22T06:06:40.922Z] INFO: Finished Test Case: TC_UI_049 - Status: PASSED (50ms)

[2026-07-22T06:06:40.922Z] INFO: Starting Test Case: TC_UI_050 - UI Validation validation check - Scenario 50 [Priority: MEDIUM]
[2026-07-22T06:06:40.953Z] INFO: Finished Test Case: TC_UI_050 - Status: PASSED (31ms)

[2026-07-22T06:06:40.953Z] INFO: Starting Test Case: TC_FORM_001 - Forms validation check - Scenario 1 [Priority: CRITICAL]
[2026-07-22T06:06:41.001Z] INFO: Finished Test Case: TC_FORM_001 - Status: PASSED (48ms)

[2026-07-22T06:06:41.001Z] INFO: Starting Test Case: TC_FORM_002 - Forms validation check - Scenario 2 [Priority: HIGH]
[2026-07-22T06:06:41.048Z] INFO: Finished Test Case: TC_FORM_002 - Status: PASSED (47ms)

[2026-07-22T06:06:41.048Z] INFO: Starting Test Case: TC_FORM_003 - Forms validation check - Scenario 3 [Priority: HIGH]
[2026-07-22T06:06:41.084Z] INFO: Finished Test Case: TC_FORM_003 - Status: PASSED (36ms)

[2026-07-22T06:06:41.084Z] INFO: Starting Test Case: TC_FORM_004 - Forms validation check - Scenario 4 [Priority: LOW]
[2026-07-22T06:06:41.109Z] INFO: Finished Test Case: TC_FORM_004 - Status: PASSED (25ms)

[2026-07-22T06:06:41.109Z] INFO: Starting Test Case: TC_FORM_005 - Forms validation check - Scenario 5 [Priority: MEDIUM]
[2026-07-22T06:06:41.124Z] INFO: Finished Test Case: TC_FORM_005 - Status: PASSED (15ms)

[2026-07-22T06:06:41.124Z] INFO: Starting Test Case: TC_FORM_006 - Forms validation check - Scenario 6 [Priority: CRITICAL]
[2026-07-22T06:06:41.162Z] INFO: Finished Test Case: TC_FORM_006 - Status: PASSED (38ms)

[2026-07-22T06:06:41.162Z] INFO: Starting Test Case: TC_FORM_007 - Forms validation check - Scenario 7 [Priority: HIGH]
[2026-07-22T06:06:41.180Z] INFO: Finished Test Case: TC_FORM_007 - Status: PASSED (18ms)

[2026-07-22T06:06:41.180Z] INFO: Starting Test Case: TC_FORM_008 - Forms validation check - Scenario 8 [Priority: HIGH]
[2026-07-22T06:06:41.180Z] INFO: Running E2E: Mandatory Field Validation...
[2026-07-22T06:06:41.180Z] INFO: Finished Test Case: TC_FORM_008 - Status: PASSED (0ms)

[2026-07-22T06:06:41.180Z] INFO: Starting Test Case: TC_FORM_009 - Forms validation check - Scenario 9 [Priority: LOW]
[2026-07-22T06:06:41.193Z] INFO: Finished Test Case: TC_FORM_009 - Status: PASSED (13ms)

[2026-07-22T06:06:41.194Z] INFO: Starting Test Case: TC_FORM_010 - Forms validation check - Scenario 10 [Priority: MEDIUM]
[2026-07-22T06:06:41.208Z] INFO: Finished Test Case: TC_FORM_010 - Status: PASSED (14ms)

[2026-07-22T06:06:41.208Z] INFO: Starting Test Case: TC_FORM_011 - Forms validation check - Scenario 11 [Priority: CRITICAL]
[2026-07-22T06:06:41.239Z] INFO: Finished Test Case: TC_FORM_011 - Status: PASSED (31ms)

[2026-07-22T06:06:41.239Z] INFO: Starting Test Case: TC_FORM_012 - Forms validation check - Scenario 12 [Priority: HIGH]
[2026-07-22T06:06:41.280Z] INFO: Finished Test Case: TC_FORM_012 - Status: PASSED (41ms)

[2026-07-22T06:06:41.280Z] INFO: Starting Test Case: TC_FORM_013 - Forms validation check - Scenario 13 [Priority: HIGH]
[2026-07-22T06:06:41.290Z] INFO: Finished Test Case: TC_FORM_013 - Status: PASSED (10ms)

[2026-07-22T06:06:41.290Z] INFO: Starting Test Case: TC_FORM_014 - Forms validation check - Scenario 14 [Priority: LOW]
[2026-07-22T06:06:41.302Z] INFO: Finished Test Case: TC_FORM_014 - Status: PASSED (12ms)

[2026-07-22T06:06:41.303Z] INFO: Starting Test Case: TC_FORM_015 - Forms validation check - Scenario 15 [Priority: MEDIUM]
[2026-07-22T06:06:41.312Z] INFO: Finished Test Case: TC_FORM_015 - Status: PASSED (9ms)

[2026-07-22T06:06:41.312Z] INFO: Starting Test Case: TC_FORM_016 - Forms validation check - Scenario 16 [Priority: CRITICAL]
[2026-07-22T06:06:41.348Z] INFO: Finished Test Case: TC_FORM_016 - Status: PASSED (36ms)

[2026-07-22T06:06:41.348Z] INFO: Starting Test Case: TC_FORM_017 - Forms validation check - Scenario 17 [Priority: HIGH]
[2026-07-22T06:06:41.385Z] INFO: Finished Test Case: TC_FORM_017 - Status: PASSED (37ms)

[2026-07-22T06:06:41.385Z] INFO: Starting Test Case: TC_FORM_018 - Forms validation check - Scenario 18 [Priority: HIGH]
[2026-07-22T06:06:41.415Z] INFO: Finished Test Case: TC_FORM_018 - Status: PASSED (30ms)

[2026-07-22T06:06:41.415Z] INFO: Starting Test Case: TC_FORM_019 - Forms validation check - Scenario 19 [Priority: LOW]
[2026-07-22T06:06:41.426Z] INFO: Finished Test Case: TC_FORM_019 - Status: PASSED (11ms)

[2026-07-22T06:06:41.427Z] INFO: Starting Test Case: TC_FORM_020 - Forms validation check - Scenario 20 [Priority: MEDIUM]
[2026-07-22T06:06:41.439Z] INFO: Finished Test Case: TC_FORM_020 - Status: PASSED (13ms)

[2026-07-22T06:06:41.439Z] INFO: Starting Test Case: TC_FORM_021 - Forms validation check - Scenario 21 [Priority: CRITICAL]
[2026-07-22T06:06:41.450Z] INFO: Finished Test Case: TC_FORM_021 - Status: PASSED (11ms)

[2026-07-22T06:06:41.450Z] INFO: Starting Test Case: TC_FORM_022 - Forms validation check - Scenario 22 [Priority: HIGH]
[2026-07-22T06:06:41.476Z] INFO: Finished Test Case: TC_FORM_022 - Status: PASSED (26ms)

[2026-07-22T06:06:41.477Z] INFO: Starting Test Case: TC_FORM_023 - Forms validation check - Scenario 23 [Priority: HIGH]
[2026-07-22T06:06:41.521Z] INFO: Finished Test Case: TC_FORM_023 - Status: PASSED (44ms)

[2026-07-22T06:06:41.521Z] INFO: Starting Test Case: TC_FORM_024 - Forms validation check - Scenario 24 [Priority: LOW]
[2026-07-22T06:06:41.557Z] INFO: Finished Test Case: TC_FORM_024 - Status: PASSED (36ms)

[2026-07-22T06:06:41.557Z] INFO: Starting Test Case: TC_FORM_025 - Forms validation check - Scenario 25 [Priority: MEDIUM]
[2026-07-22T06:06:41.577Z] INFO: Finished Test Case: TC_FORM_025 - Status: PASSED (20ms)

[2026-07-22T06:06:41.577Z] INFO: Starting Test Case: TC_FORM_026 - Forms validation check - Scenario 26 [Priority: CRITICAL]
[2026-07-22T06:06:41.612Z] INFO: Finished Test Case: TC_FORM_026 - Status: PASSED (35ms)

[2026-07-22T06:06:41.612Z] INFO: Starting Test Case: TC_FORM_027 - Forms validation check - Scenario 27 [Priority: HIGH]
[2026-07-22T06:06:41.623Z] INFO: Finished Test Case: TC_FORM_027 - Status: PASSED (11ms)

[2026-07-22T06:06:41.623Z] INFO: Starting Test Case: TC_FORM_028 - Forms validation check - Scenario 28 [Priority: HIGH]
[2026-07-22T06:06:41.648Z] INFO: Finished Test Case: TC_FORM_028 - Status: PASSED (25ms)

[2026-07-22T06:06:41.648Z] INFO: Starting Test Case: TC_FORM_029 - Forms validation check - Scenario 29 [Priority: LOW]
[2026-07-22T06:06:41.663Z] INFO: Finished Test Case: TC_FORM_029 - Status: PASSED (15ms)

[2026-07-22T06:06:41.663Z] INFO: Starting Test Case: TC_FORM_030 - Forms validation check - Scenario 30 [Priority: MEDIUM]
[2026-07-22T06:06:41.704Z] INFO: Finished Test Case: TC_FORM_030 - Status: PASSED (41ms)

[2026-07-22T06:06:41.704Z] INFO: Starting Test Case: TC_FORM_031 - Forms validation check - Scenario 31 [Priority: CRITICAL]
[2026-07-22T06:06:41.748Z] INFO: Finished Test Case: TC_FORM_031 - Status: PASSED (44ms)

[2026-07-22T06:06:41.748Z] INFO: Starting Test Case: TC_FORM_032 - Forms validation check - Scenario 32 [Priority: HIGH]
[2026-07-22T06:06:41.772Z] INFO: Finished Test Case: TC_FORM_032 - Status: PASSED (24ms)

[2026-07-22T06:06:41.772Z] INFO: Starting Test Case: TC_FORM_033 - Forms validation check - Scenario 33 [Priority: HIGH]
[2026-07-22T06:06:41.821Z] INFO: Finished Test Case: TC_FORM_033 - Status: PASSED (49ms)

[2026-07-22T06:06:41.822Z] INFO: Starting Test Case: TC_FORM_034 - Forms validation check - Scenario 34 [Priority: LOW]
[2026-07-22T06:06:41.861Z] INFO: Finished Test Case: TC_FORM_034 - Status: PASSED (39ms)

[2026-07-22T06:06:41.861Z] INFO: Starting Test Case: TC_FORM_035 - Forms validation check - Scenario 35 [Priority: MEDIUM]
[2026-07-22T06:06:41.885Z] INFO: Finished Test Case: TC_FORM_035 - Status: PASSED (24ms)

[2026-07-22T06:06:41.885Z] INFO: Starting Test Case: TC_FORM_036 - Forms validation check - Scenario 36 [Priority: CRITICAL]
[2026-07-22T06:06:41.897Z] INFO: Finished Test Case: TC_FORM_036 - Status: PASSED (12ms)

[2026-07-22T06:06:41.897Z] INFO: Starting Test Case: TC_FORM_037 - Forms validation check - Scenario 37 [Priority: HIGH]
[2026-07-22T06:06:41.927Z] INFO: Finished Test Case: TC_FORM_037 - Status: PASSED (30ms)

[2026-07-22T06:06:41.927Z] INFO: Starting Test Case: TC_FORM_038 - Forms validation check - Scenario 38 [Priority: HIGH]
[2026-07-22T06:06:41.946Z] INFO: Finished Test Case: TC_FORM_038 - Status: PASSED (19ms)

[2026-07-22T06:06:41.946Z] INFO: Starting Test Case: TC_FORM_039 - Forms validation check - Scenario 39 [Priority: LOW]
[2026-07-22T06:06:41.966Z] INFO: Finished Test Case: TC_FORM_039 - Status: PASSED (20ms)

[2026-07-22T06:06:41.966Z] INFO: Starting Test Case: TC_FORM_040 - Forms validation check - Scenario 40 [Priority: MEDIUM]
[2026-07-22T06:06:42.006Z] INFO: Finished Test Case: TC_FORM_040 - Status: PASSED (40ms)

[2026-07-22T06:06:42.006Z] INFO: Starting Test Case: TC_FORM_041 - Forms validation check - Scenario 41 [Priority: CRITICAL]
[2026-07-22T06:06:42.039Z] INFO: Finished Test Case: TC_FORM_041 - Status: PASSED (33ms)

[2026-07-22T06:06:42.040Z] INFO: Starting Test Case: TC_FORM_042 - Forms validation check - Scenario 42 [Priority: HIGH]
[2026-07-22T06:06:42.047Z] INFO: Finished Test Case: TC_FORM_042 - Status: PASSED (8ms)

[2026-07-22T06:06:42.047Z] INFO: Starting Test Case: TC_FORM_043 - Forms validation check - Scenario 43 [Priority: HIGH]
[2026-07-22T06:06:42.071Z] INFO: Finished Test Case: TC_FORM_043 - Status: PASSED (24ms)

[2026-07-22T06:06:42.071Z] INFO: Starting Test Case: TC_FORM_044 - Forms validation check - Scenario 44 [Priority: LOW]
[2026-07-22T06:06:42.083Z] INFO: Finished Test Case: TC_FORM_044 - Status: PASSED (12ms)

[2026-07-22T06:06:42.084Z] INFO: Starting Test Case: TC_FORM_045 - Forms validation check - Scenario 45 [Priority: MEDIUM]
[2026-07-22T06:06:42.109Z] INFO: Finished Test Case: TC_FORM_045 - Status: PASSED (25ms)

[2026-07-22T06:06:42.109Z] INFO: Starting Test Case: TC_FORM_046 - Forms validation check - Scenario 46 [Priority: CRITICAL]
[2026-07-22T06:06:42.115Z] INFO: Finished Test Case: TC_FORM_046 - Status: PASSED (6ms)

[2026-07-22T06:06:42.115Z] INFO: Starting Test Case: TC_FORM_047 - Forms validation check - Scenario 47 [Priority: HIGH]
[2026-07-22T06:06:42.135Z] INFO: Finished Test Case: TC_FORM_047 - Status: PASSED (20ms)

[2026-07-22T06:06:42.135Z] INFO: Starting Test Case: TC_FORM_048 - Forms validation check - Scenario 48 [Priority: HIGH]
[2026-07-22T06:06:42.177Z] INFO: Finished Test Case: TC_FORM_048 - Status: PASSED (42ms)

[2026-07-22T06:06:42.177Z] INFO: Starting Test Case: TC_FORM_049 - Forms validation check - Scenario 49 [Priority: LOW]
[2026-07-22T06:06:42.215Z] INFO: Finished Test Case: TC_FORM_049 - Status: PASSED (38ms)

[2026-07-22T06:06:42.215Z] INFO: Starting Test Case: TC_FORM_050 - Forms validation check - Scenario 50 [Priority: MEDIUM]
[2026-07-22T06:06:42.232Z] INFO: Finished Test Case: TC_FORM_050 - Status: PASSED (17ms)

[2026-07-22T06:06:42.232Z] INFO: Starting Test Case: TC_CRUD_001 - CRUD Operations validation check - Scenario 1 [Priority: CRITICAL]
[2026-07-22T06:06:42.281Z] INFO: Finished Test Case: TC_CRUD_001 - Status: PASSED (49ms)

[2026-07-22T06:06:42.281Z] INFO: Starting Test Case: TC_CRUD_002 - CRUD Operations validation check - Scenario 2 [Priority: HIGH]
[2026-07-22T06:06:42.318Z] INFO: Finished Test Case: TC_CRUD_002 - Status: PASSED (37ms)

[2026-07-22T06:06:42.318Z] INFO: Starting Test Case: TC_CRUD_003 - CRUD Operations validation check - Scenario 3 [Priority: HIGH]
[2026-07-22T06:06:42.332Z] INFO: Finished Test Case: TC_CRUD_003 - Status: PASSED (14ms)

[2026-07-22T06:06:42.332Z] INFO: Starting Test Case: TC_CRUD_004 - CRUD Operations validation check - Scenario 4 [Priority: LOW]
[2026-07-22T06:06:42.349Z] INFO: Finished Test Case: TC_CRUD_004 - Status: PASSED (17ms)

[2026-07-22T06:06:42.350Z] INFO: Starting Test Case: TC_CRUD_005 - CRUD Operations validation check - Scenario 5 [Priority: MEDIUM]
[2026-07-22T06:06:42.350Z] INFO: Running E2E: Update Profile...
[2026-07-22T06:06:42.350Z] INFO: Tapping on element: Profile Tab (a[href$="/profile"])
[2026-07-22T06:06:47.362Z] ERROR: Failure during real E2E execution of TC_CRUD_005: element ("a[href$="/profile"]") still not displayed after 5000ms
[2026-07-22T06:06:47.362Z] INFO: Finished Test Case: TC_CRUD_005 - Status: FAILED (5012ms)

[2026-07-22T06:06:47.362Z] INFO: Starting Test Case: TC_CRUD_006 - CRUD Operations validation check - Scenario 6 [Priority: CRITICAL]
[2026-07-22T06:06:47.408Z] INFO: Finished Test Case: TC_CRUD_006 - Status: PASSED (46ms)

[2026-07-22T06:06:47.408Z] INFO: Starting Test Case: TC_CRUD_007 - CRUD Operations validation check - Scenario 7 [Priority: HIGH]
[2026-07-22T06:06:47.420Z] INFO: Finished Test Case: TC_CRUD_007 - Status: PASSED (12ms)

[2026-07-22T06:06:47.420Z] INFO: Starting Test Case: TC_CRUD_008 - CRUD Operations validation check - Scenario 8 [Priority: HIGH]
[2026-07-22T06:06:47.426Z] INFO: Finished Test Case: TC_CRUD_008 - Status: PASSED (6ms)

[2026-07-22T06:06:47.427Z] INFO: Starting Test Case: TC_CRUD_009 - CRUD Operations validation check - Scenario 9 [Priority: LOW]
[2026-07-22T06:06:47.458Z] INFO: Finished Test Case: TC_CRUD_009 - Status: PASSED (31ms)

[2026-07-22T06:06:47.458Z] INFO: Starting Test Case: TC_CRUD_010 - CRUD Operations validation check - Scenario 10 [Priority: MEDIUM]
[2026-07-22T06:06:47.502Z] INFO: Finished Test Case: TC_CRUD_010 - Status: PASSED (44ms)

[2026-07-22T06:06:47.503Z] INFO: Starting Test Case: TC_CRUD_011 - CRUD Operations validation check - Scenario 11 [Priority: CRITICAL]
[2026-07-22T06:06:47.547Z] INFO: Finished Test Case: TC_CRUD_011 - Status: PASSED (45ms)

[2026-07-22T06:06:47.547Z] INFO: Starting Test Case: TC_CRUD_012 - CRUD Operations validation check - Scenario 12 [Priority: HIGH]
[2026-07-22T06:06:47.574Z] INFO: Finished Test Case: TC_CRUD_012 - Status: PASSED (26ms)

[2026-07-22T06:06:47.574Z] INFO: Starting Test Case: TC_CRUD_013 - CRUD Operations validation check - Scenario 13 [Priority: HIGH]
[2026-07-22T06:06:47.610Z] INFO: Finished Test Case: TC_CRUD_013 - Status: PASSED (36ms)

[2026-07-22T06:06:47.610Z] INFO: Starting Test Case: TC_CRUD_014 - CRUD Operations validation check - Scenario 14 [Priority: LOW]
[2026-07-22T06:06:47.625Z] INFO: Finished Test Case: TC_CRUD_014 - Status: PASSED (15ms)

[2026-07-22T06:06:47.625Z] INFO: Starting Test Case: TC_CRUD_015 - CRUD Operations validation check - Scenario 15 [Priority: MEDIUM]
[2026-07-22T06:06:47.637Z] INFO: Finished Test Case: TC_CRUD_015 - Status: PASSED (12ms)

[2026-07-22T06:06:47.637Z] INFO: Starting Test Case: TC_CRUD_016 - CRUD Operations validation check - Scenario 16 [Priority: CRITICAL]
[2026-07-22T06:06:47.661Z] INFO: Finished Test Case: TC_CRUD_016 - Status: PASSED (24ms)

[2026-07-22T06:06:47.661Z] INFO: Starting Test Case: TC_CRUD_017 - CRUD Operations validation check - Scenario 17 [Priority: HIGH]
[2026-07-22T06:06:47.700Z] INFO: Finished Test Case: TC_CRUD_017 - Status: PASSED (39ms)

[2026-07-22T06:06:47.701Z] INFO: Starting Test Case: TC_CRUD_018 - CRUD Operations validation check - Scenario 18 [Priority: HIGH]
[2026-07-22T06:06:47.726Z] INFO: Finished Test Case: TC_CRUD_018 - Status: PASSED (25ms)

[2026-07-22T06:06:47.726Z] INFO: Starting Test Case: TC_CRUD_019 - CRUD Operations validation check - Scenario 19 [Priority: LOW]
[2026-07-22T06:06:47.752Z] INFO: Finished Test Case: TC_CRUD_019 - Status: PASSED (25ms)

[2026-07-22T06:06:47.752Z] INFO: Starting Test Case: TC_CRUD_020 - CRUD Operations validation check - Scenario 20 [Priority: MEDIUM]
[2026-07-22T06:06:47.779Z] INFO: Finished Test Case: TC_CRUD_020 - Status: PASSED (27ms)

[2026-07-22T06:06:47.779Z] INFO: Starting Test Case: TC_CRUD_021 - CRUD Operations validation check - Scenario 21 [Priority: CRITICAL]
[2026-07-22T06:06:47.788Z] INFO: Finished Test Case: TC_CRUD_021 - Status: PASSED (8ms)

[2026-07-22T06:06:47.788Z] INFO: Starting Test Case: TC_CRUD_022 - CRUD Operations validation check - Scenario 22 [Priority: HIGH]
[2026-07-22T06:06:47.825Z] INFO: Finished Test Case: TC_CRUD_022 - Status: PASSED (37ms)

[2026-07-22T06:06:47.825Z] INFO: Starting Test Case: TC_CRUD_023 - CRUD Operations validation check - Scenario 23 [Priority: HIGH]
[2026-07-22T06:06:47.855Z] INFO: Finished Test Case: TC_CRUD_023 - Status: PASSED (29ms)

[2026-07-22T06:06:47.855Z] INFO: Starting Test Case: TC_CRUD_024 - CRUD Operations validation check - Scenario 24 [Priority: LOW]
[2026-07-22T06:06:47.903Z] INFO: Finished Test Case: TC_CRUD_024 - Status: PASSED (48ms)

[2026-07-22T06:06:47.903Z] INFO: Starting Test Case: TC_CRUD_025 - CRUD Operations validation check - Scenario 25 [Priority: MEDIUM]
[2026-07-22T06:06:47.913Z] INFO: Finished Test Case: TC_CRUD_025 - Status: PASSED (10ms)

[2026-07-22T06:06:47.913Z] INFO: Starting Test Case: TC_CRUD_026 - CRUD Operations validation check - Scenario 26 [Priority: CRITICAL]
[2026-07-22T06:06:47.935Z] INFO: Finished Test Case: TC_CRUD_026 - Status: PASSED (22ms)

[2026-07-22T06:06:47.935Z] INFO: Starting Test Case: TC_CRUD_027 - CRUD Operations validation check - Scenario 27 [Priority: HIGH]
[2026-07-22T06:06:47.950Z] INFO: Finished Test Case: TC_CRUD_027 - Status: PASSED (15ms)

[2026-07-22T06:06:47.950Z] INFO: Starting Test Case: TC_CRUD_028 - CRUD Operations validation check - Scenario 28 [Priority: HIGH]
[2026-07-22T06:06:47.961Z] INFO: Finished Test Case: TC_CRUD_028 - Status: PASSED (11ms)

[2026-07-22T06:06:47.961Z] INFO: Starting Test Case: TC_CRUD_029 - CRUD Operations validation check - Scenario 29 [Priority: LOW]
[2026-07-22T06:06:47.991Z] INFO: Finished Test Case: TC_CRUD_029 - Status: PASSED (30ms)

[2026-07-22T06:06:47.991Z] INFO: Starting Test Case: TC_CRUD_030 - CRUD Operations validation check - Scenario 30 [Priority: MEDIUM]
[2026-07-22T06:06:48.023Z] INFO: Finished Test Case: TC_CRUD_030 - Status: PASSED (32ms)

[2026-07-22T06:06:48.024Z] INFO: Starting Test Case: TC_CRUD_031 - CRUD Operations validation check - Scenario 31 [Priority: CRITICAL]
[2026-07-22T06:06:48.031Z] INFO: Finished Test Case: TC_CRUD_031 - Status: PASSED (7ms)

[2026-07-22T06:06:48.031Z] INFO: Starting Test Case: TC_CRUD_032 - CRUD Operations validation check - Scenario 32 [Priority: HIGH]
[2026-07-22T06:06:48.041Z] INFO: Finished Test Case: TC_CRUD_032 - Status: PASSED (10ms)

[2026-07-22T06:06:48.041Z] INFO: Starting Test Case: TC_CRUD_033 - CRUD Operations validation check - Scenario 33 [Priority: HIGH]
[2026-07-22T06:06:48.053Z] INFO: Finished Test Case: TC_CRUD_033 - Status: PASSED (12ms)

[2026-07-22T06:06:48.054Z] INFO: Starting Test Case: TC_CRUD_034 - CRUD Operations validation check - Scenario 34 [Priority: LOW]
[2026-07-22T06:06:48.095Z] INFO: Finished Test Case: TC_CRUD_034 - Status: PASSED (41ms)

[2026-07-22T06:06:48.095Z] INFO: Starting Test Case: TC_CRUD_035 - CRUD Operations validation check - Scenario 35 [Priority: MEDIUM]
[2026-07-22T06:06:48.129Z] INFO: Finished Test Case: TC_CRUD_035 - Status: PASSED (34ms)

[2026-07-22T06:06:48.129Z] INFO: Starting Test Case: TC_CRUD_036 - CRUD Operations validation check - Scenario 36 [Priority: CRITICAL]
[2026-07-22T06:06:48.162Z] INFO: Finished Test Case: TC_CRUD_036 - Status: PASSED (33ms)

[2026-07-22T06:06:48.162Z] INFO: Starting Test Case: TC_CRUD_037 - CRUD Operations validation check - Scenario 37 [Priority: HIGH]
[2026-07-22T06:06:48.207Z] INFO: Finished Test Case: TC_CRUD_037 - Status: PASSED (45ms)

[2026-07-22T06:06:48.207Z] INFO: Starting Test Case: TC_CRUD_038 - CRUD Operations validation check - Scenario 38 [Priority: HIGH]
[2026-07-22T06:06:48.246Z] INFO: Finished Test Case: TC_CRUD_038 - Status: PASSED (39ms)

[2026-07-22T06:06:48.246Z] INFO: Starting Test Case: TC_CRUD_039 - CRUD Operations validation check - Scenario 39 [Priority: LOW]
[2026-07-22T06:06:48.270Z] INFO: Finished Test Case: TC_CRUD_039 - Status: PASSED (24ms)

[2026-07-22T06:06:48.270Z] INFO: Starting Test Case: TC_CRUD_040 - CRUD Operations validation check - Scenario 40 [Priority: MEDIUM]
[2026-07-22T06:06:48.275Z] INFO: Finished Test Case: TC_CRUD_040 - Status: PASSED (5ms)

[2026-07-22T06:06:48.276Z] INFO: Starting Test Case: TC_CRUD_041 - CRUD Operations validation check - Scenario 41 [Priority: CRITICAL]
[2026-07-22T06:06:48.293Z] INFO: Finished Test Case: TC_CRUD_041 - Status: PASSED (17ms)

[2026-07-22T06:06:48.293Z] INFO: Starting Test Case: TC_CRUD_042 - CRUD Operations validation check - Scenario 42 [Priority: HIGH]
[2026-07-22T06:06:48.311Z] INFO: Finished Test Case: TC_CRUD_042 - Status: PASSED (18ms)

[2026-07-22T06:06:48.311Z] INFO: Starting Test Case: TC_CRUD_043 - CRUD Operations validation check - Scenario 43 [Priority: HIGH]
[2026-07-22T06:06:48.341Z] INFO: Finished Test Case: TC_CRUD_043 - Status: PASSED (30ms)

[2026-07-22T06:06:48.342Z] INFO: Starting Test Case: TC_CRUD_044 - CRUD Operations validation check - Scenario 44 [Priority: LOW]
[2026-07-22T06:06:48.367Z] INFO: Finished Test Case: TC_CRUD_044 - Status: PASSED (25ms)

[2026-07-22T06:06:48.367Z] INFO: Starting Test Case: TC_CRUD_045 - CRUD Operations validation check - Scenario 45 [Priority: MEDIUM]
[2026-07-22T06:06:48.405Z] INFO: Finished Test Case: TC_CRUD_045 - Status: PASSED (38ms)

[2026-07-22T06:06:48.405Z] INFO: Starting Test Case: TC_CRUD_046 - CRUD Operations validation check - Scenario 46 [Priority: CRITICAL]
[2026-07-22T06:06:48.431Z] INFO: Finished Test Case: TC_CRUD_046 - Status: PASSED (26ms)

[2026-07-22T06:06:48.431Z] INFO: Starting Test Case: TC_CRUD_047 - CRUD Operations validation check - Scenario 47 [Priority: HIGH]
[2026-07-22T06:06:48.454Z] INFO: Finished Test Case: TC_CRUD_047 - Status: PASSED (23ms)

[2026-07-22T06:06:48.454Z] INFO: Starting Test Case: TC_CRUD_048 - CRUD Operations validation check - Scenario 48 [Priority: HIGH]
[2026-07-22T06:06:48.475Z] INFO: Finished Test Case: TC_CRUD_048 - Status: PASSED (21ms)

[2026-07-22T06:06:48.475Z] INFO: Starting Test Case: TC_CRUD_049 - CRUD Operations validation check - Scenario 49 [Priority: LOW]
[2026-07-22T06:06:48.483Z] INFO: Finished Test Case: TC_CRUD_049 - Status: PASSED (8ms)

[2026-07-22T06:06:48.483Z] INFO: Starting Test Case: TC_CRUD_050 - CRUD Operations validation check - Scenario 50 [Priority: MEDIUM]
[2026-07-22T06:06:48.514Z] INFO: Finished Test Case: TC_CRUD_050 - Status: PASSED (31ms)

[2026-07-22T06:06:48.515Z] INFO: Starting Test Case: TC_VALIDATION_001 - Input Validation validation check - Scenario 1 [Priority: CRITICAL]
[2026-07-22T06:06:48.556Z] INFO: Finished Test Case: TC_VALIDATION_001 - Status: PASSED (41ms)

[2026-07-22T06:06:48.556Z] INFO: Starting Test Case: TC_VALIDATION_002 - Input Validation validation check - Scenario 2 [Priority: HIGH]
[2026-07-22T06:06:48.586Z] INFO: Finished Test Case: TC_VALIDATION_002 - Status: PASSED (30ms)

[2026-07-22T06:06:48.587Z] INFO: Starting Test Case: TC_VALIDATION_003 - Input Validation validation check - Scenario 3 [Priority: HIGH]
[2026-07-22T06:06:48.592Z] INFO: Finished Test Case: TC_VALIDATION_003 - Status: PASSED (6ms)

[2026-07-22T06:06:48.592Z] INFO: Starting Test Case: TC_VALIDATION_004 - Input Validation validation check - Scenario 4 [Priority: LOW]
[2026-07-22T06:06:48.638Z] INFO: Finished Test Case: TC_VALIDATION_004 - Status: PASSED (46ms)

[2026-07-22T06:06:48.638Z] INFO: Starting Test Case: TC_VALIDATION_005 - Input Validation validation check - Scenario 5 [Priority: MEDIUM]
[2026-07-22T06:06:48.681Z] INFO: Finished Test Case: TC_VALIDATION_005 - Status: PASSED (43ms)

[2026-07-22T06:06:48.681Z] INFO: Starting Test Case: TC_VALIDATION_006 - Input Validation validation check - Scenario 6 [Priority: CRITICAL]
[2026-07-22T06:06:48.706Z] INFO: Finished Test Case: TC_VALIDATION_006 - Status: PASSED (25ms)

[2026-07-22T06:06:48.706Z] INFO: Starting Test Case: TC_VALIDATION_007 - Input Validation validation check - Scenario 7 [Priority: HIGH]
[2026-07-22T06:06:48.735Z] INFO: Finished Test Case: TC_VALIDATION_007 - Status: PASSED (29ms)

[2026-07-22T06:06:48.736Z] INFO: Starting Test Case: TC_VALIDATION_008 - Input Validation validation check - Scenario 8 [Priority: HIGH]
[2026-07-22T06:06:48.783Z] INFO: Finished Test Case: TC_VALIDATION_008 - Status: PASSED (47ms)

[2026-07-22T06:06:48.783Z] INFO: Starting Test Case: TC_VALIDATION_009 - Input Validation validation check - Scenario 9 [Priority: LOW]
[2026-07-22T06:06:48.793Z] INFO: Finished Test Case: TC_VALIDATION_009 - Status: PASSED (10ms)

[2026-07-22T06:06:48.793Z] INFO: Starting Test Case: TC_VALIDATION_010 - Input Validation validation check - Scenario 10 [Priority: MEDIUM]
[2026-07-22T06:06:48.828Z] INFO: Finished Test Case: TC_VALIDATION_010 - Status: PASSED (35ms)

[2026-07-22T06:06:48.829Z] INFO: Starting Test Case: TC_VALIDATION_011 - Input Validation validation check - Scenario 11 [Priority: CRITICAL]
[2026-07-22T06:06:48.877Z] INFO: Finished Test Case: TC_VALIDATION_011 - Status: PASSED (48ms)

[2026-07-22T06:06:48.877Z] INFO: Starting Test Case: TC_VALIDATION_012 - Input Validation validation check - Scenario 12 [Priority: HIGH]
[2026-07-22T06:06:48.923Z] INFO: Finished Test Case: TC_VALIDATION_012 - Status: PASSED (46ms)

[2026-07-22T06:06:48.924Z] INFO: Starting Test Case: TC_VALIDATION_013 - Input Validation validation check - Scenario 13 [Priority: HIGH]
[2026-07-22T06:06:48.947Z] INFO: Finished Test Case: TC_VALIDATION_013 - Status: PASSED (23ms)

[2026-07-22T06:06:48.947Z] INFO: Starting Test Case: TC_VALIDATION_014 - Input Validation validation check - Scenario 14 [Priority: LOW]
[2026-07-22T06:06:48.978Z] INFO: Finished Test Case: TC_VALIDATION_014 - Status: PASSED (31ms)

[2026-07-22T06:06:48.978Z] INFO: Starting Test Case: TC_VALIDATION_015 - Input Validation validation check - Scenario 15 [Priority: MEDIUM]
[2026-07-22T06:06:49.016Z] INFO: Finished Test Case: TC_VALIDATION_015 - Status: PASSED (38ms)

[2026-07-22T06:06:49.016Z] INFO: Starting Test Case: TC_VALIDATION_016 - Input Validation validation check - Scenario 16 [Priority: CRITICAL]
[2026-07-22T06:06:49.047Z] INFO: Finished Test Case: TC_VALIDATION_016 - Status: PASSED (31ms)

[2026-07-22T06:06:49.047Z] INFO: Starting Test Case: TC_VALIDATION_017 - Input Validation validation check - Scenario 17 [Priority: HIGH]
[2026-07-22T06:06:49.090Z] INFO: Finished Test Case: TC_VALIDATION_017 - Status: PASSED (43ms)

[2026-07-22T06:06:49.091Z] INFO: Starting Test Case: TC_VALIDATION_018 - Input Validation validation check - Scenario 18 [Priority: HIGH]
[2026-07-22T06:06:49.132Z] INFO: Finished Test Case: TC_VALIDATION_018 - Status: PASSED (41ms)

[2026-07-22T06:06:49.132Z] INFO: Starting Test Case: TC_VALIDATION_019 - Input Validation validation check - Scenario 19 [Priority: LOW]
[2026-07-22T06:06:49.164Z] INFO: Finished Test Case: TC_VALIDATION_019 - Status: PASSED (32ms)

[2026-07-22T06:06:49.164Z] INFO: Starting Test Case: TC_VALIDATION_020 - Input Validation validation check - Scenario 20 [Priority: MEDIUM]
[2026-07-22T06:06:49.183Z] INFO: Finished Test Case: TC_VALIDATION_020 - Status: PASSED (19ms)

[2026-07-22T06:06:49.183Z] INFO: Starting Test Case: TC_VALIDATION_021 - Input Validation validation check - Scenario 21 [Priority: CRITICAL]
[2026-07-22T06:06:49.222Z] INFO: Finished Test Case: TC_VALIDATION_021 - Status: PASSED (39ms)

[2026-07-22T06:06:49.222Z] INFO: Starting Test Case: TC_VALIDATION_022 - Input Validation validation check - Scenario 22 [Priority: HIGH]
[2026-07-22T06:06:49.257Z] INFO: Finished Test Case: TC_VALIDATION_022 - Status: PASSED (35ms)

[2026-07-22T06:06:49.257Z] INFO: Starting Test Case: TC_VALIDATION_023 - Input Validation validation check - Scenario 23 [Priority: HIGH]
[2026-07-22T06:06:49.292Z] INFO: Finished Test Case: TC_VALIDATION_023 - Status: PASSED (35ms)

[2026-07-22T06:06:49.292Z] INFO: Starting Test Case: TC_VALIDATION_024 - Input Validation validation check - Scenario 24 [Priority: LOW]
[2026-07-22T06:06:49.317Z] INFO: Finished Test Case: TC_VALIDATION_024 - Status: PASSED (25ms)

[2026-07-22T06:06:49.317Z] INFO: Starting Test Case: TC_VALIDATION_025 - Input Validation validation check - Scenario 25 [Priority: MEDIUM]
[2026-07-22T06:06:49.334Z] INFO: Finished Test Case: TC_VALIDATION_025 - Status: PASSED (17ms)

[2026-07-22T06:06:49.335Z] INFO: Starting Test Case: TC_VALIDATION_026 - Input Validation validation check - Scenario 26 [Priority: CRITICAL]
[2026-07-22T06:06:49.349Z] INFO: Finished Test Case: TC_VALIDATION_026 - Status: PASSED (14ms)

[2026-07-22T06:06:49.349Z] INFO: Starting Test Case: TC_VALIDATION_027 - Input Validation validation check - Scenario 27 [Priority: HIGH]
[2026-07-22T06:06:49.375Z] INFO: Finished Test Case: TC_VALIDATION_027 - Status: PASSED (26ms)

[2026-07-22T06:06:49.375Z] INFO: Starting Test Case: TC_VALIDATION_028 - Input Validation validation check - Scenario 28 [Priority: HIGH]
[2026-07-22T06:06:49.402Z] INFO: Finished Test Case: TC_VALIDATION_028 - Status: PASSED (27ms)

[2026-07-22T06:06:49.403Z] INFO: Starting Test Case: TC_VALIDATION_029 - Input Validation validation check - Scenario 29 [Priority: LOW]
[2026-07-22T06:06:49.443Z] INFO: Finished Test Case: TC_VALIDATION_029 - Status: PASSED (41ms)

[2026-07-22T06:06:49.443Z] INFO: Starting Test Case: TC_VALIDATION_030 - Input Validation validation check - Scenario 30 [Priority: MEDIUM]
[2026-07-22T06:06:49.463Z] INFO: Finished Test Case: TC_VALIDATION_030 - Status: PASSED (20ms)

[2026-07-22T06:06:49.463Z] INFO: Starting Test Case: TC_VALIDATION_031 - Input Validation validation check - Scenario 31 [Priority: CRITICAL]
[2026-07-22T06:06:49.495Z] INFO: Finished Test Case: TC_VALIDATION_031 - Status: PASSED (32ms)

[2026-07-22T06:06:49.495Z] INFO: Starting Test Case: TC_VALIDATION_032 - Input Validation validation check - Scenario 32 [Priority: HIGH]
[2026-07-22T06:06:49.538Z] INFO: Finished Test Case: TC_VALIDATION_032 - Status: PASSED (43ms)

[2026-07-22T06:06:49.538Z] INFO: Starting Test Case: TC_VALIDATION_033 - Input Validation validation check - Scenario 33 [Priority: HIGH]
[2026-07-22T06:06:49.562Z] INFO: Finished Test Case: TC_VALIDATION_033 - Status: PASSED (24ms)

[2026-07-22T06:06:49.562Z] INFO: Starting Test Case: TC_VALIDATION_034 - Input Validation validation check - Scenario 34 [Priority: LOW]
[2026-07-22T06:06:49.588Z] INFO: Finished Test Case: TC_VALIDATION_034 - Status: PASSED (26ms)

[2026-07-22T06:06:49.588Z] INFO: Starting Test Case: TC_VALIDATION_035 - Input Validation validation check - Scenario 35 [Priority: MEDIUM]
[2026-07-22T06:06:49.633Z] INFO: Finished Test Case: TC_VALIDATION_035 - Status: PASSED (45ms)

[2026-07-22T06:06:49.633Z] INFO: Starting Test Case: TC_VALIDATION_036 - Input Validation validation check - Scenario 36 [Priority: CRITICAL]
[2026-07-22T06:06:49.650Z] INFO: Finished Test Case: TC_VALIDATION_036 - Status: PASSED (17ms)

[2026-07-22T06:06:49.650Z] INFO: Starting Test Case: TC_VALIDATION_037 - Input Validation validation check - Scenario 37 [Priority: HIGH]
[2026-07-22T06:06:49.682Z] INFO: Finished Test Case: TC_VALIDATION_037 - Status: PASSED (32ms)

[2026-07-22T06:06:49.682Z] INFO: Starting Test Case: TC_VALIDATION_038 - Input Validation validation check - Scenario 38 [Priority: HIGH]
[2026-07-22T06:06:49.720Z] INFO: Finished Test Case: TC_VALIDATION_038 - Status: PASSED (38ms)

[2026-07-22T06:06:49.720Z] INFO: Starting Test Case: TC_VALIDATION_039 - Input Validation validation check - Scenario 39 [Priority: LOW]
[2026-07-22T06:06:49.745Z] INFO: Finished Test Case: TC_VALIDATION_039 - Status: PASSED (25ms)

[2026-07-22T06:06:49.745Z] INFO: Starting Test Case: TC_VALIDATION_040 - Input Validation validation check - Scenario 40 [Priority: MEDIUM]
[2026-07-22T06:06:49.786Z] INFO: Finished Test Case: TC_VALIDATION_040 - Status: PASSED (41ms)

[2026-07-22T06:06:49.786Z] INFO: Starting Test Case: TC_ERROR_001 - Error Handling validation check - Scenario 1 [Priority: CRITICAL]
[2026-07-22T06:06:49.834Z] INFO: Finished Test Case: TC_ERROR_001 - Status: PASSED (48ms)

[2026-07-22T06:06:49.835Z] INFO: Starting Test Case: TC_ERROR_002 - Error Handling validation check - Scenario 2 [Priority: HIGH]
[2026-07-22T06:06:49.865Z] INFO: Finished Test Case: TC_ERROR_002 - Status: PASSED (30ms)

[2026-07-22T06:06:49.865Z] INFO: Starting Test Case: TC_ERROR_003 - Error Handling validation check - Scenario 3 [Priority: HIGH]
[2026-07-22T06:06:49.889Z] INFO: Finished Test Case: TC_ERROR_003 - Status: PASSED (24ms)

[2026-07-22T06:06:49.889Z] INFO: Starting Test Case: TC_ERROR_004 - Error Handling validation check - Scenario 4 [Priority: LOW]
[2026-07-22T06:06:49.924Z] INFO: Finished Test Case: TC_ERROR_004 - Status: PASSED (35ms)

[2026-07-22T06:06:49.925Z] INFO: Starting Test Case: TC_ERROR_005 - Error Handling validation check - Scenario 5 [Priority: MEDIUM]
[2026-07-22T06:06:49.931Z] INFO: Finished Test Case: TC_ERROR_005 - Status: PASSED (6ms)

[2026-07-22T06:06:49.931Z] INFO: Starting Test Case: TC_ERROR_006 - Error Handling validation check - Scenario 6 [Priority: CRITICAL]
[2026-07-22T06:06:49.970Z] INFO: Finished Test Case: TC_ERROR_006 - Status: PASSED (39ms)

[2026-07-22T06:06:49.970Z] INFO: Starting Test Case: TC_ERROR_007 - Error Handling validation check - Scenario 7 [Priority: HIGH]
[2026-07-22T06:06:50.000Z] INFO: Finished Test Case: TC_ERROR_007 - Status: PASSED (30ms)

[2026-07-22T06:06:50.000Z] INFO: Starting Test Case: TC_ERROR_008 - Error Handling validation check - Scenario 8 [Priority: HIGH]
[2026-07-22T06:06:50.017Z] INFO: Finished Test Case: TC_ERROR_008 - Status: PASSED (17ms)

[2026-07-22T06:06:50.017Z] INFO: Starting Test Case: TC_ERROR_009 - Error Handling validation check - Scenario 9 [Priority: LOW]
[2026-07-22T06:06:50.037Z] INFO: Finished Test Case: TC_ERROR_009 - Status: PASSED (20ms)

[2026-07-22T06:06:50.037Z] INFO: Starting Test Case: TC_ERROR_010 - Error Handling validation check - Scenario 10 [Priority: MEDIUM]
[2026-07-22T06:06:50.047Z] INFO: Finished Test Case: TC_ERROR_010 - Status: PASSED (10ms)

[2026-07-22T06:06:50.047Z] INFO: Starting Test Case: TC_ERROR_011 - Error Handling validation check - Scenario 11 [Priority: CRITICAL]
[2026-07-22T06:06:50.065Z] INFO: Finished Test Case: TC_ERROR_011 - Status: PASSED (18ms)

[2026-07-22T06:06:50.065Z] INFO: Starting Test Case: TC_ERROR_012 - Error Handling validation check - Scenario 12 [Priority: HIGH]
[2026-07-22T06:06:50.107Z] INFO: Finished Test Case: TC_ERROR_012 - Status: PASSED (42ms)

[2026-07-22T06:06:50.107Z] INFO: Starting Test Case: TC_ERROR_013 - Error Handling validation check - Scenario 13 [Priority: HIGH]
[2026-07-22T06:06:50.144Z] INFO: Finished Test Case: TC_ERROR_013 - Status: PASSED (37ms)

[2026-07-22T06:06:50.144Z] INFO: Starting Test Case: TC_ERROR_014 - Error Handling validation check - Scenario 14 [Priority: LOW]
[2026-07-22T06:06:50.164Z] INFO: Finished Test Case: TC_ERROR_014 - Status: PASSED (20ms)

[2026-07-22T06:06:50.164Z] INFO: Starting Test Case: TC_ERROR_015 - Error Handling validation check - Scenario 15 [Priority: MEDIUM]
[2026-07-22T06:06:50.186Z] INFO: Finished Test Case: TC_ERROR_015 - Status: PASSED (22ms)

[2026-07-22T06:06:50.187Z] INFO: Starting Test Case: TC_ERROR_016 - Error Handling validation check - Scenario 16 [Priority: CRITICAL]
[2026-07-22T06:06:50.192Z] INFO: Finished Test Case: TC_ERROR_016 - Status: PASSED (5ms)

[2026-07-22T06:06:50.192Z] INFO: Starting Test Case: TC_ERROR_017 - Error Handling validation check - Scenario 17 [Priority: HIGH]
[2026-07-22T06:06:50.241Z] INFO: Finished Test Case: TC_ERROR_017 - Status: PASSED (49ms)

[2026-07-22T06:06:50.241Z] INFO: Starting Test Case: TC_ERROR_018 - Error Handling validation check - Scenario 18 [Priority: HIGH]
[2026-07-22T06:06:50.271Z] INFO: Finished Test Case: TC_ERROR_018 - Status: PASSED (30ms)

[2026-07-22T06:06:50.272Z] INFO: Starting Test Case: TC_ERROR_019 - Error Handling validation check - Scenario 19 [Priority: LOW]
[2026-07-22T06:06:50.280Z] INFO: Finished Test Case: TC_ERROR_019 - Status: PASSED (8ms)

[2026-07-22T06:06:50.280Z] INFO: Starting Test Case: TC_ERROR_020 - Error Handling validation check - Scenario 20 [Priority: MEDIUM]
[2026-07-22T06:06:50.318Z] INFO: Finished Test Case: TC_ERROR_020 - Status: PASSED (38ms)

[2026-07-22T06:06:50.318Z] INFO: Starting Test Case: TC_SESSION_001 - Session Management validation check - Scenario 1 [Priority: CRITICAL]
[2026-07-22T06:06:50.361Z] INFO: Finished Test Case: TC_SESSION_001 - Status: PASSED (43ms)

[2026-07-22T06:06:50.361Z] INFO: Starting Test Case: TC_SESSION_002 - Session Management validation check - Scenario 2 [Priority: HIGH]
[2026-07-22T06:06:50.370Z] INFO: Finished Test Case: TC_SESSION_002 - Status: PASSED (9ms)

[2026-07-22T06:06:50.370Z] INFO: Starting Test Case: TC_SESSION_003 - Session Management validation check - Scenario 3 [Priority: HIGH]
[2026-07-22T06:06:50.398Z] INFO: Finished Test Case: TC_SESSION_003 - Status: PASSED (28ms)

[2026-07-22T06:06:50.398Z] INFO: Starting Test Case: TC_SESSION_004 - Session Management validation check - Scenario 4 [Priority: LOW]
[2026-07-22T06:06:50.438Z] INFO: Finished Test Case: TC_SESSION_004 - Status: PASSED (40ms)

[2026-07-22T06:06:50.438Z] INFO: Starting Test Case: TC_SESSION_005 - Session Management validation check - Scenario 5 [Priority: MEDIUM]
[2026-07-22T06:06:50.471Z] INFO: Finished Test Case: TC_SESSION_005 - Status: PASSED (33ms)

[2026-07-22T06:06:50.471Z] INFO: Starting Test Case: TC_SESSION_006 - Session Management validation check - Scenario 6 [Priority: CRITICAL]
[2026-07-22T06:06:50.496Z] INFO: Finished Test Case: TC_SESSION_006 - Status: PASSED (25ms)

[2026-07-22T06:06:50.496Z] INFO: Starting Test Case: TC_SESSION_007 - Session Management validation check - Scenario 7 [Priority: HIGH]
[2026-07-22T06:06:50.532Z] INFO: Finished Test Case: TC_SESSION_007 - Status: PASSED (36ms)

[2026-07-22T06:06:50.532Z] INFO: Starting Test Case: TC_SESSION_008 - Session Management validation check - Scenario 8 [Priority: HIGH]
[2026-07-22T06:06:50.561Z] INFO: Finished Test Case: TC_SESSION_008 - Status: PASSED (29ms)

[2026-07-22T06:06:50.561Z] INFO: Starting Test Case: TC_SESSION_009 - Session Management validation check - Scenario 9 [Priority: LOW]
[2026-07-22T06:06:50.591Z] INFO: Finished Test Case: TC_SESSION_009 - Status: PASSED (30ms)

[2026-07-22T06:06:50.591Z] INFO: Starting Test Case: TC_SESSION_010 - Session Management validation check - Scenario 10 [Priority: MEDIUM]
[2026-07-22T06:06:50.629Z] INFO: Finished Test Case: TC_SESSION_010 - Status: PASSED (38ms)

[2026-07-22T06:06:50.629Z] INFO: Starting Test Case: TC_SESSION_011 - Session Management validation check - Scenario 11 [Priority: CRITICAL]
[2026-07-22T06:06:50.649Z] INFO: Finished Test Case: TC_SESSION_011 - Status: PASSED (20ms)

[2026-07-22T06:06:50.649Z] INFO: Starting Test Case: TC_SESSION_012 - Session Management validation check - Scenario 12 [Priority: HIGH]
[2026-07-22T06:06:50.673Z] INFO: Finished Test Case: TC_SESSION_012 - Status: PASSED (24ms)

[2026-07-22T06:06:50.673Z] INFO: Starting Test Case: TC_SESSION_013 - Session Management validation check - Scenario 13 [Priority: HIGH]
[2026-07-22T06:06:50.682Z] INFO: Finished Test Case: TC_SESSION_013 - Status: PASSED (9ms)

[2026-07-22T06:06:50.682Z] INFO: Starting Test Case: TC_SESSION_014 - Session Management validation check - Scenario 14 [Priority: LOW]
[2026-07-22T06:06:50.693Z] INFO: Finished Test Case: TC_SESSION_014 - Status: PASSED (11ms)

[2026-07-22T06:06:50.693Z] INFO: Starting Test Case: TC_SESSION_015 - Session Management validation check - Scenario 15 [Priority: MEDIUM]
[2026-07-22T06:06:50.715Z] INFO: Finished Test Case: TC_SESSION_015 - Status: PASSED (22ms)

[2026-07-22T06:06:50.715Z] INFO: Starting Test Case: TC_SESSION_016 - Session Management validation check - Scenario 16 [Priority: CRITICAL]
[2026-07-22T06:06:50.733Z] INFO: Finished Test Case: TC_SESSION_016 - Status: PASSED (18ms)

[2026-07-22T06:06:50.733Z] INFO: Starting Test Case: TC_SESSION_017 - Session Management validation check - Scenario 17 [Priority: HIGH]
[2026-07-22T06:06:50.752Z] INFO: Finished Test Case: TC_SESSION_017 - Status: PASSED (19ms)

[2026-07-22T06:06:50.752Z] INFO: Starting Test Case: TC_SESSION_018 - Session Management validation check - Scenario 18 [Priority: HIGH]
[2026-07-22T06:06:50.782Z] INFO: Finished Test Case: TC_SESSION_018 - Status: PASSED (30ms)

[2026-07-22T06:06:50.782Z] INFO: Starting Test Case: TC_SESSION_019 - Session Management validation check - Scenario 19 [Priority: LOW]
[2026-07-22T06:06:50.794Z] INFO: Finished Test Case: TC_SESSION_019 - Status: PASSED (12ms)

[2026-07-22T06:06:50.794Z] INFO: Starting Test Case: TC_SESSION_020 - Session Management validation check - Scenario 20 [Priority: MEDIUM]
[2026-07-22T06:06:50.828Z] INFO: Finished Test Case: TC_SESSION_020 - Status: PASSED (34ms)

[2026-07-22T06:06:50.828Z] INFO: Starting Test Case: TC_FILE_001 - File Upload validation check - Scenario 1 [Priority: CRITICAL]
[2026-07-22T06:06:50.836Z] INFO: Finished Test Case: TC_FILE_001 - Status: PASSED (8ms)

[2026-07-22T06:06:50.836Z] INFO: Starting Test Case: TC_FILE_002 - File Upload validation check - Scenario 2 [Priority: HIGH]
[2026-07-22T06:06:50.836Z] INFO: Running E2E: Large File Upload...
[2026-07-22T06:06:50.836Z] INFO: Finished Test Case: TC_FILE_002 - Status: PASSED (0ms)

[2026-07-22T06:06:50.836Z] INFO: Starting Test Case: TC_FILE_003 - File Upload validation check - Scenario 3 [Priority: HIGH]
[2026-07-22T06:06:50.880Z] INFO: Finished Test Case: TC_FILE_003 - Status: PASSED (44ms)

[2026-07-22T06:06:50.881Z] INFO: Starting Test Case: TC_FILE_004 - File Upload validation check - Scenario 4 [Priority: LOW]
[2026-07-22T06:06:50.917Z] INFO: Finished Test Case: TC_FILE_004 - Status: PASSED (36ms)

[2026-07-22T06:06:50.917Z] INFO: Starting Test Case: TC_FILE_005 - File Upload validation check - Scenario 5 [Priority: MEDIUM]
[2026-07-22T06:06:50.966Z] INFO: Finished Test Case: TC_FILE_005 - Status: PASSED (49ms)

[2026-07-22T06:06:50.967Z] INFO: Starting Test Case: TC_FILE_006 - File Upload validation check - Scenario 6 [Priority: CRITICAL]
[2026-07-22T06:06:51.014Z] INFO: Finished Test Case: TC_FILE_006 - Status: PASSED (47ms)

[2026-07-22T06:06:51.014Z] INFO: Starting Test Case: TC_FILE_007 - File Upload validation check - Scenario 7 [Priority: HIGH]
[2026-07-22T06:06:51.048Z] INFO: Finished Test Case: TC_FILE_007 - Status: PASSED (34ms)

[2026-07-22T06:06:51.049Z] INFO: Starting Test Case: TC_FILE_008 - File Upload validation check - Scenario 8 [Priority: HIGH]
[2026-07-22T06:06:51.092Z] INFO: Finished Test Case: TC_FILE_008 - Status: PASSED (44ms)

[2026-07-22T06:06:51.092Z] INFO: Starting Test Case: TC_FILE_009 - File Upload validation check - Scenario 9 [Priority: LOW]
[2026-07-22T06:06:51.114Z] INFO: Finished Test Case: TC_FILE_009 - Status: PASSED (22ms)

[2026-07-22T06:06:51.114Z] INFO: Starting Test Case: TC_FILE_010 - File Upload validation check - Scenario 10 [Priority: MEDIUM]
[2026-07-22T06:06:51.150Z] INFO: Finished Test Case: TC_FILE_010 - Status: PASSED (36ms)

[2026-07-22T06:06:51.150Z] INFO: Starting Test Case: TC_FILE_011 - File Upload validation check - Scenario 11 [Priority: CRITICAL]
[2026-07-22T06:06:51.192Z] INFO: Finished Test Case: TC_FILE_011 - Status: PASSED (42ms)

[2026-07-22T06:06:51.192Z] INFO: Starting Test Case: TC_FILE_012 - File Upload validation check - Scenario 12 [Priority: HIGH]
[2026-07-22T06:06:51.235Z] INFO: Finished Test Case: TC_FILE_012 - Status: PASSED (43ms)

[2026-07-22T06:06:51.235Z] INFO: Starting Test Case: TC_FILE_013 - File Upload validation check - Scenario 13 [Priority: HIGH]
[2026-07-22T06:06:51.249Z] INFO: Finished Test Case: TC_FILE_013 - Status: PASSED (14ms)

[2026-07-22T06:06:51.249Z] INFO: Starting Test Case: TC_FILE_014 - File Upload validation check - Scenario 14 [Priority: LOW]
[2026-07-22T06:06:51.288Z] INFO: Finished Test Case: TC_FILE_014 - Status: PASSED (39ms)

[2026-07-22T06:06:51.288Z] INFO: Starting Test Case: TC_FILE_015 - File Upload validation check - Scenario 15 [Priority: MEDIUM]
[2026-07-22T06:06:51.330Z] INFO: Finished Test Case: TC_FILE_015 - Status: PASSED (42ms)

[2026-07-22T06:06:51.331Z] INFO: Starting Test Case: TC_FILE_016 - File Upload validation check - Scenario 16 [Priority: CRITICAL]
[2026-07-22T06:06:51.365Z] INFO: Finished Test Case: TC_FILE_016 - Status: PASSED (35ms)

[2026-07-22T06:06:51.365Z] INFO: Starting Test Case: TC_FILE_017 - File Upload validation check - Scenario 17 [Priority: HIGH]
[2026-07-22T06:06:51.397Z] INFO: Finished Test Case: TC_FILE_017 - Status: PASSED (32ms)

[2026-07-22T06:06:51.397Z] INFO: Starting Test Case: TC_FILE_018 - File Upload validation check - Scenario 18 [Priority: HIGH]
[2026-07-22T06:06:51.406Z] INFO: Finished Test Case: TC_FILE_018 - Status: PASSED (9ms)

[2026-07-22T06:06:51.407Z] INFO: Starting Test Case: TC_FILE_019 - File Upload validation check - Scenario 19 [Priority: LOW]
[2026-07-22T06:06:51.449Z] INFO: Finished Test Case: TC_FILE_019 - Status: PASSED (42ms)

[2026-07-22T06:06:51.449Z] INFO: Starting Test Case: TC_FILE_020 - File Upload validation check - Scenario 20 [Priority: MEDIUM]
[2026-07-22T06:06:51.484Z] INFO: Finished Test Case: TC_FILE_020 - Status: PASSED (35ms)

[2026-07-22T06:06:51.484Z] INFO: Starting Test Case: TC_A11Y_001 - Accessibility validation check - Scenario 1 [Priority: CRITICAL]
[2026-07-22T06:06:51.504Z] INFO: Finished Test Case: TC_A11Y_001 - Status: PASSED (20ms)

[2026-07-22T06:06:51.505Z] INFO: Starting Test Case: TC_A11Y_002 - Accessibility validation check - Scenario 2 [Priority: HIGH]
[2026-07-22T06:06:51.517Z] INFO: Finished Test Case: TC_A11Y_002 - Status: PASSED (12ms)

[2026-07-22T06:06:51.517Z] INFO: Starting Test Case: TC_A11Y_003 - Accessibility validation check - Scenario 3 [Priority: HIGH]
[2026-07-22T06:06:51.551Z] INFO: Finished Test Case: TC_A11Y_003 - Status: PASSED (34ms)

[2026-07-22T06:06:51.551Z] INFO: Starting Test Case: TC_A11Y_004 - Accessibility validation check - Scenario 4 [Priority: LOW]
[2026-07-22T06:06:51.556Z] INFO: Finished Test Case: TC_A11Y_004 - Status: PASSED (5ms)

[2026-07-22T06:06:51.556Z] INFO: Starting Test Case: TC_A11Y_005 - Accessibility validation check - Scenario 5 [Priority: MEDIUM]
[2026-07-22T06:06:51.596Z] INFO: Finished Test Case: TC_A11Y_005 - Status: PASSED (40ms)

[2026-07-22T06:06:51.596Z] INFO: Starting Test Case: TC_A11Y_006 - Accessibility validation check - Scenario 6 [Priority: CRITICAL]
[2026-07-22T06:06:51.636Z] INFO: Finished Test Case: TC_A11Y_006 - Status: PASSED (40ms)

[2026-07-22T06:06:51.636Z] INFO: Starting Test Case: TC_A11Y_007 - Accessibility validation check - Scenario 7 [Priority: HIGH]
[2026-07-22T06:06:51.655Z] INFO: Finished Test Case: TC_A11Y_007 - Status: PASSED (19ms)

[2026-07-22T06:06:51.656Z] INFO: Starting Test Case: TC_A11Y_008 - Accessibility validation check - Scenario 8 [Priority: HIGH]
[2026-07-22T06:06:51.661Z] INFO: Finished Test Case: TC_A11Y_008 - Status: PASSED (6ms)

[2026-07-22T06:06:51.661Z] INFO: Starting Test Case: TC_A11Y_009 - Accessibility validation check - Scenario 9 [Priority: LOW]
[2026-07-22T06:06:51.706Z] INFO: Finished Test Case: TC_A11Y_009 - Status: PASSED (45ms)

[2026-07-22T06:06:51.706Z] INFO: Starting Test Case: TC_A11Y_010 - Accessibility validation check - Scenario 10 [Priority: MEDIUM]
[2026-07-22T06:06:51.751Z] INFO: Finished Test Case: TC_A11Y_010 - Status: PASSED (45ms)

[2026-07-22T06:06:51.752Z] INFO: Starting Test Case: TC_A11Y_011 - Accessibility validation check - Scenario 11 [Priority: CRITICAL]
[2026-07-22T06:06:51.794Z] INFO: Finished Test Case: TC_A11Y_011 - Status: PASSED (42ms)

[2026-07-22T06:06:51.794Z] INFO: Starting Test Case: TC_A11Y_012 - Accessibility validation check - Scenario 12 [Priority: HIGH]
[2026-07-22T06:06:51.819Z] INFO: Finished Test Case: TC_A11Y_012 - Status: PASSED (25ms)

[2026-07-22T06:06:51.819Z] INFO: Starting Test Case: TC_A11Y_013 - Accessibility validation check - Scenario 13 [Priority: HIGH]
[2026-07-22T06:06:51.840Z] INFO: Finished Test Case: TC_A11Y_013 - Status: PASSED (21ms)

[2026-07-22T06:06:51.841Z] INFO: Starting Test Case: TC_A11Y_014 - Accessibility validation check - Scenario 14 [Priority: LOW]
[2026-07-22T06:06:51.881Z] INFO: Finished Test Case: TC_A11Y_014 - Status: PASSED (41ms)

[2026-07-22T06:06:51.881Z] INFO: Starting Test Case: TC_A11Y_015 - Accessibility validation check - Scenario 15 [Priority: MEDIUM]
[2026-07-22T06:06:51.891Z] INFO: Finished Test Case: TC_A11Y_015 - Status: PASSED (10ms)

[2026-07-22T06:06:51.891Z] INFO: Starting Test Case: TC_A11Y_016 - Accessibility validation check - Scenario 16 [Priority: CRITICAL]
[2026-07-22T06:06:51.932Z] INFO: Finished Test Case: TC_A11Y_016 - Status: PASSED (41ms)

[2026-07-22T06:06:51.933Z] INFO: Starting Test Case: TC_A11Y_017 - Accessibility validation check - Scenario 17 [Priority: HIGH]
[2026-07-22T06:06:51.972Z] INFO: Finished Test Case: TC_A11Y_017 - Status: PASSED (39ms)

[2026-07-22T06:06:51.972Z] INFO: Starting Test Case: TC_A11Y_018 - Accessibility validation check - Scenario 18 [Priority: HIGH]
[2026-07-22T06:06:52.001Z] INFO: Finished Test Case: TC_A11Y_018 - Status: PASSED (29ms)

[2026-07-22T06:06:52.001Z] INFO: Starting Test Case: TC_A11Y_019 - Accessibility validation check - Scenario 19 [Priority: LOW]
[2026-07-22T06:06:52.034Z] INFO: Finished Test Case: TC_A11Y_019 - Status: PASSED (33ms)

[2026-07-22T06:06:52.034Z] INFO: Starting Test Case: TC_A11Y_020 - Accessibility validation check - Scenario 20 [Priority: MEDIUM]
[2026-07-22T06:06:52.054Z] INFO: Finished Test Case: TC_A11Y_020 - Status: PASSED (20ms)

[2026-07-22T06:06:52.054Z] INFO: Starting Test Case: TC_RESPONSIVE_001 - Responsive Design validation check - Scenario 1 [Priority: CRITICAL]
[2026-07-22T06:06:52.102Z] INFO: Finished Test Case: TC_RESPONSIVE_001 - Status: PASSED (48ms)

[2026-07-22T06:06:52.103Z] INFO: Starting Test Case: TC_RESPONSIVE_002 - Responsive Design validation check - Scenario 2 [Priority: HIGH]
[2026-07-22T06:06:52.140Z] INFO: Finished Test Case: TC_RESPONSIVE_002 - Status: PASSED (37ms)

[2026-07-22T06:06:52.140Z] INFO: Starting Test Case: TC_RESPONSIVE_003 - Responsive Design validation check - Scenario 3 [Priority: HIGH]
[2026-07-22T06:06:52.188Z] INFO: Finished Test Case: TC_RESPONSIVE_003 - Status: PASSED (48ms)

[2026-07-22T06:06:52.188Z] INFO: Starting Test Case: TC_RESPONSIVE_004 - Responsive Design validation check - Scenario 4 [Priority: LOW]
[2026-07-22T06:06:52.209Z] INFO: Finished Test Case: TC_RESPONSIVE_004 - Status: PASSED (21ms)

[2026-07-22T06:06:52.209Z] INFO: Starting Test Case: TC_RESPONSIVE_005 - Responsive Design validation check - Scenario 5 [Priority: MEDIUM]
[2026-07-22T06:06:52.255Z] INFO: Finished Test Case: TC_RESPONSIVE_005 - Status: PASSED (46ms)

[2026-07-22T06:06:52.255Z] INFO: Starting Test Case: TC_RESPONSIVE_006 - Responsive Design validation check - Scenario 6 [Priority: CRITICAL]
[2026-07-22T06:06:52.273Z] INFO: Finished Test Case: TC_RESPONSIVE_006 - Status: PASSED (18ms)

[2026-07-22T06:06:52.273Z] INFO: Starting Test Case: TC_RESPONSIVE_007 - Responsive Design validation check - Scenario 7 [Priority: HIGH]
[2026-07-22T06:06:52.280Z] INFO: Finished Test Case: TC_RESPONSIVE_007 - Status: PASSED (7ms)

[2026-07-22T06:06:52.280Z] INFO: Starting Test Case: TC_RESPONSIVE_008 - Responsive Design validation check - Scenario 8 [Priority: HIGH]
[2026-07-22T06:06:52.292Z] INFO: Finished Test Case: TC_RESPONSIVE_008 - Status: PASSED (12ms)

[2026-07-22T06:06:52.292Z] INFO: Starting Test Case: TC_RESPONSIVE_009 - Responsive Design validation check - Scenario 9 [Priority: LOW]
[2026-07-22T06:06:52.300Z] INFO: Finished Test Case: TC_RESPONSIVE_009 - Status: PASSED (8ms)

[2026-07-22T06:06:52.300Z] INFO: Starting Test Case: TC_RESPONSIVE_010 - Responsive Design validation check - Scenario 10 [Priority: MEDIUM]
[2026-07-22T06:06:52.312Z] INFO: Finished Test Case: TC_RESPONSIVE_010 - Status: PASSED (12ms)

[2026-07-22T06:06:52.312Z] INFO: Starting Test Case: TC_RESPONSIVE_011 - Responsive Design validation check - Scenario 11 [Priority: CRITICAL]
[2026-07-22T06:06:52.318Z] INFO: Finished Test Case: TC_RESPONSIVE_011 - Status: PASSED (6ms)

[2026-07-22T06:06:52.318Z] INFO: Starting Test Case: TC_RESPONSIVE_012 - Responsive Design validation check - Scenario 12 [Priority: HIGH]
[2026-07-22T06:06:52.350Z] INFO: Finished Test Case: TC_RESPONSIVE_012 - Status: PASSED (32ms)

[2026-07-22T06:06:52.350Z] INFO: Starting Test Case: TC_RESPONSIVE_013 - Responsive Design validation check - Scenario 13 [Priority: HIGH]
[2026-07-22T06:06:52.390Z] INFO: Finished Test Case: TC_RESPONSIVE_013 - Status: PASSED (40ms)

[2026-07-22T06:06:52.390Z] INFO: Starting Test Case: TC_RESPONSIVE_014 - Responsive Design validation check - Scenario 14 [Priority: LOW]
[2026-07-22T06:06:52.428Z] INFO: Finished Test Case: TC_RESPONSIVE_014 - Status: PASSED (38ms)

[2026-07-22T06:06:52.428Z] INFO: Starting Test Case: TC_RESPONSIVE_015 - Responsive Design validation check - Scenario 15 [Priority: MEDIUM]
[2026-07-22T06:06:52.449Z] INFO: Finished Test Case: TC_RESPONSIVE_015 - Status: PASSED (21ms)

[2026-07-22T06:06:52.449Z] INFO: Starting Test Case: TC_RESPONSIVE_016 - Responsive Design validation check - Scenario 16 [Priority: CRITICAL]
[2026-07-22T06:06:52.495Z] INFO: Finished Test Case: TC_RESPONSIVE_016 - Status: PASSED (46ms)

[2026-07-22T06:06:52.495Z] INFO: Starting Test Case: TC_RESPONSIVE_017 - Responsive Design validation check - Scenario 17 [Priority: HIGH]
[2026-07-22T06:06:52.540Z] INFO: Finished Test Case: TC_RESPONSIVE_017 - Status: PASSED (45ms)

[2026-07-22T06:06:52.540Z] INFO: Starting Test Case: TC_RESPONSIVE_018 - Responsive Design validation check - Scenario 18 [Priority: HIGH]
[2026-07-22T06:06:52.587Z] INFO: Finished Test Case: TC_RESPONSIVE_018 - Status: PASSED (47ms)

[2026-07-22T06:06:52.587Z] INFO: Starting Test Case: TC_RESPONSIVE_019 - Responsive Design validation check - Scenario 19 [Priority: LOW]
[2026-07-22T06:06:52.634Z] INFO: Finished Test Case: TC_RESPONSIVE_019 - Status: PASSED (47ms)

[2026-07-22T06:06:52.634Z] INFO: Starting Test Case: TC_RESPONSIVE_020 - Responsive Design validation check - Scenario 20 [Priority: MEDIUM]
[2026-07-22T06:06:52.658Z] INFO: Finished Test Case: TC_RESPONSIVE_020 - Status: PASSED (24ms)

[2026-07-22T06:06:52.658Z] INFO: Starting Test Case: TC_PERF_001 - Performance Smoke validation check - Scenario 1 [Priority: CRITICAL]
[2026-07-22T06:06:52.697Z] INFO: Finished Test Case: TC_PERF_001 - Status: PASSED (39ms)

[2026-07-22T06:06:52.698Z] INFO: Starting Test Case: TC_PERF_002 - Performance Smoke validation check - Scenario 2 [Priority: HIGH]
[2026-07-22T06:06:52.720Z] INFO: Finished Test Case: TC_PERF_002 - Status: PASSED (22ms)

[2026-07-22T06:06:52.720Z] INFO: Starting Test Case: TC_PERF_003 - Performance Smoke validation check - Scenario 3 [Priority: HIGH]
[2026-07-22T06:06:52.728Z] INFO: Finished Test Case: TC_PERF_003 - Status: PASSED (8ms)

[2026-07-22T06:06:52.728Z] INFO: Starting Test Case: TC_PERF_004 - Performance Smoke validation check - Scenario 4 [Priority: LOW]
[2026-07-22T06:06:52.750Z] INFO: Finished Test Case: TC_PERF_004 - Status: PASSED (22ms)

[2026-07-22T06:06:52.751Z] INFO: Starting Test Case: TC_PERF_005 - Performance Smoke validation check - Scenario 5 [Priority: MEDIUM]
[2026-07-22T06:06:52.788Z] INFO: Finished Test Case: TC_PERF_005 - Status: PASSED (37ms)

[2026-07-22T06:06:52.788Z] INFO: Starting Test Case: TC_PERF_006 - Performance Smoke validation check - Scenario 6 [Priority: CRITICAL]
[2026-07-22T06:06:52.815Z] INFO: Finished Test Case: TC_PERF_006 - Status: PASSED (27ms)

[2026-07-22T06:06:52.815Z] INFO: Starting Test Case: TC_PERF_007 - Performance Smoke validation check - Scenario 7 [Priority: HIGH]
[2026-07-22T06:06:52.853Z] INFO: Finished Test Case: TC_PERF_007 - Status: PASSED (38ms)

[2026-07-22T06:06:52.854Z] INFO: Starting Test Case: TC_PERF_008 - Performance Smoke validation check - Scenario 8 [Priority: HIGH]
[2026-07-22T06:06:52.862Z] INFO: Finished Test Case: TC_PERF_008 - Status: PASSED (8ms)

[2026-07-22T06:06:52.862Z] INFO: Starting Test Case: TC_PERF_009 - Performance Smoke validation check - Scenario 9 [Priority: LOW]
[2026-07-22T06:06:52.881Z] INFO: Finished Test Case: TC_PERF_009 - Status: PASSED (19ms)

[2026-07-22T06:06:52.881Z] INFO: Starting Test Case: TC_PERF_010 - Performance Smoke validation check - Scenario 10 [Priority: MEDIUM]
[2026-07-22T06:06:52.900Z] INFO: Finished Test Case: TC_PERF_010 - Status: PASSED (19ms)

[2026-07-22T06:06:52.901Z] INFO: Starting Test Case: TC_PERF_011 - Performance Smoke validation check - Scenario 11 [Priority: CRITICAL]
[2026-07-22T06:06:52.919Z] INFO: Finished Test Case: TC_PERF_011 - Status: PASSED (18ms)

[2026-07-22T06:06:52.919Z] INFO: Starting Test Case: TC_PERF_012 - Performance Smoke validation check - Scenario 12 [Priority: HIGH]
[2026-07-22T06:06:52.930Z] INFO: Finished Test Case: TC_PERF_012 - Status: PASSED (11ms)

[2026-07-22T06:06:52.930Z] INFO: Starting Test Case: TC_PERF_013 - Performance Smoke validation check - Scenario 13 [Priority: HIGH]
[2026-07-22T06:06:52.947Z] INFO: Finished Test Case: TC_PERF_013 - Status: PASSED (17ms)

[2026-07-22T06:06:52.948Z] INFO: Starting Test Case: TC_PERF_014 - Performance Smoke validation check - Scenario 14 [Priority: LOW]
[2026-07-22T06:06:52.953Z] INFO: Finished Test Case: TC_PERF_014 - Status: PASSED (5ms)

[2026-07-22T06:06:52.953Z] INFO: Starting Test Case: TC_PERF_015 - Performance Smoke validation check - Scenario 15 [Priority: MEDIUM]
[2026-07-22T06:06:52.962Z] INFO: Finished Test Case: TC_PERF_015 - Status: PASSED (9ms)

[2026-07-22T06:06:52.962Z] INFO: Starting Test Case: TC_PERF_016 - Performance Smoke validation check - Scenario 16 [Priority: CRITICAL]
[2026-07-22T06:06:52.971Z] INFO: Finished Test Case: TC_PERF_016 - Status: PASSED (9ms)

[2026-07-22T06:06:52.971Z] INFO: Starting Test Case: TC_PERF_017 - Performance Smoke validation check - Scenario 17 [Priority: HIGH]
[2026-07-22T06:06:53.020Z] INFO: Finished Test Case: TC_PERF_017 - Status: PASSED (49ms)

[2026-07-22T06:06:53.020Z] INFO: Starting Test Case: TC_PERF_018 - Performance Smoke validation check - Scenario 18 [Priority: HIGH]
[2026-07-22T06:06:53.055Z] INFO: Finished Test Case: TC_PERF_018 - Status: PASSED (35ms)

[2026-07-22T06:06:53.056Z] INFO: Starting Test Case: TC_PERF_019 - Performance Smoke validation check - Scenario 19 [Priority: LOW]
[2026-07-22T06:06:53.087Z] INFO: Finished Test Case: TC_PERF_019 - Status: PASSED (31ms)

[2026-07-22T06:06:53.087Z] INFO: Starting Test Case: TC_PERF_020 - Performance Smoke validation check - Scenario 20 [Priority: MEDIUM]
[2026-07-22T06:06:53.135Z] INFO: Finished Test Case: TC_PERF_020 - Status: PASSED (48ms)

[2026-07-22T06:06:53.135Z] INFO: Starting Test Case: TC_REGR_001 - Regression validation check - Scenario 1 [Priority: CRITICAL]
[2026-07-22T06:06:53.160Z] INFO: Finished Test Case: TC_REGR_001 - Status: PASSED (25ms)

[2026-07-22T06:06:53.160Z] INFO: Starting Test Case: TC_REGR_002 - Regression validation check - Scenario 2 [Priority: HIGH]
[2026-07-22T06:06:53.205Z] INFO: Finished Test Case: TC_REGR_002 - Status: PASSED (45ms)

[2026-07-22T06:06:53.205Z] INFO: Starting Test Case: TC_REGR_003 - Regression validation check - Scenario 3 [Priority: HIGH]
[2026-07-22T06:06:53.253Z] INFO: Finished Test Case: TC_REGR_003 - Status: PASSED (48ms)

[2026-07-22T06:06:53.253Z] INFO: Starting Test Case: TC_REGR_004 - Regression validation check - Scenario 4 [Priority: LOW]
[2026-07-22T06:06:53.296Z] INFO: Finished Test Case: TC_REGR_004 - Status: PASSED (43ms)

[2026-07-22T06:06:53.296Z] INFO: Starting Test Case: TC_REGR_005 - Regression validation check - Scenario 5 [Priority: MEDIUM]
[2026-07-22T06:06:53.326Z] INFO: Finished Test Case: TC_REGR_005 - Status: PASSED (30ms)

[2026-07-22T06:06:53.327Z] INFO: Starting Test Case: TC_REGR_006 - Regression validation check - Scenario 6 [Priority: CRITICAL]
[2026-07-22T06:06:53.372Z] INFO: Finished Test Case: TC_REGR_006 - Status: PASSED (45ms)

[2026-07-22T06:06:53.372Z] INFO: Starting Test Case: TC_REGR_007 - Regression validation check - Scenario 7 [Priority: HIGH]
[2026-07-22T06:06:53.381Z] INFO: Finished Test Case: TC_REGR_007 - Status: PASSED (9ms)

[2026-07-22T06:06:53.381Z] INFO: Starting Test Case: TC_REGR_008 - Regression validation check - Scenario 8 [Priority: HIGH]
[2026-07-22T06:06:53.405Z] INFO: Finished Test Case: TC_REGR_008 - Status: PASSED (24ms)

[2026-07-22T06:06:53.405Z] INFO: Starting Test Case: TC_REGR_009 - Regression validation check - Scenario 9 [Priority: LOW]
[2026-07-22T06:06:53.439Z] INFO: Finished Test Case: TC_REGR_009 - Status: PASSED (34ms)

[2026-07-22T06:06:53.439Z] INFO: Starting Test Case: TC_REGR_010 - Regression validation check - Scenario 10 [Priority: MEDIUM]
[2026-07-22T06:06:53.474Z] INFO: Finished Test Case: TC_REGR_010 - Status: PASSED (35ms)

[2026-07-22T06:06:53.474Z] INFO: Starting Test Case: TC_REGR_011 - Regression validation check - Scenario 11 [Priority: CRITICAL]
[2026-07-22T06:06:53.499Z] INFO: Finished Test Case: TC_REGR_011 - Status: PASSED (25ms)

[2026-07-22T06:06:53.499Z] INFO: Starting Test Case: TC_REGR_012 - Regression validation check - Scenario 12 [Priority: HIGH]
[2026-07-22T06:06:53.514Z] INFO: Finished Test Case: TC_REGR_012 - Status: PASSED (15ms)

[2026-07-22T06:06:53.514Z] INFO: Starting Test Case: TC_REGR_013 - Regression validation check - Scenario 13 [Priority: HIGH]
[2026-07-22T06:06:53.560Z] INFO: Finished Test Case: TC_REGR_013 - Status: PASSED (46ms)

[2026-07-22T06:06:53.560Z] INFO: Starting Test Case: TC_REGR_014 - Regression validation check - Scenario 14 [Priority: LOW]
[2026-07-22T06:06:53.591Z] INFO: Finished Test Case: TC_REGR_014 - Status: PASSED (31ms)

[2026-07-22T06:06:53.591Z] INFO: Starting Test Case: TC_REGR_015 - Regression validation check - Scenario 15 [Priority: MEDIUM]
[2026-07-22T06:06:53.621Z] INFO: Finished Test Case: TC_REGR_015 - Status: PASSED (30ms)

[2026-07-22T06:06:53.622Z] INFO: Starting Test Case: TC_REGR_016 - Regression validation check - Scenario 16 [Priority: CRITICAL]
[2026-07-22T06:06:53.653Z] INFO: Finished Test Case: TC_REGR_016 - Status: PASSED (31ms)

[2026-07-22T06:06:53.653Z] INFO: Starting Test Case: TC_REGR_017 - Regression validation check - Scenario 17 [Priority: HIGH]
[2026-07-22T06:06:53.671Z] INFO: Finished Test Case: TC_REGR_017 - Status: PASSED (18ms)

[2026-07-22T06:06:53.672Z] INFO: Starting Test Case: TC_REGR_018 - Regression validation check - Scenario 18 [Priority: HIGH]
[2026-07-22T06:06:53.686Z] INFO: Finished Test Case: TC_REGR_018 - Status: PASSED (14ms)

[2026-07-22T06:06:53.686Z] INFO: Starting Test Case: TC_REGR_019 - Regression validation check - Scenario 19 [Priority: LOW]
[2026-07-22T06:06:53.707Z] INFO: Finished Test Case: TC_REGR_019 - Status: PASSED (21ms)

[2026-07-22T06:06:53.707Z] INFO: Starting Test Case: TC_REGR_020 - Regression validation check - Scenario 20 [Priority: MEDIUM]
[2026-07-22T06:06:53.731Z] INFO: Finished Test Case: TC_REGR_020 - Status: PASSED (24ms)

[2026-07-22T06:06:53.732Z] INFO: Starting Test Case: TC_REGR_021 - Regression validation check - Scenario 21 [Priority: CRITICAL]
[2026-07-22T06:06:53.759Z] INFO: Finished Test Case: TC_REGR_021 - Status: PASSED (27ms)

[2026-07-22T06:06:53.759Z] INFO: Starting Test Case: TC_REGR_022 - Regression validation check - Scenario 22 [Priority: HIGH]
[2026-07-22T06:06:53.800Z] INFO: Finished Test Case: TC_REGR_022 - Status: PASSED (41ms)

[2026-07-22T06:06:53.801Z] INFO: Starting Test Case: TC_REGR_023 - Regression validation check - Scenario 23 [Priority: HIGH]
[2026-07-22T06:06:53.824Z] INFO: Finished Test Case: TC_REGR_023 - Status: PASSED (23ms)

[2026-07-22T06:06:53.824Z] INFO: Starting Test Case: TC_REGR_024 - Regression validation check - Scenario 24 [Priority: LOW]
[2026-07-22T06:06:53.863Z] INFO: Finished Test Case: TC_REGR_024 - Status: PASSED (39ms)

[2026-07-22T06:06:53.863Z] INFO: Starting Test Case: TC_REGR_025 - Regression validation check - Scenario 25 [Priority: MEDIUM]
[2026-07-22T06:06:53.894Z] INFO: Finished Test Case: TC_REGR_025 - Status: PASSED (31ms)

[2026-07-22T06:06:53.894Z] INFO: Starting Test Case: TC_REGR_026 - Regression validation check - Scenario 26 [Priority: CRITICAL]
[2026-07-22T06:06:53.935Z] INFO: Finished Test Case: TC_REGR_026 - Status: PASSED (41ms)

[2026-07-22T06:06:53.935Z] INFO: Starting Test Case: TC_REGR_027 - Regression validation check - Scenario 27 [Priority: HIGH]
[2026-07-22T06:06:53.949Z] INFO: Finished Test Case: TC_REGR_027 - Status: PASSED (14ms)

[2026-07-22T06:06:53.950Z] INFO: Starting Test Case: TC_REGR_028 - Regression validation check - Scenario 28 [Priority: HIGH]
[2026-07-22T06:06:53.957Z] INFO: Finished Test Case: TC_REGR_028 - Status: PASSED (7ms)

[2026-07-22T06:06:53.957Z] INFO: Starting Test Case: TC_REGR_029 - Regression validation check - Scenario 29 [Priority: LOW]
[2026-07-22T06:06:53.988Z] INFO: Finished Test Case: TC_REGR_029 - Status: PASSED (31ms)

[2026-07-22T06:06:53.988Z] INFO: Starting Test Case: TC_REGR_030 - Regression validation check - Scenario 30 [Priority: MEDIUM]
[2026-07-22T06:06:54.018Z] INFO: Finished Test Case: TC_REGR_030 - Status: PASSED (30ms)

[2026-07-22T06:06:54.018Z] INFO: Starting Test Case: TC_REGR_031 - Regression validation check - Scenario 31 [Priority: CRITICAL]
[2026-07-22T06:06:54.050Z] INFO: Finished Test Case: TC_REGR_031 - Status: PASSED (32ms)

[2026-07-22T06:06:54.050Z] INFO: Starting Test Case: TC_REGR_032 - Regression validation check - Scenario 32 [Priority: HIGH]
[2026-07-22T06:06:54.068Z] INFO: Finished Test Case: TC_REGR_032 - Status: PASSED (18ms)

[2026-07-22T06:06:54.069Z] INFO: Starting Test Case: TC_REGR_033 - Regression validation check - Scenario 33 [Priority: HIGH]
[2026-07-22T06:06:54.106Z] INFO: Finished Test Case: TC_REGR_033 - Status: PASSED (37ms)

[2026-07-22T06:06:54.106Z] INFO: Starting Test Case: TC_REGR_034 - Regression validation check - Scenario 34 [Priority: LOW]
[2026-07-22T06:06:54.153Z] INFO: Finished Test Case: TC_REGR_034 - Status: PASSED (47ms)

[2026-07-22T06:06:54.153Z] INFO: Starting Test Case: TC_REGR_035 - Regression validation check - Scenario 35 [Priority: MEDIUM]
[2026-07-22T06:06:54.199Z] INFO: Finished Test Case: TC_REGR_035 - Status: PASSED (46ms)

[2026-07-22T06:06:54.199Z] INFO: Starting Test Case: TC_REGR_036 - Regression validation check - Scenario 36 [Priority: CRITICAL]
[2026-07-22T06:06:54.232Z] INFO: Finished Test Case: TC_REGR_036 - Status: PASSED (33ms)

[2026-07-22T06:06:54.232Z] INFO: Starting Test Case: TC_REGR_037 - Regression validation check - Scenario 37 [Priority: HIGH]
[2026-07-22T06:06:54.242Z] INFO: Finished Test Case: TC_REGR_037 - Status: PASSED (10ms)

[2026-07-22T06:06:54.242Z] INFO: Starting Test Case: TC_REGR_038 - Regression validation check - Scenario 38 [Priority: HIGH]
[2026-07-22T06:06:54.248Z] INFO: Finished Test Case: TC_REGR_038 - Status: PASSED (6ms)

[2026-07-22T06:06:54.248Z] INFO: Starting Test Case: TC_REGR_039 - Regression validation check - Scenario 39 [Priority: LOW]
[2026-07-22T06:06:54.274Z] INFO: Finished Test Case: TC_REGR_039 - Status: PASSED (26ms)

[2026-07-22T06:06:54.274Z] INFO: Starting Test Case: TC_REGR_040 - Regression validation check - Scenario 40 [Priority: MEDIUM]
[2026-07-22T06:06:54.321Z] INFO: Finished Test Case: TC_REGR_040 - Status: PASSED (47ms)

[2026-07-22T06:06:54.321Z] INFO: Starting Test Case: TC_REGR_041 - Regression validation check - Scenario 41 [Priority: CRITICAL]
[2026-07-22T06:06:54.364Z] INFO: Finished Test Case: TC_REGR_041 - Status: PASSED (43ms)

[2026-07-22T06:06:54.364Z] INFO: Starting Test Case: TC_REGR_042 - Regression validation check - Scenario 42 [Priority: HIGH]
[2026-07-22T06:06:54.400Z] INFO: Finished Test Case: TC_REGR_042 - Status: PASSED (36ms)

[2026-07-22T06:06:54.400Z] INFO: Starting Test Case: TC_REGR_043 - Regression validation check - Scenario 43 [Priority: HIGH]
[2026-07-22T06:06:54.421Z] INFO: Finished Test Case: TC_REGR_043 - Status: PASSED (21ms)

[2026-07-22T06:06:54.421Z] INFO: Starting Test Case: TC_REGR_044 - Regression validation check - Scenario 44 [Priority: LOW]
[2026-07-22T06:06:54.460Z] INFO: Finished Test Case: TC_REGR_044 - Status: PASSED (39ms)

[2026-07-22T06:06:54.461Z] INFO: Starting Test Case: TC_REGR_045 - Regression validation check - Scenario 45 [Priority: MEDIUM]
[2026-07-22T06:06:54.473Z] INFO: Finished Test Case: TC_REGR_045 - Status: PASSED (12ms)

[2026-07-22T06:06:54.473Z] INFO: Starting Test Case: TC_REGR_046 - Regression validation check - Scenario 46 [Priority: CRITICAL]
[2026-07-22T06:06:54.498Z] INFO: Finished Test Case: TC_REGR_046 - Status: PASSED (25ms)

[2026-07-22T06:06:54.498Z] INFO: Starting Test Case: TC_REGR_047 - Regression validation check - Scenario 47 [Priority: HIGH]
[2026-07-22T06:06:54.515Z] INFO: Finished Test Case: TC_REGR_047 - Status: PASSED (17ms)

[2026-07-22T06:06:54.515Z] INFO: Starting Test Case: TC_REGR_048 - Regression validation check - Scenario 48 [Priority: HIGH]
[2026-07-22T06:06:54.530Z] INFO: Finished Test Case: TC_REGR_048 - Status: PASSED (15ms)

[2026-07-22T06:06:54.530Z] INFO: Starting Test Case: TC_REGR_049 - Regression validation check - Scenario 49 [Priority: LOW]
[2026-07-22T06:06:54.556Z] INFO: Finished Test Case: TC_REGR_049 - Status: PASSED (26ms)

[2026-07-22T06:06:54.556Z] INFO: Starting Test Case: TC_REGR_050 - Regression validation check - Scenario 50 [Priority: MEDIUM]
[2026-07-22T06:06:54.593Z] INFO: Finished Test Case: TC_REGR_050 - Status: PASSED (37ms)

[2026-07-22T06:06:54.593Z] INFO: Closing Chrome driver session...
[2026-07-22T06:06:54.596Z] INFO: Browser logs saved successfully to: /home/runner/work/pddtesting/pddtesting/automation/reports/Logs/browser-console.log
[2026-07-22T06:06:54.649Z] INFO: Session closed.
[2026-07-22T06:06:54.649Z] INFO: E2E suite execution finished. Total duration: 42.53s
[2026-07-22T06:06:54.649Z] INFO: Generating Excel automation reports...
[2026-07-22T06:06:54.860Z] INFO: Master Excel report written to: /home/runner/work/pddtesting/pddtesting/automation/reports/Excel/Automation_Test_Report.xlsx
[2026-07-22T06:06:54.974Z] INFO: Excel report generation completed successfully!
[2026-07-22T06:06:54.975Z] INFO: Generating HTML automation reports...
[2026-07-22T06:06:54.981Z] INFO: HTML Reports successfully written to: /home/runner/work/pddtesting/pddtesting/automation/reports/HTML
[2026-07-22T06:06:54.983Z] INFO: JSON report generated at: /home/runner/work/pddtesting/pddtesting/automation/reports/JSON/execution-results.json
[2026-07-22T06:06:54.984Z] INFO: Markdown step summary generated at: /home/runner/work/pddtesting/pddtesting/automation/reports/Summary/summary.md
[2026-07-22T06:06:54.984Z] INFO: Final Metrics -> Total: 470, Passed: 467, Pass Rate: 99.36%
[2026-07-22T06:06:54.984Z] INFO: Critical Tests -> Total: 95, Failed: 1, Critical Fail Rate: 1.05%
[2026-07-22T06:06:54.984Z] INFO: Execution Passed: All criteria (Pass Rate >= 95% and Critical Fail Rate <= 5%) met successfully!
