[2026-07-19T18:04:43.352Z] INFO: Connecting to Headless Chrome and opening https://karthik17-17.github.io/pddtesting/...
[2026-07-19T18:04:51.570Z] INFO: Headless Chrome session initialized successfully!
[2026-07-19T18:04:52.133Z] INFO: Navigated to: https://karthik17-17.github.io/pddtesting/
[2026-07-19T18:04:52.133Z] INFO: Starting Test Case: TC_AUTH_001 - Valid Login [Priority: CRITICAL]
[2026-07-19T18:04:52.133Z] INFO: Running E2E: Valid Login...
[2026-07-19T18:04:52.134Z] INFO: Typing "******************" into: Email Input (#login-email)
[2026-07-19T18:04:52.747Z] INFO: Typing "***********" into: Password Input (#login-password)
[2026-07-19T18:04:52.849Z] INFO: Tapping on element: Login Button (#login-submit)
[2026-07-19T18:04:53.011Z] INFO: Pausing for 2000ms
[2026-07-19T18:04:55.014Z] INFO: Checking display status of: Dashboard Header (h1=NeuroStay AI)
[2026-07-19T18:04:55.046Z] INFO: Finished Test Case: TC_AUTH_001 - Status: PASSED (2913ms)

[2026-07-19T18:04:55.046Z] INFO: Starting Test Case: TC_AUTH_002 - Logout [Priority: CRITICAL]
[2026-07-19T18:04:55.046Z] INFO: Running E2E: Logout...
[2026-07-19T18:04:55.047Z] INFO: Tapping on element: Profile Tab (a[href$="/profile"])
[2026-07-19T18:05:00.061Z] ERROR: Failure during real E2E execution of TC_AUTH_002: element ("a[href$="/profile"]") still not displayed after 5000ms
[2026-07-19T18:05:00.064Z] INFO: Finished Test Case: TC_AUTH_002 - Status: FAILED (5018ms)

[2026-07-19T18:05:00.064Z] INFO: Starting Test Case: TC_AUTH_003 - Authentication validation check - Scenario 3 [Priority: HIGH]
[2026-07-19T18:05:00.112Z] INFO: Finished Test Case: TC_AUTH_003 - Status: PASSED (48ms)

[2026-07-19T18:05:00.112Z] INFO: Starting Test Case: TC_AUTH_004 - Authentication validation check - Scenario 4 [Priority: LOW]
[2026-07-19T18:05:00.152Z] INFO: Finished Test Case: TC_AUTH_004 - Status: PASSED (40ms)

[2026-07-19T18:05:00.152Z] INFO: Starting Test Case: TC_AUTH_005 - Authentication validation check - Scenario 5 [Priority: MEDIUM]
[2026-07-19T18:05:00.174Z] INFO: Finished Test Case: TC_AUTH_005 - Status: PASSED (22ms)

[2026-07-19T18:05:00.174Z] INFO: Starting Test Case: TC_AUTH_006 - Authentication validation check - Scenario 6 [Priority: CRITICAL]
[2026-07-19T18:05:00.192Z] INFO: Finished Test Case: TC_AUTH_006 - Status: PASSED (18ms)

[2026-07-19T18:05:00.193Z] INFO: Starting Test Case: TC_AUTH_007 - Authentication validation check - Scenario 7 [Priority: HIGH]
[2026-07-19T18:05:00.231Z] INFO: Finished Test Case: TC_AUTH_007 - Status: PASSED (38ms)

[2026-07-19T18:05:00.231Z] INFO: Starting Test Case: TC_AUTH_008 - Authentication validation check - Scenario 8 [Priority: HIGH]
[2026-07-19T18:05:00.249Z] INFO: Finished Test Case: TC_AUTH_008 - Status: PASSED (18ms)

[2026-07-19T18:05:00.249Z] INFO: Starting Test Case: TC_AUTH_009 - Authentication validation check - Scenario 9 [Priority: LOW]
[2026-07-19T18:05:00.259Z] INFO: Finished Test Case: TC_AUTH_009 - Status: PASSED (10ms)

[2026-07-19T18:05:00.259Z] INFO: Starting Test Case: TC_AUTH_010 - Authentication validation check - Scenario 10 [Priority: MEDIUM]
[2026-07-19T18:05:00.259Z] INFO: Running E2E: Invalid OTP...
[2026-07-19T18:05:00.259Z] INFO: Finished Test Case: TC_AUTH_010 - Status: PASSED (0ms)

[2026-07-19T18:05:00.259Z] INFO: Starting Test Case: TC_AUTH_011 - Authentication validation check - Scenario 11 [Priority: CRITICAL]
[2026-07-19T18:05:00.279Z] INFO: Finished Test Case: TC_AUTH_011 - Status: PASSED (20ms)

[2026-07-19T18:05:00.279Z] INFO: Starting Test Case: TC_AUTH_012 - Authentication validation check - Scenario 12 [Priority: HIGH]
[2026-07-19T18:05:00.326Z] INFO: Finished Test Case: TC_AUTH_012 - Status: PASSED (47ms)

[2026-07-19T18:05:00.326Z] INFO: Starting Test Case: TC_AUTH_013 - Authentication validation check - Scenario 13 [Priority: HIGH]
[2026-07-19T18:05:00.346Z] INFO: Finished Test Case: TC_AUTH_013 - Status: PASSED (20ms)

[2026-07-19T18:05:00.346Z] INFO: Starting Test Case: TC_AUTH_014 - Authentication validation check - Scenario 14 [Priority: LOW]
[2026-07-19T18:05:00.382Z] INFO: Finished Test Case: TC_AUTH_014 - Status: PASSED (36ms)

[2026-07-19T18:05:00.382Z] INFO: Starting Test Case: TC_AUTH_015 - Authentication validation check - Scenario 15 [Priority: MEDIUM]
[2026-07-19T18:05:00.431Z] INFO: Finished Test Case: TC_AUTH_015 - Status: PASSED (49ms)

[2026-07-19T18:05:00.431Z] INFO: Starting Test Case: TC_AUTH_016 - Authentication validation check - Scenario 16 [Priority: CRITICAL]
[2026-07-19T18:05:00.441Z] INFO: Finished Test Case: TC_AUTH_016 - Status: PASSED (10ms)

[2026-07-19T18:05:00.441Z] INFO: Starting Test Case: TC_AUTH_017 - Authentication validation check - Scenario 17 [Priority: HIGH]
[2026-07-19T18:05:00.483Z] INFO: Finished Test Case: TC_AUTH_017 - Status: PASSED (42ms)

[2026-07-19T18:05:00.483Z] INFO: Starting Test Case: TC_AUTH_018 - Authentication validation check - Scenario 18 [Priority: HIGH]
[2026-07-19T18:05:00.499Z] INFO: Finished Test Case: TC_AUTH_018 - Status: PASSED (16ms)

[2026-07-19T18:05:00.499Z] INFO: Starting Test Case: TC_AUTH_019 - Authentication validation check - Scenario 19 [Priority: LOW]
[2026-07-19T18:05:00.520Z] INFO: Finished Test Case: TC_AUTH_019 - Status: PASSED (21ms)

[2026-07-19T18:05:00.520Z] INFO: Starting Test Case: TC_AUTH_020 - Authentication validation check - Scenario 20 [Priority: MEDIUM]
[2026-07-19T18:05:00.532Z] INFO: Finished Test Case: TC_AUTH_020 - Status: PASSED (12ms)

[2026-07-19T18:05:00.532Z] INFO: Starting Test Case: TC_AUTH_021 - Authentication validation check - Scenario 21 [Priority: CRITICAL]
[2026-07-19T18:05:00.555Z] INFO: Finished Test Case: TC_AUTH_021 - Status: PASSED (23ms)

[2026-07-19T18:05:00.555Z] INFO: Starting Test Case: TC_AUTH_022 - Authentication validation check - Scenario 22 [Priority: HIGH]
[2026-07-19T18:05:00.563Z] INFO: Finished Test Case: TC_AUTH_022 - Status: PASSED (8ms)

[2026-07-19T18:05:00.563Z] INFO: Starting Test Case: TC_AUTH_023 - Authentication validation check - Scenario 23 [Priority: HIGH]
[2026-07-19T18:05:00.579Z] INFO: Finished Test Case: TC_AUTH_023 - Status: PASSED (16ms)

[2026-07-19T18:05:00.579Z] INFO: Starting Test Case: TC_AUTH_024 - Authentication validation check - Scenario 24 [Priority: LOW]
[2026-07-19T18:05:00.612Z] INFO: Finished Test Case: TC_AUTH_024 - Status: PASSED (33ms)

[2026-07-19T18:05:00.612Z] INFO: Starting Test Case: TC_AUTH_025 - Authentication validation check - Scenario 25 [Priority: MEDIUM]
[2026-07-19T18:05:00.638Z] INFO: Finished Test Case: TC_AUTH_025 - Status: PASSED (26ms)

[2026-07-19T18:05:00.638Z] INFO: Starting Test Case: TC_AUTH_026 - Authentication validation check - Scenario 26 [Priority: CRITICAL]
[2026-07-19T18:05:00.660Z] INFO: Finished Test Case: TC_AUTH_026 - Status: PASSED (22ms)

[2026-07-19T18:05:00.660Z] INFO: Starting Test Case: TC_AUTH_027 - Authentication validation check - Scenario 27 [Priority: HIGH]
[2026-07-19T18:05:00.696Z] INFO: Finished Test Case: TC_AUTH_027 - Status: PASSED (36ms)

[2026-07-19T18:05:00.696Z] INFO: Starting Test Case: TC_AUTH_028 - Authentication validation check - Scenario 28 [Priority: HIGH]
[2026-07-19T18:05:00.731Z] INFO: Finished Test Case: TC_AUTH_028 - Status: PASSED (35ms)

[2026-07-19T18:05:00.731Z] INFO: Starting Test Case: TC_AUTH_029 - Authentication validation check - Scenario 29 [Priority: LOW]
[2026-07-19T18:05:00.746Z] INFO: Finished Test Case: TC_AUTH_029 - Status: PASSED (15ms)

[2026-07-19T18:05:00.746Z] INFO: Starting Test Case: TC_AUTH_030 - Authentication validation check - Scenario 30 [Priority: MEDIUM]
[2026-07-19T18:05:00.767Z] INFO: Finished Test Case: TC_AUTH_030 - Status: PASSED (21ms)

[2026-07-19T18:05:00.767Z] INFO: Starting Test Case: TC_AUTH_031 - Authentication validation check - Scenario 31 [Priority: CRITICAL]
[2026-07-19T18:05:00.805Z] INFO: Finished Test Case: TC_AUTH_031 - Status: PASSED (38ms)

[2026-07-19T18:05:00.805Z] INFO: Starting Test Case: TC_AUTH_032 - Authentication validation check - Scenario 32 [Priority: HIGH]
[2026-07-19T18:05:00.846Z] INFO: Finished Test Case: TC_AUTH_032 - Status: PASSED (41ms)

[2026-07-19T18:05:00.846Z] INFO: Starting Test Case: TC_AUTH_033 - Authentication validation check - Scenario 33 [Priority: HIGH]
[2026-07-19T18:05:00.895Z] INFO: Finished Test Case: TC_AUTH_033 - Status: PASSED (49ms)

[2026-07-19T18:05:00.895Z] INFO: Starting Test Case: TC_AUTH_034 - Authentication validation check - Scenario 34 [Priority: LOW]
[2026-07-19T18:05:00.938Z] INFO: Finished Test Case: TC_AUTH_034 - Status: PASSED (43ms)

[2026-07-19T18:05:00.938Z] INFO: Starting Test Case: TC_AUTH_035 - Authentication validation check - Scenario 35 [Priority: MEDIUM]
[2026-07-19T18:05:00.968Z] INFO: Finished Test Case: TC_AUTH_035 - Status: PASSED (30ms)

[2026-07-19T18:05:00.968Z] INFO: Starting Test Case: TC_AUTH_036 - Authentication validation check - Scenario 36 [Priority: CRITICAL]
[2026-07-19T18:05:01.005Z] INFO: Finished Test Case: TC_AUTH_036 - Status: PASSED (37ms)

[2026-07-19T18:05:01.006Z] INFO: Starting Test Case: TC_AUTH_037 - Authentication validation check - Scenario 37 [Priority: HIGH]
[2026-07-19T18:05:01.051Z] INFO: Finished Test Case: TC_AUTH_037 - Status: PASSED (45ms)

[2026-07-19T18:05:01.051Z] INFO: Starting Test Case: TC_AUTH_038 - Authentication validation check - Scenario 38 [Priority: HIGH]
[2026-07-19T18:05:01.062Z] INFO: Finished Test Case: TC_AUTH_038 - Status: PASSED (11ms)

[2026-07-19T18:05:01.062Z] INFO: Starting Test Case: TC_AUTH_039 - Authentication validation check - Scenario 39 [Priority: LOW]
[2026-07-19T18:05:01.101Z] INFO: Finished Test Case: TC_AUTH_039 - Status: PASSED (39ms)

[2026-07-19T18:05:01.101Z] INFO: Starting Test Case: TC_AUTH_040 - Authentication validation check - Scenario 40 [Priority: MEDIUM]
[2026-07-19T18:05:01.146Z] INFO: Finished Test Case: TC_AUTH_040 - Status: PASSED (45ms)

[2026-07-19T18:05:01.146Z] INFO: Starting Test Case: TC_AZ_001 - Authorization validation check - Scenario 1 [Priority: CRITICAL]
[2026-07-19T18:05:01.180Z] INFO: Finished Test Case: TC_AZ_001 - Status: PASSED (34ms)

[2026-07-19T18:05:01.181Z] INFO: Starting Test Case: TC_AZ_002 - Authorization validation check - Scenario 2 [Priority: HIGH]
[2026-07-19T18:05:01.197Z] INFO: Finished Test Case: TC_AZ_002 - Status: PASSED (16ms)

[2026-07-19T18:05:01.197Z] INFO: Starting Test Case: TC_AZ_003 - Authorization validation check - Scenario 3 [Priority: HIGH]
[2026-07-19T18:05:01.232Z] INFO: Finished Test Case: TC_AZ_003 - Status: PASSED (35ms)

[2026-07-19T18:05:01.232Z] INFO: Starting Test Case: TC_AZ_004 - Authorization validation check - Scenario 4 [Priority: LOW]
[2026-07-19T18:05:01.232Z] INFO: Running E2E: Check push notifications...
[2026-07-19T18:05:01.232Z] INFO: Finished Test Case: TC_AZ_004 - Status: PASSED (0ms)

[2026-07-19T18:05:01.232Z] INFO: Starting Test Case: TC_AZ_005 - Authorization validation check - Scenario 5 [Priority: MEDIUM]
[2026-07-19T18:05:01.260Z] INFO: Finished Test Case: TC_AZ_005 - Status: PASSED (28ms)

[2026-07-19T18:05:01.260Z] INFO: Starting Test Case: TC_AZ_006 - Authorization validation check - Scenario 6 [Priority: CRITICAL]
[2026-07-19T18:05:01.277Z] INFO: Finished Test Case: TC_AZ_006 - Status: PASSED (17ms)

[2026-07-19T18:05:01.277Z] INFO: Starting Test Case: TC_AZ_007 - Authorization validation check - Scenario 7 [Priority: HIGH]
[2026-07-19T18:05:01.298Z] INFO: Finished Test Case: TC_AZ_007 - Status: PASSED (21ms)

[2026-07-19T18:05:01.299Z] INFO: Starting Test Case: TC_AZ_008 - Authorization validation check - Scenario 8 [Priority: HIGH]
[2026-07-19T18:05:01.342Z] INFO: Finished Test Case: TC_AZ_008 - Status: PASSED (43ms)

[2026-07-19T18:05:01.342Z] INFO: Starting Test Case: TC_AZ_009 - Authorization validation check - Scenario 9 [Priority: LOW]
[2026-07-19T18:05:01.373Z] INFO: Finished Test Case: TC_AZ_009 - Status: PASSED (31ms)

[2026-07-19T18:05:01.373Z] INFO: Starting Test Case: TC_AZ_010 - Authorization validation check - Scenario 10 [Priority: MEDIUM]
[2026-07-19T18:05:01.409Z] INFO: Finished Test Case: TC_AZ_010 - Status: PASSED (36ms)

[2026-07-19T18:05:01.409Z] INFO: Starting Test Case: TC_AZ_011 - Authorization validation check - Scenario 11 [Priority: CRITICAL]
[2026-07-19T18:05:01.438Z] INFO: Finished Test Case: TC_AZ_011 - Status: PASSED (29ms)

[2026-07-19T18:05:01.438Z] INFO: Starting Test Case: TC_AZ_012 - Authorization validation check - Scenario 12 [Priority: HIGH]
[2026-07-19T18:05:01.457Z] INFO: Finished Test Case: TC_AZ_012 - Status: PASSED (19ms)

[2026-07-19T18:05:01.457Z] INFO: Starting Test Case: TC_AZ_013 - Authorization validation check - Scenario 13 [Priority: HIGH]
[2026-07-19T18:05:01.482Z] INFO: Finished Test Case: TC_AZ_013 - Status: PASSED (25ms)

[2026-07-19T18:05:01.482Z] INFO: Starting Test Case: TC_AZ_014 - Authorization validation check - Scenario 14 [Priority: LOW]
[2026-07-19T18:05:01.511Z] INFO: Finished Test Case: TC_AZ_014 - Status: PASSED (29ms)

[2026-07-19T18:05:01.511Z] INFO: Starting Test Case: TC_AZ_015 - Authorization validation check - Scenario 15 [Priority: MEDIUM]
[2026-07-19T18:05:01.547Z] INFO: Finished Test Case: TC_AZ_015 - Status: PASSED (36ms)

[2026-07-19T18:05:01.547Z] INFO: Starting Test Case: TC_AZ_016 - Authorization validation check - Scenario 16 [Priority: CRITICAL]
[2026-07-19T18:05:01.577Z] INFO: Finished Test Case: TC_AZ_016 - Status: PASSED (30ms)

[2026-07-19T18:05:01.577Z] INFO: Starting Test Case: TC_AZ_017 - Authorization validation check - Scenario 17 [Priority: HIGH]
[2026-07-19T18:05:01.601Z] INFO: Finished Test Case: TC_AZ_017 - Status: PASSED (24ms)

[2026-07-19T18:05:01.601Z] INFO: Starting Test Case: TC_AZ_018 - Authorization validation check - Scenario 18 [Priority: HIGH]
[2026-07-19T18:05:01.634Z] INFO: Finished Test Case: TC_AZ_018 - Status: PASSED (33ms)

[2026-07-19T18:05:01.635Z] INFO: Starting Test Case: TC_AZ_019 - Authorization validation check - Scenario 19 [Priority: LOW]
[2026-07-19T18:05:01.652Z] INFO: Finished Test Case: TC_AZ_019 - Status: PASSED (17ms)

[2026-07-19T18:05:01.652Z] INFO: Starting Test Case: TC_AZ_020 - Authorization validation check - Scenario 20 [Priority: MEDIUM]
[2026-07-19T18:05:01.686Z] INFO: Finished Test Case: TC_AZ_020 - Status: PASSED (34ms)

[2026-07-19T18:05:01.686Z] INFO: Starting Test Case: TC_AZ_021 - Authorization validation check - Scenario 21 [Priority: CRITICAL]
[2026-07-19T18:05:01.697Z] INFO: Finished Test Case: TC_AZ_021 - Status: PASSED (11ms)

[2026-07-19T18:05:01.697Z] INFO: Starting Test Case: TC_AZ_022 - Authorization validation check - Scenario 22 [Priority: HIGH]
[2026-07-19T18:05:01.734Z] INFO: Finished Test Case: TC_AZ_022 - Status: PASSED (37ms)

[2026-07-19T18:05:01.734Z] INFO: Starting Test Case: TC_AZ_023 - Authorization validation check - Scenario 23 [Priority: HIGH]
[2026-07-19T18:05:01.747Z] INFO: Finished Test Case: TC_AZ_023 - Status: PASSED (13ms)

[2026-07-19T18:05:01.747Z] INFO: Starting Test Case: TC_AZ_024 - Authorization validation check - Scenario 24 [Priority: LOW]
[2026-07-19T18:05:01.793Z] INFO: Finished Test Case: TC_AZ_024 - Status: PASSED (46ms)

[2026-07-19T18:05:01.793Z] INFO: Starting Test Case: TC_AZ_025 - Authorization validation check - Scenario 25 [Priority: MEDIUM]
[2026-07-19T18:05:01.833Z] INFO: Finished Test Case: TC_AZ_025 - Status: PASSED (39ms)

[2026-07-19T18:05:01.833Z] INFO: Starting Test Case: TC_AZ_026 - Authorization validation check - Scenario 26 [Priority: CRITICAL]
[2026-07-19T18:05:01.856Z] INFO: Finished Test Case: TC_AZ_026 - Status: PASSED (23ms)

[2026-07-19T18:05:01.856Z] INFO: Starting Test Case: TC_AZ_027 - Authorization validation check - Scenario 27 [Priority: HIGH]
[2026-07-19T18:05:01.899Z] INFO: Finished Test Case: TC_AZ_027 - Status: PASSED (43ms)

[2026-07-19T18:05:01.900Z] INFO: Starting Test Case: TC_AZ_028 - Authorization validation check - Scenario 28 [Priority: HIGH]
[2026-07-19T18:05:01.922Z] INFO: Finished Test Case: TC_AZ_028 - Status: PASSED (22ms)

[2026-07-19T18:05:01.922Z] INFO: Starting Test Case: TC_AZ_029 - Authorization validation check - Scenario 29 [Priority: LOW]
[2026-07-19T18:05:01.955Z] INFO: Finished Test Case: TC_AZ_029 - Status: PASSED (33ms)

[2026-07-19T18:05:01.955Z] INFO: Starting Test Case: TC_AZ_030 - Authorization validation check - Scenario 30 [Priority: MEDIUM]
[2026-07-19T18:05:01.965Z] INFO: Finished Test Case: TC_AZ_030 - Status: PASSED (10ms)

[2026-07-19T18:05:01.965Z] INFO: Starting Test Case: TC_AZ_031 - Authorization validation check - Scenario 31 [Priority: CRITICAL]
[2026-07-19T18:05:02.010Z] INFO: Finished Test Case: TC_AZ_031 - Status: PASSED (45ms)

[2026-07-19T18:05:02.010Z] INFO: Starting Test Case: TC_AZ_032 - Authorization validation check - Scenario 32 [Priority: HIGH]
[2026-07-19T18:05:02.053Z] INFO: Finished Test Case: TC_AZ_032 - Status: PASSED (43ms)

[2026-07-19T18:05:02.054Z] INFO: Starting Test Case: TC_AZ_033 - Authorization validation check - Scenario 33 [Priority: HIGH]
[2026-07-19T18:05:02.070Z] INFO: Finished Test Case: TC_AZ_033 - Status: PASSED (16ms)

[2026-07-19T18:05:02.070Z] INFO: Starting Test Case: TC_AZ_034 - Authorization validation check - Scenario 34 [Priority: LOW]
[2026-07-19T18:05:02.097Z] INFO: Finished Test Case: TC_AZ_034 - Status: PASSED (27ms)

[2026-07-19T18:05:02.097Z] INFO: Starting Test Case: TC_AZ_035 - Authorization validation check - Scenario 35 [Priority: MEDIUM]
[2026-07-19T18:05:02.105Z] INFO: Finished Test Case: TC_AZ_035 - Status: PASSED (8ms)

[2026-07-19T18:05:02.105Z] INFO: Starting Test Case: TC_AZ_036 - Authorization validation check - Scenario 36 [Priority: CRITICAL]
[2026-07-19T18:05:02.137Z] INFO: Finished Test Case: TC_AZ_036 - Status: PASSED (32ms)

[2026-07-19T18:05:02.137Z] INFO: Starting Test Case: TC_AZ_037 - Authorization validation check - Scenario 37 [Priority: HIGH]
[2026-07-19T18:05:02.162Z] INFO: Finished Test Case: TC_AZ_037 - Status: PASSED (25ms)

[2026-07-19T18:05:02.162Z] INFO: Starting Test Case: TC_AZ_038 - Authorization validation check - Scenario 38 [Priority: HIGH]
[2026-07-19T18:05:02.194Z] INFO: Finished Test Case: TC_AZ_038 - Status: PASSED (32ms)

[2026-07-19T18:05:02.194Z] INFO: Starting Test Case: TC_AZ_039 - Authorization validation check - Scenario 39 [Priority: LOW]
[2026-07-19T18:05:02.230Z] INFO: Finished Test Case: TC_AZ_039 - Status: PASSED (36ms)

[2026-07-19T18:05:02.230Z] INFO: Starting Test Case: TC_AZ_040 - Authorization validation check - Scenario 40 [Priority: MEDIUM]
[2026-07-19T18:05:02.236Z] INFO: Finished Test Case: TC_AZ_040 - Status: PASSED (6ms)

[2026-07-19T18:05:02.236Z] INFO: Starting Test Case: TC_NAV_001 - Navigation validation check - Scenario 1 [Priority: CRITICAL]
[2026-07-19T18:05:02.278Z] INFO: Finished Test Case: TC_NAV_001 - Status: PASSED (42ms)

[2026-07-19T18:05:02.278Z] INFO: Starting Test Case: TC_NAV_002 - Navigation validation check - Scenario 2 [Priority: HIGH]
[2026-07-19T18:05:02.298Z] INFO: Finished Test Case: TC_NAV_002 - Status: PASSED (20ms)

[2026-07-19T18:05:02.298Z] INFO: Starting Test Case: TC_NAV_003 - Navigation validation check - Scenario 3 [Priority: HIGH]
[2026-07-19T18:05:02.298Z] INFO: Running E2E: Search Existing Record...
[2026-07-19T18:05:02.298Z] INFO: Tapping on element: Home Tab (a[href$="/"])
[2026-07-19T18:05:07.318Z] ERROR: Failure during real E2E execution of TC_NAV_003: element ("a[href$="/"]") still not displayed after 5000ms
[2026-07-19T18:05:07.319Z] INFO: Finished Test Case: TC_NAV_003 - Status: FAILED (5021ms)

[2026-07-19T18:05:07.319Z] INFO: Starting Test Case: TC_NAV_004 - Navigation validation check - Scenario 4 [Priority: LOW]
[2026-07-19T18:05:07.329Z] INFO: Finished Test Case: TC_NAV_004 - Status: PASSED (10ms)

[2026-07-19T18:05:07.329Z] INFO: Starting Test Case: TC_NAV_005 - Navigation validation check - Scenario 5 [Priority: MEDIUM]
[2026-07-19T18:05:07.366Z] INFO: Finished Test Case: TC_NAV_005 - Status: PASSED (37ms)

[2026-07-19T18:05:07.367Z] INFO: Starting Test Case: TC_NAV_006 - Navigation validation check - Scenario 6 [Priority: CRITICAL]
[2026-07-19T18:05:07.403Z] INFO: Finished Test Case: TC_NAV_006 - Status: PASSED (36ms)

[2026-07-19T18:05:07.403Z] INFO: Starting Test Case: TC_NAV_007 - Navigation validation check - Scenario 7 [Priority: HIGH]
[2026-07-19T18:05:07.432Z] INFO: Finished Test Case: TC_NAV_007 - Status: PASSED (29ms)

[2026-07-19T18:05:07.432Z] INFO: Starting Test Case: TC_NAV_008 - Navigation validation check - Scenario 8 [Priority: HIGH]
[2026-07-19T18:05:07.466Z] INFO: Finished Test Case: TC_NAV_008 - Status: PASSED (34ms)

[2026-07-19T18:05:07.466Z] INFO: Starting Test Case: TC_NAV_009 - Navigation validation check - Scenario 9 [Priority: LOW]
[2026-07-19T18:05:07.473Z] INFO: Finished Test Case: TC_NAV_009 - Status: PASSED (7ms)

[2026-07-19T18:05:07.473Z] INFO: Starting Test Case: TC_NAV_010 - Navigation validation check - Scenario 10 [Priority: MEDIUM]
[2026-07-19T18:05:07.519Z] INFO: Finished Test Case: TC_NAV_010 - Status: PASSED (46ms)

[2026-07-19T18:05:07.519Z] INFO: Starting Test Case: TC_NAV_011 - Navigation validation check - Scenario 11 [Priority: CRITICAL]
[2026-07-19T18:05:07.548Z] INFO: Finished Test Case: TC_NAV_011 - Status: PASSED (29ms)

[2026-07-19T18:05:07.548Z] INFO: Starting Test Case: TC_NAV_012 - Navigation validation check - Scenario 12 [Priority: HIGH]
[2026-07-19T18:05:07.583Z] INFO: Finished Test Case: TC_NAV_012 - Status: PASSED (35ms)

[2026-07-19T18:05:07.583Z] INFO: Starting Test Case: TC_NAV_013 - Navigation validation check - Scenario 13 [Priority: HIGH]
[2026-07-19T18:05:07.601Z] INFO: Finished Test Case: TC_NAV_013 - Status: PASSED (18ms)

[2026-07-19T18:05:07.601Z] INFO: Starting Test Case: TC_NAV_014 - Navigation validation check - Scenario 14 [Priority: LOW]
[2026-07-19T18:05:07.636Z] INFO: Finished Test Case: TC_NAV_014 - Status: PASSED (35ms)

[2026-07-19T18:05:07.636Z] INFO: Starting Test Case: TC_NAV_015 - Navigation validation check - Scenario 15 [Priority: MEDIUM]
[2026-07-19T18:05:07.679Z] INFO: Finished Test Case: TC_NAV_015 - Status: PASSED (43ms)

[2026-07-19T18:05:07.679Z] INFO: Starting Test Case: TC_NAV_016 - Navigation validation check - Scenario 16 [Priority: CRITICAL]
[2026-07-19T18:05:07.704Z] INFO: Finished Test Case: TC_NAV_016 - Status: PASSED (25ms)

[2026-07-19T18:05:07.705Z] INFO: Starting Test Case: TC_NAV_017 - Navigation validation check - Scenario 17 [Priority: HIGH]
[2026-07-19T18:05:07.729Z] INFO: Finished Test Case: TC_NAV_017 - Status: PASSED (24ms)

[2026-07-19T18:05:07.729Z] INFO: Starting Test Case: TC_NAV_018 - Navigation validation check - Scenario 18 [Priority: HIGH]
[2026-07-19T18:05:07.745Z] INFO: Finished Test Case: TC_NAV_018 - Status: PASSED (16ms)

[2026-07-19T18:05:07.745Z] INFO: Starting Test Case: TC_NAV_019 - Navigation validation check - Scenario 19 [Priority: LOW]
[2026-07-19T18:05:07.759Z] INFO: Finished Test Case: TC_NAV_019 - Status: PASSED (14ms)

[2026-07-19T18:05:07.760Z] INFO: Starting Test Case: TC_NAV_020 - Navigation validation check - Scenario 20 [Priority: MEDIUM]
[2026-07-19T18:05:07.770Z] INFO: Finished Test Case: TC_NAV_020 - Status: PASSED (11ms)

[2026-07-19T18:05:07.770Z] INFO: Starting Test Case: TC_NAV_021 - Navigation validation check - Scenario 21 [Priority: CRITICAL]
[2026-07-19T18:05:07.791Z] INFO: Finished Test Case: TC_NAV_021 - Status: PASSED (21ms)

[2026-07-19T18:05:07.791Z] INFO: Starting Test Case: TC_NAV_022 - Navigation validation check - Scenario 22 [Priority: HIGH]
[2026-07-19T18:05:07.840Z] INFO: Finished Test Case: TC_NAV_022 - Status: PASSED (49ms)

[2026-07-19T18:05:07.841Z] INFO: Starting Test Case: TC_NAV_023 - Navigation validation check - Scenario 23 [Priority: HIGH]
[2026-07-19T18:05:07.875Z] INFO: Finished Test Case: TC_NAV_023 - Status: PASSED (35ms)

[2026-07-19T18:05:07.875Z] INFO: Starting Test Case: TC_NAV_024 - Navigation validation check - Scenario 24 [Priority: LOW]
[2026-07-19T18:05:07.914Z] INFO: Finished Test Case: TC_NAV_024 - Status: PASSED (39ms)

[2026-07-19T18:05:07.914Z] INFO: Starting Test Case: TC_NAV_025 - Navigation validation check - Scenario 25 [Priority: MEDIUM]
[2026-07-19T18:05:07.942Z] INFO: Finished Test Case: TC_NAV_025 - Status: PASSED (28ms)

[2026-07-19T18:05:07.942Z] INFO: Starting Test Case: TC_NAV_026 - Navigation validation check - Scenario 26 [Priority: CRITICAL]
[2026-07-19T18:05:07.979Z] INFO: Finished Test Case: TC_NAV_026 - Status: PASSED (37ms)

[2026-07-19T18:05:07.979Z] INFO: Starting Test Case: TC_NAV_027 - Navigation validation check - Scenario 27 [Priority: HIGH]
[2026-07-19T18:05:07.987Z] INFO: Finished Test Case: TC_NAV_027 - Status: PASSED (8ms)

[2026-07-19T18:05:07.987Z] INFO: Starting Test Case: TC_NAV_028 - Navigation validation check - Scenario 28 [Priority: HIGH]
[2026-07-19T18:05:08.003Z] INFO: Finished Test Case: TC_NAV_028 - Status: PASSED (16ms)

[2026-07-19T18:05:08.003Z] INFO: Starting Test Case: TC_NAV_029 - Navigation validation check - Scenario 29 [Priority: LOW]
[2026-07-19T18:05:08.012Z] INFO: Finished Test Case: TC_NAV_029 - Status: PASSED (9ms)

[2026-07-19T18:05:08.012Z] INFO: Starting Test Case: TC_NAV_030 - Navigation validation check - Scenario 30 [Priority: MEDIUM]
[2026-07-19T18:05:08.024Z] INFO: Finished Test Case: TC_NAV_030 - Status: PASSED (12ms)

[2026-07-19T18:05:08.024Z] INFO: Starting Test Case: TC_UI_001 - UI Validation validation check - Scenario 1 [Priority: CRITICAL]
[2026-07-19T18:05:08.041Z] INFO: Finished Test Case: TC_UI_001 - Status: PASSED (17ms)

[2026-07-19T18:05:08.041Z] INFO: Starting Test Case: TC_UI_002 - UI Validation validation check - Scenario 2 [Priority: HIGH]
[2026-07-19T18:05:08.066Z] INFO: Finished Test Case: TC_UI_002 - Status: PASSED (25ms)

[2026-07-19T18:05:08.066Z] INFO: Starting Test Case: TC_UI_003 - UI Validation validation check - Scenario 3 [Priority: HIGH]
[2026-07-19T18:05:08.114Z] INFO: Finished Test Case: TC_UI_003 - Status: PASSED (48ms)

[2026-07-19T18:05:08.114Z] INFO: Starting Test Case: TC_UI_004 - UI Validation validation check - Scenario 4 [Priority: LOW]
[2026-07-19T18:05:08.135Z] INFO: Finished Test Case: TC_UI_004 - Status: PASSED (21ms)

[2026-07-19T18:05:08.135Z] INFO: Starting Test Case: TC_UI_005 - UI Validation validation check - Scenario 5 [Priority: MEDIUM]
[2026-07-19T18:05:08.152Z] INFO: Finished Test Case: TC_UI_005 - Status: PASSED (17ms)

[2026-07-19T18:05:08.152Z] INFO: Starting Test Case: TC_UI_006 - UI Validation validation check - Scenario 6 [Priority: CRITICAL]
[2026-07-19T18:05:08.167Z] INFO: Finished Test Case: TC_UI_006 - Status: PASSED (15ms)

[2026-07-19T18:05:08.168Z] INFO: Starting Test Case: TC_UI_007 - UI Validation validation check - Scenario 7 [Priority: HIGH]
[2026-07-19T18:05:08.179Z] INFO: Finished Test Case: TC_UI_007 - Status: PASSED (11ms)

[2026-07-19T18:05:08.179Z] INFO: Starting Test Case: TC_UI_008 - UI Validation validation check - Scenario 8 [Priority: HIGH]
[2026-07-19T18:05:08.226Z] INFO: Finished Test Case: TC_UI_008 - Status: PASSED (47ms)

[2026-07-19T18:05:08.226Z] INFO: Starting Test Case: TC_UI_009 - UI Validation validation check - Scenario 9 [Priority: LOW]
[2026-07-19T18:05:08.248Z] INFO: Finished Test Case: TC_UI_009 - Status: PASSED (22ms)

[2026-07-19T18:05:08.248Z] INFO: Starting Test Case: TC_UI_010 - UI Validation validation check - Scenario 10 [Priority: MEDIUM]
[2026-07-19T18:05:08.295Z] INFO: Finished Test Case: TC_UI_010 - Status: PASSED (47ms)

[2026-07-19T18:05:08.295Z] INFO: Starting Test Case: TC_UI_011 - UI Validation validation check - Scenario 11 [Priority: CRITICAL]
[2026-07-19T18:05:08.303Z] INFO: Finished Test Case: TC_UI_011 - Status: PASSED (8ms)

[2026-07-19T18:05:08.303Z] INFO: Starting Test Case: TC_UI_012 - UI Validation validation check - Scenario 12 [Priority: HIGH]
[2026-07-19T18:05:08.335Z] INFO: Finished Test Case: TC_UI_012 - Status: PASSED (32ms)

[2026-07-19T18:05:08.335Z] INFO: Starting Test Case: TC_UI_013 - UI Validation validation check - Scenario 13 [Priority: HIGH]
[2026-07-19T18:05:08.373Z] INFO: Finished Test Case: TC_UI_013 - Status: PASSED (38ms)

[2026-07-19T18:05:08.373Z] INFO: Starting Test Case: TC_UI_014 - UI Validation validation check - Scenario 14 [Priority: LOW]
[2026-07-19T18:05:08.407Z] INFO: Finished Test Case: TC_UI_014 - Status: PASSED (34ms)

[2026-07-19T18:05:08.408Z] INFO: Starting Test Case: TC_UI_015 - UI Validation validation check - Scenario 15 [Priority: MEDIUM]
[2026-07-19T18:05:08.445Z] INFO: Finished Test Case: TC_UI_015 - Status: PASSED (38ms)

[2026-07-19T18:05:08.445Z] INFO: Starting Test Case: TC_UI_016 - UI Validation validation check - Scenario 16 [Priority: CRITICAL]
[2026-07-19T18:05:08.465Z] INFO: Finished Test Case: TC_UI_016 - Status: PASSED (20ms)

[2026-07-19T18:05:08.465Z] INFO: Starting Test Case: TC_UI_017 - UI Validation validation check - Scenario 17 [Priority: HIGH]
[2026-07-19T18:05:08.500Z] INFO: Finished Test Case: TC_UI_017 - Status: PASSED (34ms)

[2026-07-19T18:05:08.500Z] INFO: Starting Test Case: TC_UI_018 - UI Validation validation check - Scenario 18 [Priority: HIGH]
[2026-07-19T18:05:08.537Z] INFO: Finished Test Case: TC_UI_018 - Status: PASSED (37ms)

[2026-07-19T18:05:08.537Z] INFO: Starting Test Case: TC_UI_019 - UI Validation validation check - Scenario 19 [Priority: LOW]
[2026-07-19T18:05:08.559Z] INFO: Finished Test Case: TC_UI_019 - Status: PASSED (22ms)

[2026-07-19T18:05:08.559Z] INFO: Starting Test Case: TC_UI_020 - UI Validation validation check - Scenario 20 [Priority: MEDIUM]
[2026-07-19T18:05:08.600Z] INFO: Finished Test Case: TC_UI_020 - Status: PASSED (41ms)

[2026-07-19T18:05:08.600Z] INFO: Starting Test Case: TC_UI_021 - UI Validation validation check - Scenario 21 [Priority: CRITICAL]
[2026-07-19T18:05:08.621Z] INFO: Finished Test Case: TC_UI_021 - Status: PASSED (21ms)

[2026-07-19T18:05:08.621Z] INFO: Starting Test Case: TC_UI_022 - UI Validation validation check - Scenario 22 [Priority: HIGH]
[2026-07-19T18:05:08.660Z] INFO: Finished Test Case: TC_UI_022 - Status: PASSED (39ms)

[2026-07-19T18:05:08.661Z] INFO: Starting Test Case: TC_UI_023 - UI Validation validation check - Scenario 23 [Priority: HIGH]
[2026-07-19T18:05:08.669Z] INFO: Finished Test Case: TC_UI_023 - Status: PASSED (8ms)

[2026-07-19T18:05:08.669Z] INFO: Starting Test Case: TC_UI_024 - UI Validation validation check - Scenario 24 [Priority: LOW]
[2026-07-19T18:05:08.687Z] INFO: Finished Test Case: TC_UI_024 - Status: PASSED (18ms)

[2026-07-19T18:05:08.687Z] INFO: Starting Test Case: TC_UI_025 - UI Validation validation check - Scenario 25 [Priority: MEDIUM]
[2026-07-19T18:05:08.709Z] INFO: Finished Test Case: TC_UI_025 - Status: PASSED (22ms)

[2026-07-19T18:05:08.710Z] INFO: Starting Test Case: TC_UI_026 - UI Validation validation check - Scenario 26 [Priority: CRITICAL]
[2026-07-19T18:05:08.758Z] INFO: Finished Test Case: TC_UI_026 - Status: PASSED (48ms)

[2026-07-19T18:05:08.758Z] INFO: Starting Test Case: TC_UI_027 - UI Validation validation check - Scenario 27 [Priority: HIGH]
[2026-07-19T18:05:08.798Z] INFO: Finished Test Case: TC_UI_027 - Status: PASSED (40ms)

[2026-07-19T18:05:08.798Z] INFO: Starting Test Case: TC_UI_028 - UI Validation validation check - Scenario 28 [Priority: HIGH]
[2026-07-19T18:05:08.815Z] INFO: Finished Test Case: TC_UI_028 - Status: PASSED (17ms)

[2026-07-19T18:05:08.815Z] INFO: Starting Test Case: TC_UI_029 - UI Validation validation check - Scenario 29 [Priority: LOW]
[2026-07-19T18:05:08.832Z] INFO: Finished Test Case: TC_UI_029 - Status: PASSED (17ms)

[2026-07-19T18:05:08.832Z] INFO: Starting Test Case: TC_UI_030 - UI Validation validation check - Scenario 30 [Priority: MEDIUM]
[2026-07-19T18:05:08.872Z] INFO: Finished Test Case: TC_UI_030 - Status: PASSED (40ms)

[2026-07-19T18:05:08.872Z] INFO: Starting Test Case: TC_UI_031 - UI Validation validation check - Scenario 31 [Priority: CRITICAL]
[2026-07-19T18:05:08.911Z] INFO: Finished Test Case: TC_UI_031 - Status: PASSED (39ms)

[2026-07-19T18:05:08.911Z] INFO: Starting Test Case: TC_UI_032 - UI Validation validation check - Scenario 32 [Priority: HIGH]
[2026-07-19T18:05:08.936Z] INFO: Finished Test Case: TC_UI_032 - Status: PASSED (25ms)

[2026-07-19T18:05:08.936Z] INFO: Starting Test Case: TC_UI_033 - UI Validation validation check - Scenario 33 [Priority: HIGH]
[2026-07-19T18:05:08.960Z] INFO: Finished Test Case: TC_UI_033 - Status: PASSED (24ms)

[2026-07-19T18:05:08.961Z] INFO: Starting Test Case: TC_UI_034 - UI Validation validation check - Scenario 34 [Priority: LOW]
[2026-07-19T18:05:08.974Z] INFO: Finished Test Case: TC_UI_034 - Status: PASSED (13ms)

[2026-07-19T18:05:08.974Z] INFO: Starting Test Case: TC_UI_035 - UI Validation validation check - Scenario 35 [Priority: MEDIUM]
[2026-07-19T18:05:09.011Z] INFO: Finished Test Case: TC_UI_035 - Status: PASSED (37ms)

[2026-07-19T18:05:09.011Z] INFO: Starting Test Case: TC_UI_036 - UI Validation validation check - Scenario 36 [Priority: CRITICAL]
[2026-07-19T18:05:09.030Z] INFO: Finished Test Case: TC_UI_036 - Status: PASSED (19ms)

[2026-07-19T18:05:09.030Z] INFO: Starting Test Case: TC_UI_037 - UI Validation validation check - Scenario 37 [Priority: HIGH]
[2026-07-19T18:05:09.056Z] INFO: Finished Test Case: TC_UI_037 - Status: PASSED (26ms)

[2026-07-19T18:05:09.056Z] INFO: Starting Test Case: TC_UI_038 - UI Validation validation check - Scenario 38 [Priority: HIGH]
[2026-07-19T18:05:09.071Z] INFO: Finished Test Case: TC_UI_038 - Status: PASSED (15ms)

[2026-07-19T18:05:09.071Z] INFO: Starting Test Case: TC_UI_039 - UI Validation validation check - Scenario 39 [Priority: LOW]
[2026-07-19T18:05:09.106Z] INFO: Finished Test Case: TC_UI_039 - Status: PASSED (35ms)

[2026-07-19T18:05:09.106Z] INFO: Starting Test Case: TC_UI_040 - UI Validation validation check - Scenario 40 [Priority: MEDIUM]
[2026-07-19T18:05:09.131Z] INFO: Finished Test Case: TC_UI_040 - Status: PASSED (25ms)

[2026-07-19T18:05:09.131Z] INFO: Starting Test Case: TC_UI_041 - UI Validation validation check - Scenario 41 [Priority: CRITICAL]
[2026-07-19T18:05:09.168Z] INFO: Finished Test Case: TC_UI_041 - Status: PASSED (37ms)

[2026-07-19T18:05:09.168Z] INFO: Starting Test Case: TC_UI_042 - UI Validation validation check - Scenario 42 [Priority: HIGH]
[2026-07-19T18:05:09.194Z] INFO: Finished Test Case: TC_UI_042 - Status: PASSED (26ms)

[2026-07-19T18:05:09.194Z] INFO: Starting Test Case: TC_UI_043 - UI Validation validation check - Scenario 43 [Priority: HIGH]
[2026-07-19T18:05:09.210Z] INFO: Finished Test Case: TC_UI_043 - Status: PASSED (16ms)

[2026-07-19T18:05:09.210Z] INFO: Starting Test Case: TC_UI_044 - UI Validation validation check - Scenario 44 [Priority: LOW]
[2026-07-19T18:05:09.220Z] INFO: Finished Test Case: TC_UI_044 - Status: PASSED (10ms)

[2026-07-19T18:05:09.220Z] INFO: Starting Test Case: TC_UI_045 - UI Validation validation check - Scenario 45 [Priority: MEDIUM]
[2026-07-19T18:05:09.231Z] INFO: Finished Test Case: TC_UI_045 - Status: PASSED (11ms)

[2026-07-19T18:05:09.231Z] INFO: Starting Test Case: TC_UI_046 - UI Validation validation check - Scenario 46 [Priority: CRITICAL]
[2026-07-19T18:05:09.270Z] INFO: Finished Test Case: TC_UI_046 - Status: PASSED (39ms)

[2026-07-19T18:05:09.270Z] INFO: Starting Test Case: TC_UI_047 - UI Validation validation check - Scenario 47 [Priority: HIGH]
[2026-07-19T18:05:09.313Z] INFO: Finished Test Case: TC_UI_047 - Status: PASSED (43ms)

[2026-07-19T18:05:09.314Z] INFO: Starting Test Case: TC_UI_048 - UI Validation validation check - Scenario 48 [Priority: HIGH]
[2026-07-19T18:05:09.351Z] INFO: Finished Test Case: TC_UI_048 - Status: PASSED (37ms)

[2026-07-19T18:05:09.351Z] INFO: Starting Test Case: TC_UI_049 - UI Validation validation check - Scenario 49 [Priority: LOW]
[2026-07-19T18:05:09.384Z] INFO: Finished Test Case: TC_UI_049 - Status: PASSED (33ms)

[2026-07-19T18:05:09.384Z] INFO: Starting Test Case: TC_UI_050 - UI Validation validation check - Scenario 50 [Priority: MEDIUM]
[2026-07-19T18:05:09.422Z] INFO: Finished Test Case: TC_UI_050 - Status: PASSED (38ms)

[2026-07-19T18:05:09.422Z] INFO: Starting Test Case: TC_FORM_001 - Forms validation check - Scenario 1 [Priority: CRITICAL]
[2026-07-19T18:05:09.442Z] INFO: Finished Test Case: TC_FORM_001 - Status: PASSED (20ms)

[2026-07-19T18:05:09.442Z] INFO: Starting Test Case: TC_FORM_002 - Forms validation check - Scenario 2 [Priority: HIGH]
[2026-07-19T18:05:09.459Z] INFO: Finished Test Case: TC_FORM_002 - Status: PASSED (17ms)

[2026-07-19T18:05:09.459Z] INFO: Starting Test Case: TC_FORM_003 - Forms validation check - Scenario 3 [Priority: HIGH]
[2026-07-19T18:05:09.472Z] INFO: Finished Test Case: TC_FORM_003 - Status: PASSED (13ms)

[2026-07-19T18:05:09.472Z] INFO: Starting Test Case: TC_FORM_004 - Forms validation check - Scenario 4 [Priority: LOW]
[2026-07-19T18:05:09.495Z] INFO: Finished Test Case: TC_FORM_004 - Status: PASSED (23ms)

[2026-07-19T18:05:09.495Z] INFO: Starting Test Case: TC_FORM_005 - Forms validation check - Scenario 5 [Priority: MEDIUM]
[2026-07-19T18:05:09.500Z] INFO: Finished Test Case: TC_FORM_005 - Status: PASSED (5ms)

[2026-07-19T18:05:09.500Z] INFO: Starting Test Case: TC_FORM_006 - Forms validation check - Scenario 6 [Priority: CRITICAL]
[2026-07-19T18:05:09.530Z] INFO: Finished Test Case: TC_FORM_006 - Status: PASSED (30ms)

[2026-07-19T18:05:09.530Z] INFO: Starting Test Case: TC_FORM_007 - Forms validation check - Scenario 7 [Priority: HIGH]
[2026-07-19T18:05:09.572Z] INFO: Finished Test Case: TC_FORM_007 - Status: PASSED (42ms)

[2026-07-19T18:05:09.572Z] INFO: Starting Test Case: TC_FORM_008 - Forms validation check - Scenario 8 [Priority: HIGH]
[2026-07-19T18:05:09.572Z] INFO: Running E2E: Mandatory Field Validation...
[2026-07-19T18:05:09.572Z] INFO: Finished Test Case: TC_FORM_008 - Status: PASSED (0ms)

[2026-07-19T18:05:09.572Z] INFO: Starting Test Case: TC_FORM_009 - Forms validation check - Scenario 9 [Priority: LOW]
[2026-07-19T18:05:09.615Z] INFO: Finished Test Case: TC_FORM_009 - Status: PASSED (43ms)

[2026-07-19T18:05:09.615Z] INFO: Starting Test Case: TC_FORM_010 - Forms validation check - Scenario 10 [Priority: MEDIUM]
[2026-07-19T18:05:09.637Z] INFO: Finished Test Case: TC_FORM_010 - Status: PASSED (22ms)

[2026-07-19T18:05:09.637Z] INFO: Starting Test Case: TC_FORM_011 - Forms validation check - Scenario 11 [Priority: CRITICAL]
[2026-07-19T18:05:09.658Z] INFO: Finished Test Case: TC_FORM_011 - Status: PASSED (21ms)

[2026-07-19T18:05:09.659Z] INFO: Starting Test Case: TC_FORM_012 - Forms validation check - Scenario 12 [Priority: HIGH]
[2026-07-19T18:05:09.667Z] INFO: Finished Test Case: TC_FORM_012 - Status: PASSED (9ms)

[2026-07-19T18:05:09.667Z] INFO: Starting Test Case: TC_FORM_013 - Forms validation check - Scenario 13 [Priority: HIGH]
[2026-07-19T18:05:09.675Z] INFO: Finished Test Case: TC_FORM_013 - Status: PASSED (8ms)

[2026-07-19T18:05:09.675Z] INFO: Starting Test Case: TC_FORM_014 - Forms validation check - Scenario 14 [Priority: LOW]
[2026-07-19T18:05:09.708Z] INFO: Finished Test Case: TC_FORM_014 - Status: PASSED (33ms)

[2026-07-19T18:05:09.709Z] INFO: Starting Test Case: TC_FORM_015 - Forms validation check - Scenario 15 [Priority: MEDIUM]
[2026-07-19T18:05:09.751Z] INFO: Finished Test Case: TC_FORM_015 - Status: PASSED (43ms)

[2026-07-19T18:05:09.751Z] INFO: Starting Test Case: TC_FORM_016 - Forms validation check - Scenario 16 [Priority: CRITICAL]
[2026-07-19T18:05:09.765Z] INFO: Finished Test Case: TC_FORM_016 - Status: PASSED (14ms)

[2026-07-19T18:05:09.765Z] INFO: Starting Test Case: TC_FORM_017 - Forms validation check - Scenario 17 [Priority: HIGH]
[2026-07-19T18:05:09.805Z] INFO: Finished Test Case: TC_FORM_017 - Status: PASSED (40ms)

[2026-07-19T18:05:09.806Z] INFO: Starting Test Case: TC_FORM_018 - Forms validation check - Scenario 18 [Priority: HIGH]
[2026-07-19T18:05:09.833Z] INFO: Finished Test Case: TC_FORM_018 - Status: PASSED (27ms)

[2026-07-19T18:05:09.833Z] INFO: Starting Test Case: TC_FORM_019 - Forms validation check - Scenario 19 [Priority: LOW]
[2026-07-19T18:05:09.854Z] INFO: Finished Test Case: TC_FORM_019 - Status: PASSED (21ms)

[2026-07-19T18:05:09.854Z] INFO: Starting Test Case: TC_FORM_020 - Forms validation check - Scenario 20 [Priority: MEDIUM]
[2026-07-19T18:05:09.883Z] INFO: Finished Test Case: TC_FORM_020 - Status: PASSED (29ms)

[2026-07-19T18:05:09.883Z] INFO: Starting Test Case: TC_FORM_021 - Forms validation check - Scenario 21 [Priority: CRITICAL]
[2026-07-19T18:05:09.923Z] INFO: Finished Test Case: TC_FORM_021 - Status: PASSED (40ms)

[2026-07-19T18:05:09.923Z] INFO: Starting Test Case: TC_FORM_022 - Forms validation check - Scenario 22 [Priority: HIGH]
[2026-07-19T18:05:09.943Z] INFO: Finished Test Case: TC_FORM_022 - Status: PASSED (20ms)

[2026-07-19T18:05:09.944Z] INFO: Starting Test Case: TC_FORM_023 - Forms validation check - Scenario 23 [Priority: HIGH]
[2026-07-19T18:05:09.969Z] INFO: Finished Test Case: TC_FORM_023 - Status: PASSED (25ms)

[2026-07-19T18:05:09.969Z] INFO: Starting Test Case: TC_FORM_024 - Forms validation check - Scenario 24 [Priority: LOW]
[2026-07-19T18:05:09.994Z] INFO: Finished Test Case: TC_FORM_024 - Status: PASSED (25ms)

[2026-07-19T18:05:09.994Z] INFO: Starting Test Case: TC_FORM_025 - Forms validation check - Scenario 25 [Priority: MEDIUM]
[2026-07-19T18:05:10.039Z] INFO: Finished Test Case: TC_FORM_025 - Status: PASSED (45ms)

[2026-07-19T18:05:10.039Z] INFO: Starting Test Case: TC_FORM_026 - Forms validation check - Scenario 26 [Priority: CRITICAL]
[2026-07-19T18:05:10.073Z] INFO: Finished Test Case: TC_FORM_026 - Status: PASSED (34ms)

[2026-07-19T18:05:10.073Z] INFO: Starting Test Case: TC_FORM_027 - Forms validation check - Scenario 27 [Priority: HIGH]
[2026-07-19T18:05:10.092Z] INFO: Finished Test Case: TC_FORM_027 - Status: PASSED (19ms)

[2026-07-19T18:05:10.092Z] INFO: Starting Test Case: TC_FORM_028 - Forms validation check - Scenario 28 [Priority: HIGH]
[2026-07-19T18:05:10.128Z] INFO: Finished Test Case: TC_FORM_028 - Status: PASSED (36ms)

[2026-07-19T18:05:10.128Z] INFO: Starting Test Case: TC_FORM_029 - Forms validation check - Scenario 29 [Priority: LOW]
[2026-07-19T18:05:10.134Z] INFO: Finished Test Case: TC_FORM_029 - Status: PASSED (6ms)

[2026-07-19T18:05:10.134Z] INFO: Starting Test Case: TC_FORM_030 - Forms validation check - Scenario 30 [Priority: MEDIUM]
[2026-07-19T18:05:10.140Z] INFO: Finished Test Case: TC_FORM_030 - Status: PASSED (6ms)

[2026-07-19T18:05:10.140Z] INFO: Starting Test Case: TC_FORM_031 - Forms validation check - Scenario 31 [Priority: CRITICAL]
[2026-07-19T18:05:10.161Z] INFO: Finished Test Case: TC_FORM_031 - Status: PASSED (21ms)

[2026-07-19T18:05:10.161Z] INFO: Starting Test Case: TC_FORM_032 - Forms validation check - Scenario 32 [Priority: HIGH]
[2026-07-19T18:05:10.196Z] INFO: Finished Test Case: TC_FORM_032 - Status: PASSED (35ms)

[2026-07-19T18:05:10.196Z] INFO: Starting Test Case: TC_FORM_033 - Forms validation check - Scenario 33 [Priority: HIGH]
[2026-07-19T18:05:10.240Z] INFO: Finished Test Case: TC_FORM_033 - Status: PASSED (44ms)

[2026-07-19T18:05:10.241Z] INFO: Starting Test Case: TC_FORM_034 - Forms validation check - Scenario 34 [Priority: LOW]
[2026-07-19T18:05:10.270Z] INFO: Finished Test Case: TC_FORM_034 - Status: PASSED (30ms)

[2026-07-19T18:05:10.270Z] INFO: Starting Test Case: TC_FORM_035 - Forms validation check - Scenario 35 [Priority: MEDIUM]
[2026-07-19T18:05:10.290Z] INFO: Finished Test Case: TC_FORM_035 - Status: PASSED (20ms)

[2026-07-19T18:05:10.290Z] INFO: Starting Test Case: TC_FORM_036 - Forms validation check - Scenario 36 [Priority: CRITICAL]
[2026-07-19T18:05:10.298Z] INFO: Finished Test Case: TC_FORM_036 - Status: PASSED (8ms)

[2026-07-19T18:05:10.299Z] INFO: Starting Test Case: TC_FORM_037 - Forms validation check - Scenario 37 [Priority: HIGH]
[2026-07-19T18:05:10.334Z] INFO: Finished Test Case: TC_FORM_037 - Status: PASSED (35ms)

[2026-07-19T18:05:10.334Z] INFO: Starting Test Case: TC_FORM_038 - Forms validation check - Scenario 38 [Priority: HIGH]
[2026-07-19T18:05:10.367Z] INFO: Finished Test Case: TC_FORM_038 - Status: PASSED (33ms)

[2026-07-19T18:05:10.367Z] INFO: Starting Test Case: TC_FORM_039 - Forms validation check - Scenario 39 [Priority: LOW]
[2026-07-19T18:05:10.388Z] INFO: Finished Test Case: TC_FORM_039 - Status: PASSED (21ms)

[2026-07-19T18:05:10.388Z] INFO: Starting Test Case: TC_FORM_040 - Forms validation check - Scenario 40 [Priority: MEDIUM]
[2026-07-19T18:05:10.416Z] INFO: Finished Test Case: TC_FORM_040 - Status: PASSED (28ms)

[2026-07-19T18:05:10.416Z] INFO: Starting Test Case: TC_FORM_041 - Forms validation check - Scenario 41 [Priority: CRITICAL]
[2026-07-19T18:05:10.459Z] INFO: Finished Test Case: TC_FORM_041 - Status: PASSED (42ms)

[2026-07-19T18:05:10.459Z] INFO: Starting Test Case: TC_FORM_042 - Forms validation check - Scenario 42 [Priority: HIGH]
[2026-07-19T18:05:10.494Z] INFO: Finished Test Case: TC_FORM_042 - Status: PASSED (35ms)

[2026-07-19T18:05:10.494Z] INFO: Starting Test Case: TC_FORM_043 - Forms validation check - Scenario 43 [Priority: HIGH]
[2026-07-19T18:05:10.543Z] INFO: Finished Test Case: TC_FORM_043 - Status: PASSED (49ms)

[2026-07-19T18:05:10.544Z] INFO: Starting Test Case: TC_FORM_044 - Forms validation check - Scenario 44 [Priority: LOW]
[2026-07-19T18:05:10.552Z] INFO: Finished Test Case: TC_FORM_044 - Status: PASSED (8ms)

[2026-07-19T18:05:10.552Z] INFO: Starting Test Case: TC_FORM_045 - Forms validation check - Scenario 45 [Priority: MEDIUM]
[2026-07-19T18:05:10.589Z] INFO: Finished Test Case: TC_FORM_045 - Status: PASSED (37ms)

[2026-07-19T18:05:10.589Z] INFO: Starting Test Case: TC_FORM_046 - Forms validation check - Scenario 46 [Priority: CRITICAL]
[2026-07-19T18:05:10.633Z] INFO: Finished Test Case: TC_FORM_046 - Status: PASSED (44ms)

[2026-07-19T18:05:10.633Z] INFO: Starting Test Case: TC_FORM_047 - Forms validation check - Scenario 47 [Priority: HIGH]
[2026-07-19T18:05:10.671Z] INFO: Finished Test Case: TC_FORM_047 - Status: PASSED (38ms)

[2026-07-19T18:05:10.671Z] INFO: Starting Test Case: TC_FORM_048 - Forms validation check - Scenario 48 [Priority: HIGH]
[2026-07-19T18:05:10.687Z] INFO: Finished Test Case: TC_FORM_048 - Status: PASSED (16ms)

[2026-07-19T18:05:10.688Z] INFO: Starting Test Case: TC_FORM_049 - Forms validation check - Scenario 49 [Priority: LOW]
[2026-07-19T18:05:10.720Z] INFO: Finished Test Case: TC_FORM_049 - Status: PASSED (32ms)

[2026-07-19T18:05:10.720Z] INFO: Starting Test Case: TC_FORM_050 - Forms validation check - Scenario 50 [Priority: MEDIUM]
[2026-07-19T18:05:10.725Z] INFO: Finished Test Case: TC_FORM_050 - Status: PASSED (5ms)

[2026-07-19T18:05:10.725Z] INFO: Starting Test Case: TC_CRUD_001 - CRUD Operations validation check - Scenario 1 [Priority: CRITICAL]
[2026-07-19T18:05:10.747Z] INFO: Finished Test Case: TC_CRUD_001 - Status: PASSED (22ms)

[2026-07-19T18:05:10.748Z] INFO: Starting Test Case: TC_CRUD_002 - CRUD Operations validation check - Scenario 2 [Priority: HIGH]
[2026-07-19T18:05:10.791Z] INFO: Finished Test Case: TC_CRUD_002 - Status: PASSED (43ms)

[2026-07-19T18:05:10.791Z] INFO: Starting Test Case: TC_CRUD_003 - CRUD Operations validation check - Scenario 3 [Priority: HIGH]
[2026-07-19T18:05:10.805Z] INFO: Finished Test Case: TC_CRUD_003 - Status: PASSED (14ms)

[2026-07-19T18:05:10.806Z] INFO: Starting Test Case: TC_CRUD_004 - CRUD Operations validation check - Scenario 4 [Priority: LOW]
[2026-07-19T18:05:10.844Z] INFO: Finished Test Case: TC_CRUD_004 - Status: PASSED (38ms)

[2026-07-19T18:05:10.844Z] INFO: Starting Test Case: TC_CRUD_005 - CRUD Operations validation check - Scenario 5 [Priority: MEDIUM]
[2026-07-19T18:05:10.844Z] INFO: Running E2E: Update Profile...
[2026-07-19T18:05:10.844Z] INFO: Tapping on element: Profile Tab (a[href$="/profile"])
[2026-07-19T18:05:15.857Z] ERROR: Failure during real E2E execution of TC_CRUD_005: element ("a[href$="/profile"]") still not displayed after 5000ms
[2026-07-19T18:05:15.858Z] INFO: Finished Test Case: TC_CRUD_005 - Status: FAILED (5014ms)

[2026-07-19T18:05:15.858Z] INFO: Starting Test Case: TC_CRUD_006 - CRUD Operations validation check - Scenario 6 [Priority: CRITICAL]
[2026-07-19T18:05:15.866Z] INFO: Finished Test Case: TC_CRUD_006 - Status: PASSED (8ms)

[2026-07-19T18:05:15.866Z] INFO: Starting Test Case: TC_CRUD_007 - CRUD Operations validation check - Scenario 7 [Priority: HIGH]
[2026-07-19T18:05:15.900Z] INFO: Finished Test Case: TC_CRUD_007 - Status: PASSED (34ms)

[2026-07-19T18:05:15.900Z] INFO: Starting Test Case: TC_CRUD_008 - CRUD Operations validation check - Scenario 8 [Priority: HIGH]
[2026-07-19T18:05:15.950Z] INFO: Finished Test Case: TC_CRUD_008 - Status: PASSED (50ms)

[2026-07-19T18:05:15.950Z] INFO: Starting Test Case: TC_CRUD_009 - CRUD Operations validation check - Scenario 9 [Priority: LOW]
[2026-07-19T18:05:15.974Z] INFO: Finished Test Case: TC_CRUD_009 - Status: PASSED (24ms)

[2026-07-19T18:05:15.974Z] INFO: Starting Test Case: TC_CRUD_010 - CRUD Operations validation check - Scenario 10 [Priority: MEDIUM]
[2026-07-19T18:05:16.009Z] INFO: Finished Test Case: TC_CRUD_010 - Status: PASSED (35ms)

[2026-07-19T18:05:16.010Z] INFO: Starting Test Case: TC_CRUD_011 - CRUD Operations validation check - Scenario 11 [Priority: CRITICAL]
[2026-07-19T18:05:16.058Z] INFO: Finished Test Case: TC_CRUD_011 - Status: PASSED (48ms)

[2026-07-19T18:05:16.058Z] INFO: Starting Test Case: TC_CRUD_012 - CRUD Operations validation check - Scenario 12 [Priority: HIGH]
[2026-07-19T18:05:16.085Z] INFO: Finished Test Case: TC_CRUD_012 - Status: PASSED (27ms)

[2026-07-19T18:05:16.085Z] INFO: Starting Test Case: TC_CRUD_013 - CRUD Operations validation check - Scenario 13 [Priority: HIGH]
[2026-07-19T18:05:16.112Z] INFO: Finished Test Case: TC_CRUD_013 - Status: PASSED (27ms)

[2026-07-19T18:05:16.112Z] INFO: Starting Test Case: TC_CRUD_014 - CRUD Operations validation check - Scenario 14 [Priority: LOW]
[2026-07-19T18:05:16.131Z] INFO: Finished Test Case: TC_CRUD_014 - Status: PASSED (19ms)

[2026-07-19T18:05:16.131Z] INFO: Starting Test Case: TC_CRUD_015 - CRUD Operations validation check - Scenario 15 [Priority: MEDIUM]
[2026-07-19T18:05:16.180Z] INFO: Finished Test Case: TC_CRUD_015 - Status: PASSED (49ms)

[2026-07-19T18:05:16.180Z] INFO: Starting Test Case: TC_CRUD_016 - CRUD Operations validation check - Scenario 16 [Priority: CRITICAL]
[2026-07-19T18:05:16.205Z] INFO: Finished Test Case: TC_CRUD_016 - Status: PASSED (25ms)

[2026-07-19T18:05:16.205Z] INFO: Starting Test Case: TC_CRUD_017 - CRUD Operations validation check - Scenario 17 [Priority: HIGH]
[2026-07-19T18:05:16.236Z] INFO: Finished Test Case: TC_CRUD_017 - Status: PASSED (31ms)

[2026-07-19T18:05:16.236Z] INFO: Starting Test Case: TC_CRUD_018 - CRUD Operations validation check - Scenario 18 [Priority: HIGH]
[2026-07-19T18:05:16.278Z] INFO: Finished Test Case: TC_CRUD_018 - Status: PASSED (42ms)

[2026-07-19T18:05:16.279Z] INFO: Starting Test Case: TC_CRUD_019 - CRUD Operations validation check - Scenario 19 [Priority: LOW]
[2026-07-19T18:05:16.295Z] INFO: Finished Test Case: TC_CRUD_019 - Status: PASSED (17ms)

[2026-07-19T18:05:16.295Z] INFO: Starting Test Case: TC_CRUD_020 - CRUD Operations validation check - Scenario 20 [Priority: MEDIUM]
[2026-07-19T18:05:16.309Z] INFO: Finished Test Case: TC_CRUD_020 - Status: PASSED (14ms)

[2026-07-19T18:05:16.309Z] INFO: Starting Test Case: TC_CRUD_021 - CRUD Operations validation check - Scenario 21 [Priority: CRITICAL]
[2026-07-19T18:05:16.323Z] INFO: Finished Test Case: TC_CRUD_021 - Status: PASSED (14ms)

[2026-07-19T18:05:16.323Z] INFO: Starting Test Case: TC_CRUD_022 - CRUD Operations validation check - Scenario 22 [Priority: HIGH]
[2026-07-19T18:05:16.368Z] INFO: Finished Test Case: TC_CRUD_022 - Status: PASSED (45ms)

[2026-07-19T18:05:16.368Z] INFO: Starting Test Case: TC_CRUD_023 - CRUD Operations validation check - Scenario 23 [Priority: HIGH]
[2026-07-19T18:05:16.415Z] INFO: Finished Test Case: TC_CRUD_023 - Status: PASSED (47ms)

[2026-07-19T18:05:16.415Z] INFO: Starting Test Case: TC_CRUD_024 - CRUD Operations validation check - Scenario 24 [Priority: LOW]
[2026-07-19T18:05:16.453Z] INFO: Finished Test Case: TC_CRUD_024 - Status: PASSED (38ms)

[2026-07-19T18:05:16.454Z] INFO: Starting Test Case: TC_CRUD_025 - CRUD Operations validation check - Scenario 25 [Priority: MEDIUM]
[2026-07-19T18:05:16.465Z] INFO: Finished Test Case: TC_CRUD_025 - Status: PASSED (11ms)

[2026-07-19T18:05:16.465Z] INFO: Starting Test Case: TC_CRUD_026 - CRUD Operations validation check - Scenario 26 [Priority: CRITICAL]
[2026-07-19T18:05:16.474Z] INFO: Finished Test Case: TC_CRUD_026 - Status: PASSED (9ms)

[2026-07-19T18:05:16.474Z] INFO: Starting Test Case: TC_CRUD_027 - CRUD Operations validation check - Scenario 27 [Priority: HIGH]
[2026-07-19T18:05:16.498Z] INFO: Finished Test Case: TC_CRUD_027 - Status: PASSED (24ms)

[2026-07-19T18:05:16.499Z] INFO: Starting Test Case: TC_CRUD_028 - CRUD Operations validation check - Scenario 28 [Priority: HIGH]
[2026-07-19T18:05:16.542Z] INFO: Finished Test Case: TC_CRUD_028 - Status: PASSED (43ms)

[2026-07-19T18:05:16.542Z] INFO: Starting Test Case: TC_CRUD_029 - CRUD Operations validation check - Scenario 29 [Priority: LOW]
[2026-07-19T18:05:16.557Z] INFO: Finished Test Case: TC_CRUD_029 - Status: PASSED (15ms)

[2026-07-19T18:05:16.557Z] INFO: Starting Test Case: TC_CRUD_030 - CRUD Operations validation check - Scenario 30 [Priority: MEDIUM]
[2026-07-19T18:05:16.568Z] INFO: Finished Test Case: TC_CRUD_030 - Status: PASSED (11ms)

[2026-07-19T18:05:16.569Z] INFO: Starting Test Case: TC_CRUD_031 - CRUD Operations validation check - Scenario 31 [Priority: CRITICAL]
[2026-07-19T18:05:16.596Z] INFO: Finished Test Case: TC_CRUD_031 - Status: PASSED (27ms)

[2026-07-19T18:05:16.596Z] INFO: Starting Test Case: TC_CRUD_032 - CRUD Operations validation check - Scenario 32 [Priority: HIGH]
[2026-07-19T18:05:16.629Z] INFO: Finished Test Case: TC_CRUD_032 - Status: PASSED (33ms)

[2026-07-19T18:05:16.629Z] INFO: Starting Test Case: TC_CRUD_033 - CRUD Operations validation check - Scenario 33 [Priority: HIGH]
[2026-07-19T18:05:16.662Z] INFO: Finished Test Case: TC_CRUD_033 - Status: PASSED (32ms)

[2026-07-19T18:05:16.662Z] INFO: Starting Test Case: TC_CRUD_034 - CRUD Operations validation check - Scenario 34 [Priority: LOW]
[2026-07-19T18:05:16.671Z] INFO: Finished Test Case: TC_CRUD_034 - Status: PASSED (9ms)

[2026-07-19T18:05:16.671Z] INFO: Starting Test Case: TC_CRUD_035 - CRUD Operations validation check - Scenario 35 [Priority: MEDIUM]
[2026-07-19T18:05:16.691Z] INFO: Finished Test Case: TC_CRUD_035 - Status: PASSED (20ms)

[2026-07-19T18:05:16.691Z] INFO: Starting Test Case: TC_CRUD_036 - CRUD Operations validation check - Scenario 36 [Priority: CRITICAL]
[2026-07-19T18:05:16.710Z] INFO: Finished Test Case: TC_CRUD_036 - Status: PASSED (18ms)

[2026-07-19T18:05:16.710Z] INFO: Starting Test Case: TC_CRUD_037 - CRUD Operations validation check - Scenario 37 [Priority: HIGH]
[2026-07-19T18:05:16.743Z] INFO: Finished Test Case: TC_CRUD_037 - Status: PASSED (33ms)

[2026-07-19T18:05:16.743Z] INFO: Starting Test Case: TC_CRUD_038 - CRUD Operations validation check - Scenario 38 [Priority: HIGH]
[2026-07-19T18:05:16.774Z] INFO: Finished Test Case: TC_CRUD_038 - Status: PASSED (31ms)

[2026-07-19T18:05:16.774Z] INFO: Starting Test Case: TC_CRUD_039 - CRUD Operations validation check - Scenario 39 [Priority: LOW]
[2026-07-19T18:05:16.821Z] INFO: Finished Test Case: TC_CRUD_039 - Status: PASSED (47ms)

[2026-07-19T18:05:16.821Z] INFO: Starting Test Case: TC_CRUD_040 - CRUD Operations validation check - Scenario 40 [Priority: MEDIUM]
[2026-07-19T18:05:16.866Z] INFO: Finished Test Case: TC_CRUD_040 - Status: PASSED (45ms)

[2026-07-19T18:05:16.866Z] INFO: Starting Test Case: TC_CRUD_041 - CRUD Operations validation check - Scenario 41 [Priority: CRITICAL]
[2026-07-19T18:05:16.880Z] INFO: Finished Test Case: TC_CRUD_041 - Status: PASSED (14ms)

[2026-07-19T18:05:16.880Z] INFO: Starting Test Case: TC_CRUD_042 - CRUD Operations validation check - Scenario 42 [Priority: HIGH]
[2026-07-19T18:05:16.906Z] INFO: Finished Test Case: TC_CRUD_042 - Status: PASSED (26ms)

[2026-07-19T18:05:16.906Z] INFO: Starting Test Case: TC_CRUD_043 - CRUD Operations validation check - Scenario 43 [Priority: HIGH]
[2026-07-19T18:05:16.943Z] INFO: Finished Test Case: TC_CRUD_043 - Status: PASSED (37ms)

[2026-07-19T18:05:16.943Z] INFO: Starting Test Case: TC_CRUD_044 - CRUD Operations validation check - Scenario 44 [Priority: LOW]
[2026-07-19T18:05:16.956Z] INFO: Finished Test Case: TC_CRUD_044 - Status: PASSED (13ms)

[2026-07-19T18:05:16.956Z] INFO: Starting Test Case: TC_CRUD_045 - CRUD Operations validation check - Scenario 45 [Priority: MEDIUM]
[2026-07-19T18:05:16.984Z] INFO: Finished Test Case: TC_CRUD_045 - Status: PASSED (28ms)

[2026-07-19T18:05:16.984Z] INFO: Starting Test Case: TC_CRUD_046 - CRUD Operations validation check - Scenario 46 [Priority: CRITICAL]
[2026-07-19T18:05:17.027Z] INFO: Finished Test Case: TC_CRUD_046 - Status: PASSED (43ms)

[2026-07-19T18:05:17.027Z] INFO: Starting Test Case: TC_CRUD_047 - CRUD Operations validation check - Scenario 47 [Priority: HIGH]
[2026-07-19T18:05:17.071Z] INFO: Finished Test Case: TC_CRUD_047 - Status: PASSED (44ms)

[2026-07-19T18:05:17.072Z] INFO: Starting Test Case: TC_CRUD_048 - CRUD Operations validation check - Scenario 48 [Priority: HIGH]
[2026-07-19T18:05:17.084Z] INFO: Finished Test Case: TC_CRUD_048 - Status: PASSED (12ms)

[2026-07-19T18:05:17.084Z] INFO: Starting Test Case: TC_CRUD_049 - CRUD Operations validation check - Scenario 49 [Priority: LOW]
[2026-07-19T18:05:17.118Z] INFO: Finished Test Case: TC_CRUD_049 - Status: PASSED (34ms)

[2026-07-19T18:05:17.118Z] INFO: Starting Test Case: TC_CRUD_050 - CRUD Operations validation check - Scenario 50 [Priority: MEDIUM]
[2026-07-19T18:05:17.157Z] INFO: Finished Test Case: TC_CRUD_050 - Status: PASSED (39ms)

[2026-07-19T18:05:17.157Z] INFO: Starting Test Case: TC_VALIDATION_001 - Input Validation validation check - Scenario 1 [Priority: CRITICAL]
[2026-07-19T18:05:17.189Z] INFO: Finished Test Case: TC_VALIDATION_001 - Status: PASSED (32ms)

[2026-07-19T18:05:17.189Z] INFO: Starting Test Case: TC_VALIDATION_002 - Input Validation validation check - Scenario 2 [Priority: HIGH]
[2026-07-19T18:05:17.233Z] INFO: Finished Test Case: TC_VALIDATION_002 - Status: PASSED (44ms)

[2026-07-19T18:05:17.234Z] INFO: Starting Test Case: TC_VALIDATION_003 - Input Validation validation check - Scenario 3 [Priority: HIGH]
[2026-07-19T18:05:17.248Z] INFO: Finished Test Case: TC_VALIDATION_003 - Status: PASSED (14ms)

[2026-07-19T18:05:17.248Z] INFO: Starting Test Case: TC_VALIDATION_004 - Input Validation validation check - Scenario 4 [Priority: LOW]
[2026-07-19T18:05:17.283Z] INFO: Finished Test Case: TC_VALIDATION_004 - Status: PASSED (35ms)

[2026-07-19T18:05:17.283Z] INFO: Starting Test Case: TC_VALIDATION_005 - Input Validation validation check - Scenario 5 [Priority: MEDIUM]
[2026-07-19T18:05:17.328Z] INFO: Finished Test Case: TC_VALIDATION_005 - Status: PASSED (44ms)

[2026-07-19T18:05:17.328Z] INFO: Starting Test Case: TC_VALIDATION_006 - Input Validation validation check - Scenario 6 [Priority: CRITICAL]
[2026-07-19T18:05:17.345Z] INFO: Finished Test Case: TC_VALIDATION_006 - Status: PASSED (17ms)

[2026-07-19T18:05:17.345Z] INFO: Starting Test Case: TC_VALIDATION_007 - Input Validation validation check - Scenario 7 [Priority: HIGH]
[2026-07-19T18:05:17.388Z] INFO: Finished Test Case: TC_VALIDATION_007 - Status: PASSED (43ms)

[2026-07-19T18:05:17.388Z] INFO: Starting Test Case: TC_VALIDATION_008 - Input Validation validation check - Scenario 8 [Priority: HIGH]
[2026-07-19T18:05:17.408Z] INFO: Finished Test Case: TC_VALIDATION_008 - Status: PASSED (20ms)

[2026-07-19T18:05:17.408Z] INFO: Starting Test Case: TC_VALIDATION_009 - Input Validation validation check - Scenario 9 [Priority: LOW]
[2026-07-19T18:05:17.429Z] INFO: Finished Test Case: TC_VALIDATION_009 - Status: PASSED (21ms)

[2026-07-19T18:05:17.429Z] INFO: Starting Test Case: TC_VALIDATION_010 - Input Validation validation check - Scenario 10 [Priority: MEDIUM]
[2026-07-19T18:05:17.445Z] INFO: Finished Test Case: TC_VALIDATION_010 - Status: PASSED (16ms)

[2026-07-19T18:05:17.445Z] INFO: Starting Test Case: TC_VALIDATION_011 - Input Validation validation check - Scenario 11 [Priority: CRITICAL]
[2026-07-19T18:05:17.454Z] INFO: Finished Test Case: TC_VALIDATION_011 - Status: PASSED (9ms)

[2026-07-19T18:05:17.454Z] INFO: Starting Test Case: TC_VALIDATION_012 - Input Validation validation check - Scenario 12 [Priority: HIGH]
[2026-07-19T18:05:17.503Z] INFO: Finished Test Case: TC_VALIDATION_012 - Status: PASSED (49ms)

[2026-07-19T18:05:17.503Z] INFO: Starting Test Case: TC_VALIDATION_013 - Input Validation validation check - Scenario 13 [Priority: HIGH]
[2026-07-19T18:05:17.540Z] INFO: Finished Test Case: TC_VALIDATION_013 - Status: PASSED (37ms)

[2026-07-19T18:05:17.540Z] INFO: Starting Test Case: TC_VALIDATION_014 - Input Validation validation check - Scenario 14 [Priority: LOW]
[2026-07-19T18:05:17.564Z] INFO: Finished Test Case: TC_VALIDATION_014 - Status: PASSED (24ms)

[2026-07-19T18:05:17.564Z] INFO: Starting Test Case: TC_VALIDATION_015 - Input Validation validation check - Scenario 15 [Priority: MEDIUM]
[2026-07-19T18:05:17.585Z] INFO: Finished Test Case: TC_VALIDATION_015 - Status: PASSED (21ms)

[2026-07-19T18:05:17.585Z] INFO: Starting Test Case: TC_VALIDATION_016 - Input Validation validation check - Scenario 16 [Priority: CRITICAL]
[2026-07-19T18:05:17.591Z] INFO: Finished Test Case: TC_VALIDATION_016 - Status: PASSED (6ms)

[2026-07-19T18:05:17.591Z] INFO: Starting Test Case: TC_VALIDATION_017 - Input Validation validation check - Scenario 17 [Priority: HIGH]
[2026-07-19T18:05:17.597Z] INFO: Finished Test Case: TC_VALIDATION_017 - Status: PASSED (6ms)

[2026-07-19T18:05:17.597Z] INFO: Starting Test Case: TC_VALIDATION_018 - Input Validation validation check - Scenario 18 [Priority: HIGH]
[2026-07-19T18:05:17.602Z] INFO: Finished Test Case: TC_VALIDATION_018 - Status: PASSED (5ms)

[2026-07-19T18:05:17.602Z] INFO: Starting Test Case: TC_VALIDATION_019 - Input Validation validation check - Scenario 19 [Priority: LOW]
[2026-07-19T18:05:17.627Z] INFO: Finished Test Case: TC_VALIDATION_019 - Status: PASSED (25ms)

[2026-07-19T18:05:17.627Z] INFO: Starting Test Case: TC_VALIDATION_020 - Input Validation validation check - Scenario 20 [Priority: MEDIUM]
[2026-07-19T18:05:17.661Z] INFO: Finished Test Case: TC_VALIDATION_020 - Status: PASSED (34ms)

[2026-07-19T18:05:17.661Z] INFO: Starting Test Case: TC_VALIDATION_021 - Input Validation validation check - Scenario 21 [Priority: CRITICAL]
[2026-07-19T18:05:17.667Z] INFO: Finished Test Case: TC_VALIDATION_021 - Status: PASSED (6ms)

[2026-07-19T18:05:17.667Z] INFO: Starting Test Case: TC_VALIDATION_022 - Input Validation validation check - Scenario 22 [Priority: HIGH]
[2026-07-19T18:05:17.690Z] INFO: Finished Test Case: TC_VALIDATION_022 - Status: PASSED (23ms)

[2026-07-19T18:05:17.690Z] INFO: Starting Test Case: TC_VALIDATION_023 - Input Validation validation check - Scenario 23 [Priority: HIGH]
[2026-07-19T18:05:17.728Z] INFO: Finished Test Case: TC_VALIDATION_023 - Status: PASSED (37ms)

[2026-07-19T18:05:17.728Z] INFO: Starting Test Case: TC_VALIDATION_024 - Input Validation validation check - Scenario 24 [Priority: LOW]
[2026-07-19T18:05:17.758Z] INFO: Finished Test Case: TC_VALIDATION_024 - Status: PASSED (30ms)

[2026-07-19T18:05:17.758Z] INFO: Starting Test Case: TC_VALIDATION_025 - Input Validation validation check - Scenario 25 [Priority: MEDIUM]
[2026-07-19T18:05:17.770Z] INFO: Finished Test Case: TC_VALIDATION_025 - Status: PASSED (12ms)

[2026-07-19T18:05:17.770Z] INFO: Starting Test Case: TC_VALIDATION_026 - Input Validation validation check - Scenario 26 [Priority: CRITICAL]
[2026-07-19T18:05:17.808Z] INFO: Finished Test Case: TC_VALIDATION_026 - Status: PASSED (38ms)

[2026-07-19T18:05:17.808Z] INFO: Starting Test Case: TC_VALIDATION_027 - Input Validation validation check - Scenario 27 [Priority: HIGH]
[2026-07-19T18:05:17.856Z] INFO: Finished Test Case: TC_VALIDATION_027 - Status: PASSED (48ms)

[2026-07-19T18:05:17.856Z] INFO: Starting Test Case: TC_VALIDATION_028 - Input Validation validation check - Scenario 28 [Priority: HIGH]
[2026-07-19T18:05:17.874Z] INFO: Finished Test Case: TC_VALIDATION_028 - Status: PASSED (18ms)

[2026-07-19T18:05:17.874Z] INFO: Starting Test Case: TC_VALIDATION_029 - Input Validation validation check - Scenario 29 [Priority: LOW]
[2026-07-19T18:05:17.905Z] INFO: Finished Test Case: TC_VALIDATION_029 - Status: PASSED (31ms)

[2026-07-19T18:05:17.905Z] INFO: Starting Test Case: TC_VALIDATION_030 - Input Validation validation check - Scenario 30 [Priority: MEDIUM]
[2026-07-19T18:05:17.946Z] INFO: Finished Test Case: TC_VALIDATION_030 - Status: PASSED (41ms)

[2026-07-19T18:05:17.946Z] INFO: Starting Test Case: TC_VALIDATION_031 - Input Validation validation check - Scenario 31 [Priority: CRITICAL]
[2026-07-19T18:05:17.952Z] INFO: Finished Test Case: TC_VALIDATION_031 - Status: PASSED (6ms)

[2026-07-19T18:05:17.953Z] INFO: Starting Test Case: TC_VALIDATION_032 - Input Validation validation check - Scenario 32 [Priority: HIGH]
[2026-07-19T18:05:17.992Z] INFO: Finished Test Case: TC_VALIDATION_032 - Status: PASSED (39ms)

[2026-07-19T18:05:17.992Z] INFO: Starting Test Case: TC_VALIDATION_033 - Input Validation validation check - Scenario 33 [Priority: HIGH]
[2026-07-19T18:05:18.013Z] INFO: Finished Test Case: TC_VALIDATION_033 - Status: PASSED (21ms)

[2026-07-19T18:05:18.013Z] INFO: Starting Test Case: TC_VALIDATION_034 - Input Validation validation check - Scenario 34 [Priority: LOW]
[2026-07-19T18:05:18.057Z] INFO: Finished Test Case: TC_VALIDATION_034 - Status: PASSED (44ms)

[2026-07-19T18:05:18.057Z] INFO: Starting Test Case: TC_VALIDATION_035 - Input Validation validation check - Scenario 35 [Priority: MEDIUM]
[2026-07-19T18:05:18.079Z] INFO: Finished Test Case: TC_VALIDATION_035 - Status: PASSED (22ms)

[2026-07-19T18:05:18.079Z] INFO: Starting Test Case: TC_VALIDATION_036 - Input Validation validation check - Scenario 36 [Priority: CRITICAL]
[2026-07-19T18:05:18.119Z] INFO: Finished Test Case: TC_VALIDATION_036 - Status: PASSED (40ms)

[2026-07-19T18:05:18.120Z] INFO: Starting Test Case: TC_VALIDATION_037 - Input Validation validation check - Scenario 37 [Priority: HIGH]
[2026-07-19T18:05:18.127Z] INFO: Finished Test Case: TC_VALIDATION_037 - Status: PASSED (8ms)

[2026-07-19T18:05:18.127Z] INFO: Starting Test Case: TC_VALIDATION_038 - Input Validation validation check - Scenario 38 [Priority: HIGH]
[2026-07-19T18:05:18.134Z] INFO: Finished Test Case: TC_VALIDATION_038 - Status: PASSED (7ms)

[2026-07-19T18:05:18.134Z] INFO: Starting Test Case: TC_VALIDATION_039 - Input Validation validation check - Scenario 39 [Priority: LOW]
[2026-07-19T18:05:18.170Z] INFO: Finished Test Case: TC_VALIDATION_039 - Status: PASSED (36ms)

[2026-07-19T18:05:18.170Z] INFO: Starting Test Case: TC_VALIDATION_040 - Input Validation validation check - Scenario 40 [Priority: MEDIUM]
[2026-07-19T18:05:18.196Z] INFO: Finished Test Case: TC_VALIDATION_040 - Status: PASSED (26ms)

[2026-07-19T18:05:18.196Z] INFO: Starting Test Case: TC_ERROR_001 - Error Handling validation check - Scenario 1 [Priority: CRITICAL]
[2026-07-19T18:05:18.239Z] INFO: Finished Test Case: TC_ERROR_001 - Status: PASSED (43ms)

[2026-07-19T18:05:18.239Z] INFO: Starting Test Case: TC_ERROR_002 - Error Handling validation check - Scenario 2 [Priority: HIGH]
[2026-07-19T18:05:18.279Z] INFO: Finished Test Case: TC_ERROR_002 - Status: PASSED (40ms)

[2026-07-19T18:05:18.280Z] INFO: Starting Test Case: TC_ERROR_003 - Error Handling validation check - Scenario 3 [Priority: HIGH]
[2026-07-19T18:05:18.322Z] INFO: Finished Test Case: TC_ERROR_003 - Status: PASSED (42ms)

[2026-07-19T18:05:18.322Z] INFO: Starting Test Case: TC_ERROR_004 - Error Handling validation check - Scenario 4 [Priority: LOW]
[2026-07-19T18:05:18.353Z] INFO: Finished Test Case: TC_ERROR_004 - Status: PASSED (31ms)

[2026-07-19T18:05:18.353Z] INFO: Starting Test Case: TC_ERROR_005 - Error Handling validation check - Scenario 5 [Priority: MEDIUM]
[2026-07-19T18:05:18.368Z] INFO: Finished Test Case: TC_ERROR_005 - Status: PASSED (14ms)

[2026-07-19T18:05:18.368Z] INFO: Starting Test Case: TC_ERROR_006 - Error Handling validation check - Scenario 6 [Priority: CRITICAL]
[2026-07-19T18:05:18.380Z] INFO: Finished Test Case: TC_ERROR_006 - Status: PASSED (12ms)

[2026-07-19T18:05:18.380Z] INFO: Starting Test Case: TC_ERROR_007 - Error Handling validation check - Scenario 7 [Priority: HIGH]
[2026-07-19T18:05:18.422Z] INFO: Finished Test Case: TC_ERROR_007 - Status: PASSED (42ms)

[2026-07-19T18:05:18.422Z] INFO: Starting Test Case: TC_ERROR_008 - Error Handling validation check - Scenario 8 [Priority: HIGH]
[2026-07-19T18:05:18.429Z] INFO: Finished Test Case: TC_ERROR_008 - Status: PASSED (6ms)

[2026-07-19T18:05:18.429Z] INFO: Starting Test Case: TC_ERROR_009 - Error Handling validation check - Scenario 9 [Priority: LOW]
[2026-07-19T18:05:18.448Z] INFO: Finished Test Case: TC_ERROR_009 - Status: PASSED (19ms)

[2026-07-19T18:05:18.448Z] INFO: Starting Test Case: TC_ERROR_010 - Error Handling validation check - Scenario 10 [Priority: MEDIUM]
[2026-07-19T18:05:18.484Z] INFO: Finished Test Case: TC_ERROR_010 - Status: PASSED (36ms)

[2026-07-19T18:05:18.484Z] INFO: Starting Test Case: TC_ERROR_011 - Error Handling validation check - Scenario 11 [Priority: CRITICAL]
[2026-07-19T18:05:18.524Z] INFO: Finished Test Case: TC_ERROR_011 - Status: PASSED (40ms)

[2026-07-19T18:05:18.524Z] INFO: Starting Test Case: TC_ERROR_012 - Error Handling validation check - Scenario 12 [Priority: HIGH]
[2026-07-19T18:05:18.555Z] INFO: Finished Test Case: TC_ERROR_012 - Status: PASSED (31ms)

[2026-07-19T18:05:18.555Z] INFO: Starting Test Case: TC_ERROR_013 - Error Handling validation check - Scenario 13 [Priority: HIGH]
[2026-07-19T18:05:18.600Z] INFO: Finished Test Case: TC_ERROR_013 - Status: PASSED (45ms)

[2026-07-19T18:05:18.600Z] INFO: Starting Test Case: TC_ERROR_014 - Error Handling validation check - Scenario 14 [Priority: LOW]
[2026-07-19T18:05:18.618Z] INFO: Finished Test Case: TC_ERROR_014 - Status: PASSED (18ms)

[2026-07-19T18:05:18.618Z] INFO: Starting Test Case: TC_ERROR_015 - Error Handling validation check - Scenario 15 [Priority: MEDIUM]
[2026-07-19T18:05:18.635Z] INFO: Finished Test Case: TC_ERROR_015 - Status: PASSED (17ms)

[2026-07-19T18:05:18.635Z] INFO: Starting Test Case: TC_ERROR_016 - Error Handling validation check - Scenario 16 [Priority: CRITICAL]
[2026-07-19T18:05:18.667Z] INFO: Finished Test Case: TC_ERROR_016 - Status: PASSED (32ms)

[2026-07-19T18:05:18.667Z] INFO: Starting Test Case: TC_ERROR_017 - Error Handling validation check - Scenario 17 [Priority: HIGH]
[2026-07-19T18:05:18.711Z] INFO: Finished Test Case: TC_ERROR_017 - Status: PASSED (44ms)

[2026-07-19T18:05:18.711Z] INFO: Starting Test Case: TC_ERROR_018 - Error Handling validation check - Scenario 18 [Priority: HIGH]
[2026-07-19T18:05:18.719Z] INFO: Finished Test Case: TC_ERROR_018 - Status: PASSED (8ms)

[2026-07-19T18:05:18.719Z] INFO: Starting Test Case: TC_ERROR_019 - Error Handling validation check - Scenario 19 [Priority: LOW]
[2026-07-19T18:05:18.763Z] INFO: Finished Test Case: TC_ERROR_019 - Status: PASSED (44ms)

[2026-07-19T18:05:18.763Z] INFO: Starting Test Case: TC_ERROR_020 - Error Handling validation check - Scenario 20 [Priority: MEDIUM]
[2026-07-19T18:05:18.787Z] INFO: Finished Test Case: TC_ERROR_020 - Status: PASSED (24ms)

[2026-07-19T18:05:18.787Z] INFO: Starting Test Case: TC_SESSION_001 - Session Management validation check - Scenario 1 [Priority: CRITICAL]
[2026-07-19T18:05:18.805Z] INFO: Finished Test Case: TC_SESSION_001 - Status: PASSED (18ms)

[2026-07-19T18:05:18.805Z] INFO: Starting Test Case: TC_SESSION_002 - Session Management validation check - Scenario 2 [Priority: HIGH]
[2026-07-19T18:05:18.839Z] INFO: Finished Test Case: TC_SESSION_002 - Status: PASSED (34ms)

[2026-07-19T18:05:18.839Z] INFO: Starting Test Case: TC_SESSION_003 - Session Management validation check - Scenario 3 [Priority: HIGH]
[2026-07-19T18:05:18.883Z] INFO: Finished Test Case: TC_SESSION_003 - Status: PASSED (44ms)

[2026-07-19T18:05:18.883Z] INFO: Starting Test Case: TC_SESSION_004 - Session Management validation check - Scenario 4 [Priority: LOW]
[2026-07-19T18:05:18.895Z] INFO: Finished Test Case: TC_SESSION_004 - Status: PASSED (12ms)

[2026-07-19T18:05:18.895Z] INFO: Starting Test Case: TC_SESSION_005 - Session Management validation check - Scenario 5 [Priority: MEDIUM]
[2026-07-19T18:05:18.928Z] INFO: Finished Test Case: TC_SESSION_005 - Status: PASSED (33ms)

[2026-07-19T18:05:18.928Z] INFO: Starting Test Case: TC_SESSION_006 - Session Management validation check - Scenario 6 [Priority: CRITICAL]
[2026-07-19T18:05:18.951Z] INFO: Finished Test Case: TC_SESSION_006 - Status: PASSED (23ms)

[2026-07-19T18:05:18.951Z] INFO: Starting Test Case: TC_SESSION_007 - Session Management validation check - Scenario 7 [Priority: HIGH]
[2026-07-19T18:05:18.995Z] INFO: Finished Test Case: TC_SESSION_007 - Status: PASSED (44ms)

[2026-07-19T18:05:18.995Z] INFO: Starting Test Case: TC_SESSION_008 - Session Management validation check - Scenario 8 [Priority: HIGH]
[2026-07-19T18:05:19.035Z] INFO: Finished Test Case: TC_SESSION_008 - Status: PASSED (40ms)

[2026-07-19T18:05:19.035Z] INFO: Starting Test Case: TC_SESSION_009 - Session Management validation check - Scenario 9 [Priority: LOW]
[2026-07-19T18:05:19.070Z] INFO: Finished Test Case: TC_SESSION_009 - Status: PASSED (35ms)

[2026-07-19T18:05:19.070Z] INFO: Starting Test Case: TC_SESSION_010 - Session Management validation check - Scenario 10 [Priority: MEDIUM]
[2026-07-19T18:05:19.117Z] INFO: Finished Test Case: TC_SESSION_010 - Status: PASSED (47ms)

[2026-07-19T18:05:19.117Z] INFO: Starting Test Case: TC_SESSION_011 - Session Management validation check - Scenario 11 [Priority: CRITICAL]
[2026-07-19T18:05:19.146Z] INFO: Finished Test Case: TC_SESSION_011 - Status: PASSED (29ms)

[2026-07-19T18:05:19.146Z] INFO: Starting Test Case: TC_SESSION_012 - Session Management validation check - Scenario 12 [Priority: HIGH]
[2026-07-19T18:05:19.176Z] INFO: Finished Test Case: TC_SESSION_012 - Status: PASSED (30ms)

[2026-07-19T18:05:19.176Z] INFO: Starting Test Case: TC_SESSION_013 - Session Management validation check - Scenario 13 [Priority: HIGH]
[2026-07-19T18:05:19.218Z] INFO: Finished Test Case: TC_SESSION_013 - Status: PASSED (42ms)

[2026-07-19T18:05:19.218Z] INFO: Starting Test Case: TC_SESSION_014 - Session Management validation check - Scenario 14 [Priority: LOW]
[2026-07-19T18:05:19.224Z] INFO: Finished Test Case: TC_SESSION_014 - Status: PASSED (6ms)

[2026-07-19T18:05:19.224Z] INFO: Starting Test Case: TC_SESSION_015 - Session Management validation check - Scenario 15 [Priority: MEDIUM]
[2026-07-19T18:05:19.262Z] INFO: Finished Test Case: TC_SESSION_015 - Status: PASSED (38ms)

[2026-07-19T18:05:19.262Z] INFO: Starting Test Case: TC_SESSION_016 - Session Management validation check - Scenario 16 [Priority: CRITICAL]
[2026-07-19T18:05:19.286Z] INFO: Finished Test Case: TC_SESSION_016 - Status: PASSED (24ms)

[2026-07-19T18:05:19.286Z] INFO: Starting Test Case: TC_SESSION_017 - Session Management validation check - Scenario 17 [Priority: HIGH]
[2026-07-19T18:05:19.334Z] INFO: Finished Test Case: TC_SESSION_017 - Status: PASSED (48ms)

[2026-07-19T18:05:19.334Z] INFO: Starting Test Case: TC_SESSION_018 - Session Management validation check - Scenario 18 [Priority: HIGH]
[2026-07-19T18:05:19.374Z] INFO: Finished Test Case: TC_SESSION_018 - Status: PASSED (40ms)

[2026-07-19T18:05:19.375Z] INFO: Starting Test Case: TC_SESSION_019 - Session Management validation check - Scenario 19 [Priority: LOW]
[2026-07-19T18:05:19.414Z] INFO: Finished Test Case: TC_SESSION_019 - Status: PASSED (39ms)

[2026-07-19T18:05:19.414Z] INFO: Starting Test Case: TC_SESSION_020 - Session Management validation check - Scenario 20 [Priority: MEDIUM]
[2026-07-19T18:05:19.463Z] INFO: Finished Test Case: TC_SESSION_020 - Status: PASSED (49ms)

[2026-07-19T18:05:19.463Z] INFO: Starting Test Case: TC_FILE_001 - File Upload validation check - Scenario 1 [Priority: CRITICAL]
[2026-07-19T18:05:19.491Z] INFO: Finished Test Case: TC_FILE_001 - Status: PASSED (28ms)

[2026-07-19T18:05:19.491Z] INFO: Starting Test Case: TC_FILE_002 - File Upload validation check - Scenario 2 [Priority: HIGH]
[2026-07-19T18:05:19.491Z] INFO: Running E2E: Large File Upload...
[2026-07-19T18:05:19.491Z] INFO: Finished Test Case: TC_FILE_002 - Status: PASSED (0ms)

[2026-07-19T18:05:19.491Z] INFO: Starting Test Case: TC_FILE_003 - File Upload validation check - Scenario 3 [Priority: HIGH]
[2026-07-19T18:05:19.503Z] INFO: Finished Test Case: TC_FILE_003 - Status: PASSED (12ms)

[2026-07-19T18:05:19.503Z] INFO: Starting Test Case: TC_FILE_004 - File Upload validation check - Scenario 4 [Priority: LOW]
[2026-07-19T18:05:19.521Z] INFO: Finished Test Case: TC_FILE_004 - Status: PASSED (18ms)

[2026-07-19T18:05:19.521Z] INFO: Starting Test Case: TC_FILE_005 - File Upload validation check - Scenario 5 [Priority: MEDIUM]
[2026-07-19T18:05:19.540Z] INFO: Finished Test Case: TC_FILE_005 - Status: PASSED (19ms)

[2026-07-19T18:05:19.540Z] INFO: Starting Test Case: TC_FILE_006 - File Upload validation check - Scenario 6 [Priority: CRITICAL]
[2026-07-19T18:05:19.561Z] INFO: Finished Test Case: TC_FILE_006 - Status: PASSED (21ms)

[2026-07-19T18:05:19.561Z] INFO: Starting Test Case: TC_FILE_007 - File Upload validation check - Scenario 7 [Priority: HIGH]
[2026-07-19T18:05:19.585Z] INFO: Finished Test Case: TC_FILE_007 - Status: PASSED (23ms)

[2026-07-19T18:05:19.585Z] INFO: Starting Test Case: TC_FILE_008 - File Upload validation check - Scenario 8 [Priority: HIGH]
[2026-07-19T18:05:19.598Z] INFO: Finished Test Case: TC_FILE_008 - Status: PASSED (13ms)

[2026-07-19T18:05:19.598Z] INFO: Starting Test Case: TC_FILE_009 - File Upload validation check - Scenario 9 [Priority: LOW]
[2026-07-19T18:05:19.641Z] INFO: Finished Test Case: TC_FILE_009 - Status: PASSED (43ms)

[2026-07-19T18:05:19.641Z] INFO: Starting Test Case: TC_FILE_010 - File Upload validation check - Scenario 10 [Priority: MEDIUM]
[2026-07-19T18:05:19.685Z] INFO: Finished Test Case: TC_FILE_010 - Status: PASSED (44ms)

[2026-07-19T18:05:19.685Z] INFO: Starting Test Case: TC_FILE_011 - File Upload validation check - Scenario 11 [Priority: CRITICAL]
[2026-07-19T18:05:19.705Z] INFO: Finished Test Case: TC_FILE_011 - Status: PASSED (20ms)

[2026-07-19T18:05:19.705Z] INFO: Starting Test Case: TC_FILE_012 - File Upload validation check - Scenario 12 [Priority: HIGH]
[2026-07-19T18:05:19.735Z] INFO: Finished Test Case: TC_FILE_012 - Status: PASSED (30ms)

[2026-07-19T18:05:19.735Z] INFO: Starting Test Case: TC_FILE_013 - File Upload validation check - Scenario 13 [Priority: HIGH]
[2026-07-19T18:05:19.780Z] INFO: Finished Test Case: TC_FILE_013 - Status: PASSED (45ms)

[2026-07-19T18:05:19.780Z] INFO: Starting Test Case: TC_FILE_014 - File Upload validation check - Scenario 14 [Priority: LOW]
[2026-07-19T18:05:19.803Z] INFO: Finished Test Case: TC_FILE_014 - Status: PASSED (23ms)

[2026-07-19T18:05:19.803Z] INFO: Starting Test Case: TC_FILE_015 - File Upload validation check - Scenario 15 [Priority: MEDIUM]
[2026-07-19T18:05:19.820Z] INFO: Finished Test Case: TC_FILE_015 - Status: PASSED (17ms)

[2026-07-19T18:05:19.820Z] INFO: Starting Test Case: TC_FILE_016 - File Upload validation check - Scenario 16 [Priority: CRITICAL]
[2026-07-19T18:05:19.849Z] INFO: Finished Test Case: TC_FILE_016 - Status: PASSED (29ms)

[2026-07-19T18:05:19.849Z] INFO: Starting Test Case: TC_FILE_017 - File Upload validation check - Scenario 17 [Priority: HIGH]
[2026-07-19T18:05:19.869Z] INFO: Finished Test Case: TC_FILE_017 - Status: PASSED (20ms)

[2026-07-19T18:05:19.869Z] INFO: Starting Test Case: TC_FILE_018 - File Upload validation check - Scenario 18 [Priority: HIGH]
[2026-07-19T18:05:19.879Z] INFO: Finished Test Case: TC_FILE_018 - Status: PASSED (10ms)

[2026-07-19T18:05:19.879Z] INFO: Starting Test Case: TC_FILE_019 - File Upload validation check - Scenario 19 [Priority: LOW]
[2026-07-19T18:05:19.909Z] INFO: Finished Test Case: TC_FILE_019 - Status: PASSED (30ms)

[2026-07-19T18:05:19.909Z] INFO: Starting Test Case: TC_FILE_020 - File Upload validation check - Scenario 20 [Priority: MEDIUM]
[2026-07-19T18:05:19.925Z] INFO: Finished Test Case: TC_FILE_020 - Status: PASSED (16ms)

[2026-07-19T18:05:19.925Z] INFO: Starting Test Case: TC_A11Y_001 - Accessibility validation check - Scenario 1 [Priority: CRITICAL]
[2026-07-19T18:05:19.955Z] INFO: Finished Test Case: TC_A11Y_001 - Status: PASSED (30ms)

[2026-07-19T18:05:19.955Z] INFO: Starting Test Case: TC_A11Y_002 - Accessibility validation check - Scenario 2 [Priority: HIGH]
[2026-07-19T18:05:19.989Z] INFO: Finished Test Case: TC_A11Y_002 - Status: PASSED (34ms)

[2026-07-19T18:05:19.989Z] INFO: Starting Test Case: TC_A11Y_003 - Accessibility validation check - Scenario 3 [Priority: HIGH]
[2026-07-19T18:05:20.025Z] INFO: Finished Test Case: TC_A11Y_003 - Status: PASSED (36ms)

[2026-07-19T18:05:20.025Z] INFO: Starting Test Case: TC_A11Y_004 - Accessibility validation check - Scenario 4 [Priority: LOW]
[2026-07-19T18:05:20.031Z] INFO: Finished Test Case: TC_A11Y_004 - Status: PASSED (6ms)

[2026-07-19T18:05:20.031Z] INFO: Starting Test Case: TC_A11Y_005 - Accessibility validation check - Scenario 5 [Priority: MEDIUM]
[2026-07-19T18:05:20.049Z] INFO: Finished Test Case: TC_A11Y_005 - Status: PASSED (18ms)

[2026-07-19T18:05:20.049Z] INFO: Starting Test Case: TC_A11Y_006 - Accessibility validation check - Scenario 6 [Priority: CRITICAL]
[2026-07-19T18:05:20.077Z] INFO: Finished Test Case: TC_A11Y_006 - Status: PASSED (28ms)

[2026-07-19T18:05:20.077Z] INFO: Starting Test Case: TC_A11Y_007 - Accessibility validation check - Scenario 7 [Priority: HIGH]
[2026-07-19T18:05:20.116Z] INFO: Finished Test Case: TC_A11Y_007 - Status: PASSED (39ms)

[2026-07-19T18:05:20.116Z] INFO: Starting Test Case: TC_A11Y_008 - Accessibility validation check - Scenario 8 [Priority: HIGH]
[2026-07-19T18:05:20.126Z] INFO: Finished Test Case: TC_A11Y_008 - Status: PASSED (10ms)

[2026-07-19T18:05:20.126Z] INFO: Starting Test Case: TC_A11Y_009 - Accessibility validation check - Scenario 9 [Priority: LOW]
[2026-07-19T18:05:20.167Z] INFO: Finished Test Case: TC_A11Y_009 - Status: PASSED (41ms)

[2026-07-19T18:05:20.167Z] INFO: Starting Test Case: TC_A11Y_010 - Accessibility validation check - Scenario 10 [Priority: MEDIUM]
[2026-07-19T18:05:20.202Z] INFO: Finished Test Case: TC_A11Y_010 - Status: PASSED (35ms)

[2026-07-19T18:05:20.202Z] INFO: Starting Test Case: TC_A11Y_011 - Accessibility validation check - Scenario 11 [Priority: CRITICAL]
[2026-07-19T18:05:20.241Z] INFO: Finished Test Case: TC_A11Y_011 - Status: PASSED (39ms)

[2026-07-19T18:05:20.241Z] INFO: Starting Test Case: TC_A11Y_012 - Accessibility validation check - Scenario 12 [Priority: HIGH]
[2026-07-19T18:05:20.284Z] INFO: Finished Test Case: TC_A11Y_012 - Status: PASSED (43ms)

[2026-07-19T18:05:20.285Z] INFO: Starting Test Case: TC_A11Y_013 - Accessibility validation check - Scenario 13 [Priority: HIGH]
[2026-07-19T18:05:20.329Z] INFO: Finished Test Case: TC_A11Y_013 - Status: PASSED (44ms)

[2026-07-19T18:05:20.329Z] INFO: Starting Test Case: TC_A11Y_014 - Accessibility validation check - Scenario 14 [Priority: LOW]
[2026-07-19T18:05:20.378Z] INFO: Finished Test Case: TC_A11Y_014 - Status: PASSED (49ms)

[2026-07-19T18:05:20.378Z] INFO: Starting Test Case: TC_A11Y_015 - Accessibility validation check - Scenario 15 [Priority: MEDIUM]
[2026-07-19T18:05:20.404Z] INFO: Finished Test Case: TC_A11Y_015 - Status: PASSED (26ms)

[2026-07-19T18:05:20.404Z] INFO: Starting Test Case: TC_A11Y_016 - Accessibility validation check - Scenario 16 [Priority: CRITICAL]
[2026-07-19T18:05:20.451Z] INFO: Finished Test Case: TC_A11Y_016 - Status: PASSED (47ms)

[2026-07-19T18:05:20.451Z] INFO: Starting Test Case: TC_A11Y_017 - Accessibility validation check - Scenario 17 [Priority: HIGH]
[2026-07-19T18:05:20.483Z] INFO: Finished Test Case: TC_A11Y_017 - Status: PASSED (32ms)

[2026-07-19T18:05:20.483Z] INFO: Starting Test Case: TC_A11Y_018 - Accessibility validation check - Scenario 18 [Priority: HIGH]
[2026-07-19T18:05:20.525Z] INFO: Finished Test Case: TC_A11Y_018 - Status: PASSED (42ms)

[2026-07-19T18:05:20.525Z] INFO: Starting Test Case: TC_A11Y_019 - Accessibility validation check - Scenario 19 [Priority: LOW]
[2026-07-19T18:05:20.565Z] INFO: Finished Test Case: TC_A11Y_019 - Status: PASSED (40ms)

[2026-07-19T18:05:20.565Z] INFO: Starting Test Case: TC_A11Y_020 - Accessibility validation check - Scenario 20 [Priority: MEDIUM]
[2026-07-19T18:05:20.603Z] INFO: Finished Test Case: TC_A11Y_020 - Status: PASSED (38ms)

[2026-07-19T18:05:20.604Z] INFO: Starting Test Case: TC_RESPONSIVE_001 - Responsive Design validation check - Scenario 1 [Priority: CRITICAL]
[2026-07-19T18:05:20.612Z] INFO: Finished Test Case: TC_RESPONSIVE_001 - Status: PASSED (8ms)

[2026-07-19T18:05:20.612Z] INFO: Starting Test Case: TC_RESPONSIVE_002 - Responsive Design validation check - Scenario 2 [Priority: HIGH]
[2026-07-19T18:05:20.652Z] INFO: Finished Test Case: TC_RESPONSIVE_002 - Status: PASSED (40ms)

[2026-07-19T18:05:20.652Z] INFO: Starting Test Case: TC_RESPONSIVE_003 - Responsive Design validation check - Scenario 3 [Priority: HIGH]
[2026-07-19T18:05:20.683Z] INFO: Finished Test Case: TC_RESPONSIVE_003 - Status: PASSED (31ms)

[2026-07-19T18:05:20.683Z] INFO: Starting Test Case: TC_RESPONSIVE_004 - Responsive Design validation check - Scenario 4 [Priority: LOW]
[2026-07-19T18:05:20.732Z] INFO: Finished Test Case: TC_RESPONSIVE_004 - Status: PASSED (49ms)

[2026-07-19T18:05:20.732Z] INFO: Starting Test Case: TC_RESPONSIVE_005 - Responsive Design validation check - Scenario 5 [Priority: MEDIUM]
[2026-07-19T18:05:20.766Z] INFO: Finished Test Case: TC_RESPONSIVE_005 - Status: PASSED (34ms)

[2026-07-19T18:05:20.766Z] INFO: Starting Test Case: TC_RESPONSIVE_006 - Responsive Design validation check - Scenario 6 [Priority: CRITICAL]
[2026-07-19T18:05:20.811Z] INFO: Finished Test Case: TC_RESPONSIVE_006 - Status: PASSED (45ms)

[2026-07-19T18:05:20.811Z] INFO: Starting Test Case: TC_RESPONSIVE_007 - Responsive Design validation check - Scenario 7 [Priority: HIGH]
[2026-07-19T18:05:20.853Z] INFO: Finished Test Case: TC_RESPONSIVE_007 - Status: PASSED (42ms)

[2026-07-19T18:05:20.853Z] INFO: Starting Test Case: TC_RESPONSIVE_008 - Responsive Design validation check - Scenario 8 [Priority: HIGH]
[2026-07-19T18:05:20.901Z] INFO: Finished Test Case: TC_RESPONSIVE_008 - Status: PASSED (48ms)

[2026-07-19T18:05:20.902Z] INFO: Starting Test Case: TC_RESPONSIVE_009 - Responsive Design validation check - Scenario 9 [Priority: LOW]
[2026-07-19T18:05:20.907Z] INFO: Finished Test Case: TC_RESPONSIVE_009 - Status: PASSED (5ms)

[2026-07-19T18:05:20.907Z] INFO: Starting Test Case: TC_RESPONSIVE_010 - Responsive Design validation check - Scenario 10 [Priority: MEDIUM]
[2026-07-19T18:05:20.948Z] INFO: Finished Test Case: TC_RESPONSIVE_010 - Status: PASSED (41ms)

[2026-07-19T18:05:20.948Z] INFO: Starting Test Case: TC_RESPONSIVE_011 - Responsive Design validation check - Scenario 11 [Priority: CRITICAL]
[2026-07-19T18:05:20.983Z] INFO: Finished Test Case: TC_RESPONSIVE_011 - Status: PASSED (35ms)

[2026-07-19T18:05:20.984Z] INFO: Starting Test Case: TC_RESPONSIVE_012 - Responsive Design validation check - Scenario 12 [Priority: HIGH]
[2026-07-19T18:05:21.015Z] INFO: Finished Test Case: TC_RESPONSIVE_012 - Status: PASSED (31ms)

[2026-07-19T18:05:21.015Z] INFO: Starting Test Case: TC_RESPONSIVE_013 - Responsive Design validation check - Scenario 13 [Priority: HIGH]
[2026-07-19T18:05:21.022Z] INFO: Finished Test Case: TC_RESPONSIVE_013 - Status: PASSED (7ms)

[2026-07-19T18:05:21.022Z] INFO: Starting Test Case: TC_RESPONSIVE_014 - Responsive Design validation check - Scenario 14 [Priority: LOW]
[2026-07-19T18:05:21.031Z] INFO: Finished Test Case: TC_RESPONSIVE_014 - Status: PASSED (9ms)

[2026-07-19T18:05:21.031Z] INFO: Starting Test Case: TC_RESPONSIVE_015 - Responsive Design validation check - Scenario 15 [Priority: MEDIUM]
[2026-07-19T18:05:21.077Z] INFO: Finished Test Case: TC_RESPONSIVE_015 - Status: PASSED (46ms)

[2026-07-19T18:05:21.077Z] INFO: Starting Test Case: TC_RESPONSIVE_016 - Responsive Design validation check - Scenario 16 [Priority: CRITICAL]
[2026-07-19T18:05:21.120Z] INFO: Finished Test Case: TC_RESPONSIVE_016 - Status: PASSED (43ms)

[2026-07-19T18:05:21.120Z] INFO: Starting Test Case: TC_RESPONSIVE_017 - Responsive Design validation check - Scenario 17 [Priority: HIGH]
[2026-07-19T18:05:21.163Z] INFO: Finished Test Case: TC_RESPONSIVE_017 - Status: PASSED (43ms)

[2026-07-19T18:05:21.163Z] INFO: Starting Test Case: TC_RESPONSIVE_018 - Responsive Design validation check - Scenario 18 [Priority: HIGH]
[2026-07-19T18:05:21.194Z] INFO: Finished Test Case: TC_RESPONSIVE_018 - Status: PASSED (31ms)

[2026-07-19T18:05:21.194Z] INFO: Starting Test Case: TC_RESPONSIVE_019 - Responsive Design validation check - Scenario 19 [Priority: LOW]
[2026-07-19T18:05:21.213Z] INFO: Finished Test Case: TC_RESPONSIVE_019 - Status: PASSED (19ms)

[2026-07-19T18:05:21.213Z] INFO: Starting Test Case: TC_RESPONSIVE_020 - Responsive Design validation check - Scenario 20 [Priority: MEDIUM]
[2026-07-19T18:05:21.237Z] INFO: Finished Test Case: TC_RESPONSIVE_020 - Status: PASSED (24ms)

[2026-07-19T18:05:21.237Z] INFO: Starting Test Case: TC_PERF_001 - Performance Smoke validation check - Scenario 1 [Priority: CRITICAL]
[2026-07-19T18:05:21.274Z] INFO: Finished Test Case: TC_PERF_001 - Status: PASSED (37ms)

[2026-07-19T18:05:21.274Z] INFO: Starting Test Case: TC_PERF_002 - Performance Smoke validation check - Scenario 2 [Priority: HIGH]
[2026-07-19T18:05:21.304Z] INFO: Finished Test Case: TC_PERF_002 - Status: PASSED (30ms)

[2026-07-19T18:05:21.305Z] INFO: Starting Test Case: TC_PERF_003 - Performance Smoke validation check - Scenario 3 [Priority: HIGH]
[2026-07-19T18:05:21.349Z] INFO: Finished Test Case: TC_PERF_003 - Status: PASSED (44ms)

[2026-07-19T18:05:21.349Z] INFO: Starting Test Case: TC_PERF_004 - Performance Smoke validation check - Scenario 4 [Priority: LOW]
[2026-07-19T18:05:21.377Z] INFO: Finished Test Case: TC_PERF_004 - Status: PASSED (28ms)

[2026-07-19T18:05:21.377Z] INFO: Starting Test Case: TC_PERF_005 - Performance Smoke validation check - Scenario 5 [Priority: MEDIUM]
[2026-07-19T18:05:21.415Z] INFO: Finished Test Case: TC_PERF_005 - Status: PASSED (38ms)

[2026-07-19T18:05:21.416Z] INFO: Starting Test Case: TC_PERF_006 - Performance Smoke validation check - Scenario 6 [Priority: CRITICAL]
[2026-07-19T18:05:21.461Z] INFO: Finished Test Case: TC_PERF_006 - Status: PASSED (45ms)

[2026-07-19T18:05:21.461Z] INFO: Starting Test Case: TC_PERF_007 - Performance Smoke validation check - Scenario 7 [Priority: HIGH]
[2026-07-19T18:05:21.507Z] INFO: Finished Test Case: TC_PERF_007 - Status: PASSED (46ms)

[2026-07-19T18:05:21.507Z] INFO: Starting Test Case: TC_PERF_008 - Performance Smoke validation check - Scenario 8 [Priority: HIGH]
[2026-07-19T18:05:21.520Z] INFO: Finished Test Case: TC_PERF_008 - Status: PASSED (13ms)

[2026-07-19T18:05:21.520Z] INFO: Starting Test Case: TC_PERF_009 - Performance Smoke validation check - Scenario 9 [Priority: LOW]
[2026-07-19T18:05:21.540Z] INFO: Finished Test Case: TC_PERF_009 - Status: PASSED (20ms)

[2026-07-19T18:05:21.540Z] INFO: Starting Test Case: TC_PERF_010 - Performance Smoke validation check - Scenario 10 [Priority: MEDIUM]
[2026-07-19T18:05:21.586Z] INFO: Finished Test Case: TC_PERF_010 - Status: PASSED (46ms)

[2026-07-19T18:05:21.586Z] INFO: Starting Test Case: TC_PERF_011 - Performance Smoke validation check - Scenario 11 [Priority: CRITICAL]
[2026-07-19T18:05:21.604Z] INFO: Finished Test Case: TC_PERF_011 - Status: PASSED (18ms)

[2026-07-19T18:05:21.604Z] INFO: Starting Test Case: TC_PERF_012 - Performance Smoke validation check - Scenario 12 [Priority: HIGH]
[2026-07-19T18:05:21.610Z] INFO: Finished Test Case: TC_PERF_012 - Status: PASSED (6ms)

[2026-07-19T18:05:21.610Z] INFO: Starting Test Case: TC_PERF_013 - Performance Smoke validation check - Scenario 13 [Priority: HIGH]
[2026-07-19T18:05:21.651Z] INFO: Finished Test Case: TC_PERF_013 - Status: PASSED (41ms)

[2026-07-19T18:05:21.651Z] INFO: Starting Test Case: TC_PERF_014 - Performance Smoke validation check - Scenario 14 [Priority: LOW]
[2026-07-19T18:05:21.695Z] INFO: Finished Test Case: TC_PERF_014 - Status: PASSED (44ms)

[2026-07-19T18:05:21.695Z] INFO: Starting Test Case: TC_PERF_015 - Performance Smoke validation check - Scenario 15 [Priority: MEDIUM]
[2026-07-19T18:05:21.721Z] INFO: Finished Test Case: TC_PERF_015 - Status: PASSED (26ms)

[2026-07-19T18:05:21.721Z] INFO: Starting Test Case: TC_PERF_016 - Performance Smoke validation check - Scenario 16 [Priority: CRITICAL]
[2026-07-19T18:05:21.732Z] INFO: Finished Test Case: TC_PERF_016 - Status: PASSED (11ms)

[2026-07-19T18:05:21.732Z] INFO: Starting Test Case: TC_PERF_017 - Performance Smoke validation check - Scenario 17 [Priority: HIGH]
[2026-07-19T18:05:21.780Z] INFO: Finished Test Case: TC_PERF_017 - Status: PASSED (48ms)

[2026-07-19T18:05:21.780Z] INFO: Starting Test Case: TC_PERF_018 - Performance Smoke validation check - Scenario 18 [Priority: HIGH]
[2026-07-19T18:05:21.785Z] INFO: Finished Test Case: TC_PERF_018 - Status: PASSED (5ms)

[2026-07-19T18:05:21.785Z] INFO: Starting Test Case: TC_PERF_019 - Performance Smoke validation check - Scenario 19 [Priority: LOW]
[2026-07-19T18:05:21.811Z] INFO: Finished Test Case: TC_PERF_019 - Status: PASSED (26ms)

[2026-07-19T18:05:21.811Z] INFO: Starting Test Case: TC_PERF_020 - Performance Smoke validation check - Scenario 20 [Priority: MEDIUM]
[2026-07-19T18:05:21.830Z] INFO: Finished Test Case: TC_PERF_020 - Status: PASSED (19ms)

[2026-07-19T18:05:21.830Z] INFO: Starting Test Case: TC_REGR_001 - Regression validation check - Scenario 1 [Priority: CRITICAL]
[2026-07-19T18:05:21.874Z] INFO: Finished Test Case: TC_REGR_001 - Status: PASSED (44ms)

[2026-07-19T18:05:21.874Z] INFO: Starting Test Case: TC_REGR_002 - Regression validation check - Scenario 2 [Priority: HIGH]
[2026-07-19T18:05:21.897Z] INFO: Finished Test Case: TC_REGR_002 - Status: PASSED (23ms)

[2026-07-19T18:05:21.897Z] INFO: Starting Test Case: TC_REGR_003 - Regression validation check - Scenario 3 [Priority: HIGH]
[2026-07-19T18:05:21.940Z] INFO: Finished Test Case: TC_REGR_003 - Status: PASSED (43ms)

[2026-07-19T18:05:21.940Z] INFO: Starting Test Case: TC_REGR_004 - Regression validation check - Scenario 4 [Priority: LOW]
[2026-07-19T18:05:21.971Z] INFO: Finished Test Case: TC_REGR_004 - Status: PASSED (31ms)

[2026-07-19T18:05:21.971Z] INFO: Starting Test Case: TC_REGR_005 - Regression validation check - Scenario 5 [Priority: MEDIUM]
[2026-07-19T18:05:22.014Z] INFO: Finished Test Case: TC_REGR_005 - Status: PASSED (43ms)

[2026-07-19T18:05:22.015Z] INFO: Starting Test Case: TC_REGR_006 - Regression validation check - Scenario 6 [Priority: CRITICAL]
[2026-07-19T18:05:22.054Z] INFO: Finished Test Case: TC_REGR_006 - Status: PASSED (40ms)

[2026-07-19T18:05:22.054Z] INFO: Starting Test Case: TC_REGR_007 - Regression validation check - Scenario 7 [Priority: HIGH]
[2026-07-19T18:05:22.085Z] INFO: Finished Test Case: TC_REGR_007 - Status: PASSED (31ms)

[2026-07-19T18:05:22.085Z] INFO: Starting Test Case: TC_REGR_008 - Regression validation check - Scenario 8 [Priority: HIGH]
[2026-07-19T18:05:22.133Z] INFO: Finished Test Case: TC_REGR_008 - Status: PASSED (47ms)

[2026-07-19T18:05:22.133Z] INFO: Starting Test Case: TC_REGR_009 - Regression validation check - Scenario 9 [Priority: LOW]
[2026-07-19T18:05:22.168Z] INFO: Finished Test Case: TC_REGR_009 - Status: PASSED (35ms)

[2026-07-19T18:05:22.168Z] INFO: Starting Test Case: TC_REGR_010 - Regression validation check - Scenario 10 [Priority: MEDIUM]
[2026-07-19T18:05:22.192Z] INFO: Finished Test Case: TC_REGR_010 - Status: PASSED (24ms)

[2026-07-19T18:05:22.192Z] INFO: Starting Test Case: TC_REGR_011 - Regression validation check - Scenario 11 [Priority: CRITICAL]
[2026-07-19T18:05:22.199Z] INFO: Finished Test Case: TC_REGR_011 - Status: PASSED (7ms)

[2026-07-19T18:05:22.199Z] INFO: Starting Test Case: TC_REGR_012 - Regression validation check - Scenario 12 [Priority: HIGH]
[2026-07-19T18:05:22.208Z] INFO: Finished Test Case: TC_REGR_012 - Status: PASSED (9ms)

[2026-07-19T18:05:22.208Z] INFO: Starting Test Case: TC_REGR_013 - Regression validation check - Scenario 13 [Priority: HIGH]
[2026-07-19T18:05:22.226Z] INFO: Finished Test Case: TC_REGR_013 - Status: PASSED (18ms)

[2026-07-19T18:05:22.226Z] INFO: Starting Test Case: TC_REGR_014 - Regression validation check - Scenario 14 [Priority: LOW]
[2026-07-19T18:05:22.272Z] INFO: Finished Test Case: TC_REGR_014 - Status: PASSED (46ms)

[2026-07-19T18:05:22.272Z] INFO: Starting Test Case: TC_REGR_015 - Regression validation check - Scenario 15 [Priority: MEDIUM]
[2026-07-19T18:05:22.285Z] INFO: Finished Test Case: TC_REGR_015 - Status: PASSED (13ms)

[2026-07-19T18:05:22.285Z] INFO: Starting Test Case: TC_REGR_016 - Regression validation check - Scenario 16 [Priority: CRITICAL]
[2026-07-19T18:05:22.295Z] INFO: Finished Test Case: TC_REGR_016 - Status: PASSED (10ms)

[2026-07-19T18:05:22.295Z] INFO: Starting Test Case: TC_REGR_017 - Regression validation check - Scenario 17 [Priority: HIGH]
[2026-07-19T18:05:22.311Z] INFO: Finished Test Case: TC_REGR_017 - Status: PASSED (16ms)

[2026-07-19T18:05:22.311Z] INFO: Starting Test Case: TC_REGR_018 - Regression validation check - Scenario 18 [Priority: HIGH]
[2026-07-19T18:05:22.352Z] INFO: Finished Test Case: TC_REGR_018 - Status: PASSED (41ms)

[2026-07-19T18:05:22.352Z] INFO: Starting Test Case: TC_REGR_019 - Regression validation check - Scenario 19 [Priority: LOW]
[2026-07-19T18:05:22.362Z] INFO: Finished Test Case: TC_REGR_019 - Status: PASSED (10ms)

[2026-07-19T18:05:22.362Z] INFO: Starting Test Case: TC_REGR_020 - Regression validation check - Scenario 20 [Priority: MEDIUM]
[2026-07-19T18:05:22.380Z] INFO: Finished Test Case: TC_REGR_020 - Status: PASSED (17ms)

[2026-07-19T18:05:22.380Z] INFO: Starting Test Case: TC_REGR_021 - Regression validation check - Scenario 21 [Priority: CRITICAL]
[2026-07-19T18:05:22.409Z] INFO: Finished Test Case: TC_REGR_021 - Status: PASSED (29ms)

[2026-07-19T18:05:22.409Z] INFO: Starting Test Case: TC_REGR_022 - Regression validation check - Scenario 22 [Priority: HIGH]
[2026-07-19T18:05:22.457Z] INFO: Finished Test Case: TC_REGR_022 - Status: PASSED (48ms)

[2026-07-19T18:05:22.457Z] INFO: Starting Test Case: TC_REGR_023 - Regression validation check - Scenario 23 [Priority: HIGH]
[2026-07-19T18:05:22.485Z] INFO: Finished Test Case: TC_REGR_023 - Status: PASSED (28ms)

[2026-07-19T18:05:22.485Z] INFO: Starting Test Case: TC_REGR_024 - Regression validation check - Scenario 24 [Priority: LOW]
[2026-07-19T18:05:22.518Z] INFO: Finished Test Case: TC_REGR_024 - Status: PASSED (33ms)

[2026-07-19T18:05:22.518Z] INFO: Starting Test Case: TC_REGR_025 - Regression validation check - Scenario 25 [Priority: MEDIUM]
[2026-07-19T18:05:22.556Z] INFO: Finished Test Case: TC_REGR_025 - Status: PASSED (38ms)

[2026-07-19T18:05:22.556Z] INFO: Starting Test Case: TC_REGR_026 - Regression validation check - Scenario 26 [Priority: CRITICAL]
[2026-07-19T18:05:22.580Z] INFO: Finished Test Case: TC_REGR_026 - Status: PASSED (24ms)

[2026-07-19T18:05:22.580Z] INFO: Starting Test Case: TC_REGR_027 - Regression validation check - Scenario 27 [Priority: HIGH]
[2026-07-19T18:05:22.608Z] INFO: Finished Test Case: TC_REGR_027 - Status: PASSED (28ms)

[2026-07-19T18:05:22.608Z] INFO: Starting Test Case: TC_REGR_028 - Regression validation check - Scenario 28 [Priority: HIGH]
[2026-07-19T18:05:22.631Z] INFO: Finished Test Case: TC_REGR_028 - Status: PASSED (23ms)

[2026-07-19T18:05:22.631Z] INFO: Starting Test Case: TC_REGR_029 - Regression validation check - Scenario 29 [Priority: LOW]
[2026-07-19T18:05:22.657Z] INFO: Finished Test Case: TC_REGR_029 - Status: PASSED (26ms)

[2026-07-19T18:05:22.657Z] INFO: Starting Test Case: TC_REGR_030 - Regression validation check - Scenario 30 [Priority: MEDIUM]
[2026-07-19T18:05:22.704Z] INFO: Finished Test Case: TC_REGR_030 - Status: PASSED (47ms)

[2026-07-19T18:05:22.704Z] INFO: Starting Test Case: TC_REGR_031 - Regression validation check - Scenario 31 [Priority: CRITICAL]
[2026-07-19T18:05:22.717Z] INFO: Finished Test Case: TC_REGR_031 - Status: PASSED (13ms)

[2026-07-19T18:05:22.717Z] INFO: Starting Test Case: TC_REGR_032 - Regression validation check - Scenario 32 [Priority: HIGH]
[2026-07-19T18:05:22.733Z] INFO: Finished Test Case: TC_REGR_032 - Status: PASSED (16ms)

[2026-07-19T18:05:22.733Z] INFO: Starting Test Case: TC_REGR_033 - Regression validation check - Scenario 33 [Priority: HIGH]
[2026-07-19T18:05:22.776Z] INFO: Finished Test Case: TC_REGR_033 - Status: PASSED (43ms)

[2026-07-19T18:05:22.776Z] INFO: Starting Test Case: TC_REGR_034 - Regression validation check - Scenario 34 [Priority: LOW]
[2026-07-19T18:05:22.810Z] INFO: Finished Test Case: TC_REGR_034 - Status: PASSED (34ms)

[2026-07-19T18:05:22.811Z] INFO: Starting Test Case: TC_REGR_035 - Regression validation check - Scenario 35 [Priority: MEDIUM]
[2026-07-19T18:05:22.860Z] INFO: Finished Test Case: TC_REGR_035 - Status: PASSED (49ms)

[2026-07-19T18:05:22.860Z] INFO: Starting Test Case: TC_REGR_036 - Regression validation check - Scenario 36 [Priority: CRITICAL]
[2026-07-19T18:05:22.871Z] INFO: Finished Test Case: TC_REGR_036 - Status: PASSED (11ms)

[2026-07-19T18:05:22.871Z] INFO: Starting Test Case: TC_REGR_037 - Regression validation check - Scenario 37 [Priority: HIGH]
[2026-07-19T18:05:22.887Z] INFO: Finished Test Case: TC_REGR_037 - Status: PASSED (16ms)

[2026-07-19T18:05:22.888Z] INFO: Starting Test Case: TC_REGR_038 - Regression validation check - Scenario 38 [Priority: HIGH]
[2026-07-19T18:05:22.934Z] INFO: Finished Test Case: TC_REGR_038 - Status: PASSED (46ms)

[2026-07-19T18:05:22.934Z] INFO: Starting Test Case: TC_REGR_039 - Regression validation check - Scenario 39 [Priority: LOW]
[2026-07-19T18:05:22.942Z] INFO: Finished Test Case: TC_REGR_039 - Status: PASSED (8ms)

[2026-07-19T18:05:22.942Z] INFO: Starting Test Case: TC_REGR_040 - Regression validation check - Scenario 40 [Priority: MEDIUM]
[2026-07-19T18:05:22.975Z] INFO: Finished Test Case: TC_REGR_040 - Status: PASSED (33ms)

[2026-07-19T18:05:22.975Z] INFO: Starting Test Case: TC_REGR_041 - Regression validation check - Scenario 41 [Priority: CRITICAL]
[2026-07-19T18:05:23.022Z] INFO: Finished Test Case: TC_REGR_041 - Status: PASSED (47ms)

[2026-07-19T18:05:23.022Z] INFO: Starting Test Case: TC_REGR_042 - Regression validation check - Scenario 42 [Priority: HIGH]
[2026-07-19T18:05:23.056Z] INFO: Finished Test Case: TC_REGR_042 - Status: PASSED (34ms)

[2026-07-19T18:05:23.056Z] INFO: Starting Test Case: TC_REGR_043 - Regression validation check - Scenario 43 [Priority: HIGH]
[2026-07-19T18:05:23.072Z] INFO: Finished Test Case: TC_REGR_043 - Status: PASSED (16ms)

[2026-07-19T18:05:23.072Z] INFO: Starting Test Case: TC_REGR_044 - Regression validation check - Scenario 44 [Priority: LOW]
[2026-07-19T18:05:23.079Z] INFO: Finished Test Case: TC_REGR_044 - Status: PASSED (7ms)

[2026-07-19T18:05:23.079Z] INFO: Starting Test Case: TC_REGR_045 - Regression validation check - Scenario 45 [Priority: MEDIUM]
[2026-07-19T18:05:23.099Z] INFO: Finished Test Case: TC_REGR_045 - Status: PASSED (20ms)

[2026-07-19T18:05:23.099Z] INFO: Starting Test Case: TC_REGR_046 - Regression validation check - Scenario 46 [Priority: CRITICAL]
[2026-07-19T18:05:23.139Z] INFO: Finished Test Case: TC_REGR_046 - Status: PASSED (40ms)

[2026-07-19T18:05:23.139Z] INFO: Starting Test Case: TC_REGR_047 - Regression validation check - Scenario 47 [Priority: HIGH]
[2026-07-19T18:05:23.158Z] INFO: Finished Test Case: TC_REGR_047 - Status: PASSED (19ms)

[2026-07-19T18:05:23.158Z] INFO: Starting Test Case: TC_REGR_048 - Regression validation check - Scenario 48 [Priority: HIGH]
[2026-07-19T18:05:23.193Z] INFO: Finished Test Case: TC_REGR_048 - Status: PASSED (35ms)

[2026-07-19T18:05:23.194Z] INFO: Starting Test Case: TC_REGR_049 - Regression validation check - Scenario 49 [Priority: LOW]
[2026-07-19T18:05:23.228Z] INFO: Finished Test Case: TC_REGR_049 - Status: PASSED (34ms)

[2026-07-19T18:05:23.228Z] INFO: Starting Test Case: TC_REGR_050 - Regression validation check - Scenario 50 [Priority: MEDIUM]
[2026-07-19T18:05:23.238Z] INFO: Finished Test Case: TC_REGR_050 - Status: PASSED (10ms)

[2026-07-19T18:05:23.238Z] INFO: Closing Chrome driver session...
[2026-07-19T18:05:23.241Z] INFO: Browser logs saved successfully to: /home/runner/work/pddtesting/pddtesting/automation/reports/Logs/browser-console.log
[2026-07-19T18:05:23.293Z] INFO: Session closed.
[2026-07-19T18:05:23.294Z] INFO: E2E suite execution finished. Total duration: 39.94s
[2026-07-19T18:05:23.294Z] INFO: Generating Excel automation reports...
[2026-07-19T18:05:23.503Z] INFO: Master Excel report written to: /home/runner/work/pddtesting/pddtesting/automation/reports/Excel/Automation_Test_Report.xlsx
[2026-07-19T18:05:23.589Z] INFO: Excel report generation completed successfully!
[2026-07-19T18:05:23.589Z] INFO: Generating HTML automation reports...
[2026-07-19T18:05:23.597Z] INFO: HTML Reports successfully written to: /home/runner/work/pddtesting/pddtesting/automation/reports/HTML
[2026-07-19T18:05:23.600Z] INFO: JSON report generated at: /home/runner/work/pddtesting/pddtesting/automation/reports/JSON/execution-results.json
[2026-07-19T18:05:23.600Z] INFO: Markdown step summary generated at: /home/runner/work/pddtesting/pddtesting/automation/reports/Summary/summary.md
[2026-07-19T18:05:23.600Z] INFO: Final Metrics -> Total: 470, Passed: 467, Pass Rate: 99.36%
[2026-07-19T18:05:23.601Z] INFO: Critical Tests -> Total: 95, Failed: 1, Critical Fail Rate: 1.05%
[2026-07-19T18:05:23.601Z] INFO: Execution Passed: All criteria (Pass Rate >= 95% and Critical Fail Rate <= 5%) met successfully!
