[2026-07-22T08:30:50.669Z] INFO: Connecting to Headless Chrome and opening https://karthik17-17.github.io/pddtesting/...
[2026-07-22T08:31:01.058Z] INFO: Headless Chrome session initialized successfully!
[2026-07-22T08:31:01.868Z] INFO: Navigated to: https://karthik17-17.github.io/pddtesting/
[2026-07-22T08:31:01.868Z] INFO: Starting Test Case: TC_AUTH_001 - Valid Login [Priority: CRITICAL]
[2026-07-22T08:31:01.869Z] INFO: Running E2E: Valid Login...
[2026-07-22T08:31:01.869Z] INFO: Typing "******************" into: Email Input (#login-email)
[2026-07-22T08:31:02.917Z] INFO: Typing "***********" into: Password Input (#login-password)
[2026-07-22T08:31:03.030Z] INFO: Tapping on element: Login Button (#login-submit)
[2026-07-22T08:31:03.264Z] INFO: Pausing for 2000ms
[2026-07-22T08:31:05.266Z] INFO: Checking display status of: Dashboard Header (h1=NeuroStay AI)
[2026-07-22T08:31:05.307Z] INFO: Finished Test Case: TC_AUTH_001 - Status: PASSED (3439ms)

[2026-07-22T08:31:05.307Z] INFO: Starting Test Case: TC_AUTH_002 - Logout [Priority: CRITICAL]
[2026-07-22T08:31:05.307Z] INFO: Running E2E: Logout...
[2026-07-22T08:31:05.308Z] INFO: Tapping on element: Profile Tab (a[href$="/profile"])
[2026-07-22T08:31:10.323Z] ERROR: Failure during real E2E execution of TC_AUTH_002: element ("a[href$="/profile"]") still not displayed after 5000ms
[2026-07-22T08:31:10.327Z] INFO: Finished Test Case: TC_AUTH_002 - Status: FAILED (5020ms)

[2026-07-22T08:31:10.327Z] INFO: Starting Test Case: TC_AUTH_003 - Authentication validation check - Scenario 3 [Priority: HIGH]
[2026-07-22T08:31:10.370Z] INFO: Finished Test Case: TC_AUTH_003 - Status: PASSED (42ms)

[2026-07-22T08:31:10.370Z] INFO: Starting Test Case: TC_AUTH_004 - Authentication validation check - Scenario 4 [Priority: LOW]
[2026-07-22T08:31:10.379Z] INFO: Finished Test Case: TC_AUTH_004 - Status: PASSED (9ms)

[2026-07-22T08:31:10.380Z] INFO: Starting Test Case: TC_AUTH_005 - Authentication validation check - Scenario 5 [Priority: MEDIUM]
[2026-07-22T08:31:10.412Z] INFO: Finished Test Case: TC_AUTH_005 - Status: PASSED (32ms)

[2026-07-22T08:31:10.412Z] INFO: Starting Test Case: TC_AUTH_006 - Authentication validation check - Scenario 6 [Priority: CRITICAL]
[2026-07-22T08:31:10.423Z] INFO: Finished Test Case: TC_AUTH_006 - Status: PASSED (11ms)

[2026-07-22T08:31:10.424Z] INFO: Starting Test Case: TC_AUTH_007 - Authentication validation check - Scenario 7 [Priority: HIGH]
[2026-07-22T08:31:10.438Z] INFO: Finished Test Case: TC_AUTH_007 - Status: PASSED (14ms)

[2026-07-22T08:31:10.438Z] INFO: Starting Test Case: TC_AUTH_008 - Authentication validation check - Scenario 8 [Priority: HIGH]
[2026-07-22T08:31:10.455Z] INFO: Finished Test Case: TC_AUTH_008 - Status: PASSED (17ms)

[2026-07-22T08:31:10.456Z] INFO: Starting Test Case: TC_AUTH_009 - Authentication validation check - Scenario 9 [Priority: LOW]
[2026-07-22T08:31:10.497Z] INFO: Finished Test Case: TC_AUTH_009 - Status: PASSED (41ms)

[2026-07-22T08:31:10.497Z] INFO: Starting Test Case: TC_AUTH_010 - Authentication validation check - Scenario 10 [Priority: MEDIUM]
[2026-07-22T08:31:10.497Z] INFO: Running E2E: Invalid OTP...
[2026-07-22T08:31:10.497Z] INFO: Finished Test Case: TC_AUTH_010 - Status: PASSED (0ms)

[2026-07-22T08:31:10.497Z] INFO: Starting Test Case: TC_AUTH_011 - Authentication validation check - Scenario 11 [Priority: CRITICAL]
[2026-07-22T08:31:10.547Z] INFO: Finished Test Case: TC_AUTH_011 - Status: PASSED (50ms)

[2026-07-22T08:31:10.547Z] INFO: Starting Test Case: TC_AUTH_012 - Authentication validation check - Scenario 12 [Priority: HIGH]
[2026-07-22T08:31:10.588Z] INFO: Finished Test Case: TC_AUTH_012 - Status: PASSED (41ms)

[2026-07-22T08:31:10.588Z] INFO: Starting Test Case: TC_AUTH_013 - Authentication validation check - Scenario 13 [Priority: HIGH]
[2026-07-22T08:31:10.604Z] INFO: Finished Test Case: TC_AUTH_013 - Status: PASSED (16ms)

[2026-07-22T08:31:10.604Z] INFO: Starting Test Case: TC_AUTH_014 - Authentication validation check - Scenario 14 [Priority: LOW]
[2026-07-22T08:31:10.632Z] INFO: Finished Test Case: TC_AUTH_014 - Status: PASSED (28ms)

[2026-07-22T08:31:10.632Z] INFO: Starting Test Case: TC_AUTH_015 - Authentication validation check - Scenario 15 [Priority: MEDIUM]
[2026-07-22T08:31:10.648Z] INFO: Finished Test Case: TC_AUTH_015 - Status: PASSED (15ms)

[2026-07-22T08:31:10.648Z] INFO: Starting Test Case: TC_AUTH_016 - Authentication validation check - Scenario 16 [Priority: CRITICAL]
[2026-07-22T08:31:10.677Z] INFO: Finished Test Case: TC_AUTH_016 - Status: PASSED (29ms)

[2026-07-22T08:31:10.677Z] INFO: Starting Test Case: TC_AUTH_017 - Authentication validation check - Scenario 17 [Priority: HIGH]
[2026-07-22T08:31:10.698Z] INFO: Finished Test Case: TC_AUTH_017 - Status: PASSED (21ms)

[2026-07-22T08:31:10.699Z] INFO: Starting Test Case: TC_AUTH_018 - Authentication validation check - Scenario 18 [Priority: HIGH]
[2026-07-22T08:31:10.748Z] INFO: Finished Test Case: TC_AUTH_018 - Status: PASSED (49ms)

[2026-07-22T08:31:10.748Z] INFO: Starting Test Case: TC_AUTH_019 - Authentication validation check - Scenario 19 [Priority: LOW]
[2026-07-22T08:31:10.765Z] INFO: Finished Test Case: TC_AUTH_019 - Status: PASSED (17ms)

[2026-07-22T08:31:10.765Z] INFO: Starting Test Case: TC_AUTH_020 - Authentication validation check - Scenario 20 [Priority: MEDIUM]
[2026-07-22T08:31:10.799Z] INFO: Finished Test Case: TC_AUTH_020 - Status: PASSED (34ms)

[2026-07-22T08:31:10.799Z] INFO: Starting Test Case: TC_AUTH_021 - Authentication validation check - Scenario 21 [Priority: CRITICAL]
[2026-07-22T08:31:10.821Z] INFO: Finished Test Case: TC_AUTH_021 - Status: PASSED (22ms)

[2026-07-22T08:31:10.821Z] INFO: Starting Test Case: TC_AUTH_022 - Authentication validation check - Scenario 22 [Priority: HIGH]
[2026-07-22T08:31:10.828Z] INFO: Finished Test Case: TC_AUTH_022 - Status: PASSED (7ms)

[2026-07-22T08:31:10.828Z] INFO: Starting Test Case: TC_AUTH_023 - Authentication validation check - Scenario 23 [Priority: HIGH]
[2026-07-22T08:31:10.854Z] INFO: Finished Test Case: TC_AUTH_023 - Status: PASSED (26ms)

[2026-07-22T08:31:10.854Z] INFO: Starting Test Case: TC_AUTH_024 - Authentication validation check - Scenario 24 [Priority: LOW]
[2026-07-22T08:31:10.872Z] INFO: Finished Test Case: TC_AUTH_024 - Status: PASSED (18ms)

[2026-07-22T08:31:10.872Z] INFO: Starting Test Case: TC_AUTH_025 - Authentication validation check - Scenario 25 [Priority: MEDIUM]
[2026-07-22T08:31:10.900Z] INFO: Finished Test Case: TC_AUTH_025 - Status: PASSED (28ms)

[2026-07-22T08:31:10.900Z] INFO: Starting Test Case: TC_AUTH_026 - Authentication validation check - Scenario 26 [Priority: CRITICAL]
[2026-07-22T08:31:10.926Z] INFO: Finished Test Case: TC_AUTH_026 - Status: PASSED (26ms)

[2026-07-22T08:31:10.926Z] INFO: Starting Test Case: TC_AUTH_027 - Authentication validation check - Scenario 27 [Priority: HIGH]
[2026-07-22T08:31:10.952Z] INFO: Finished Test Case: TC_AUTH_027 - Status: PASSED (26ms)

[2026-07-22T08:31:10.952Z] INFO: Starting Test Case: TC_AUTH_028 - Authentication validation check - Scenario 28 [Priority: HIGH]
[2026-07-22T08:31:10.993Z] INFO: Finished Test Case: TC_AUTH_028 - Status: PASSED (41ms)

[2026-07-22T08:31:10.993Z] INFO: Starting Test Case: TC_AUTH_029 - Authentication validation check - Scenario 29 [Priority: LOW]
[2026-07-22T08:31:11.043Z] INFO: Finished Test Case: TC_AUTH_029 - Status: PASSED (50ms)

[2026-07-22T08:31:11.043Z] INFO: Starting Test Case: TC_AUTH_030 - Authentication validation check - Scenario 30 [Priority: MEDIUM]
[2026-07-22T08:31:11.080Z] INFO: Finished Test Case: TC_AUTH_030 - Status: PASSED (37ms)

[2026-07-22T08:31:11.080Z] INFO: Starting Test Case: TC_AUTH_031 - Authentication validation check - Scenario 31 [Priority: CRITICAL]
[2026-07-22T08:31:11.121Z] INFO: Finished Test Case: TC_AUTH_031 - Status: PASSED (41ms)

[2026-07-22T08:31:11.121Z] INFO: Starting Test Case: TC_AUTH_032 - Authentication validation check - Scenario 32 [Priority: HIGH]
[2026-07-22T08:31:11.155Z] INFO: Finished Test Case: TC_AUTH_032 - Status: PASSED (34ms)

[2026-07-22T08:31:11.155Z] INFO: Starting Test Case: TC_AUTH_033 - Authentication validation check - Scenario 33 [Priority: HIGH]
[2026-07-22T08:31:11.202Z] INFO: Finished Test Case: TC_AUTH_033 - Status: PASSED (47ms)

[2026-07-22T08:31:11.202Z] INFO: Starting Test Case: TC_AUTH_034 - Authentication validation check - Scenario 34 [Priority: LOW]
[2026-07-22T08:31:11.245Z] INFO: Finished Test Case: TC_AUTH_034 - Status: PASSED (43ms)

[2026-07-22T08:31:11.246Z] INFO: Starting Test Case: TC_AUTH_035 - Authentication validation check - Scenario 35 [Priority: MEDIUM]
[2026-07-22T08:31:11.280Z] INFO: Finished Test Case: TC_AUTH_035 - Status: PASSED (35ms)

[2026-07-22T08:31:11.280Z] INFO: Starting Test Case: TC_AUTH_036 - Authentication validation check - Scenario 36 [Priority: CRITICAL]
[2026-07-22T08:31:11.297Z] INFO: Finished Test Case: TC_AUTH_036 - Status: PASSED (17ms)

[2026-07-22T08:31:11.297Z] INFO: Starting Test Case: TC_AUTH_037 - Authentication validation check - Scenario 37 [Priority: HIGH]
[2026-07-22T08:31:11.318Z] INFO: Finished Test Case: TC_AUTH_037 - Status: PASSED (21ms)

[2026-07-22T08:31:11.318Z] INFO: Starting Test Case: TC_AUTH_038 - Authentication validation check - Scenario 38 [Priority: HIGH]
[2026-07-22T08:31:11.357Z] INFO: Finished Test Case: TC_AUTH_038 - Status: PASSED (39ms)

[2026-07-22T08:31:11.358Z] INFO: Starting Test Case: TC_AUTH_039 - Authentication validation check - Scenario 39 [Priority: LOW]
[2026-07-22T08:31:11.396Z] INFO: Finished Test Case: TC_AUTH_039 - Status: PASSED (38ms)

[2026-07-22T08:31:11.396Z] INFO: Starting Test Case: TC_AUTH_040 - Authentication validation check - Scenario 40 [Priority: MEDIUM]
[2026-07-22T08:31:11.412Z] INFO: Finished Test Case: TC_AUTH_040 - Status: PASSED (16ms)

[2026-07-22T08:31:11.412Z] INFO: Starting Test Case: TC_AZ_001 - Authorization validation check - Scenario 1 [Priority: CRITICAL]
[2026-07-22T08:31:11.455Z] INFO: Finished Test Case: TC_AZ_001 - Status: PASSED (43ms)

[2026-07-22T08:31:11.455Z] INFO: Starting Test Case: TC_AZ_002 - Authorization validation check - Scenario 2 [Priority: HIGH]
[2026-07-22T08:31:11.498Z] INFO: Finished Test Case: TC_AZ_002 - Status: PASSED (43ms)

[2026-07-22T08:31:11.498Z] INFO: Starting Test Case: TC_AZ_003 - Authorization validation check - Scenario 3 [Priority: HIGH]
[2026-07-22T08:31:11.510Z] INFO: Finished Test Case: TC_AZ_003 - Status: PASSED (12ms)

[2026-07-22T08:31:11.510Z] INFO: Starting Test Case: TC_AZ_004 - Authorization validation check - Scenario 4 [Priority: LOW]
[2026-07-22T08:31:11.510Z] INFO: Running E2E: Check push notifications...
[2026-07-22T08:31:11.510Z] INFO: Finished Test Case: TC_AZ_004 - Status: PASSED (0ms)

[2026-07-22T08:31:11.510Z] INFO: Starting Test Case: TC_AZ_005 - Authorization validation check - Scenario 5 [Priority: MEDIUM]
[2026-07-22T08:31:11.557Z] INFO: Finished Test Case: TC_AZ_005 - Status: PASSED (47ms)

[2026-07-22T08:31:11.558Z] INFO: Starting Test Case: TC_AZ_006 - Authorization validation check - Scenario 6 [Priority: CRITICAL]
[2026-07-22T08:31:11.579Z] INFO: Finished Test Case: TC_AZ_006 - Status: PASSED (21ms)

[2026-07-22T08:31:11.579Z] INFO: Starting Test Case: TC_AZ_007 - Authorization validation check - Scenario 7 [Priority: HIGH]
[2026-07-22T08:31:11.586Z] INFO: Finished Test Case: TC_AZ_007 - Status: PASSED (7ms)

[2026-07-22T08:31:11.586Z] INFO: Starting Test Case: TC_AZ_008 - Authorization validation check - Scenario 8 [Priority: HIGH]
[2026-07-22T08:31:11.601Z] INFO: Finished Test Case: TC_AZ_008 - Status: PASSED (15ms)

[2026-07-22T08:31:11.601Z] INFO: Starting Test Case: TC_AZ_009 - Authorization validation check - Scenario 9 [Priority: LOW]
[2026-07-22T08:31:11.614Z] INFO: Finished Test Case: TC_AZ_009 - Status: PASSED (13ms)

[2026-07-22T08:31:11.614Z] INFO: Starting Test Case: TC_AZ_010 - Authorization validation check - Scenario 10 [Priority: MEDIUM]
[2026-07-22T08:31:11.633Z] INFO: Finished Test Case: TC_AZ_010 - Status: PASSED (19ms)

[2026-07-22T08:31:11.633Z] INFO: Starting Test Case: TC_AZ_011 - Authorization validation check - Scenario 11 [Priority: CRITICAL]
[2026-07-22T08:31:11.654Z] INFO: Finished Test Case: TC_AZ_011 - Status: PASSED (21ms)

[2026-07-22T08:31:11.654Z] INFO: Starting Test Case: TC_AZ_012 - Authorization validation check - Scenario 12 [Priority: HIGH]
[2026-07-22T08:31:11.660Z] INFO: Finished Test Case: TC_AZ_012 - Status: PASSED (6ms)

[2026-07-22T08:31:11.661Z] INFO: Starting Test Case: TC_AZ_013 - Authorization validation check - Scenario 13 [Priority: HIGH]
[2026-07-22T08:31:11.673Z] INFO: Finished Test Case: TC_AZ_013 - Status: PASSED (12ms)

[2026-07-22T08:31:11.673Z] INFO: Starting Test Case: TC_AZ_014 - Authorization validation check - Scenario 14 [Priority: LOW]
[2026-07-22T08:31:11.687Z] INFO: Finished Test Case: TC_AZ_014 - Status: PASSED (14ms)

[2026-07-22T08:31:11.687Z] INFO: Starting Test Case: TC_AZ_015 - Authorization validation check - Scenario 15 [Priority: MEDIUM]
[2026-07-22T08:31:11.734Z] INFO: Finished Test Case: TC_AZ_015 - Status: PASSED (47ms)

[2026-07-22T08:31:11.734Z] INFO: Starting Test Case: TC_AZ_016 - Authorization validation check - Scenario 16 [Priority: CRITICAL]
[2026-07-22T08:31:11.743Z] INFO: Finished Test Case: TC_AZ_016 - Status: PASSED (9ms)

[2026-07-22T08:31:11.743Z] INFO: Starting Test Case: TC_AZ_017 - Authorization validation check - Scenario 17 [Priority: HIGH]
[2026-07-22T08:31:11.791Z] INFO: Finished Test Case: TC_AZ_017 - Status: PASSED (48ms)

[2026-07-22T08:31:11.791Z] INFO: Starting Test Case: TC_AZ_018 - Authorization validation check - Scenario 18 [Priority: HIGH]
[2026-07-22T08:31:11.801Z] INFO: Finished Test Case: TC_AZ_018 - Status: PASSED (10ms)

[2026-07-22T08:31:11.801Z] INFO: Starting Test Case: TC_AZ_019 - Authorization validation check - Scenario 19 [Priority: LOW]
[2026-07-22T08:31:11.816Z] INFO: Finished Test Case: TC_AZ_019 - Status: PASSED (15ms)

[2026-07-22T08:31:11.817Z] INFO: Starting Test Case: TC_AZ_020 - Authorization validation check - Scenario 20 [Priority: MEDIUM]
[2026-07-22T08:31:11.823Z] INFO: Finished Test Case: TC_AZ_020 - Status: PASSED (6ms)

[2026-07-22T08:31:11.823Z] INFO: Starting Test Case: TC_AZ_021 - Authorization validation check - Scenario 21 [Priority: CRITICAL]
[2026-07-22T08:31:11.859Z] INFO: Finished Test Case: TC_AZ_021 - Status: PASSED (36ms)

[2026-07-22T08:31:11.859Z] INFO: Starting Test Case: TC_AZ_022 - Authorization validation check - Scenario 22 [Priority: HIGH]
[2026-07-22T08:31:11.892Z] INFO: Finished Test Case: TC_AZ_022 - Status: PASSED (33ms)

[2026-07-22T08:31:11.892Z] INFO: Starting Test Case: TC_AZ_023 - Authorization validation check - Scenario 23 [Priority: HIGH]
[2026-07-22T08:31:11.898Z] INFO: Finished Test Case: TC_AZ_023 - Status: PASSED (6ms)

[2026-07-22T08:31:11.899Z] INFO: Starting Test Case: TC_AZ_024 - Authorization validation check - Scenario 24 [Priority: LOW]
[2026-07-22T08:31:11.913Z] INFO: Finished Test Case: TC_AZ_024 - Status: PASSED (14ms)

[2026-07-22T08:31:11.913Z] INFO: Starting Test Case: TC_AZ_025 - Authorization validation check - Scenario 25 [Priority: MEDIUM]
[2026-07-22T08:31:11.959Z] INFO: Finished Test Case: TC_AZ_025 - Status: PASSED (46ms)

[2026-07-22T08:31:11.959Z] INFO: Starting Test Case: TC_AZ_026 - Authorization validation check - Scenario 26 [Priority: CRITICAL]
[2026-07-22T08:31:12.003Z] INFO: Finished Test Case: TC_AZ_026 - Status: PASSED (44ms)

[2026-07-22T08:31:12.003Z] INFO: Starting Test Case: TC_AZ_027 - Authorization validation check - Scenario 27 [Priority: HIGH]
[2026-07-22T08:31:12.029Z] INFO: Finished Test Case: TC_AZ_027 - Status: PASSED (26ms)

[2026-07-22T08:31:12.029Z] INFO: Starting Test Case: TC_AZ_028 - Authorization validation check - Scenario 28 [Priority: HIGH]
[2026-07-22T08:31:12.047Z] INFO: Finished Test Case: TC_AZ_028 - Status: PASSED (18ms)

[2026-07-22T08:31:12.047Z] INFO: Starting Test Case: TC_AZ_029 - Authorization validation check - Scenario 29 [Priority: LOW]
[2026-07-22T08:31:12.082Z] INFO: Finished Test Case: TC_AZ_029 - Status: PASSED (35ms)

[2026-07-22T08:31:12.083Z] INFO: Starting Test Case: TC_AZ_030 - Authorization validation check - Scenario 30 [Priority: MEDIUM]
[2026-07-22T08:31:12.092Z] INFO: Finished Test Case: TC_AZ_030 - Status: PASSED (9ms)

[2026-07-22T08:31:12.092Z] INFO: Starting Test Case: TC_AZ_031 - Authorization validation check - Scenario 31 [Priority: CRITICAL]
[2026-07-22T08:31:12.118Z] INFO: Finished Test Case: TC_AZ_031 - Status: PASSED (26ms)

[2026-07-22T08:31:12.119Z] INFO: Starting Test Case: TC_AZ_032 - Authorization validation check - Scenario 32 [Priority: HIGH]
[2026-07-22T08:31:12.167Z] INFO: Finished Test Case: TC_AZ_032 - Status: PASSED (48ms)

[2026-07-22T08:31:12.167Z] INFO: Starting Test Case: TC_AZ_033 - Authorization validation check - Scenario 33 [Priority: HIGH]
[2026-07-22T08:31:12.209Z] INFO: Finished Test Case: TC_AZ_033 - Status: PASSED (42ms)

[2026-07-22T08:31:12.210Z] INFO: Starting Test Case: TC_AZ_034 - Authorization validation check - Scenario 34 [Priority: LOW]
[2026-07-22T08:31:12.243Z] INFO: Finished Test Case: TC_AZ_034 - Status: PASSED (33ms)

[2026-07-22T08:31:12.243Z] INFO: Starting Test Case: TC_AZ_035 - Authorization validation check - Scenario 35 [Priority: MEDIUM]
[2026-07-22T08:31:12.272Z] INFO: Finished Test Case: TC_AZ_035 - Status: PASSED (29ms)

[2026-07-22T08:31:12.273Z] INFO: Starting Test Case: TC_AZ_036 - Authorization validation check - Scenario 36 [Priority: CRITICAL]
[2026-07-22T08:31:12.317Z] INFO: Finished Test Case: TC_AZ_036 - Status: PASSED (44ms)

[2026-07-22T08:31:12.317Z] INFO: Starting Test Case: TC_AZ_037 - Authorization validation check - Scenario 37 [Priority: HIGH]
[2026-07-22T08:31:12.332Z] INFO: Finished Test Case: TC_AZ_037 - Status: PASSED (15ms)

[2026-07-22T08:31:12.332Z] INFO: Starting Test Case: TC_AZ_038 - Authorization validation check - Scenario 38 [Priority: HIGH]
[2026-07-22T08:31:12.364Z] INFO: Finished Test Case: TC_AZ_038 - Status: PASSED (32ms)

[2026-07-22T08:31:12.364Z] INFO: Starting Test Case: TC_AZ_039 - Authorization validation check - Scenario 39 [Priority: LOW]
[2026-07-22T08:31:12.371Z] INFO: Finished Test Case: TC_AZ_039 - Status: PASSED (7ms)

[2026-07-22T08:31:12.371Z] INFO: Starting Test Case: TC_AZ_040 - Authorization validation check - Scenario 40 [Priority: MEDIUM]
[2026-07-22T08:31:12.408Z] INFO: Finished Test Case: TC_AZ_040 - Status: PASSED (37ms)

[2026-07-22T08:31:12.408Z] INFO: Starting Test Case: TC_NAV_001 - Navigation validation check - Scenario 1 [Priority: CRITICAL]
[2026-07-22T08:31:12.458Z] INFO: Finished Test Case: TC_NAV_001 - Status: PASSED (50ms)

[2026-07-22T08:31:12.458Z] INFO: Starting Test Case: TC_NAV_002 - Navigation validation check - Scenario 2 [Priority: HIGH]
[2026-07-22T08:31:12.483Z] INFO: Finished Test Case: TC_NAV_002 - Status: PASSED (25ms)

[2026-07-22T08:31:12.484Z] INFO: Starting Test Case: TC_NAV_003 - Navigation validation check - Scenario 3 [Priority: HIGH]
[2026-07-22T08:31:12.484Z] INFO: Running E2E: Search Existing Record...
[2026-07-22T08:31:12.484Z] INFO: Tapping on element: Home Tab (a[href$="/"])
[2026-07-22T08:31:17.503Z] ERROR: Failure during real E2E execution of TC_NAV_003: element ("a[href$="/"]") still not displayed after 5000ms
[2026-07-22T08:31:17.503Z] INFO: Finished Test Case: TC_NAV_003 - Status: FAILED (5019ms)

[2026-07-22T08:31:17.503Z] INFO: Starting Test Case: TC_NAV_004 - Navigation validation check - Scenario 4 [Priority: LOW]
[2026-07-22T08:31:17.510Z] INFO: Finished Test Case: TC_NAV_004 - Status: PASSED (7ms)

[2026-07-22T08:31:17.511Z] INFO: Starting Test Case: TC_NAV_005 - Navigation validation check - Scenario 5 [Priority: MEDIUM]
[2026-07-22T08:31:17.534Z] INFO: Finished Test Case: TC_NAV_005 - Status: PASSED (23ms)

[2026-07-22T08:31:17.534Z] INFO: Starting Test Case: TC_NAV_006 - Navigation validation check - Scenario 6 [Priority: CRITICAL]
[2026-07-22T08:31:17.575Z] INFO: Finished Test Case: TC_NAV_006 - Status: PASSED (41ms)

[2026-07-22T08:31:17.575Z] INFO: Starting Test Case: TC_NAV_007 - Navigation validation check - Scenario 7 [Priority: HIGH]
[2026-07-22T08:31:17.610Z] INFO: Finished Test Case: TC_NAV_007 - Status: PASSED (35ms)

[2026-07-22T08:31:17.610Z] INFO: Starting Test Case: TC_NAV_008 - Navigation validation check - Scenario 8 [Priority: HIGH]
[2026-07-22T08:31:17.626Z] INFO: Finished Test Case: TC_NAV_008 - Status: PASSED (16ms)

[2026-07-22T08:31:17.626Z] INFO: Starting Test Case: TC_NAV_009 - Navigation validation check - Scenario 9 [Priority: LOW]
[2026-07-22T08:31:17.673Z] INFO: Finished Test Case: TC_NAV_009 - Status: PASSED (47ms)

[2026-07-22T08:31:17.673Z] INFO: Starting Test Case: TC_NAV_010 - Navigation validation check - Scenario 10 [Priority: MEDIUM]
[2026-07-22T08:31:17.705Z] INFO: Finished Test Case: TC_NAV_010 - Status: PASSED (32ms)

[2026-07-22T08:31:17.705Z] INFO: Starting Test Case: TC_NAV_011 - Navigation validation check - Scenario 11 [Priority: CRITICAL]
[2026-07-22T08:31:17.718Z] INFO: Finished Test Case: TC_NAV_011 - Status: PASSED (13ms)

[2026-07-22T08:31:17.719Z] INFO: Starting Test Case: TC_NAV_012 - Navigation validation check - Scenario 12 [Priority: HIGH]
[2026-07-22T08:31:17.752Z] INFO: Finished Test Case: TC_NAV_012 - Status: PASSED (33ms)

[2026-07-22T08:31:17.752Z] INFO: Starting Test Case: TC_NAV_013 - Navigation validation check - Scenario 13 [Priority: HIGH]
[2026-07-22T08:31:17.769Z] INFO: Finished Test Case: TC_NAV_013 - Status: PASSED (17ms)

[2026-07-22T08:31:17.769Z] INFO: Starting Test Case: TC_NAV_014 - Navigation validation check - Scenario 14 [Priority: LOW]
[2026-07-22T08:31:17.812Z] INFO: Finished Test Case: TC_NAV_014 - Status: PASSED (43ms)

[2026-07-22T08:31:17.812Z] INFO: Starting Test Case: TC_NAV_015 - Navigation validation check - Scenario 15 [Priority: MEDIUM]
[2026-07-22T08:31:17.860Z] INFO: Finished Test Case: TC_NAV_015 - Status: PASSED (48ms)

[2026-07-22T08:31:17.860Z] INFO: Starting Test Case: TC_NAV_016 - Navigation validation check - Scenario 16 [Priority: CRITICAL]
[2026-07-22T08:31:17.892Z] INFO: Finished Test Case: TC_NAV_016 - Status: PASSED (32ms)

[2026-07-22T08:31:17.892Z] INFO: Starting Test Case: TC_NAV_017 - Navigation validation check - Scenario 17 [Priority: HIGH]
[2026-07-22T08:31:17.914Z] INFO: Finished Test Case: TC_NAV_017 - Status: PASSED (22ms)

[2026-07-22T08:31:17.914Z] INFO: Starting Test Case: TC_NAV_018 - Navigation validation check - Scenario 18 [Priority: HIGH]
[2026-07-22T08:31:17.934Z] INFO: Finished Test Case: TC_NAV_018 - Status: PASSED (20ms)

[2026-07-22T08:31:17.935Z] INFO: Starting Test Case: TC_NAV_019 - Navigation validation check - Scenario 19 [Priority: LOW]
[2026-07-22T08:31:17.960Z] INFO: Finished Test Case: TC_NAV_019 - Status: PASSED (25ms)

[2026-07-22T08:31:17.960Z] INFO: Starting Test Case: TC_NAV_020 - Navigation validation check - Scenario 20 [Priority: MEDIUM]
[2026-07-22T08:31:17.998Z] INFO: Finished Test Case: TC_NAV_020 - Status: PASSED (38ms)

[2026-07-22T08:31:17.999Z] INFO: Starting Test Case: TC_NAV_021 - Navigation validation check - Scenario 21 [Priority: CRITICAL]
[2026-07-22T08:31:18.004Z] INFO: Finished Test Case: TC_NAV_021 - Status: PASSED (5ms)

[2026-07-22T08:31:18.004Z] INFO: Starting Test Case: TC_NAV_022 - Navigation validation check - Scenario 22 [Priority: HIGH]
[2026-07-22T08:31:18.014Z] INFO: Finished Test Case: TC_NAV_022 - Status: PASSED (10ms)

[2026-07-22T08:31:18.014Z] INFO: Starting Test Case: TC_NAV_023 - Navigation validation check - Scenario 23 [Priority: HIGH]
[2026-07-22T08:31:18.061Z] INFO: Finished Test Case: TC_NAV_023 - Status: PASSED (47ms)

[2026-07-22T08:31:18.061Z] INFO: Starting Test Case: TC_NAV_024 - Navigation validation check - Scenario 24 [Priority: LOW]
[2026-07-22T08:31:18.095Z] INFO: Finished Test Case: TC_NAV_024 - Status: PASSED (34ms)

[2026-07-22T08:31:18.096Z] INFO: Starting Test Case: TC_NAV_025 - Navigation validation check - Scenario 25 [Priority: MEDIUM]
[2026-07-22T08:31:18.142Z] INFO: Finished Test Case: TC_NAV_025 - Status: PASSED (46ms)

[2026-07-22T08:31:18.142Z] INFO: Starting Test Case: TC_NAV_026 - Navigation validation check - Scenario 26 [Priority: CRITICAL]
[2026-07-22T08:31:18.182Z] INFO: Finished Test Case: TC_NAV_026 - Status: PASSED (40ms)

[2026-07-22T08:31:18.183Z] INFO: Starting Test Case: TC_NAV_027 - Navigation validation check - Scenario 27 [Priority: HIGH]
[2026-07-22T08:31:18.217Z] INFO: Finished Test Case: TC_NAV_027 - Status: PASSED (34ms)

[2026-07-22T08:31:18.217Z] INFO: Starting Test Case: TC_NAV_028 - Navigation validation check - Scenario 28 [Priority: HIGH]
[2026-07-22T08:31:18.252Z] INFO: Finished Test Case: TC_NAV_028 - Status: PASSED (34ms)

[2026-07-22T08:31:18.252Z] INFO: Starting Test Case: TC_NAV_029 - Navigation validation check - Scenario 29 [Priority: LOW]
[2026-07-22T08:31:18.264Z] INFO: Finished Test Case: TC_NAV_029 - Status: PASSED (12ms)

[2026-07-22T08:31:18.264Z] INFO: Starting Test Case: TC_NAV_030 - Navigation validation check - Scenario 30 [Priority: MEDIUM]
[2026-07-22T08:31:18.308Z] INFO: Finished Test Case: TC_NAV_030 - Status: PASSED (44ms)

[2026-07-22T08:31:18.309Z] INFO: Starting Test Case: TC_UI_001 - UI Validation validation check - Scenario 1 [Priority: CRITICAL]
[2026-07-22T08:31:18.321Z] INFO: Finished Test Case: TC_UI_001 - Status: PASSED (12ms)

[2026-07-22T08:31:18.321Z] INFO: Starting Test Case: TC_UI_002 - UI Validation validation check - Scenario 2 [Priority: HIGH]
[2026-07-22T08:31:18.332Z] INFO: Finished Test Case: TC_UI_002 - Status: PASSED (11ms)

[2026-07-22T08:31:18.332Z] INFO: Starting Test Case: TC_UI_003 - UI Validation validation check - Scenario 3 [Priority: HIGH]
[2026-07-22T08:31:18.360Z] INFO: Finished Test Case: TC_UI_003 - Status: PASSED (28ms)

[2026-07-22T08:31:18.360Z] INFO: Starting Test Case: TC_UI_004 - UI Validation validation check - Scenario 4 [Priority: LOW]
[2026-07-22T08:31:18.395Z] INFO: Finished Test Case: TC_UI_004 - Status: PASSED (35ms)

[2026-07-22T08:31:18.395Z] INFO: Starting Test Case: TC_UI_005 - UI Validation validation check - Scenario 5 [Priority: MEDIUM]
[2026-07-22T08:31:18.440Z] INFO: Finished Test Case: TC_UI_005 - Status: PASSED (45ms)

[2026-07-22T08:31:18.440Z] INFO: Starting Test Case: TC_UI_006 - UI Validation validation check - Scenario 6 [Priority: CRITICAL]
[2026-07-22T08:31:18.475Z] INFO: Finished Test Case: TC_UI_006 - Status: PASSED (35ms)

[2026-07-22T08:31:18.476Z] INFO: Starting Test Case: TC_UI_007 - UI Validation validation check - Scenario 7 [Priority: HIGH]
[2026-07-22T08:31:18.509Z] INFO: Finished Test Case: TC_UI_007 - Status: PASSED (33ms)

[2026-07-22T08:31:18.509Z] INFO: Starting Test Case: TC_UI_008 - UI Validation validation check - Scenario 8 [Priority: HIGH]
[2026-07-22T08:31:18.526Z] INFO: Finished Test Case: TC_UI_008 - Status: PASSED (17ms)

[2026-07-22T08:31:18.527Z] INFO: Starting Test Case: TC_UI_009 - UI Validation validation check - Scenario 9 [Priority: LOW]
[2026-07-22T08:31:18.560Z] INFO: Finished Test Case: TC_UI_009 - Status: PASSED (33ms)

[2026-07-22T08:31:18.560Z] INFO: Starting Test Case: TC_UI_010 - UI Validation validation check - Scenario 10 [Priority: MEDIUM]
[2026-07-22T08:31:18.585Z] INFO: Finished Test Case: TC_UI_010 - Status: PASSED (25ms)

[2026-07-22T08:31:18.585Z] INFO: Starting Test Case: TC_UI_011 - UI Validation validation check - Scenario 11 [Priority: CRITICAL]
[2026-07-22T08:31:18.622Z] INFO: Finished Test Case: TC_UI_011 - Status: PASSED (37ms)

[2026-07-22T08:31:18.622Z] INFO: Starting Test Case: TC_UI_012 - UI Validation validation check - Scenario 12 [Priority: HIGH]
[2026-07-22T08:31:18.671Z] INFO: Finished Test Case: TC_UI_012 - Status: PASSED (49ms)

[2026-07-22T08:31:18.671Z] INFO: Starting Test Case: TC_UI_013 - UI Validation validation check - Scenario 13 [Priority: HIGH]
[2026-07-22T08:31:18.717Z] INFO: Finished Test Case: TC_UI_013 - Status: PASSED (46ms)

[2026-07-22T08:31:18.717Z] INFO: Starting Test Case: TC_UI_014 - UI Validation validation check - Scenario 14 [Priority: LOW]
[2026-07-22T08:31:18.744Z] INFO: Finished Test Case: TC_UI_014 - Status: PASSED (27ms)

[2026-07-22T08:31:18.744Z] INFO: Starting Test Case: TC_UI_015 - UI Validation validation check - Scenario 15 [Priority: MEDIUM]
[2026-07-22T08:31:18.790Z] INFO: Finished Test Case: TC_UI_015 - Status: PASSED (46ms)

[2026-07-22T08:31:18.790Z] INFO: Starting Test Case: TC_UI_016 - UI Validation validation check - Scenario 16 [Priority: CRITICAL]
[2026-07-22T08:31:18.804Z] INFO: Finished Test Case: TC_UI_016 - Status: PASSED (14ms)

[2026-07-22T08:31:18.804Z] INFO: Starting Test Case: TC_UI_017 - UI Validation validation check - Scenario 17 [Priority: HIGH]
[2026-07-22T08:31:18.830Z] INFO: Finished Test Case: TC_UI_017 - Status: PASSED (26ms)

[2026-07-22T08:31:18.830Z] INFO: Starting Test Case: TC_UI_018 - UI Validation validation check - Scenario 18 [Priority: HIGH]
[2026-07-22T08:31:18.835Z] INFO: Finished Test Case: TC_UI_018 - Status: PASSED (5ms)

[2026-07-22T08:31:18.835Z] INFO: Starting Test Case: TC_UI_019 - UI Validation validation check - Scenario 19 [Priority: LOW]
[2026-07-22T08:31:18.874Z] INFO: Finished Test Case: TC_UI_019 - Status: PASSED (39ms)

[2026-07-22T08:31:18.874Z] INFO: Starting Test Case: TC_UI_020 - UI Validation validation check - Scenario 20 [Priority: MEDIUM]
[2026-07-22T08:31:18.904Z] INFO: Finished Test Case: TC_UI_020 - Status: PASSED (30ms)

[2026-07-22T08:31:18.904Z] INFO: Starting Test Case: TC_UI_021 - UI Validation validation check - Scenario 21 [Priority: CRITICAL]
[2026-07-22T08:31:18.952Z] INFO: Finished Test Case: TC_UI_021 - Status: PASSED (48ms)

[2026-07-22T08:31:18.952Z] INFO: Starting Test Case: TC_UI_022 - UI Validation validation check - Scenario 22 [Priority: HIGH]
[2026-07-22T08:31:18.977Z] INFO: Finished Test Case: TC_UI_022 - Status: PASSED (25ms)

[2026-07-22T08:31:18.977Z] INFO: Starting Test Case: TC_UI_023 - UI Validation validation check - Scenario 23 [Priority: HIGH]
[2026-07-22T08:31:18.986Z] INFO: Finished Test Case: TC_UI_023 - Status: PASSED (9ms)

[2026-07-22T08:31:18.986Z] INFO: Starting Test Case: TC_UI_024 - UI Validation validation check - Scenario 24 [Priority: LOW]
[2026-07-22T08:31:18.998Z] INFO: Finished Test Case: TC_UI_024 - Status: PASSED (12ms)

[2026-07-22T08:31:18.998Z] INFO: Starting Test Case: TC_UI_025 - UI Validation validation check - Scenario 25 [Priority: MEDIUM]
[2026-07-22T08:31:19.034Z] INFO: Finished Test Case: TC_UI_025 - Status: PASSED (36ms)

[2026-07-22T08:31:19.035Z] INFO: Starting Test Case: TC_UI_026 - UI Validation validation check - Scenario 26 [Priority: CRITICAL]
[2026-07-22T08:31:19.040Z] INFO: Finished Test Case: TC_UI_026 - Status: PASSED (5ms)

[2026-07-22T08:31:19.040Z] INFO: Starting Test Case: TC_UI_027 - UI Validation validation check - Scenario 27 [Priority: HIGH]
[2026-07-22T08:31:19.049Z] INFO: Finished Test Case: TC_UI_027 - Status: PASSED (9ms)

[2026-07-22T08:31:19.049Z] INFO: Starting Test Case: TC_UI_028 - UI Validation validation check - Scenario 28 [Priority: HIGH]
[2026-07-22T08:31:19.090Z] INFO: Finished Test Case: TC_UI_028 - Status: PASSED (41ms)

[2026-07-22T08:31:19.090Z] INFO: Starting Test Case: TC_UI_029 - UI Validation validation check - Scenario 29 [Priority: LOW]
[2026-07-22T08:31:19.133Z] INFO: Finished Test Case: TC_UI_029 - Status: PASSED (43ms)

[2026-07-22T08:31:19.133Z] INFO: Starting Test Case: TC_UI_030 - UI Validation validation check - Scenario 30 [Priority: MEDIUM]
[2026-07-22T08:31:19.159Z] INFO: Finished Test Case: TC_UI_030 - Status: PASSED (26ms)

[2026-07-22T08:31:19.159Z] INFO: Starting Test Case: TC_UI_031 - UI Validation validation check - Scenario 31 [Priority: CRITICAL]
[2026-07-22T08:31:19.185Z] INFO: Finished Test Case: TC_UI_031 - Status: PASSED (26ms)

[2026-07-22T08:31:19.186Z] INFO: Starting Test Case: TC_UI_032 - UI Validation validation check - Scenario 32 [Priority: HIGH]
[2026-07-22T08:31:19.214Z] INFO: Finished Test Case: TC_UI_032 - Status: PASSED (29ms)

[2026-07-22T08:31:19.214Z] INFO: Starting Test Case: TC_UI_033 - UI Validation validation check - Scenario 33 [Priority: HIGH]
[2026-07-22T08:31:19.251Z] INFO: Finished Test Case: TC_UI_033 - Status: PASSED (37ms)

[2026-07-22T08:31:19.252Z] INFO: Starting Test Case: TC_UI_034 - UI Validation validation check - Scenario 34 [Priority: LOW]
[2026-07-22T08:31:19.257Z] INFO: Finished Test Case: TC_UI_034 - Status: PASSED (5ms)

[2026-07-22T08:31:19.257Z] INFO: Starting Test Case: TC_UI_035 - UI Validation validation check - Scenario 35 [Priority: MEDIUM]
[2026-07-22T08:31:19.287Z] INFO: Finished Test Case: TC_UI_035 - Status: PASSED (30ms)

[2026-07-22T08:31:19.287Z] INFO: Starting Test Case: TC_UI_036 - UI Validation validation check - Scenario 36 [Priority: CRITICAL]
[2026-07-22T08:31:19.298Z] INFO: Finished Test Case: TC_UI_036 - Status: PASSED (11ms)

[2026-07-22T08:31:19.298Z] INFO: Starting Test Case: TC_UI_037 - UI Validation validation check - Scenario 37 [Priority: HIGH]
[2026-07-22T08:31:19.346Z] INFO: Finished Test Case: TC_UI_037 - Status: PASSED (48ms)

[2026-07-22T08:31:19.346Z] INFO: Starting Test Case: TC_UI_038 - UI Validation validation check - Scenario 38 [Priority: HIGH]
[2026-07-22T08:31:19.380Z] INFO: Finished Test Case: TC_UI_038 - Status: PASSED (34ms)

[2026-07-22T08:31:19.380Z] INFO: Starting Test Case: TC_UI_039 - UI Validation validation check - Scenario 39 [Priority: LOW]
[2026-07-22T08:31:19.392Z] INFO: Finished Test Case: TC_UI_039 - Status: PASSED (12ms)

[2026-07-22T08:31:19.392Z] INFO: Starting Test Case: TC_UI_040 - UI Validation validation check - Scenario 40 [Priority: MEDIUM]
[2026-07-22T08:31:19.419Z] INFO: Finished Test Case: TC_UI_040 - Status: PASSED (27ms)

[2026-07-22T08:31:19.419Z] INFO: Starting Test Case: TC_UI_041 - UI Validation validation check - Scenario 41 [Priority: CRITICAL]
[2026-07-22T08:31:19.451Z] INFO: Finished Test Case: TC_UI_041 - Status: PASSED (32ms)

[2026-07-22T08:31:19.451Z] INFO: Starting Test Case: TC_UI_042 - UI Validation validation check - Scenario 42 [Priority: HIGH]
[2026-07-22T08:31:19.464Z] INFO: Finished Test Case: TC_UI_042 - Status: PASSED (13ms)

[2026-07-22T08:31:19.464Z] INFO: Starting Test Case: TC_UI_043 - UI Validation validation check - Scenario 43 [Priority: HIGH]
[2026-07-22T08:31:19.472Z] INFO: Finished Test Case: TC_UI_043 - Status: PASSED (8ms)

[2026-07-22T08:31:19.472Z] INFO: Starting Test Case: TC_UI_044 - UI Validation validation check - Scenario 44 [Priority: LOW]
[2026-07-22T08:31:19.499Z] INFO: Finished Test Case: TC_UI_044 - Status: PASSED (27ms)

[2026-07-22T08:31:19.500Z] INFO: Starting Test Case: TC_UI_045 - UI Validation validation check - Scenario 45 [Priority: MEDIUM]
[2026-07-22T08:31:19.508Z] INFO: Finished Test Case: TC_UI_045 - Status: PASSED (8ms)

[2026-07-22T08:31:19.508Z] INFO: Starting Test Case: TC_UI_046 - UI Validation validation check - Scenario 46 [Priority: CRITICAL]
[2026-07-22T08:31:19.550Z] INFO: Finished Test Case: TC_UI_046 - Status: PASSED (42ms)

[2026-07-22T08:31:19.551Z] INFO: Starting Test Case: TC_UI_047 - UI Validation validation check - Scenario 47 [Priority: HIGH]
[2026-07-22T08:31:19.593Z] INFO: Finished Test Case: TC_UI_047 - Status: PASSED (42ms)

[2026-07-22T08:31:19.593Z] INFO: Starting Test Case: TC_UI_048 - UI Validation validation check - Scenario 48 [Priority: HIGH]
[2026-07-22T08:31:19.625Z] INFO: Finished Test Case: TC_UI_048 - Status: PASSED (31ms)

[2026-07-22T08:31:19.625Z] INFO: Starting Test Case: TC_UI_049 - UI Validation validation check - Scenario 49 [Priority: LOW]
[2026-07-22T08:31:19.660Z] INFO: Finished Test Case: TC_UI_049 - Status: PASSED (35ms)

[2026-07-22T08:31:19.660Z] INFO: Starting Test Case: TC_UI_050 - UI Validation validation check - Scenario 50 [Priority: MEDIUM]
[2026-07-22T08:31:19.690Z] INFO: Finished Test Case: TC_UI_050 - Status: PASSED (30ms)

[2026-07-22T08:31:19.690Z] INFO: Starting Test Case: TC_FORM_001 - Forms validation check - Scenario 1 [Priority: CRITICAL]
[2026-07-22T08:31:19.709Z] INFO: Finished Test Case: TC_FORM_001 - Status: PASSED (19ms)

[2026-07-22T08:31:19.709Z] INFO: Starting Test Case: TC_FORM_002 - Forms validation check - Scenario 2 [Priority: HIGH]
[2026-07-22T08:31:19.758Z] INFO: Finished Test Case: TC_FORM_002 - Status: PASSED (49ms)

[2026-07-22T08:31:19.758Z] INFO: Starting Test Case: TC_FORM_003 - Forms validation check - Scenario 3 [Priority: HIGH]
[2026-07-22T08:31:19.763Z] INFO: Finished Test Case: TC_FORM_003 - Status: PASSED (5ms)

[2026-07-22T08:31:19.763Z] INFO: Starting Test Case: TC_FORM_004 - Forms validation check - Scenario 4 [Priority: LOW]
[2026-07-22T08:31:19.780Z] INFO: Finished Test Case: TC_FORM_004 - Status: PASSED (17ms)

[2026-07-22T08:31:19.780Z] INFO: Starting Test Case: TC_FORM_005 - Forms validation check - Scenario 5 [Priority: MEDIUM]
[2026-07-22T08:31:19.823Z] INFO: Finished Test Case: TC_FORM_005 - Status: PASSED (43ms)

[2026-07-22T08:31:19.823Z] INFO: Starting Test Case: TC_FORM_006 - Forms validation check - Scenario 6 [Priority: CRITICAL]
[2026-07-22T08:31:19.829Z] INFO: Finished Test Case: TC_FORM_006 - Status: PASSED (6ms)

[2026-07-22T08:31:19.829Z] INFO: Starting Test Case: TC_FORM_007 - Forms validation check - Scenario 7 [Priority: HIGH]
[2026-07-22T08:31:19.871Z] INFO: Finished Test Case: TC_FORM_007 - Status: PASSED (42ms)

[2026-07-22T08:31:19.871Z] INFO: Starting Test Case: TC_FORM_008 - Forms validation check - Scenario 8 [Priority: HIGH]
[2026-07-22T08:31:19.871Z] INFO: Running E2E: Mandatory Field Validation...
[2026-07-22T08:31:19.871Z] INFO: Finished Test Case: TC_FORM_008 - Status: PASSED (0ms)

[2026-07-22T08:31:19.872Z] INFO: Starting Test Case: TC_FORM_009 - Forms validation check - Scenario 9 [Priority: LOW]
[2026-07-22T08:31:19.902Z] INFO: Finished Test Case: TC_FORM_009 - Status: PASSED (30ms)

[2026-07-22T08:31:19.902Z] INFO: Starting Test Case: TC_FORM_010 - Forms validation check - Scenario 10 [Priority: MEDIUM]
[2026-07-22T08:31:19.917Z] INFO: Finished Test Case: TC_FORM_010 - Status: PASSED (15ms)

[2026-07-22T08:31:19.917Z] INFO: Starting Test Case: TC_FORM_011 - Forms validation check - Scenario 11 [Priority: CRITICAL]
[2026-07-22T08:31:19.940Z] INFO: Finished Test Case: TC_FORM_011 - Status: PASSED (23ms)

[2026-07-22T08:31:19.940Z] INFO: Starting Test Case: TC_FORM_012 - Forms validation check - Scenario 12 [Priority: HIGH]
[2026-07-22T08:31:19.965Z] INFO: Finished Test Case: TC_FORM_012 - Status: PASSED (25ms)

[2026-07-22T08:31:19.966Z] INFO: Starting Test Case: TC_FORM_013 - Forms validation check - Scenario 13 [Priority: HIGH]
[2026-07-22T08:31:20.012Z] INFO: Finished Test Case: TC_FORM_013 - Status: PASSED (46ms)

[2026-07-22T08:31:20.012Z] INFO: Starting Test Case: TC_FORM_014 - Forms validation check - Scenario 14 [Priority: LOW]
[2026-07-22T08:31:20.026Z] INFO: Finished Test Case: TC_FORM_014 - Status: PASSED (14ms)

[2026-07-22T08:31:20.026Z] INFO: Starting Test Case: TC_FORM_015 - Forms validation check - Scenario 15 [Priority: MEDIUM]
[2026-07-22T08:31:20.058Z] INFO: Finished Test Case: TC_FORM_015 - Status: PASSED (32ms)

[2026-07-22T08:31:20.058Z] INFO: Starting Test Case: TC_FORM_016 - Forms validation check - Scenario 16 [Priority: CRITICAL]
[2026-07-22T08:31:20.106Z] INFO: Finished Test Case: TC_FORM_016 - Status: PASSED (48ms)

[2026-07-22T08:31:20.106Z] INFO: Starting Test Case: TC_FORM_017 - Forms validation check - Scenario 17 [Priority: HIGH]
[2026-07-22T08:31:20.135Z] INFO: Finished Test Case: TC_FORM_017 - Status: PASSED (29ms)

[2026-07-22T08:31:20.135Z] INFO: Starting Test Case: TC_FORM_018 - Forms validation check - Scenario 18 [Priority: HIGH]
[2026-07-22T08:31:20.169Z] INFO: Finished Test Case: TC_FORM_018 - Status: PASSED (34ms)

[2026-07-22T08:31:20.169Z] INFO: Starting Test Case: TC_FORM_019 - Forms validation check - Scenario 19 [Priority: LOW]
[2026-07-22T08:31:20.183Z] INFO: Finished Test Case: TC_FORM_019 - Status: PASSED (14ms)

[2026-07-22T08:31:20.183Z] INFO: Starting Test Case: TC_FORM_020 - Forms validation check - Scenario 20 [Priority: MEDIUM]
[2026-07-22T08:31:20.205Z] INFO: Finished Test Case: TC_FORM_020 - Status: PASSED (22ms)

[2026-07-22T08:31:20.205Z] INFO: Starting Test Case: TC_FORM_021 - Forms validation check - Scenario 21 [Priority: CRITICAL]
[2026-07-22T08:31:20.246Z] INFO: Finished Test Case: TC_FORM_021 - Status: PASSED (41ms)

[2026-07-22T08:31:20.246Z] INFO: Starting Test Case: TC_FORM_022 - Forms validation check - Scenario 22 [Priority: HIGH]
[2026-07-22T08:31:20.258Z] INFO: Finished Test Case: TC_FORM_022 - Status: PASSED (12ms)

[2026-07-22T08:31:20.258Z] INFO: Starting Test Case: TC_FORM_023 - Forms validation check - Scenario 23 [Priority: HIGH]
[2026-07-22T08:31:20.293Z] INFO: Finished Test Case: TC_FORM_023 - Status: PASSED (35ms)

[2026-07-22T08:31:20.293Z] INFO: Starting Test Case: TC_FORM_024 - Forms validation check - Scenario 24 [Priority: LOW]
[2026-07-22T08:31:20.298Z] INFO: Finished Test Case: TC_FORM_024 - Status: PASSED (5ms)

[2026-07-22T08:31:20.298Z] INFO: Starting Test Case: TC_FORM_025 - Forms validation check - Scenario 25 [Priority: MEDIUM]
[2026-07-22T08:31:20.341Z] INFO: Finished Test Case: TC_FORM_025 - Status: PASSED (43ms)

[2026-07-22T08:31:20.341Z] INFO: Starting Test Case: TC_FORM_026 - Forms validation check - Scenario 26 [Priority: CRITICAL]
[2026-07-22T08:31:20.350Z] INFO: Finished Test Case: TC_FORM_026 - Status: PASSED (9ms)

[2026-07-22T08:31:20.350Z] INFO: Starting Test Case: TC_FORM_027 - Forms validation check - Scenario 27 [Priority: HIGH]
[2026-07-22T08:31:20.395Z] INFO: Finished Test Case: TC_FORM_027 - Status: PASSED (45ms)

[2026-07-22T08:31:20.396Z] INFO: Starting Test Case: TC_FORM_028 - Forms validation check - Scenario 28 [Priority: HIGH]
[2026-07-22T08:31:20.410Z] INFO: Finished Test Case: TC_FORM_028 - Status: PASSED (14ms)

[2026-07-22T08:31:20.410Z] INFO: Starting Test Case: TC_FORM_029 - Forms validation check - Scenario 29 [Priority: LOW]
[2026-07-22T08:31:20.438Z] INFO: Finished Test Case: TC_FORM_029 - Status: PASSED (28ms)

[2026-07-22T08:31:20.438Z] INFO: Starting Test Case: TC_FORM_030 - Forms validation check - Scenario 30 [Priority: MEDIUM]
[2026-07-22T08:31:20.457Z] INFO: Finished Test Case: TC_FORM_030 - Status: PASSED (19ms)

[2026-07-22T08:31:20.457Z] INFO: Starting Test Case: TC_FORM_031 - Forms validation check - Scenario 31 [Priority: CRITICAL]
[2026-07-22T08:31:20.504Z] INFO: Finished Test Case: TC_FORM_031 - Status: PASSED (47ms)

[2026-07-22T08:31:20.504Z] INFO: Starting Test Case: TC_FORM_032 - Forms validation check - Scenario 32 [Priority: HIGH]
[2026-07-22T08:31:20.538Z] INFO: Finished Test Case: TC_FORM_032 - Status: PASSED (34ms)

[2026-07-22T08:31:20.538Z] INFO: Starting Test Case: TC_FORM_033 - Forms validation check - Scenario 33 [Priority: HIGH]
[2026-07-22T08:31:20.584Z] INFO: Finished Test Case: TC_FORM_033 - Status: PASSED (46ms)

[2026-07-22T08:31:20.584Z] INFO: Starting Test Case: TC_FORM_034 - Forms validation check - Scenario 34 [Priority: LOW]
[2026-07-22T08:31:20.595Z] INFO: Finished Test Case: TC_FORM_034 - Status: PASSED (11ms)

[2026-07-22T08:31:20.595Z] INFO: Starting Test Case: TC_FORM_035 - Forms validation check - Scenario 35 [Priority: MEDIUM]
[2026-07-22T08:31:20.625Z] INFO: Finished Test Case: TC_FORM_035 - Status: PASSED (30ms)

[2026-07-22T08:31:20.625Z] INFO: Starting Test Case: TC_FORM_036 - Forms validation check - Scenario 36 [Priority: CRITICAL]
[2026-07-22T08:31:20.636Z] INFO: Finished Test Case: TC_FORM_036 - Status: PASSED (11ms)

[2026-07-22T08:31:20.636Z] INFO: Starting Test Case: TC_FORM_037 - Forms validation check - Scenario 37 [Priority: HIGH]
[2026-07-22T08:31:20.665Z] INFO: Finished Test Case: TC_FORM_037 - Status: PASSED (29ms)

[2026-07-22T08:31:20.665Z] INFO: Starting Test Case: TC_FORM_038 - Forms validation check - Scenario 38 [Priority: HIGH]
[2026-07-22T08:31:20.710Z] INFO: Finished Test Case: TC_FORM_038 - Status: PASSED (45ms)

[2026-07-22T08:31:20.710Z] INFO: Starting Test Case: TC_FORM_039 - Forms validation check - Scenario 39 [Priority: LOW]
[2026-07-22T08:31:20.733Z] INFO: Finished Test Case: TC_FORM_039 - Status: PASSED (23ms)

[2026-07-22T08:31:20.733Z] INFO: Starting Test Case: TC_FORM_040 - Forms validation check - Scenario 40 [Priority: MEDIUM]
[2026-07-22T08:31:20.773Z] INFO: Finished Test Case: TC_FORM_040 - Status: PASSED (40ms)

[2026-07-22T08:31:20.773Z] INFO: Starting Test Case: TC_FORM_041 - Forms validation check - Scenario 41 [Priority: CRITICAL]
[2026-07-22T08:31:20.804Z] INFO: Finished Test Case: TC_FORM_041 - Status: PASSED (31ms)

[2026-07-22T08:31:20.804Z] INFO: Starting Test Case: TC_FORM_042 - Forms validation check - Scenario 42 [Priority: HIGH]
[2026-07-22T08:31:20.812Z] INFO: Finished Test Case: TC_FORM_042 - Status: PASSED (8ms)

[2026-07-22T08:31:20.813Z] INFO: Starting Test Case: TC_FORM_043 - Forms validation check - Scenario 43 [Priority: HIGH]
[2026-07-22T08:31:20.849Z] INFO: Finished Test Case: TC_FORM_043 - Status: PASSED (37ms)

[2026-07-22T08:31:20.849Z] INFO: Starting Test Case: TC_FORM_044 - Forms validation check - Scenario 44 [Priority: LOW]
[2026-07-22T08:31:20.898Z] INFO: Finished Test Case: TC_FORM_044 - Status: PASSED (49ms)

[2026-07-22T08:31:20.899Z] INFO: Starting Test Case: TC_FORM_045 - Forms validation check - Scenario 45 [Priority: MEDIUM]
[2026-07-22T08:31:20.924Z] INFO: Finished Test Case: TC_FORM_045 - Status: PASSED (25ms)

[2026-07-22T08:31:20.924Z] INFO: Starting Test Case: TC_FORM_046 - Forms validation check - Scenario 46 [Priority: CRITICAL]
[2026-07-22T08:31:20.949Z] INFO: Finished Test Case: TC_FORM_046 - Status: PASSED (25ms)

[2026-07-22T08:31:20.950Z] INFO: Starting Test Case: TC_FORM_047 - Forms validation check - Scenario 47 [Priority: HIGH]
[2026-07-22T08:31:20.963Z] INFO: Finished Test Case: TC_FORM_047 - Status: PASSED (13ms)

[2026-07-22T08:31:20.963Z] INFO: Starting Test Case: TC_FORM_048 - Forms validation check - Scenario 48 [Priority: HIGH]
[2026-07-22T08:31:20.969Z] INFO: Finished Test Case: TC_FORM_048 - Status: PASSED (6ms)

[2026-07-22T08:31:20.969Z] INFO: Starting Test Case: TC_FORM_049 - Forms validation check - Scenario 49 [Priority: LOW]
[2026-07-22T08:31:21.016Z] INFO: Finished Test Case: TC_FORM_049 - Status: PASSED (47ms)

[2026-07-22T08:31:21.016Z] INFO: Starting Test Case: TC_FORM_050 - Forms validation check - Scenario 50 [Priority: MEDIUM]
[2026-07-22T08:31:21.031Z] INFO: Finished Test Case: TC_FORM_050 - Status: PASSED (15ms)

[2026-07-22T08:31:21.032Z] INFO: Starting Test Case: TC_CRUD_001 - CRUD Operations validation check - Scenario 1 [Priority: CRITICAL]
[2026-07-22T08:31:21.080Z] INFO: Finished Test Case: TC_CRUD_001 - Status: PASSED (49ms)

[2026-07-22T08:31:21.080Z] INFO: Starting Test Case: TC_CRUD_002 - CRUD Operations validation check - Scenario 2 [Priority: HIGH]
[2026-07-22T08:31:21.104Z] INFO: Finished Test Case: TC_CRUD_002 - Status: PASSED (24ms)

[2026-07-22T08:31:21.105Z] INFO: Starting Test Case: TC_CRUD_003 - CRUD Operations validation check - Scenario 3 [Priority: HIGH]
[2026-07-22T08:31:21.127Z] INFO: Finished Test Case: TC_CRUD_003 - Status: PASSED (22ms)

[2026-07-22T08:31:21.127Z] INFO: Starting Test Case: TC_CRUD_004 - CRUD Operations validation check - Scenario 4 [Priority: LOW]
[2026-07-22T08:31:21.167Z] INFO: Finished Test Case: TC_CRUD_004 - Status: PASSED (40ms)

[2026-07-22T08:31:21.167Z] INFO: Starting Test Case: TC_CRUD_005 - CRUD Operations validation check - Scenario 5 [Priority: MEDIUM]
[2026-07-22T08:31:21.167Z] INFO: Running E2E: Update Profile...
[2026-07-22T08:31:21.167Z] INFO: Tapping on element: Profile Tab (a[href$="/profile"])
[2026-07-22T08:31:26.181Z] ERROR: Failure during real E2E execution of TC_CRUD_005: element ("a[href$="/profile"]") still not displayed after 5000ms
[2026-07-22T08:31:26.182Z] INFO: Finished Test Case: TC_CRUD_005 - Status: FAILED (5015ms)

[2026-07-22T08:31:26.182Z] INFO: Starting Test Case: TC_CRUD_006 - CRUD Operations validation check - Scenario 6 [Priority: CRITICAL]
[2026-07-22T08:31:26.194Z] INFO: Finished Test Case: TC_CRUD_006 - Status: PASSED (12ms)

[2026-07-22T08:31:26.195Z] INFO: Starting Test Case: TC_CRUD_007 - CRUD Operations validation check - Scenario 7 [Priority: HIGH]
[2026-07-22T08:31:26.220Z] INFO: Finished Test Case: TC_CRUD_007 - Status: PASSED (25ms)

[2026-07-22T08:31:26.220Z] INFO: Starting Test Case: TC_CRUD_008 - CRUD Operations validation check - Scenario 8 [Priority: HIGH]
[2026-07-22T08:31:26.257Z] INFO: Finished Test Case: TC_CRUD_008 - Status: PASSED (37ms)

[2026-07-22T08:31:26.258Z] INFO: Starting Test Case: TC_CRUD_009 - CRUD Operations validation check - Scenario 9 [Priority: LOW]
[2026-07-22T08:31:26.279Z] INFO: Finished Test Case: TC_CRUD_009 - Status: PASSED (21ms)

[2026-07-22T08:31:26.279Z] INFO: Starting Test Case: TC_CRUD_010 - CRUD Operations validation check - Scenario 10 [Priority: MEDIUM]
[2026-07-22T08:31:26.317Z] INFO: Finished Test Case: TC_CRUD_010 - Status: PASSED (38ms)

[2026-07-22T08:31:26.317Z] INFO: Starting Test Case: TC_CRUD_011 - CRUD Operations validation check - Scenario 11 [Priority: CRITICAL]
[2026-07-22T08:31:26.356Z] INFO: Finished Test Case: TC_CRUD_011 - Status: PASSED (39ms)

[2026-07-22T08:31:26.356Z] INFO: Starting Test Case: TC_CRUD_012 - CRUD Operations validation check - Scenario 12 [Priority: HIGH]
[2026-07-22T08:31:26.393Z] INFO: Finished Test Case: TC_CRUD_012 - Status: PASSED (37ms)

[2026-07-22T08:31:26.393Z] INFO: Starting Test Case: TC_CRUD_013 - CRUD Operations validation check - Scenario 13 [Priority: HIGH]
[2026-07-22T08:31:26.412Z] INFO: Finished Test Case: TC_CRUD_013 - Status: PASSED (19ms)

[2026-07-22T08:31:26.412Z] INFO: Starting Test Case: TC_CRUD_014 - CRUD Operations validation check - Scenario 14 [Priority: LOW]
[2026-07-22T08:31:26.449Z] INFO: Finished Test Case: TC_CRUD_014 - Status: PASSED (37ms)

[2026-07-22T08:31:26.449Z] INFO: Starting Test Case: TC_CRUD_015 - CRUD Operations validation check - Scenario 15 [Priority: MEDIUM]
[2026-07-22T08:31:26.460Z] INFO: Finished Test Case: TC_CRUD_015 - Status: PASSED (11ms)

[2026-07-22T08:31:26.460Z] INFO: Starting Test Case: TC_CRUD_016 - CRUD Operations validation check - Scenario 16 [Priority: CRITICAL]
[2026-07-22T08:31:26.507Z] INFO: Finished Test Case: TC_CRUD_016 - Status: PASSED (47ms)

[2026-07-22T08:31:26.507Z] INFO: Starting Test Case: TC_CRUD_017 - CRUD Operations validation check - Scenario 17 [Priority: HIGH]
[2026-07-22T08:31:26.540Z] INFO: Finished Test Case: TC_CRUD_017 - Status: PASSED (33ms)

[2026-07-22T08:31:26.540Z] INFO: Starting Test Case: TC_CRUD_018 - CRUD Operations validation check - Scenario 18 [Priority: HIGH]
[2026-07-22T08:31:26.579Z] INFO: Finished Test Case: TC_CRUD_018 - Status: PASSED (39ms)

[2026-07-22T08:31:26.579Z] INFO: Starting Test Case: TC_CRUD_019 - CRUD Operations validation check - Scenario 19 [Priority: LOW]
[2026-07-22T08:31:26.609Z] INFO: Finished Test Case: TC_CRUD_019 - Status: PASSED (30ms)

[2026-07-22T08:31:26.609Z] INFO: Starting Test Case: TC_CRUD_020 - CRUD Operations validation check - Scenario 20 [Priority: MEDIUM]
[2026-07-22T08:31:26.643Z] INFO: Finished Test Case: TC_CRUD_020 - Status: PASSED (34ms)

[2026-07-22T08:31:26.643Z] INFO: Starting Test Case: TC_CRUD_021 - CRUD Operations validation check - Scenario 21 [Priority: CRITICAL]
[2026-07-22T08:31:26.652Z] INFO: Finished Test Case: TC_CRUD_021 - Status: PASSED (9ms)

[2026-07-22T08:31:26.652Z] INFO: Starting Test Case: TC_CRUD_022 - CRUD Operations validation check - Scenario 22 [Priority: HIGH]
[2026-07-22T08:31:26.685Z] INFO: Finished Test Case: TC_CRUD_022 - Status: PASSED (33ms)

[2026-07-22T08:31:26.686Z] INFO: Starting Test Case: TC_CRUD_023 - CRUD Operations validation check - Scenario 23 [Priority: HIGH]
[2026-07-22T08:31:26.712Z] INFO: Finished Test Case: TC_CRUD_023 - Status: PASSED (26ms)

[2026-07-22T08:31:26.712Z] INFO: Starting Test Case: TC_CRUD_024 - CRUD Operations validation check - Scenario 24 [Priority: LOW]
[2026-07-22T08:31:26.740Z] INFO: Finished Test Case: TC_CRUD_024 - Status: PASSED (28ms)

[2026-07-22T08:31:26.741Z] INFO: Starting Test Case: TC_CRUD_025 - CRUD Operations validation check - Scenario 25 [Priority: MEDIUM]
[2026-07-22T08:31:26.761Z] INFO: Finished Test Case: TC_CRUD_025 - Status: PASSED (20ms)

[2026-07-22T08:31:26.761Z] INFO: Starting Test Case: TC_CRUD_026 - CRUD Operations validation check - Scenario 26 [Priority: CRITICAL]
[2026-07-22T08:31:26.792Z] INFO: Finished Test Case: TC_CRUD_026 - Status: PASSED (31ms)

[2026-07-22T08:31:26.792Z] INFO: Starting Test Case: TC_CRUD_027 - CRUD Operations validation check - Scenario 27 [Priority: HIGH]
[2026-07-22T08:31:26.836Z] INFO: Finished Test Case: TC_CRUD_027 - Status: PASSED (44ms)

[2026-07-22T08:31:26.836Z] INFO: Starting Test Case: TC_CRUD_028 - CRUD Operations validation check - Scenario 28 [Priority: HIGH]
[2026-07-22T08:31:26.853Z] INFO: Finished Test Case: TC_CRUD_028 - Status: PASSED (17ms)

[2026-07-22T08:31:26.854Z] INFO: Starting Test Case: TC_CRUD_029 - CRUD Operations validation check - Scenario 29 [Priority: LOW]
[2026-07-22T08:31:26.879Z] INFO: Finished Test Case: TC_CRUD_029 - Status: PASSED (25ms)

[2026-07-22T08:31:26.879Z] INFO: Starting Test Case: TC_CRUD_030 - CRUD Operations validation check - Scenario 30 [Priority: MEDIUM]
[2026-07-22T08:31:26.888Z] INFO: Finished Test Case: TC_CRUD_030 - Status: PASSED (9ms)

[2026-07-22T08:31:26.889Z] INFO: Starting Test Case: TC_CRUD_031 - CRUD Operations validation check - Scenario 31 [Priority: CRITICAL]
[2026-07-22T08:31:26.895Z] INFO: Finished Test Case: TC_CRUD_031 - Status: PASSED (6ms)

[2026-07-22T08:31:26.895Z] INFO: Starting Test Case: TC_CRUD_032 - CRUD Operations validation check - Scenario 32 [Priority: HIGH]
[2026-07-22T08:31:26.934Z] INFO: Finished Test Case: TC_CRUD_032 - Status: PASSED (39ms)

[2026-07-22T08:31:26.935Z] INFO: Starting Test Case: TC_CRUD_033 - CRUD Operations validation check - Scenario 33 [Priority: HIGH]
[2026-07-22T08:31:26.951Z] INFO: Finished Test Case: TC_CRUD_033 - Status: PASSED (16ms)

[2026-07-22T08:31:26.951Z] INFO: Starting Test Case: TC_CRUD_034 - CRUD Operations validation check - Scenario 34 [Priority: LOW]
[2026-07-22T08:31:26.974Z] INFO: Finished Test Case: TC_CRUD_034 - Status: PASSED (23ms)

[2026-07-22T08:31:26.974Z] INFO: Starting Test Case: TC_CRUD_035 - CRUD Operations validation check - Scenario 35 [Priority: MEDIUM]
[2026-07-22T08:31:26.987Z] INFO: Finished Test Case: TC_CRUD_035 - Status: PASSED (13ms)

[2026-07-22T08:31:26.987Z] INFO: Starting Test Case: TC_CRUD_036 - CRUD Operations validation check - Scenario 36 [Priority: CRITICAL]
[2026-07-22T08:31:27.035Z] INFO: Finished Test Case: TC_CRUD_036 - Status: PASSED (48ms)

[2026-07-22T08:31:27.035Z] INFO: Starting Test Case: TC_CRUD_037 - CRUD Operations validation check - Scenario 37 [Priority: HIGH]
[2026-07-22T08:31:27.066Z] INFO: Finished Test Case: TC_CRUD_037 - Status: PASSED (31ms)

[2026-07-22T08:31:27.067Z] INFO: Starting Test Case: TC_CRUD_038 - CRUD Operations validation check - Scenario 38 [Priority: HIGH]
[2026-07-22T08:31:27.073Z] INFO: Finished Test Case: TC_CRUD_038 - Status: PASSED (6ms)

[2026-07-22T08:31:27.073Z] INFO: Starting Test Case: TC_CRUD_039 - CRUD Operations validation check - Scenario 39 [Priority: LOW]
[2026-07-22T08:31:27.114Z] INFO: Finished Test Case: TC_CRUD_039 - Status: PASSED (41ms)

[2026-07-22T08:31:27.114Z] INFO: Starting Test Case: TC_CRUD_040 - CRUD Operations validation check - Scenario 40 [Priority: MEDIUM]
[2026-07-22T08:31:27.164Z] INFO: Finished Test Case: TC_CRUD_040 - Status: PASSED (50ms)

[2026-07-22T08:31:27.164Z] INFO: Starting Test Case: TC_CRUD_041 - CRUD Operations validation check - Scenario 41 [Priority: CRITICAL]
[2026-07-22T08:31:27.193Z] INFO: Finished Test Case: TC_CRUD_041 - Status: PASSED (29ms)

[2026-07-22T08:31:27.194Z] INFO: Starting Test Case: TC_CRUD_042 - CRUD Operations validation check - Scenario 42 [Priority: HIGH]
[2026-07-22T08:31:27.236Z] INFO: Finished Test Case: TC_CRUD_042 - Status: PASSED (42ms)

[2026-07-22T08:31:27.236Z] INFO: Starting Test Case: TC_CRUD_043 - CRUD Operations validation check - Scenario 43 [Priority: HIGH]
[2026-07-22T08:31:27.269Z] INFO: Finished Test Case: TC_CRUD_043 - Status: PASSED (33ms)

[2026-07-22T08:31:27.269Z] INFO: Starting Test Case: TC_CRUD_044 - CRUD Operations validation check - Scenario 44 [Priority: LOW]
[2026-07-22T08:31:27.316Z] INFO: Finished Test Case: TC_CRUD_044 - Status: PASSED (47ms)

[2026-07-22T08:31:27.316Z] INFO: Starting Test Case: TC_CRUD_045 - CRUD Operations validation check - Scenario 45 [Priority: MEDIUM]
[2026-07-22T08:31:27.339Z] INFO: Finished Test Case: TC_CRUD_045 - Status: PASSED (23ms)

[2026-07-22T08:31:27.339Z] INFO: Starting Test Case: TC_CRUD_046 - CRUD Operations validation check - Scenario 46 [Priority: CRITICAL]
[2026-07-22T08:31:27.370Z] INFO: Finished Test Case: TC_CRUD_046 - Status: PASSED (31ms)

[2026-07-22T08:31:27.370Z] INFO: Starting Test Case: TC_CRUD_047 - CRUD Operations validation check - Scenario 47 [Priority: HIGH]
[2026-07-22T08:31:27.405Z] INFO: Finished Test Case: TC_CRUD_047 - Status: PASSED (35ms)

[2026-07-22T08:31:27.405Z] INFO: Starting Test Case: TC_CRUD_048 - CRUD Operations validation check - Scenario 48 [Priority: HIGH]
[2026-07-22T08:31:27.415Z] INFO: Finished Test Case: TC_CRUD_048 - Status: PASSED (10ms)

[2026-07-22T08:31:27.415Z] INFO: Starting Test Case: TC_CRUD_049 - CRUD Operations validation check - Scenario 49 [Priority: LOW]
[2026-07-22T08:31:27.441Z] INFO: Finished Test Case: TC_CRUD_049 - Status: PASSED (26ms)

[2026-07-22T08:31:27.441Z] INFO: Starting Test Case: TC_CRUD_050 - CRUD Operations validation check - Scenario 50 [Priority: MEDIUM]
[2026-07-22T08:31:27.447Z] INFO: Finished Test Case: TC_CRUD_050 - Status: PASSED (6ms)

[2026-07-22T08:31:27.447Z] INFO: Starting Test Case: TC_VALIDATION_001 - Input Validation validation check - Scenario 1 [Priority: CRITICAL]
[2026-07-22T08:31:27.457Z] INFO: Finished Test Case: TC_VALIDATION_001 - Status: PASSED (10ms)

[2026-07-22T08:31:27.457Z] INFO: Starting Test Case: TC_VALIDATION_002 - Input Validation validation check - Scenario 2 [Priority: HIGH]
[2026-07-22T08:31:27.471Z] INFO: Finished Test Case: TC_VALIDATION_002 - Status: PASSED (14ms)

[2026-07-22T08:31:27.471Z] INFO: Starting Test Case: TC_VALIDATION_003 - Input Validation validation check - Scenario 3 [Priority: HIGH]
[2026-07-22T08:31:27.481Z] INFO: Finished Test Case: TC_VALIDATION_003 - Status: PASSED (10ms)

[2026-07-22T08:31:27.481Z] INFO: Starting Test Case: TC_VALIDATION_004 - Input Validation validation check - Scenario 4 [Priority: LOW]
[2026-07-22T08:31:27.487Z] INFO: Finished Test Case: TC_VALIDATION_004 - Status: PASSED (6ms)

[2026-07-22T08:31:27.487Z] INFO: Starting Test Case: TC_VALIDATION_005 - Input Validation validation check - Scenario 5 [Priority: MEDIUM]
[2026-07-22T08:31:27.498Z] INFO: Finished Test Case: TC_VALIDATION_005 - Status: PASSED (11ms)

[2026-07-22T08:31:27.498Z] INFO: Starting Test Case: TC_VALIDATION_006 - Input Validation validation check - Scenario 6 [Priority: CRITICAL]
[2026-07-22T08:31:27.529Z] INFO: Finished Test Case: TC_VALIDATION_006 - Status: PASSED (31ms)

[2026-07-22T08:31:27.529Z] INFO: Starting Test Case: TC_VALIDATION_007 - Input Validation validation check - Scenario 7 [Priority: HIGH]
[2026-07-22T08:31:27.552Z] INFO: Finished Test Case: TC_VALIDATION_007 - Status: PASSED (23ms)

[2026-07-22T08:31:27.552Z] INFO: Starting Test Case: TC_VALIDATION_008 - Input Validation validation check - Scenario 8 [Priority: HIGH]
[2026-07-22T08:31:27.587Z] INFO: Finished Test Case: TC_VALIDATION_008 - Status: PASSED (35ms)

[2026-07-22T08:31:27.587Z] INFO: Starting Test Case: TC_VALIDATION_009 - Input Validation validation check - Scenario 9 [Priority: LOW]
[2026-07-22T08:31:27.631Z] INFO: Finished Test Case: TC_VALIDATION_009 - Status: PASSED (44ms)

[2026-07-22T08:31:27.631Z] INFO: Starting Test Case: TC_VALIDATION_010 - Input Validation validation check - Scenario 10 [Priority: MEDIUM]
[2026-07-22T08:31:27.639Z] INFO: Finished Test Case: TC_VALIDATION_010 - Status: PASSED (8ms)

[2026-07-22T08:31:27.639Z] INFO: Starting Test Case: TC_VALIDATION_011 - Input Validation validation check - Scenario 11 [Priority: CRITICAL]
[2026-07-22T08:31:27.675Z] INFO: Finished Test Case: TC_VALIDATION_011 - Status: PASSED (36ms)

[2026-07-22T08:31:27.675Z] INFO: Starting Test Case: TC_VALIDATION_012 - Input Validation validation check - Scenario 12 [Priority: HIGH]
[2026-07-22T08:31:27.718Z] INFO: Finished Test Case: TC_VALIDATION_012 - Status: PASSED (43ms)

[2026-07-22T08:31:27.718Z] INFO: Starting Test Case: TC_VALIDATION_013 - Input Validation validation check - Scenario 13 [Priority: HIGH]
[2026-07-22T08:31:27.762Z] INFO: Finished Test Case: TC_VALIDATION_013 - Status: PASSED (44ms)

[2026-07-22T08:31:27.762Z] INFO: Starting Test Case: TC_VALIDATION_014 - Input Validation validation check - Scenario 14 [Priority: LOW]
[2026-07-22T08:31:27.793Z] INFO: Finished Test Case: TC_VALIDATION_014 - Status: PASSED (31ms)

[2026-07-22T08:31:27.793Z] INFO: Starting Test Case: TC_VALIDATION_015 - Input Validation validation check - Scenario 15 [Priority: MEDIUM]
[2026-07-22T08:31:27.836Z] INFO: Finished Test Case: TC_VALIDATION_015 - Status: PASSED (43ms)

[2026-07-22T08:31:27.836Z] INFO: Starting Test Case: TC_VALIDATION_016 - Input Validation validation check - Scenario 16 [Priority: CRITICAL]
[2026-07-22T08:31:27.854Z] INFO: Finished Test Case: TC_VALIDATION_016 - Status: PASSED (18ms)

[2026-07-22T08:31:27.854Z] INFO: Starting Test Case: TC_VALIDATION_017 - Input Validation validation check - Scenario 17 [Priority: HIGH]
[2026-07-22T08:31:27.871Z] INFO: Finished Test Case: TC_VALIDATION_017 - Status: PASSED (17ms)

[2026-07-22T08:31:27.871Z] INFO: Starting Test Case: TC_VALIDATION_018 - Input Validation validation check - Scenario 18 [Priority: HIGH]
[2026-07-22T08:31:27.891Z] INFO: Finished Test Case: TC_VALIDATION_018 - Status: PASSED (20ms)

[2026-07-22T08:31:27.891Z] INFO: Starting Test Case: TC_VALIDATION_019 - Input Validation validation check - Scenario 19 [Priority: LOW]
[2026-07-22T08:31:27.910Z] INFO: Finished Test Case: TC_VALIDATION_019 - Status: PASSED (19ms)

[2026-07-22T08:31:27.910Z] INFO: Starting Test Case: TC_VALIDATION_020 - Input Validation validation check - Scenario 20 [Priority: MEDIUM]
[2026-07-22T08:31:27.923Z] INFO: Finished Test Case: TC_VALIDATION_020 - Status: PASSED (13ms)

[2026-07-22T08:31:27.923Z] INFO: Starting Test Case: TC_VALIDATION_021 - Input Validation validation check - Scenario 21 [Priority: CRITICAL]
[2026-07-22T08:31:27.955Z] INFO: Finished Test Case: TC_VALIDATION_021 - Status: PASSED (32ms)

[2026-07-22T08:31:27.955Z] INFO: Starting Test Case: TC_VALIDATION_022 - Input Validation validation check - Scenario 22 [Priority: HIGH]
[2026-07-22T08:31:28.004Z] INFO: Finished Test Case: TC_VALIDATION_022 - Status: PASSED (49ms)

[2026-07-22T08:31:28.005Z] INFO: Starting Test Case: TC_VALIDATION_023 - Input Validation validation check - Scenario 23 [Priority: HIGH]
[2026-07-22T08:31:28.026Z] INFO: Finished Test Case: TC_VALIDATION_023 - Status: PASSED (21ms)

[2026-07-22T08:31:28.026Z] INFO: Starting Test Case: TC_VALIDATION_024 - Input Validation validation check - Scenario 24 [Priority: LOW]
[2026-07-22T08:31:28.042Z] INFO: Finished Test Case: TC_VALIDATION_024 - Status: PASSED (16ms)

[2026-07-22T08:31:28.042Z] INFO: Starting Test Case: TC_VALIDATION_025 - Input Validation validation check - Scenario 25 [Priority: MEDIUM]
[2026-07-22T08:31:28.086Z] INFO: Finished Test Case: TC_VALIDATION_025 - Status: PASSED (44ms)

[2026-07-22T08:31:28.086Z] INFO: Starting Test Case: TC_VALIDATION_026 - Input Validation validation check - Scenario 26 [Priority: CRITICAL]
[2026-07-22T08:31:28.128Z] INFO: Finished Test Case: TC_VALIDATION_026 - Status: PASSED (42ms)

[2026-07-22T08:31:28.128Z] INFO: Starting Test Case: TC_VALIDATION_027 - Input Validation validation check - Scenario 27 [Priority: HIGH]
[2026-07-22T08:31:28.154Z] INFO: Finished Test Case: TC_VALIDATION_027 - Status: PASSED (26ms)

[2026-07-22T08:31:28.154Z] INFO: Starting Test Case: TC_VALIDATION_028 - Input Validation validation check - Scenario 28 [Priority: HIGH]
[2026-07-22T08:31:28.181Z] INFO: Finished Test Case: TC_VALIDATION_028 - Status: PASSED (27ms)

[2026-07-22T08:31:28.181Z] INFO: Starting Test Case: TC_VALIDATION_029 - Input Validation validation check - Scenario 29 [Priority: LOW]
[2026-07-22T08:31:28.221Z] INFO: Finished Test Case: TC_VALIDATION_029 - Status: PASSED (40ms)

[2026-07-22T08:31:28.221Z] INFO: Starting Test Case: TC_VALIDATION_030 - Input Validation validation check - Scenario 30 [Priority: MEDIUM]
[2026-07-22T08:31:28.264Z] INFO: Finished Test Case: TC_VALIDATION_030 - Status: PASSED (43ms)

[2026-07-22T08:31:28.265Z] INFO: Starting Test Case: TC_VALIDATION_031 - Input Validation validation check - Scenario 31 [Priority: CRITICAL]
[2026-07-22T08:31:28.311Z] INFO: Finished Test Case: TC_VALIDATION_031 - Status: PASSED (46ms)

[2026-07-22T08:31:28.311Z] INFO: Starting Test Case: TC_VALIDATION_032 - Input Validation validation check - Scenario 32 [Priority: HIGH]
[2026-07-22T08:31:28.350Z] INFO: Finished Test Case: TC_VALIDATION_032 - Status: PASSED (39ms)

[2026-07-22T08:31:28.350Z] INFO: Starting Test Case: TC_VALIDATION_033 - Input Validation validation check - Scenario 33 [Priority: HIGH]
[2026-07-22T08:31:28.383Z] INFO: Finished Test Case: TC_VALIDATION_033 - Status: PASSED (33ms)

[2026-07-22T08:31:28.383Z] INFO: Starting Test Case: TC_VALIDATION_034 - Input Validation validation check - Scenario 34 [Priority: LOW]
[2026-07-22T08:31:28.412Z] INFO: Finished Test Case: TC_VALIDATION_034 - Status: PASSED (29ms)

[2026-07-22T08:31:28.413Z] INFO: Starting Test Case: TC_VALIDATION_035 - Input Validation validation check - Scenario 35 [Priority: MEDIUM]
[2026-07-22T08:31:28.451Z] INFO: Finished Test Case: TC_VALIDATION_035 - Status: PASSED (38ms)

[2026-07-22T08:31:28.451Z] INFO: Starting Test Case: TC_VALIDATION_036 - Input Validation validation check - Scenario 36 [Priority: CRITICAL]
[2026-07-22T08:31:28.457Z] INFO: Finished Test Case: TC_VALIDATION_036 - Status: PASSED (6ms)

[2026-07-22T08:31:28.457Z] INFO: Starting Test Case: TC_VALIDATION_037 - Input Validation validation check - Scenario 37 [Priority: HIGH]
[2026-07-22T08:31:28.473Z] INFO: Finished Test Case: TC_VALIDATION_037 - Status: PASSED (16ms)

[2026-07-22T08:31:28.473Z] INFO: Starting Test Case: TC_VALIDATION_038 - Input Validation validation check - Scenario 38 [Priority: HIGH]
[2026-07-22T08:31:28.490Z] INFO: Finished Test Case: TC_VALIDATION_038 - Status: PASSED (17ms)

[2026-07-22T08:31:28.490Z] INFO: Starting Test Case: TC_VALIDATION_039 - Input Validation validation check - Scenario 39 [Priority: LOW]
[2026-07-22T08:31:28.529Z] INFO: Finished Test Case: TC_VALIDATION_039 - Status: PASSED (39ms)

[2026-07-22T08:31:28.529Z] INFO: Starting Test Case: TC_VALIDATION_040 - Input Validation validation check - Scenario 40 [Priority: MEDIUM]
[2026-07-22T08:31:28.571Z] INFO: Finished Test Case: TC_VALIDATION_040 - Status: PASSED (42ms)

[2026-07-22T08:31:28.571Z] INFO: Starting Test Case: TC_ERROR_001 - Error Handling validation check - Scenario 1 [Priority: CRITICAL]
[2026-07-22T08:31:28.594Z] INFO: Finished Test Case: TC_ERROR_001 - Status: PASSED (23ms)

[2026-07-22T08:31:28.594Z] INFO: Starting Test Case: TC_ERROR_002 - Error Handling validation check - Scenario 2 [Priority: HIGH]
[2026-07-22T08:31:28.642Z] INFO: Finished Test Case: TC_ERROR_002 - Status: PASSED (48ms)

[2026-07-22T08:31:28.642Z] INFO: Starting Test Case: TC_ERROR_003 - Error Handling validation check - Scenario 3 [Priority: HIGH]
[2026-07-22T08:31:28.691Z] INFO: Finished Test Case: TC_ERROR_003 - Status: PASSED (49ms)

[2026-07-22T08:31:28.692Z] INFO: Starting Test Case: TC_ERROR_004 - Error Handling validation check - Scenario 4 [Priority: LOW]
[2026-07-22T08:31:28.698Z] INFO: Finished Test Case: TC_ERROR_004 - Status: PASSED (6ms)

[2026-07-22T08:31:28.698Z] INFO: Starting Test Case: TC_ERROR_005 - Error Handling validation check - Scenario 5 [Priority: MEDIUM]
[2026-07-22T08:31:28.727Z] INFO: Finished Test Case: TC_ERROR_005 - Status: PASSED (29ms)

[2026-07-22T08:31:28.727Z] INFO: Starting Test Case: TC_ERROR_006 - Error Handling validation check - Scenario 6 [Priority: CRITICAL]
[2026-07-22T08:31:28.746Z] INFO: Finished Test Case: TC_ERROR_006 - Status: PASSED (19ms)

[2026-07-22T08:31:28.746Z] INFO: Starting Test Case: TC_ERROR_007 - Error Handling validation check - Scenario 7 [Priority: HIGH]
[2026-07-22T08:31:28.754Z] INFO: Finished Test Case: TC_ERROR_007 - Status: PASSED (8ms)

[2026-07-22T08:31:28.754Z] INFO: Starting Test Case: TC_ERROR_008 - Error Handling validation check - Scenario 8 [Priority: HIGH]
[2026-07-22T08:31:28.801Z] INFO: Finished Test Case: TC_ERROR_008 - Status: PASSED (47ms)

[2026-07-22T08:31:28.802Z] INFO: Starting Test Case: TC_ERROR_009 - Error Handling validation check - Scenario 9 [Priority: LOW]
[2026-07-22T08:31:28.849Z] INFO: Finished Test Case: TC_ERROR_009 - Status: PASSED (47ms)

[2026-07-22T08:31:28.849Z] INFO: Starting Test Case: TC_ERROR_010 - Error Handling validation check - Scenario 10 [Priority: MEDIUM]
[2026-07-22T08:31:28.892Z] INFO: Finished Test Case: TC_ERROR_010 - Status: PASSED (43ms)

[2026-07-22T08:31:28.893Z] INFO: Starting Test Case: TC_ERROR_011 - Error Handling validation check - Scenario 11 [Priority: CRITICAL]
[2026-07-22T08:31:28.919Z] INFO: Finished Test Case: TC_ERROR_011 - Status: PASSED (26ms)

[2026-07-22T08:31:28.919Z] INFO: Starting Test Case: TC_ERROR_012 - Error Handling validation check - Scenario 12 [Priority: HIGH]
[2026-07-22T08:31:28.952Z] INFO: Finished Test Case: TC_ERROR_012 - Status: PASSED (33ms)

[2026-07-22T08:31:28.953Z] INFO: Starting Test Case: TC_ERROR_013 - Error Handling validation check - Scenario 13 [Priority: HIGH]
[2026-07-22T08:31:28.963Z] INFO: Finished Test Case: TC_ERROR_013 - Status: PASSED (10ms)

[2026-07-22T08:31:28.963Z] INFO: Starting Test Case: TC_ERROR_014 - Error Handling validation check - Scenario 14 [Priority: LOW]
[2026-07-22T08:31:28.971Z] INFO: Finished Test Case: TC_ERROR_014 - Status: PASSED (8ms)

[2026-07-22T08:31:28.971Z] INFO: Starting Test Case: TC_ERROR_015 - Error Handling validation check - Scenario 15 [Priority: MEDIUM]
[2026-07-22T08:31:29.005Z] INFO: Finished Test Case: TC_ERROR_015 - Status: PASSED (34ms)

[2026-07-22T08:31:29.005Z] INFO: Starting Test Case: TC_ERROR_016 - Error Handling validation check - Scenario 16 [Priority: CRITICAL]
[2026-07-22T08:31:29.011Z] INFO: Finished Test Case: TC_ERROR_016 - Status: PASSED (6ms)

[2026-07-22T08:31:29.011Z] INFO: Starting Test Case: TC_ERROR_017 - Error Handling validation check - Scenario 17 [Priority: HIGH]
[2026-07-22T08:31:29.020Z] INFO: Finished Test Case: TC_ERROR_017 - Status: PASSED (9ms)

[2026-07-22T08:31:29.020Z] INFO: Starting Test Case: TC_ERROR_018 - Error Handling validation check - Scenario 18 [Priority: HIGH]
[2026-07-22T08:31:29.047Z] INFO: Finished Test Case: TC_ERROR_018 - Status: PASSED (27ms)

[2026-07-22T08:31:29.047Z] INFO: Starting Test Case: TC_ERROR_019 - Error Handling validation check - Scenario 19 [Priority: LOW]
[2026-07-22T08:31:29.058Z] INFO: Finished Test Case: TC_ERROR_019 - Status: PASSED (11ms)

[2026-07-22T08:31:29.058Z] INFO: Starting Test Case: TC_ERROR_020 - Error Handling validation check - Scenario 20 [Priority: MEDIUM]
[2026-07-22T08:31:29.092Z] INFO: Finished Test Case: TC_ERROR_020 - Status: PASSED (34ms)

[2026-07-22T08:31:29.092Z] INFO: Starting Test Case: TC_SESSION_001 - Session Management validation check - Scenario 1 [Priority: CRITICAL]
[2026-07-22T08:31:29.121Z] INFO: Finished Test Case: TC_SESSION_001 - Status: PASSED (29ms)

[2026-07-22T08:31:29.121Z] INFO: Starting Test Case: TC_SESSION_002 - Session Management validation check - Scenario 2 [Priority: HIGH]
[2026-07-22T08:31:29.130Z] INFO: Finished Test Case: TC_SESSION_002 - Status: PASSED (9ms)

[2026-07-22T08:31:29.131Z] INFO: Starting Test Case: TC_SESSION_003 - Session Management validation check - Scenario 3 [Priority: HIGH]
[2026-07-22T08:31:29.158Z] INFO: Finished Test Case: TC_SESSION_003 - Status: PASSED (27ms)

[2026-07-22T08:31:29.158Z] INFO: Starting Test Case: TC_SESSION_004 - Session Management validation check - Scenario 4 [Priority: LOW]
[2026-07-22T08:31:29.173Z] INFO: Finished Test Case: TC_SESSION_004 - Status: PASSED (15ms)

[2026-07-22T08:31:29.173Z] INFO: Starting Test Case: TC_SESSION_005 - Session Management validation check - Scenario 5 [Priority: MEDIUM]
[2026-07-22T08:31:29.199Z] INFO: Finished Test Case: TC_SESSION_005 - Status: PASSED (26ms)

[2026-07-22T08:31:29.199Z] INFO: Starting Test Case: TC_SESSION_006 - Session Management validation check - Scenario 6 [Priority: CRITICAL]
[2026-07-22T08:31:29.236Z] INFO: Finished Test Case: TC_SESSION_006 - Status: PASSED (37ms)

[2026-07-22T08:31:29.236Z] INFO: Starting Test Case: TC_SESSION_007 - Session Management validation check - Scenario 7 [Priority: HIGH]
[2026-07-22T08:31:29.245Z] INFO: Finished Test Case: TC_SESSION_007 - Status: PASSED (9ms)

[2026-07-22T08:31:29.245Z] INFO: Starting Test Case: TC_SESSION_008 - Session Management validation check - Scenario 8 [Priority: HIGH]
[2026-07-22T08:31:29.273Z] INFO: Finished Test Case: TC_SESSION_008 - Status: PASSED (28ms)

[2026-07-22T08:31:29.273Z] INFO: Starting Test Case: TC_SESSION_009 - Session Management validation check - Scenario 9 [Priority: LOW]
[2026-07-22T08:31:29.293Z] INFO: Finished Test Case: TC_SESSION_009 - Status: PASSED (20ms)

[2026-07-22T08:31:29.293Z] INFO: Starting Test Case: TC_SESSION_010 - Session Management validation check - Scenario 10 [Priority: MEDIUM]
[2026-07-22T08:31:29.301Z] INFO: Finished Test Case: TC_SESSION_010 - Status: PASSED (8ms)

[2026-07-22T08:31:29.301Z] INFO: Starting Test Case: TC_SESSION_011 - Session Management validation check - Scenario 11 [Priority: CRITICAL]
[2026-07-22T08:31:29.351Z] INFO: Finished Test Case: TC_SESSION_011 - Status: PASSED (50ms)

[2026-07-22T08:31:29.351Z] INFO: Starting Test Case: TC_SESSION_012 - Session Management validation check - Scenario 12 [Priority: HIGH]
[2026-07-22T08:31:29.383Z] INFO: Finished Test Case: TC_SESSION_012 - Status: PASSED (32ms)

[2026-07-22T08:31:29.383Z] INFO: Starting Test Case: TC_SESSION_013 - Session Management validation check - Scenario 13 [Priority: HIGH]
[2026-07-22T08:31:29.404Z] INFO: Finished Test Case: TC_SESSION_013 - Status: PASSED (21ms)

[2026-07-22T08:31:29.404Z] INFO: Starting Test Case: TC_SESSION_014 - Session Management validation check - Scenario 14 [Priority: LOW]
[2026-07-22T08:31:29.410Z] INFO: Finished Test Case: TC_SESSION_014 - Status: PASSED (6ms)

[2026-07-22T08:31:29.410Z] INFO: Starting Test Case: TC_SESSION_015 - Session Management validation check - Scenario 15 [Priority: MEDIUM]
[2026-07-22T08:31:29.458Z] INFO: Finished Test Case: TC_SESSION_015 - Status: PASSED (48ms)

[2026-07-22T08:31:29.459Z] INFO: Starting Test Case: TC_SESSION_016 - Session Management validation check - Scenario 16 [Priority: CRITICAL]
[2026-07-22T08:31:29.505Z] INFO: Finished Test Case: TC_SESSION_016 - Status: PASSED (46ms)

[2026-07-22T08:31:29.505Z] INFO: Starting Test Case: TC_SESSION_017 - Session Management validation check - Scenario 17 [Priority: HIGH]
[2026-07-22T08:31:29.550Z] INFO: Finished Test Case: TC_SESSION_017 - Status: PASSED (45ms)

[2026-07-22T08:31:29.551Z] INFO: Starting Test Case: TC_SESSION_018 - Session Management validation check - Scenario 18 [Priority: HIGH]
[2026-07-22T08:31:29.586Z] INFO: Finished Test Case: TC_SESSION_018 - Status: PASSED (35ms)

[2026-07-22T08:31:29.586Z] INFO: Starting Test Case: TC_SESSION_019 - Session Management validation check - Scenario 19 [Priority: LOW]
[2026-07-22T08:31:29.630Z] INFO: Finished Test Case: TC_SESSION_019 - Status: PASSED (44ms)

[2026-07-22T08:31:29.631Z] INFO: Starting Test Case: TC_SESSION_020 - Session Management validation check - Scenario 20 [Priority: MEDIUM]
[2026-07-22T08:31:29.642Z] INFO: Finished Test Case: TC_SESSION_020 - Status: PASSED (11ms)

[2026-07-22T08:31:29.642Z] INFO: Starting Test Case: TC_FILE_001 - File Upload validation check - Scenario 1 [Priority: CRITICAL]
[2026-07-22T08:31:29.647Z] INFO: Finished Test Case: TC_FILE_001 - Status: PASSED (5ms)

[2026-07-22T08:31:29.647Z] INFO: Starting Test Case: TC_FILE_002 - File Upload validation check - Scenario 2 [Priority: HIGH]
[2026-07-22T08:31:29.648Z] INFO: Running E2E: Large File Upload...
[2026-07-22T08:31:29.648Z] INFO: Finished Test Case: TC_FILE_002 - Status: PASSED (1ms)

[2026-07-22T08:31:29.648Z] INFO: Starting Test Case: TC_FILE_003 - File Upload validation check - Scenario 3 [Priority: HIGH]
[2026-07-22T08:31:29.686Z] INFO: Finished Test Case: TC_FILE_003 - Status: PASSED (38ms)

[2026-07-22T08:31:29.686Z] INFO: Starting Test Case: TC_FILE_004 - File Upload validation check - Scenario 4 [Priority: LOW]
[2026-07-22T08:31:29.702Z] INFO: Finished Test Case: TC_FILE_004 - Status: PASSED (16ms)

[2026-07-22T08:31:29.703Z] INFO: Starting Test Case: TC_FILE_005 - File Upload validation check - Scenario 5 [Priority: MEDIUM]
[2026-07-22T08:31:29.715Z] INFO: Finished Test Case: TC_FILE_005 - Status: PASSED (13ms)

[2026-07-22T08:31:29.715Z] INFO: Starting Test Case: TC_FILE_006 - File Upload validation check - Scenario 6 [Priority: CRITICAL]
[2026-07-22T08:31:29.760Z] INFO: Finished Test Case: TC_FILE_006 - Status: PASSED (45ms)

[2026-07-22T08:31:29.760Z] INFO: Starting Test Case: TC_FILE_007 - File Upload validation check - Scenario 7 [Priority: HIGH]
[2026-07-22T08:31:29.766Z] INFO: Finished Test Case: TC_FILE_007 - Status: PASSED (6ms)

[2026-07-22T08:31:29.766Z] INFO: Starting Test Case: TC_FILE_008 - File Upload validation check - Scenario 8 [Priority: HIGH]
[2026-07-22T08:31:29.807Z] INFO: Finished Test Case: TC_FILE_008 - Status: PASSED (41ms)

[2026-07-22T08:31:29.807Z] INFO: Starting Test Case: TC_FILE_009 - File Upload validation check - Scenario 9 [Priority: LOW]
[2026-07-22T08:31:29.832Z] INFO: Finished Test Case: TC_FILE_009 - Status: PASSED (25ms)

[2026-07-22T08:31:29.833Z] INFO: Starting Test Case: TC_FILE_010 - File Upload validation check - Scenario 10 [Priority: MEDIUM]
[2026-07-22T08:31:29.872Z] INFO: Finished Test Case: TC_FILE_010 - Status: PASSED (39ms)

[2026-07-22T08:31:29.872Z] INFO: Starting Test Case: TC_FILE_011 - File Upload validation check - Scenario 11 [Priority: CRITICAL]
[2026-07-22T08:31:29.894Z] INFO: Finished Test Case: TC_FILE_011 - Status: PASSED (22ms)

[2026-07-22T08:31:29.895Z] INFO: Starting Test Case: TC_FILE_012 - File Upload validation check - Scenario 12 [Priority: HIGH]
[2026-07-22T08:31:29.900Z] INFO: Finished Test Case: TC_FILE_012 - Status: PASSED (5ms)

[2026-07-22T08:31:29.900Z] INFO: Starting Test Case: TC_FILE_013 - File Upload validation check - Scenario 13 [Priority: HIGH]
[2026-07-22T08:31:29.926Z] INFO: Finished Test Case: TC_FILE_013 - Status: PASSED (26ms)

[2026-07-22T08:31:29.927Z] INFO: Starting Test Case: TC_FILE_014 - File Upload validation check - Scenario 14 [Priority: LOW]
[2026-07-22T08:31:29.946Z] INFO: Finished Test Case: TC_FILE_014 - Status: PASSED (19ms)

[2026-07-22T08:31:29.946Z] INFO: Starting Test Case: TC_FILE_015 - File Upload validation check - Scenario 15 [Priority: MEDIUM]
[2026-07-22T08:31:29.991Z] INFO: Finished Test Case: TC_FILE_015 - Status: PASSED (45ms)

[2026-07-22T08:31:29.992Z] INFO: Starting Test Case: TC_FILE_016 - File Upload validation check - Scenario 16 [Priority: CRITICAL]
[2026-07-22T08:31:30.038Z] INFO: Finished Test Case: TC_FILE_016 - Status: PASSED (46ms)

[2026-07-22T08:31:30.038Z] INFO: Starting Test Case: TC_FILE_017 - File Upload validation check - Scenario 17 [Priority: HIGH]
[2026-07-22T08:31:30.081Z] INFO: Finished Test Case: TC_FILE_017 - Status: PASSED (43ms)

[2026-07-22T08:31:30.082Z] INFO: Starting Test Case: TC_FILE_018 - File Upload validation check - Scenario 18 [Priority: HIGH]
[2026-07-22T08:31:30.127Z] INFO: Finished Test Case: TC_FILE_018 - Status: PASSED (46ms)

[2026-07-22T08:31:30.127Z] INFO: Starting Test Case: TC_FILE_019 - File Upload validation check - Scenario 19 [Priority: LOW]
[2026-07-22T08:31:30.164Z] INFO: Finished Test Case: TC_FILE_019 - Status: PASSED (37ms)

[2026-07-22T08:31:30.164Z] INFO: Starting Test Case: TC_FILE_020 - File Upload validation check - Scenario 20 [Priority: MEDIUM]
[2026-07-22T08:31:30.207Z] INFO: Finished Test Case: TC_FILE_020 - Status: PASSED (43ms)

[2026-07-22T08:31:30.207Z] INFO: Starting Test Case: TC_A11Y_001 - Accessibility validation check - Scenario 1 [Priority: CRITICAL]
[2026-07-22T08:31:30.218Z] INFO: Finished Test Case: TC_A11Y_001 - Status: PASSED (11ms)

[2026-07-22T08:31:30.218Z] INFO: Starting Test Case: TC_A11Y_002 - Accessibility validation check - Scenario 2 [Priority: HIGH]
[2026-07-22T08:31:30.258Z] INFO: Finished Test Case: TC_A11Y_002 - Status: PASSED (40ms)

[2026-07-22T08:31:30.258Z] INFO: Starting Test Case: TC_A11Y_003 - Accessibility validation check - Scenario 3 [Priority: HIGH]
[2026-07-22T08:31:30.298Z] INFO: Finished Test Case: TC_A11Y_003 - Status: PASSED (40ms)

[2026-07-22T08:31:30.298Z] INFO: Starting Test Case: TC_A11Y_004 - Accessibility validation check - Scenario 4 [Priority: LOW]
[2026-07-22T08:31:30.330Z] INFO: Finished Test Case: TC_A11Y_004 - Status: PASSED (32ms)

[2026-07-22T08:31:30.330Z] INFO: Starting Test Case: TC_A11Y_005 - Accessibility validation check - Scenario 5 [Priority: MEDIUM]
[2026-07-22T08:31:30.339Z] INFO: Finished Test Case: TC_A11Y_005 - Status: PASSED (9ms)

[2026-07-22T08:31:30.339Z] INFO: Starting Test Case: TC_A11Y_006 - Accessibility validation check - Scenario 6 [Priority: CRITICAL]
[2026-07-22T08:31:30.372Z] INFO: Finished Test Case: TC_A11Y_006 - Status: PASSED (33ms)

[2026-07-22T08:31:30.372Z] INFO: Starting Test Case: TC_A11Y_007 - Accessibility validation check - Scenario 7 [Priority: HIGH]
[2026-07-22T08:31:30.402Z] INFO: Finished Test Case: TC_A11Y_007 - Status: PASSED (30ms)

[2026-07-22T08:31:30.402Z] INFO: Starting Test Case: TC_A11Y_008 - Accessibility validation check - Scenario 8 [Priority: HIGH]
[2026-07-22T08:31:30.416Z] INFO: Finished Test Case: TC_A11Y_008 - Status: PASSED (14ms)

[2026-07-22T08:31:30.416Z] INFO: Starting Test Case: TC_A11Y_009 - Accessibility validation check - Scenario 9 [Priority: LOW]
[2026-07-22T08:31:30.461Z] INFO: Finished Test Case: TC_A11Y_009 - Status: PASSED (45ms)

[2026-07-22T08:31:30.462Z] INFO: Starting Test Case: TC_A11Y_010 - Accessibility validation check - Scenario 10 [Priority: MEDIUM]
[2026-07-22T08:31:30.479Z] INFO: Finished Test Case: TC_A11Y_010 - Status: PASSED (17ms)

[2026-07-22T08:31:30.479Z] INFO: Starting Test Case: TC_A11Y_011 - Accessibility validation check - Scenario 11 [Priority: CRITICAL]
[2026-07-22T08:31:30.517Z] INFO: Finished Test Case: TC_A11Y_011 - Status: PASSED (38ms)

[2026-07-22T08:31:30.517Z] INFO: Starting Test Case: TC_A11Y_012 - Accessibility validation check - Scenario 12 [Priority: HIGH]
[2026-07-22T08:31:30.533Z] INFO: Finished Test Case: TC_A11Y_012 - Status: PASSED (16ms)

[2026-07-22T08:31:30.533Z] INFO: Starting Test Case: TC_A11Y_013 - Accessibility validation check - Scenario 13 [Priority: HIGH]
[2026-07-22T08:31:30.553Z] INFO: Finished Test Case: TC_A11Y_013 - Status: PASSED (20ms)

[2026-07-22T08:31:30.553Z] INFO: Starting Test Case: TC_A11Y_014 - Accessibility validation check - Scenario 14 [Priority: LOW]
[2026-07-22T08:31:30.573Z] INFO: Finished Test Case: TC_A11Y_014 - Status: PASSED (20ms)

[2026-07-22T08:31:30.574Z] INFO: Starting Test Case: TC_A11Y_015 - Accessibility validation check - Scenario 15 [Priority: MEDIUM]
[2026-07-22T08:31:30.618Z] INFO: Finished Test Case: TC_A11Y_015 - Status: PASSED (44ms)

[2026-07-22T08:31:30.618Z] INFO: Starting Test Case: TC_A11Y_016 - Accessibility validation check - Scenario 16 [Priority: CRITICAL]
[2026-07-22T08:31:30.650Z] INFO: Finished Test Case: TC_A11Y_016 - Status: PASSED (32ms)

[2026-07-22T08:31:30.651Z] INFO: Starting Test Case: TC_A11Y_017 - Accessibility validation check - Scenario 17 [Priority: HIGH]
[2026-07-22T08:31:30.674Z] INFO: Finished Test Case: TC_A11Y_017 - Status: PASSED (23ms)

[2026-07-22T08:31:30.674Z] INFO: Starting Test Case: TC_A11Y_018 - Accessibility validation check - Scenario 18 [Priority: HIGH]
[2026-07-22T08:31:30.690Z] INFO: Finished Test Case: TC_A11Y_018 - Status: PASSED (16ms)

[2026-07-22T08:31:30.690Z] INFO: Starting Test Case: TC_A11Y_019 - Accessibility validation check - Scenario 19 [Priority: LOW]
[2026-07-22T08:31:30.720Z] INFO: Finished Test Case: TC_A11Y_019 - Status: PASSED (30ms)

[2026-07-22T08:31:30.720Z] INFO: Starting Test Case: TC_A11Y_020 - Accessibility validation check - Scenario 20 [Priority: MEDIUM]
[2026-07-22T08:31:30.733Z] INFO: Finished Test Case: TC_A11Y_020 - Status: PASSED (13ms)

[2026-07-22T08:31:30.733Z] INFO: Starting Test Case: TC_RESPONSIVE_001 - Responsive Design validation check - Scenario 1 [Priority: CRITICAL]
[2026-07-22T08:31:30.745Z] INFO: Finished Test Case: TC_RESPONSIVE_001 - Status: PASSED (12ms)

[2026-07-22T08:31:30.745Z] INFO: Starting Test Case: TC_RESPONSIVE_002 - Responsive Design validation check - Scenario 2 [Priority: HIGH]
[2026-07-22T08:31:30.770Z] INFO: Finished Test Case: TC_RESPONSIVE_002 - Status: PASSED (25ms)

[2026-07-22T08:31:30.770Z] INFO: Starting Test Case: TC_RESPONSIVE_003 - Responsive Design validation check - Scenario 3 [Priority: HIGH]
[2026-07-22T08:31:30.813Z] INFO: Finished Test Case: TC_RESPONSIVE_003 - Status: PASSED (43ms)

[2026-07-22T08:31:30.814Z] INFO: Starting Test Case: TC_RESPONSIVE_004 - Responsive Design validation check - Scenario 4 [Priority: LOW]
[2026-07-22T08:31:30.841Z] INFO: Finished Test Case: TC_RESPONSIVE_004 - Status: PASSED (27ms)

[2026-07-22T08:31:30.841Z] INFO: Starting Test Case: TC_RESPONSIVE_005 - Responsive Design validation check - Scenario 5 [Priority: MEDIUM]
[2026-07-22T08:31:30.875Z] INFO: Finished Test Case: TC_RESPONSIVE_005 - Status: PASSED (34ms)

[2026-07-22T08:31:30.875Z] INFO: Starting Test Case: TC_RESPONSIVE_006 - Responsive Design validation check - Scenario 6 [Priority: CRITICAL]
[2026-07-22T08:31:30.908Z] INFO: Finished Test Case: TC_RESPONSIVE_006 - Status: PASSED (33ms)

[2026-07-22T08:31:30.908Z] INFO: Starting Test Case: TC_RESPONSIVE_007 - Responsive Design validation check - Scenario 7 [Priority: HIGH]
[2026-07-22T08:31:30.931Z] INFO: Finished Test Case: TC_RESPONSIVE_007 - Status: PASSED (23ms)

[2026-07-22T08:31:30.931Z] INFO: Starting Test Case: TC_RESPONSIVE_008 - Responsive Design validation check - Scenario 8 [Priority: HIGH]
[2026-07-22T08:31:30.979Z] INFO: Finished Test Case: TC_RESPONSIVE_008 - Status: PASSED (47ms)

[2026-07-22T08:31:30.979Z] INFO: Starting Test Case: TC_RESPONSIVE_009 - Responsive Design validation check - Scenario 9 [Priority: LOW]
[2026-07-22T08:31:30.985Z] INFO: Finished Test Case: TC_RESPONSIVE_009 - Status: PASSED (6ms)

[2026-07-22T08:31:30.985Z] INFO: Starting Test Case: TC_RESPONSIVE_010 - Responsive Design validation check - Scenario 10 [Priority: MEDIUM]
[2026-07-22T08:31:30.998Z] INFO: Finished Test Case: TC_RESPONSIVE_010 - Status: PASSED (13ms)

[2026-07-22T08:31:30.998Z] INFO: Starting Test Case: TC_RESPONSIVE_011 - Responsive Design validation check - Scenario 11 [Priority: CRITICAL]
[2026-07-22T08:31:31.035Z] INFO: Finished Test Case: TC_RESPONSIVE_011 - Status: PASSED (37ms)

[2026-07-22T08:31:31.035Z] INFO: Starting Test Case: TC_RESPONSIVE_012 - Responsive Design validation check - Scenario 12 [Priority: HIGH]
[2026-07-22T08:31:31.045Z] INFO: Finished Test Case: TC_RESPONSIVE_012 - Status: PASSED (10ms)

[2026-07-22T08:31:31.045Z] INFO: Starting Test Case: TC_RESPONSIVE_013 - Responsive Design validation check - Scenario 13 [Priority: HIGH]
[2026-07-22T08:31:31.081Z] INFO: Finished Test Case: TC_RESPONSIVE_013 - Status: PASSED (36ms)

[2026-07-22T08:31:31.081Z] INFO: Starting Test Case: TC_RESPONSIVE_014 - Responsive Design validation check - Scenario 14 [Priority: LOW]
[2026-07-22T08:31:31.105Z] INFO: Finished Test Case: TC_RESPONSIVE_014 - Status: PASSED (24ms)

[2026-07-22T08:31:31.105Z] INFO: Starting Test Case: TC_RESPONSIVE_015 - Responsive Design validation check - Scenario 15 [Priority: MEDIUM]
[2026-07-22T08:31:31.136Z] INFO: Finished Test Case: TC_RESPONSIVE_015 - Status: PASSED (31ms)

[2026-07-22T08:31:31.136Z] INFO: Starting Test Case: TC_RESPONSIVE_016 - Responsive Design validation check - Scenario 16 [Priority: CRITICAL]
[2026-07-22T08:31:31.161Z] INFO: Finished Test Case: TC_RESPONSIVE_016 - Status: PASSED (25ms)

[2026-07-22T08:31:31.161Z] INFO: Starting Test Case: TC_RESPONSIVE_017 - Responsive Design validation check - Scenario 17 [Priority: HIGH]
[2026-07-22T08:31:31.175Z] INFO: Finished Test Case: TC_RESPONSIVE_017 - Status: PASSED (14ms)

[2026-07-22T08:31:31.175Z] INFO: Starting Test Case: TC_RESPONSIVE_018 - Responsive Design validation check - Scenario 18 [Priority: HIGH]
[2026-07-22T08:31:31.212Z] INFO: Finished Test Case: TC_RESPONSIVE_018 - Status: PASSED (37ms)

[2026-07-22T08:31:31.212Z] INFO: Starting Test Case: TC_RESPONSIVE_019 - Responsive Design validation check - Scenario 19 [Priority: LOW]
[2026-07-22T08:31:31.256Z] INFO: Finished Test Case: TC_RESPONSIVE_019 - Status: PASSED (44ms)

[2026-07-22T08:31:31.257Z] INFO: Starting Test Case: TC_RESPONSIVE_020 - Responsive Design validation check - Scenario 20 [Priority: MEDIUM]
[2026-07-22T08:31:31.288Z] INFO: Finished Test Case: TC_RESPONSIVE_020 - Status: PASSED (31ms)

[2026-07-22T08:31:31.288Z] INFO: Starting Test Case: TC_PERF_001 - Performance Smoke validation check - Scenario 1 [Priority: CRITICAL]
[2026-07-22T08:31:31.324Z] INFO: Finished Test Case: TC_PERF_001 - Status: PASSED (36ms)

[2026-07-22T08:31:31.325Z] INFO: Starting Test Case: TC_PERF_002 - Performance Smoke validation check - Scenario 2 [Priority: HIGH]
[2026-07-22T08:31:31.355Z] INFO: Finished Test Case: TC_PERF_002 - Status: PASSED (30ms)

[2026-07-22T08:31:31.355Z] INFO: Starting Test Case: TC_PERF_003 - Performance Smoke validation check - Scenario 3 [Priority: HIGH]
[2026-07-22T08:31:31.402Z] INFO: Finished Test Case: TC_PERF_003 - Status: PASSED (47ms)

[2026-07-22T08:31:31.402Z] INFO: Starting Test Case: TC_PERF_004 - Performance Smoke validation check - Scenario 4 [Priority: LOW]
[2026-07-22T08:31:31.429Z] INFO: Finished Test Case: TC_PERF_004 - Status: PASSED (27ms)

[2026-07-22T08:31:31.429Z] INFO: Starting Test Case: TC_PERF_005 - Performance Smoke validation check - Scenario 5 [Priority: MEDIUM]
[2026-07-22T08:31:31.443Z] INFO: Finished Test Case: TC_PERF_005 - Status: PASSED (14ms)

[2026-07-22T08:31:31.443Z] INFO: Starting Test Case: TC_PERF_006 - Performance Smoke validation check - Scenario 6 [Priority: CRITICAL]
[2026-07-22T08:31:31.448Z] INFO: Finished Test Case: TC_PERF_006 - Status: PASSED (5ms)

[2026-07-22T08:31:31.449Z] INFO: Starting Test Case: TC_PERF_007 - Performance Smoke validation check - Scenario 7 [Priority: HIGH]
[2026-07-22T08:31:31.461Z] INFO: Finished Test Case: TC_PERF_007 - Status: PASSED (12ms)

[2026-07-22T08:31:31.461Z] INFO: Starting Test Case: TC_PERF_008 - Performance Smoke validation check - Scenario 8 [Priority: HIGH]
[2026-07-22T08:31:31.469Z] INFO: Finished Test Case: TC_PERF_008 - Status: PASSED (8ms)

[2026-07-22T08:31:31.469Z] INFO: Starting Test Case: TC_PERF_009 - Performance Smoke validation check - Scenario 9 [Priority: LOW]
[2026-07-22T08:31:31.495Z] INFO: Finished Test Case: TC_PERF_009 - Status: PASSED (25ms)

[2026-07-22T08:31:31.495Z] INFO: Starting Test Case: TC_PERF_010 - Performance Smoke validation check - Scenario 10 [Priority: MEDIUM]
[2026-07-22T08:31:31.517Z] INFO: Finished Test Case: TC_PERF_010 - Status: PASSED (22ms)

[2026-07-22T08:31:31.517Z] INFO: Starting Test Case: TC_PERF_011 - Performance Smoke validation check - Scenario 11 [Priority: CRITICAL]
[2026-07-22T08:31:31.540Z] INFO: Finished Test Case: TC_PERF_011 - Status: PASSED (23ms)

[2026-07-22T08:31:31.540Z] INFO: Starting Test Case: TC_PERF_012 - Performance Smoke validation check - Scenario 12 [Priority: HIGH]
[2026-07-22T08:31:31.566Z] INFO: Finished Test Case: TC_PERF_012 - Status: PASSED (26ms)

[2026-07-22T08:31:31.566Z] INFO: Starting Test Case: TC_PERF_013 - Performance Smoke validation check - Scenario 13 [Priority: HIGH]
[2026-07-22T08:31:31.612Z] INFO: Finished Test Case: TC_PERF_013 - Status: PASSED (46ms)

[2026-07-22T08:31:31.612Z] INFO: Starting Test Case: TC_PERF_014 - Performance Smoke validation check - Scenario 14 [Priority: LOW]
[2026-07-22T08:31:31.638Z] INFO: Finished Test Case: TC_PERF_014 - Status: PASSED (26ms)

[2026-07-22T08:31:31.638Z] INFO: Starting Test Case: TC_PERF_015 - Performance Smoke validation check - Scenario 15 [Priority: MEDIUM]
[2026-07-22T08:31:31.667Z] INFO: Finished Test Case: TC_PERF_015 - Status: PASSED (29ms)

[2026-07-22T08:31:31.667Z] INFO: Starting Test Case: TC_PERF_016 - Performance Smoke validation check - Scenario 16 [Priority: CRITICAL]
[2026-07-22T08:31:31.672Z] INFO: Finished Test Case: TC_PERF_016 - Status: PASSED (5ms)

[2026-07-22T08:31:31.673Z] INFO: Starting Test Case: TC_PERF_017 - Performance Smoke validation check - Scenario 17 [Priority: HIGH]
[2026-07-22T08:31:31.722Z] INFO: Finished Test Case: TC_PERF_017 - Status: PASSED (49ms)

[2026-07-22T08:31:31.722Z] INFO: Starting Test Case: TC_PERF_018 - Performance Smoke validation check - Scenario 18 [Priority: HIGH]
[2026-07-22T08:31:31.763Z] INFO: Finished Test Case: TC_PERF_018 - Status: PASSED (41ms)

[2026-07-22T08:31:31.764Z] INFO: Starting Test Case: TC_PERF_019 - Performance Smoke validation check - Scenario 19 [Priority: LOW]
[2026-07-22T08:31:31.812Z] INFO: Finished Test Case: TC_PERF_019 - Status: PASSED (48ms)

[2026-07-22T08:31:31.812Z] INFO: Starting Test Case: TC_PERF_020 - Performance Smoke validation check - Scenario 20 [Priority: MEDIUM]
[2026-07-22T08:31:31.834Z] INFO: Finished Test Case: TC_PERF_020 - Status: PASSED (21ms)

[2026-07-22T08:31:31.834Z] INFO: Starting Test Case: TC_REGR_001 - Regression validation check - Scenario 1 [Priority: CRITICAL]
[2026-07-22T08:31:31.856Z] INFO: Finished Test Case: TC_REGR_001 - Status: PASSED (22ms)

[2026-07-22T08:31:31.856Z] INFO: Starting Test Case: TC_REGR_002 - Regression validation check - Scenario 2 [Priority: HIGH]
[2026-07-22T08:31:31.875Z] INFO: Finished Test Case: TC_REGR_002 - Status: PASSED (19ms)

[2026-07-22T08:31:31.875Z] INFO: Starting Test Case: TC_REGR_003 - Regression validation check - Scenario 3 [Priority: HIGH]
[2026-07-22T08:31:31.884Z] INFO: Finished Test Case: TC_REGR_003 - Status: PASSED (9ms)

[2026-07-22T08:31:31.884Z] INFO: Starting Test Case: TC_REGR_004 - Regression validation check - Scenario 4 [Priority: LOW]
[2026-07-22T08:31:31.906Z] INFO: Finished Test Case: TC_REGR_004 - Status: PASSED (22ms)

[2026-07-22T08:31:31.906Z] INFO: Starting Test Case: TC_REGR_005 - Regression validation check - Scenario 5 [Priority: MEDIUM]
[2026-07-22T08:31:31.950Z] INFO: Finished Test Case: TC_REGR_005 - Status: PASSED (44ms)

[2026-07-22T08:31:31.951Z] INFO: Starting Test Case: TC_REGR_006 - Regression validation check - Scenario 6 [Priority: CRITICAL]
[2026-07-22T08:31:31.977Z] INFO: Finished Test Case: TC_REGR_006 - Status: PASSED (27ms)

[2026-07-22T08:31:31.977Z] INFO: Starting Test Case: TC_REGR_007 - Regression validation check - Scenario 7 [Priority: HIGH]
[2026-07-22T08:31:32.000Z] INFO: Finished Test Case: TC_REGR_007 - Status: PASSED (23ms)

[2026-07-22T08:31:32.000Z] INFO: Starting Test Case: TC_REGR_008 - Regression validation check - Scenario 8 [Priority: HIGH]
[2026-07-22T08:31:32.039Z] INFO: Finished Test Case: TC_REGR_008 - Status: PASSED (39ms)

[2026-07-22T08:31:32.040Z] INFO: Starting Test Case: TC_REGR_009 - Regression validation check - Scenario 9 [Priority: LOW]
[2026-07-22T08:31:32.068Z] INFO: Finished Test Case: TC_REGR_009 - Status: PASSED (28ms)

[2026-07-22T08:31:32.068Z] INFO: Starting Test Case: TC_REGR_010 - Regression validation check - Scenario 10 [Priority: MEDIUM]
[2026-07-22T08:31:32.104Z] INFO: Finished Test Case: TC_REGR_010 - Status: PASSED (36ms)

[2026-07-22T08:31:32.104Z] INFO: Starting Test Case: TC_REGR_011 - Regression validation check - Scenario 11 [Priority: CRITICAL]
[2026-07-22T08:31:32.146Z] INFO: Finished Test Case: TC_REGR_011 - Status: PASSED (42ms)

[2026-07-22T08:31:32.146Z] INFO: Starting Test Case: TC_REGR_012 - Regression validation check - Scenario 12 [Priority: HIGH]
[2026-07-22T08:31:32.173Z] INFO: Finished Test Case: TC_REGR_012 - Status: PASSED (27ms)

[2026-07-22T08:31:32.173Z] INFO: Starting Test Case: TC_REGR_013 - Regression validation check - Scenario 13 [Priority: HIGH]
[2026-07-22T08:31:32.183Z] INFO: Finished Test Case: TC_REGR_013 - Status: PASSED (10ms)

[2026-07-22T08:31:32.183Z] INFO: Starting Test Case: TC_REGR_014 - Regression validation check - Scenario 14 [Priority: LOW]
[2026-07-22T08:31:32.232Z] INFO: Finished Test Case: TC_REGR_014 - Status: PASSED (49ms)

[2026-07-22T08:31:32.232Z] INFO: Starting Test Case: TC_REGR_015 - Regression validation check - Scenario 15 [Priority: MEDIUM]
[2026-07-22T08:31:32.246Z] INFO: Finished Test Case: TC_REGR_015 - Status: PASSED (14ms)

[2026-07-22T08:31:32.246Z] INFO: Starting Test Case: TC_REGR_016 - Regression validation check - Scenario 16 [Priority: CRITICAL]
[2026-07-22T08:31:32.252Z] INFO: Finished Test Case: TC_REGR_016 - Status: PASSED (6ms)

[2026-07-22T08:31:32.253Z] INFO: Starting Test Case: TC_REGR_017 - Regression validation check - Scenario 17 [Priority: HIGH]
[2026-07-22T08:31:32.274Z] INFO: Finished Test Case: TC_REGR_017 - Status: PASSED (21ms)

[2026-07-22T08:31:32.274Z] INFO: Starting Test Case: TC_REGR_018 - Regression validation check - Scenario 18 [Priority: HIGH]
[2026-07-22T08:31:32.307Z] INFO: Finished Test Case: TC_REGR_018 - Status: PASSED (33ms)

[2026-07-22T08:31:32.307Z] INFO: Starting Test Case: TC_REGR_019 - Regression validation check - Scenario 19 [Priority: LOW]
[2026-07-22T08:31:32.328Z] INFO: Finished Test Case: TC_REGR_019 - Status: PASSED (21ms)

[2026-07-22T08:31:32.328Z] INFO: Starting Test Case: TC_REGR_020 - Regression validation check - Scenario 20 [Priority: MEDIUM]
[2026-07-22T08:31:32.367Z] INFO: Finished Test Case: TC_REGR_020 - Status: PASSED (39ms)

[2026-07-22T08:31:32.367Z] INFO: Starting Test Case: TC_REGR_021 - Regression validation check - Scenario 21 [Priority: CRITICAL]
[2026-07-22T08:31:32.399Z] INFO: Finished Test Case: TC_REGR_021 - Status: PASSED (32ms)

[2026-07-22T08:31:32.400Z] INFO: Starting Test Case: TC_REGR_022 - Regression validation check - Scenario 22 [Priority: HIGH]
[2026-07-22T08:31:32.415Z] INFO: Finished Test Case: TC_REGR_022 - Status: PASSED (15ms)

[2026-07-22T08:31:32.415Z] INFO: Starting Test Case: TC_REGR_023 - Regression validation check - Scenario 23 [Priority: HIGH]
[2026-07-22T08:31:32.463Z] INFO: Finished Test Case: TC_REGR_023 - Status: PASSED (48ms)

[2026-07-22T08:31:32.464Z] INFO: Starting Test Case: TC_REGR_024 - Regression validation check - Scenario 24 [Priority: LOW]
[2026-07-22T08:31:32.472Z] INFO: Finished Test Case: TC_REGR_024 - Status: PASSED (8ms)

[2026-07-22T08:31:32.472Z] INFO: Starting Test Case: TC_REGR_025 - Regression validation check - Scenario 25 [Priority: MEDIUM]
[2026-07-22T08:31:32.493Z] INFO: Finished Test Case: TC_REGR_025 - Status: PASSED (21ms)

[2026-07-22T08:31:32.493Z] INFO: Starting Test Case: TC_REGR_026 - Regression validation check - Scenario 26 [Priority: CRITICAL]
[2026-07-22T08:31:32.534Z] INFO: Finished Test Case: TC_REGR_026 - Status: PASSED (41ms)

[2026-07-22T08:31:32.534Z] INFO: Starting Test Case: TC_REGR_027 - Regression validation check - Scenario 27 [Priority: HIGH]
[2026-07-22T08:31:32.579Z] INFO: Finished Test Case: TC_REGR_027 - Status: PASSED (45ms)

[2026-07-22T08:31:32.580Z] INFO: Starting Test Case: TC_REGR_028 - Regression validation check - Scenario 28 [Priority: HIGH]
[2026-07-22T08:31:32.629Z] INFO: Finished Test Case: TC_REGR_028 - Status: PASSED (49ms)

[2026-07-22T08:31:32.629Z] INFO: Starting Test Case: TC_REGR_029 - Regression validation check - Scenario 29 [Priority: LOW]
[2026-07-22T08:31:32.640Z] INFO: Finished Test Case: TC_REGR_029 - Status: PASSED (11ms)

[2026-07-22T08:31:32.640Z] INFO: Starting Test Case: TC_REGR_030 - Regression validation check - Scenario 30 [Priority: MEDIUM]
[2026-07-22T08:31:32.649Z] INFO: Finished Test Case: TC_REGR_030 - Status: PASSED (9ms)

[2026-07-22T08:31:32.649Z] INFO: Starting Test Case: TC_REGR_031 - Regression validation check - Scenario 31 [Priority: CRITICAL]
[2026-07-22T08:31:32.685Z] INFO: Finished Test Case: TC_REGR_031 - Status: PASSED (36ms)

[2026-07-22T08:31:32.685Z] INFO: Starting Test Case: TC_REGR_032 - Regression validation check - Scenario 32 [Priority: HIGH]
[2026-07-22T08:31:32.693Z] INFO: Finished Test Case: TC_REGR_032 - Status: PASSED (8ms)

[2026-07-22T08:31:32.693Z] INFO: Starting Test Case: TC_REGR_033 - Regression validation check - Scenario 33 [Priority: HIGH]
[2026-07-22T08:31:32.721Z] INFO: Finished Test Case: TC_REGR_033 - Status: PASSED (28ms)

[2026-07-22T08:31:32.721Z] INFO: Starting Test Case: TC_REGR_034 - Regression validation check - Scenario 34 [Priority: LOW]
[2026-07-22T08:31:32.769Z] INFO: Finished Test Case: TC_REGR_034 - Status: PASSED (47ms)

[2026-07-22T08:31:32.769Z] INFO: Starting Test Case: TC_REGR_035 - Regression validation check - Scenario 35 [Priority: MEDIUM]
[2026-07-22T08:31:32.782Z] INFO: Finished Test Case: TC_REGR_035 - Status: PASSED (13ms)

[2026-07-22T08:31:32.782Z] INFO: Starting Test Case: TC_REGR_036 - Regression validation check - Scenario 36 [Priority: CRITICAL]
[2026-07-22T08:31:32.826Z] INFO: Finished Test Case: TC_REGR_036 - Status: PASSED (44ms)

[2026-07-22T08:31:32.827Z] INFO: Starting Test Case: TC_REGR_037 - Regression validation check - Scenario 37 [Priority: HIGH]
[2026-07-22T08:31:32.863Z] INFO: Finished Test Case: TC_REGR_037 - Status: PASSED (36ms)

[2026-07-22T08:31:32.863Z] INFO: Starting Test Case: TC_REGR_038 - Regression validation check - Scenario 38 [Priority: HIGH]
[2026-07-22T08:31:32.876Z] INFO: Finished Test Case: TC_REGR_038 - Status: PASSED (13ms)

[2026-07-22T08:31:32.877Z] INFO: Starting Test Case: TC_REGR_039 - Regression validation check - Scenario 39 [Priority: LOW]
[2026-07-22T08:31:32.903Z] INFO: Finished Test Case: TC_REGR_039 - Status: PASSED (26ms)

[2026-07-22T08:31:32.903Z] INFO: Starting Test Case: TC_REGR_040 - Regression validation check - Scenario 40 [Priority: MEDIUM]
[2026-07-22T08:31:32.947Z] INFO: Finished Test Case: TC_REGR_040 - Status: PASSED (44ms)

[2026-07-22T08:31:32.948Z] INFO: Starting Test Case: TC_REGR_041 - Regression validation check - Scenario 41 [Priority: CRITICAL]
[2026-07-22T08:31:32.974Z] INFO: Finished Test Case: TC_REGR_041 - Status: PASSED (26ms)

[2026-07-22T08:31:32.974Z] INFO: Starting Test Case: TC_REGR_042 - Regression validation check - Scenario 42 [Priority: HIGH]
[2026-07-22T08:31:32.992Z] INFO: Finished Test Case: TC_REGR_042 - Status: PASSED (18ms)

[2026-07-22T08:31:32.993Z] INFO: Starting Test Case: TC_REGR_043 - Regression validation check - Scenario 43 [Priority: HIGH]
[2026-07-22T08:31:33.002Z] INFO: Finished Test Case: TC_REGR_043 - Status: PASSED (9ms)

[2026-07-22T08:31:33.002Z] INFO: Starting Test Case: TC_REGR_044 - Regression validation check - Scenario 44 [Priority: LOW]
[2026-07-22T08:31:33.047Z] INFO: Finished Test Case: TC_REGR_044 - Status: PASSED (45ms)

[2026-07-22T08:31:33.047Z] INFO: Starting Test Case: TC_REGR_045 - Regression validation check - Scenario 45 [Priority: MEDIUM]
[2026-07-22T08:31:33.052Z] INFO: Finished Test Case: TC_REGR_045 - Status: PASSED (5ms)

[2026-07-22T08:31:33.052Z] INFO: Starting Test Case: TC_REGR_046 - Regression validation check - Scenario 46 [Priority: CRITICAL]
[2026-07-22T08:31:33.074Z] INFO: Finished Test Case: TC_REGR_046 - Status: PASSED (22ms)

[2026-07-22T08:31:33.074Z] INFO: Starting Test Case: TC_REGR_047 - Regression validation check - Scenario 47 [Priority: HIGH]
[2026-07-22T08:31:33.112Z] INFO: Finished Test Case: TC_REGR_047 - Status: PASSED (38ms)

[2026-07-22T08:31:33.112Z] INFO: Starting Test Case: TC_REGR_048 - Regression validation check - Scenario 48 [Priority: HIGH]
[2026-07-22T08:31:33.156Z] INFO: Finished Test Case: TC_REGR_048 - Status: PASSED (44ms)

[2026-07-22T08:31:33.156Z] INFO: Starting Test Case: TC_REGR_049 - Regression validation check - Scenario 49 [Priority: LOW]
[2026-07-22T08:31:33.198Z] INFO: Finished Test Case: TC_REGR_049 - Status: PASSED (42ms)

[2026-07-22T08:31:33.198Z] INFO: Starting Test Case: TC_REGR_050 - Regression validation check - Scenario 50 [Priority: MEDIUM]
[2026-07-22T08:31:33.235Z] INFO: Finished Test Case: TC_REGR_050 - Status: PASSED (37ms)

[2026-07-22T08:31:33.235Z] INFO: Closing Chrome driver session...
[2026-07-22T08:31:33.238Z] INFO: Browser logs saved successfully to: /home/runner/work/pddtesting/pddtesting/automation/reports/Logs/browser-console.log
[2026-07-22T08:31:33.291Z] INFO: Session closed.
[2026-07-22T08:31:33.291Z] INFO: E2E suite execution finished. Total duration: 42.63s
[2026-07-22T08:31:33.291Z] INFO: Generating Excel automation reports...
[2026-07-22T08:31:33.504Z] INFO: Master Excel report written to: /home/runner/work/pddtesting/pddtesting/automation/reports/Excel/Automation_Test_Report.xlsx
[2026-07-22T08:31:33.609Z] INFO: Excel report generation completed successfully!
[2026-07-22T08:31:33.610Z] INFO: Generating HTML automation reports...
[2026-07-22T08:31:33.617Z] INFO: HTML Reports successfully written to: /home/runner/work/pddtesting/pddtesting/automation/reports/HTML
[2026-07-22T08:31:33.619Z] INFO: JSON report generated at: /home/runner/work/pddtesting/pddtesting/automation/reports/JSON/execution-results.json
[2026-07-22T08:31:33.619Z] INFO: Markdown step summary generated at: /home/runner/work/pddtesting/pddtesting/automation/reports/Summary/summary.md
[2026-07-22T08:31:33.619Z] INFO: Final Metrics -> Total: 470, Passed: 467, Pass Rate: 99.36%
[2026-07-22T08:31:33.619Z] INFO: Critical Tests -> Total: 95, Failed: 1, Critical Fail Rate: 1.05%
[2026-07-22T08:31:33.620Z] INFO: Execution Passed: All criteria (Pass Rate >= 95% and Critical Fail Rate <= 5%) met successfully!
