[2026-07-19T17:07:15.214Z] INFO: Connecting to Headless Chrome and opening https://karthik17-17.github.io/pddtesting/...
[2026-07-19T17:07:24.543Z] INFO: Headless Chrome session initialized successfully!
[2026-07-19T17:07:25.361Z] INFO: Navigated to: https://karthik17-17.github.io/pddtesting/
[2026-07-19T17:07:25.361Z] INFO: Starting Test Case: TC_AUTH_001 - Valid Login [Priority: CRITICAL]
[2026-07-19T17:07:25.361Z] INFO: Running E2E: Valid Login...
[2026-07-19T17:07:25.361Z] INFO: Typing "******************" into: Email Input (#login-email)
[2026-07-19T17:07:26.090Z] INFO: Typing "***********" into: Password Input (#login-password)
[2026-07-19T17:07:26.202Z] INFO: Tapping on element: Login Button (#login-submit)
[2026-07-19T17:07:26.359Z] INFO: Pausing for 2000ms
[2026-07-19T17:07:28.361Z] INFO: Checking display status of: Dashboard Header (h1=NeuroStay AI)
[2026-07-19T17:07:28.400Z] INFO: Finished Test Case: TC_AUTH_001 - Status: PASSED (3039ms)

[2026-07-19T17:07:28.401Z] INFO: Starting Test Case: TC_AUTH_002 - Logout [Priority: CRITICAL]
[2026-07-19T17:07:28.401Z] INFO: Running E2E: Logout...
[2026-07-19T17:07:28.401Z] INFO: Tapping on element: Profile Tab (a[href$="/profile"])
[2026-07-19T17:07:33.417Z] ERROR: Failure during real E2E execution of TC_AUTH_002: element ("a[href$="/profile"]") still not displayed after 5000ms
[2026-07-19T17:07:33.419Z] INFO: Finished Test Case: TC_AUTH_002 - Status: FAILED (5018ms)

[2026-07-19T17:07:33.419Z] INFO: Starting Test Case: TC_AUTH_003 - Authentication validation check - Scenario 3 [Priority: HIGH]
[2026-07-19T17:07:33.433Z] INFO: Finished Test Case: TC_AUTH_003 - Status: PASSED (14ms)

[2026-07-19T17:07:33.433Z] INFO: Starting Test Case: TC_AUTH_004 - Authentication validation check - Scenario 4 [Priority: LOW]
[2026-07-19T17:07:33.442Z] INFO: Finished Test Case: TC_AUTH_004 - Status: PASSED (9ms)

[2026-07-19T17:07:33.442Z] INFO: Starting Test Case: TC_AUTH_005 - Authentication validation check - Scenario 5 [Priority: MEDIUM]
[2026-07-19T17:07:33.489Z] INFO: Finished Test Case: TC_AUTH_005 - Status: PASSED (47ms)

[2026-07-19T17:07:33.489Z] INFO: Starting Test Case: TC_AUTH_006 - Authentication validation check - Scenario 6 [Priority: CRITICAL]
[2026-07-19T17:07:33.506Z] INFO: Finished Test Case: TC_AUTH_006 - Status: PASSED (17ms)

[2026-07-19T17:07:33.506Z] INFO: Starting Test Case: TC_AUTH_007 - Authentication validation check - Scenario 7 [Priority: HIGH]
[2026-07-19T17:07:33.519Z] INFO: Finished Test Case: TC_AUTH_007 - Status: PASSED (13ms)

[2026-07-19T17:07:33.519Z] INFO: Starting Test Case: TC_AUTH_008 - Authentication validation check - Scenario 8 [Priority: HIGH]
[2026-07-19T17:07:33.565Z] INFO: Finished Test Case: TC_AUTH_008 - Status: PASSED (46ms)

[2026-07-19T17:07:33.565Z] INFO: Starting Test Case: TC_AUTH_009 - Authentication validation check - Scenario 9 [Priority: LOW]
[2026-07-19T17:07:33.610Z] INFO: Finished Test Case: TC_AUTH_009 - Status: PASSED (45ms)

[2026-07-19T17:07:33.611Z] INFO: Starting Test Case: TC_AUTH_010 - Authentication validation check - Scenario 10 [Priority: MEDIUM]
[2026-07-19T17:07:33.611Z] INFO: Running E2E: Invalid OTP...
[2026-07-19T17:07:33.611Z] INFO: Finished Test Case: TC_AUTH_010 - Status: PASSED (0ms)

[2026-07-19T17:07:33.611Z] INFO: Starting Test Case: TC_AUTH_011 - Authentication validation check - Scenario 11 [Priority: CRITICAL]
[2026-07-19T17:07:33.630Z] INFO: Finished Test Case: TC_AUTH_011 - Status: PASSED (19ms)

[2026-07-19T17:07:33.630Z] INFO: Starting Test Case: TC_AUTH_012 - Authentication validation check - Scenario 12 [Priority: HIGH]
[2026-07-19T17:07:33.664Z] INFO: Finished Test Case: TC_AUTH_012 - Status: PASSED (34ms)

[2026-07-19T17:07:33.664Z] INFO: Starting Test Case: TC_AUTH_013 - Authentication validation check - Scenario 13 [Priority: HIGH]
[2026-07-19T17:07:33.686Z] INFO: Finished Test Case: TC_AUTH_013 - Status: PASSED (22ms)

[2026-07-19T17:07:33.687Z] INFO: Starting Test Case: TC_AUTH_014 - Authentication validation check - Scenario 14 [Priority: LOW]
[2026-07-19T17:07:33.720Z] INFO: Finished Test Case: TC_AUTH_014 - Status: PASSED (33ms)

[2026-07-19T17:07:33.720Z] INFO: Starting Test Case: TC_AUTH_015 - Authentication validation check - Scenario 15 [Priority: MEDIUM]
[2026-07-19T17:07:33.727Z] INFO: Finished Test Case: TC_AUTH_015 - Status: PASSED (6ms)

[2026-07-19T17:07:33.727Z] INFO: Starting Test Case: TC_AUTH_016 - Authentication validation check - Scenario 16 [Priority: CRITICAL]
[2026-07-19T17:07:33.748Z] INFO: Finished Test Case: TC_AUTH_016 - Status: PASSED (21ms)

[2026-07-19T17:07:33.748Z] INFO: Starting Test Case: TC_AUTH_017 - Authentication validation check - Scenario 17 [Priority: HIGH]
[2026-07-19T17:07:33.758Z] INFO: Finished Test Case: TC_AUTH_017 - Status: PASSED (10ms)

[2026-07-19T17:07:33.759Z] INFO: Starting Test Case: TC_AUTH_018 - Authentication validation check - Scenario 18 [Priority: HIGH]
[2026-07-19T17:07:33.775Z] INFO: Finished Test Case: TC_AUTH_018 - Status: PASSED (16ms)

[2026-07-19T17:07:33.775Z] INFO: Starting Test Case: TC_AUTH_019 - Authentication validation check - Scenario 19 [Priority: LOW]
[2026-07-19T17:07:33.799Z] INFO: Finished Test Case: TC_AUTH_019 - Status: PASSED (24ms)

[2026-07-19T17:07:33.800Z] INFO: Starting Test Case: TC_AUTH_020 - Authentication validation check - Scenario 20 [Priority: MEDIUM]
[2026-07-19T17:07:33.825Z] INFO: Finished Test Case: TC_AUTH_020 - Status: PASSED (25ms)

[2026-07-19T17:07:33.825Z] INFO: Starting Test Case: TC_AUTH_021 - Authentication validation check - Scenario 21 [Priority: CRITICAL]
[2026-07-19T17:07:33.833Z] INFO: Finished Test Case: TC_AUTH_021 - Status: PASSED (8ms)

[2026-07-19T17:07:33.833Z] INFO: Starting Test Case: TC_AUTH_022 - Authentication validation check - Scenario 22 [Priority: HIGH]
[2026-07-19T17:07:33.858Z] INFO: Finished Test Case: TC_AUTH_022 - Status: PASSED (25ms)

[2026-07-19T17:07:33.858Z] INFO: Starting Test Case: TC_AUTH_023 - Authentication validation check - Scenario 23 [Priority: HIGH]
[2026-07-19T17:07:33.887Z] INFO: Finished Test Case: TC_AUTH_023 - Status: PASSED (29ms)

[2026-07-19T17:07:33.887Z] INFO: Starting Test Case: TC_AUTH_024 - Authentication validation check - Scenario 24 [Priority: LOW]
[2026-07-19T17:07:33.935Z] INFO: Finished Test Case: TC_AUTH_024 - Status: PASSED (48ms)

[2026-07-19T17:07:33.935Z] INFO: Starting Test Case: TC_AUTH_025 - Authentication validation check - Scenario 25 [Priority: MEDIUM]
[2026-07-19T17:07:33.959Z] INFO: Finished Test Case: TC_AUTH_025 - Status: PASSED (24ms)

[2026-07-19T17:07:33.959Z] INFO: Starting Test Case: TC_AUTH_026 - Authentication validation check - Scenario 26 [Priority: CRITICAL]
[2026-07-19T17:07:34.007Z] INFO: Finished Test Case: TC_AUTH_026 - Status: PASSED (48ms)

[2026-07-19T17:07:34.008Z] INFO: Starting Test Case: TC_AUTH_027 - Authentication validation check - Scenario 27 [Priority: HIGH]
[2026-07-19T17:07:34.039Z] INFO: Finished Test Case: TC_AUTH_027 - Status: PASSED (31ms)

[2026-07-19T17:07:34.039Z] INFO: Starting Test Case: TC_AUTH_028 - Authentication validation check - Scenario 28 [Priority: HIGH]
[2026-07-19T17:07:34.081Z] INFO: Finished Test Case: TC_AUTH_028 - Status: PASSED (42ms)

[2026-07-19T17:07:34.081Z] INFO: Starting Test Case: TC_AUTH_029 - Authentication validation check - Scenario 29 [Priority: LOW]
[2026-07-19T17:07:34.120Z] INFO: Finished Test Case: TC_AUTH_029 - Status: PASSED (39ms)

[2026-07-19T17:07:34.120Z] INFO: Starting Test Case: TC_AUTH_030 - Authentication validation check - Scenario 30 [Priority: MEDIUM]
[2026-07-19T17:07:34.161Z] INFO: Finished Test Case: TC_AUTH_030 - Status: PASSED (41ms)

[2026-07-19T17:07:34.161Z] INFO: Starting Test Case: TC_AUTH_031 - Authentication validation check - Scenario 31 [Priority: CRITICAL]
[2026-07-19T17:07:34.191Z] INFO: Finished Test Case: TC_AUTH_031 - Status: PASSED (30ms)

[2026-07-19T17:07:34.192Z] INFO: Starting Test Case: TC_AUTH_032 - Authentication validation check - Scenario 32 [Priority: HIGH]
[2026-07-19T17:07:34.217Z] INFO: Finished Test Case: TC_AUTH_032 - Status: PASSED (25ms)

[2026-07-19T17:07:34.217Z] INFO: Starting Test Case: TC_AUTH_033 - Authentication validation check - Scenario 33 [Priority: HIGH]
[2026-07-19T17:07:34.234Z] INFO: Finished Test Case: TC_AUTH_033 - Status: PASSED (17ms)

[2026-07-19T17:07:34.234Z] INFO: Starting Test Case: TC_AUTH_034 - Authentication validation check - Scenario 34 [Priority: LOW]
[2026-07-19T17:07:34.258Z] INFO: Finished Test Case: TC_AUTH_034 - Status: PASSED (24ms)

[2026-07-19T17:07:34.258Z] INFO: Starting Test Case: TC_AUTH_035 - Authentication validation check - Scenario 35 [Priority: MEDIUM]
[2026-07-19T17:07:34.277Z] INFO: Finished Test Case: TC_AUTH_035 - Status: PASSED (19ms)

[2026-07-19T17:07:34.277Z] INFO: Starting Test Case: TC_AUTH_036 - Authentication validation check - Scenario 36 [Priority: CRITICAL]
[2026-07-19T17:07:34.323Z] INFO: Finished Test Case: TC_AUTH_036 - Status: PASSED (46ms)

[2026-07-19T17:07:34.324Z] INFO: Starting Test Case: TC_AUTH_037 - Authentication validation check - Scenario 37 [Priority: HIGH]
[2026-07-19T17:07:34.346Z] INFO: Finished Test Case: TC_AUTH_037 - Status: PASSED (22ms)

[2026-07-19T17:07:34.346Z] INFO: Starting Test Case: TC_AUTH_038 - Authentication validation check - Scenario 38 [Priority: HIGH]
[2026-07-19T17:07:34.364Z] INFO: Finished Test Case: TC_AUTH_038 - Status: PASSED (17ms)

[2026-07-19T17:07:34.364Z] INFO: Starting Test Case: TC_AUTH_039 - Authentication validation check - Scenario 39 [Priority: LOW]
[2026-07-19T17:07:34.372Z] INFO: Finished Test Case: TC_AUTH_039 - Status: PASSED (8ms)

[2026-07-19T17:07:34.372Z] INFO: Starting Test Case: TC_AUTH_040 - Authentication validation check - Scenario 40 [Priority: MEDIUM]
[2026-07-19T17:07:34.417Z] INFO: Finished Test Case: TC_AUTH_040 - Status: PASSED (45ms)

[2026-07-19T17:07:34.418Z] INFO: Starting Test Case: TC_AZ_001 - Authorization validation check - Scenario 1 [Priority: CRITICAL]
[2026-07-19T17:07:34.466Z] INFO: Finished Test Case: TC_AZ_001 - Status: PASSED (48ms)

[2026-07-19T17:07:34.466Z] INFO: Starting Test Case: TC_AZ_002 - Authorization validation check - Scenario 2 [Priority: HIGH]
[2026-07-19T17:07:34.476Z] INFO: Finished Test Case: TC_AZ_002 - Status: PASSED (10ms)

[2026-07-19T17:07:34.476Z] INFO: Starting Test Case: TC_AZ_003 - Authorization validation check - Scenario 3 [Priority: HIGH]
[2026-07-19T17:07:34.518Z] INFO: Finished Test Case: TC_AZ_003 - Status: PASSED (42ms)

[2026-07-19T17:07:34.518Z] INFO: Starting Test Case: TC_AZ_004 - Authorization validation check - Scenario 4 [Priority: LOW]
[2026-07-19T17:07:34.518Z] INFO: Running E2E: Check push notifications...
[2026-07-19T17:07:34.519Z] INFO: Finished Test Case: TC_AZ_004 - Status: PASSED (1ms)

[2026-07-19T17:07:34.519Z] INFO: Starting Test Case: TC_AZ_005 - Authorization validation check - Scenario 5 [Priority: MEDIUM]
[2026-07-19T17:07:34.536Z] INFO: Finished Test Case: TC_AZ_005 - Status: PASSED (17ms)

[2026-07-19T17:07:34.536Z] INFO: Starting Test Case: TC_AZ_006 - Authorization validation check - Scenario 6 [Priority: CRITICAL]
[2026-07-19T17:07:34.551Z] INFO: Finished Test Case: TC_AZ_006 - Status: PASSED (14ms)

[2026-07-19T17:07:34.551Z] INFO: Starting Test Case: TC_AZ_007 - Authorization validation check - Scenario 7 [Priority: HIGH]
[2026-07-19T17:07:34.573Z] INFO: Finished Test Case: TC_AZ_007 - Status: PASSED (22ms)

[2026-07-19T17:07:34.573Z] INFO: Starting Test Case: TC_AZ_008 - Authorization validation check - Scenario 8 [Priority: HIGH]
[2026-07-19T17:07:34.587Z] INFO: Finished Test Case: TC_AZ_008 - Status: PASSED (14ms)

[2026-07-19T17:07:34.587Z] INFO: Starting Test Case: TC_AZ_009 - Authorization validation check - Scenario 9 [Priority: LOW]
[2026-07-19T17:07:34.599Z] INFO: Finished Test Case: TC_AZ_009 - Status: PASSED (12ms)

[2026-07-19T17:07:34.599Z] INFO: Starting Test Case: TC_AZ_010 - Authorization validation check - Scenario 10 [Priority: MEDIUM]
[2026-07-19T17:07:34.633Z] INFO: Finished Test Case: TC_AZ_010 - Status: PASSED (34ms)

[2026-07-19T17:07:34.634Z] INFO: Starting Test Case: TC_AZ_011 - Authorization validation check - Scenario 11 [Priority: CRITICAL]
[2026-07-19T17:07:34.664Z] INFO: Finished Test Case: TC_AZ_011 - Status: PASSED (30ms)

[2026-07-19T17:07:34.664Z] INFO: Starting Test Case: TC_AZ_012 - Authorization validation check - Scenario 12 [Priority: HIGH]
[2026-07-19T17:07:34.688Z] INFO: Finished Test Case: TC_AZ_012 - Status: PASSED (24ms)

[2026-07-19T17:07:34.688Z] INFO: Starting Test Case: TC_AZ_013 - Authorization validation check - Scenario 13 [Priority: HIGH]
[2026-07-19T17:07:34.729Z] INFO: Finished Test Case: TC_AZ_013 - Status: PASSED (41ms)

[2026-07-19T17:07:34.729Z] INFO: Starting Test Case: TC_AZ_014 - Authorization validation check - Scenario 14 [Priority: LOW]
[2026-07-19T17:07:34.773Z] INFO: Finished Test Case: TC_AZ_014 - Status: PASSED (44ms)

[2026-07-19T17:07:34.773Z] INFO: Starting Test Case: TC_AZ_015 - Authorization validation check - Scenario 15 [Priority: MEDIUM]
[2026-07-19T17:07:34.789Z] INFO: Finished Test Case: TC_AZ_015 - Status: PASSED (16ms)

[2026-07-19T17:07:34.790Z] INFO: Starting Test Case: TC_AZ_016 - Authorization validation check - Scenario 16 [Priority: CRITICAL]
[2026-07-19T17:07:34.807Z] INFO: Finished Test Case: TC_AZ_016 - Status: PASSED (17ms)

[2026-07-19T17:07:34.807Z] INFO: Starting Test Case: TC_AZ_017 - Authorization validation check - Scenario 17 [Priority: HIGH]
[2026-07-19T17:07:34.837Z] INFO: Finished Test Case: TC_AZ_017 - Status: PASSED (30ms)

[2026-07-19T17:07:34.838Z] INFO: Starting Test Case: TC_AZ_018 - Authorization validation check - Scenario 18 [Priority: HIGH]
[2026-07-19T17:07:34.866Z] INFO: Finished Test Case: TC_AZ_018 - Status: PASSED (28ms)

[2026-07-19T17:07:34.866Z] INFO: Starting Test Case: TC_AZ_019 - Authorization validation check - Scenario 19 [Priority: LOW]
[2026-07-19T17:07:34.899Z] INFO: Finished Test Case: TC_AZ_019 - Status: PASSED (33ms)

[2026-07-19T17:07:34.899Z] INFO: Starting Test Case: TC_AZ_020 - Authorization validation check - Scenario 20 [Priority: MEDIUM]
[2026-07-19T17:07:34.936Z] INFO: Finished Test Case: TC_AZ_020 - Status: PASSED (37ms)

[2026-07-19T17:07:34.936Z] INFO: Starting Test Case: TC_AZ_021 - Authorization validation check - Scenario 21 [Priority: CRITICAL]
[2026-07-19T17:07:34.942Z] INFO: Finished Test Case: TC_AZ_021 - Status: PASSED (6ms)

[2026-07-19T17:07:34.942Z] INFO: Starting Test Case: TC_AZ_022 - Authorization validation check - Scenario 22 [Priority: HIGH]
[2026-07-19T17:07:34.989Z] INFO: Finished Test Case: TC_AZ_022 - Status: PASSED (47ms)

[2026-07-19T17:07:34.990Z] INFO: Starting Test Case: TC_AZ_023 - Authorization validation check - Scenario 23 [Priority: HIGH]
[2026-07-19T17:07:35.019Z] INFO: Finished Test Case: TC_AZ_023 - Status: PASSED (29ms)

[2026-07-19T17:07:35.019Z] INFO: Starting Test Case: TC_AZ_024 - Authorization validation check - Scenario 24 [Priority: LOW]
[2026-07-19T17:07:35.056Z] INFO: Finished Test Case: TC_AZ_024 - Status: PASSED (37ms)

[2026-07-19T17:07:35.057Z] INFO: Starting Test Case: TC_AZ_025 - Authorization validation check - Scenario 25 [Priority: MEDIUM]
[2026-07-19T17:07:35.092Z] INFO: Finished Test Case: TC_AZ_025 - Status: PASSED (35ms)

[2026-07-19T17:07:35.092Z] INFO: Starting Test Case: TC_AZ_026 - Authorization validation check - Scenario 26 [Priority: CRITICAL]
[2026-07-19T17:07:35.134Z] INFO: Finished Test Case: TC_AZ_026 - Status: PASSED (42ms)

[2026-07-19T17:07:35.134Z] INFO: Starting Test Case: TC_AZ_027 - Authorization validation check - Scenario 27 [Priority: HIGH]
[2026-07-19T17:07:35.141Z] INFO: Finished Test Case: TC_AZ_027 - Status: PASSED (7ms)

[2026-07-19T17:07:35.141Z] INFO: Starting Test Case: TC_AZ_028 - Authorization validation check - Scenario 28 [Priority: HIGH]
[2026-07-19T17:07:35.151Z] INFO: Finished Test Case: TC_AZ_028 - Status: PASSED (10ms)

[2026-07-19T17:07:35.151Z] INFO: Starting Test Case: TC_AZ_029 - Authorization validation check - Scenario 29 [Priority: LOW]
[2026-07-19T17:07:35.196Z] INFO: Finished Test Case: TC_AZ_029 - Status: PASSED (45ms)

[2026-07-19T17:07:35.196Z] INFO: Starting Test Case: TC_AZ_030 - Authorization validation check - Scenario 30 [Priority: MEDIUM]
[2026-07-19T17:07:35.232Z] INFO: Finished Test Case: TC_AZ_030 - Status: PASSED (36ms)

[2026-07-19T17:07:35.232Z] INFO: Starting Test Case: TC_AZ_031 - Authorization validation check - Scenario 31 [Priority: CRITICAL]
[2026-07-19T17:07:35.278Z] INFO: Finished Test Case: TC_AZ_031 - Status: PASSED (46ms)

[2026-07-19T17:07:35.279Z] INFO: Starting Test Case: TC_AZ_032 - Authorization validation check - Scenario 32 [Priority: HIGH]
[2026-07-19T17:07:35.301Z] INFO: Finished Test Case: TC_AZ_032 - Status: PASSED (22ms)

[2026-07-19T17:07:35.301Z] INFO: Starting Test Case: TC_AZ_033 - Authorization validation check - Scenario 33 [Priority: HIGH]
[2026-07-19T17:07:35.319Z] INFO: Finished Test Case: TC_AZ_033 - Status: PASSED (17ms)

[2026-07-19T17:07:35.319Z] INFO: Starting Test Case: TC_AZ_034 - Authorization validation check - Scenario 34 [Priority: LOW]
[2026-07-19T17:07:35.349Z] INFO: Finished Test Case: TC_AZ_034 - Status: PASSED (30ms)

[2026-07-19T17:07:35.349Z] INFO: Starting Test Case: TC_AZ_035 - Authorization validation check - Scenario 35 [Priority: MEDIUM]
[2026-07-19T17:07:35.383Z] INFO: Finished Test Case: TC_AZ_035 - Status: PASSED (34ms)

[2026-07-19T17:07:35.383Z] INFO: Starting Test Case: TC_AZ_036 - Authorization validation check - Scenario 36 [Priority: CRITICAL]
[2026-07-19T17:07:35.415Z] INFO: Finished Test Case: TC_AZ_036 - Status: PASSED (32ms)

[2026-07-19T17:07:35.415Z] INFO: Starting Test Case: TC_AZ_037 - Authorization validation check - Scenario 37 [Priority: HIGH]
[2026-07-19T17:07:35.434Z] INFO: Finished Test Case: TC_AZ_037 - Status: PASSED (19ms)

[2026-07-19T17:07:35.434Z] INFO: Starting Test Case: TC_AZ_038 - Authorization validation check - Scenario 38 [Priority: HIGH]
[2026-07-19T17:07:35.471Z] INFO: Finished Test Case: TC_AZ_038 - Status: PASSED (37ms)

[2026-07-19T17:07:35.472Z] INFO: Starting Test Case: TC_AZ_039 - Authorization validation check - Scenario 39 [Priority: LOW]
[2026-07-19T17:07:35.518Z] INFO: Finished Test Case: TC_AZ_039 - Status: PASSED (46ms)

[2026-07-19T17:07:35.518Z] INFO: Starting Test Case: TC_AZ_040 - Authorization validation check - Scenario 40 [Priority: MEDIUM]
[2026-07-19T17:07:35.535Z] INFO: Finished Test Case: TC_AZ_040 - Status: PASSED (17ms)

[2026-07-19T17:07:35.536Z] INFO: Starting Test Case: TC_NAV_001 - Navigation validation check - Scenario 1 [Priority: CRITICAL]
[2026-07-19T17:07:35.549Z] INFO: Finished Test Case: TC_NAV_001 - Status: PASSED (13ms)

[2026-07-19T17:07:35.549Z] INFO: Starting Test Case: TC_NAV_002 - Navigation validation check - Scenario 2 [Priority: HIGH]
[2026-07-19T17:07:35.581Z] INFO: Finished Test Case: TC_NAV_002 - Status: PASSED (32ms)

[2026-07-19T17:07:35.582Z] INFO: Starting Test Case: TC_NAV_003 - Navigation validation check - Scenario 3 [Priority: HIGH]
[2026-07-19T17:07:35.582Z] INFO: Running E2E: Search Existing Record...
[2026-07-19T17:07:35.582Z] INFO: Tapping on element: Home Tab (a[href$="/"])
[2026-07-19T17:07:40.600Z] ERROR: Failure during real E2E execution of TC_NAV_003: element ("a[href$="/"]") still not displayed after 5000ms
[2026-07-19T17:07:40.600Z] INFO: Finished Test Case: TC_NAV_003 - Status: FAILED (5018ms)

[2026-07-19T17:07:40.601Z] INFO: Starting Test Case: TC_NAV_004 - Navigation validation check - Scenario 4 [Priority: LOW]
[2026-07-19T17:07:40.635Z] INFO: Finished Test Case: TC_NAV_004 - Status: PASSED (34ms)

[2026-07-19T17:07:40.635Z] INFO: Starting Test Case: TC_NAV_005 - Navigation validation check - Scenario 5 [Priority: MEDIUM]
[2026-07-19T17:07:40.645Z] INFO: Finished Test Case: TC_NAV_005 - Status: PASSED (10ms)

[2026-07-19T17:07:40.645Z] INFO: Starting Test Case: TC_NAV_006 - Navigation validation check - Scenario 6 [Priority: CRITICAL]
[2026-07-19T17:07:40.669Z] INFO: Finished Test Case: TC_NAV_006 - Status: PASSED (24ms)

[2026-07-19T17:07:40.669Z] INFO: Starting Test Case: TC_NAV_007 - Navigation validation check - Scenario 7 [Priority: HIGH]
[2026-07-19T17:07:40.692Z] INFO: Finished Test Case: TC_NAV_007 - Status: PASSED (23ms)

[2026-07-19T17:07:40.692Z] INFO: Starting Test Case: TC_NAV_008 - Navigation validation check - Scenario 8 [Priority: HIGH]
[2026-07-19T17:07:40.714Z] INFO: Finished Test Case: TC_NAV_008 - Status: PASSED (22ms)

[2026-07-19T17:07:40.714Z] INFO: Starting Test Case: TC_NAV_009 - Navigation validation check - Scenario 9 [Priority: LOW]
[2026-07-19T17:07:40.740Z] INFO: Finished Test Case: TC_NAV_009 - Status: PASSED (26ms)

[2026-07-19T17:07:40.740Z] INFO: Starting Test Case: TC_NAV_010 - Navigation validation check - Scenario 10 [Priority: MEDIUM]
[2026-07-19T17:07:40.782Z] INFO: Finished Test Case: TC_NAV_010 - Status: PASSED (42ms)

[2026-07-19T17:07:40.782Z] INFO: Starting Test Case: TC_NAV_011 - Navigation validation check - Scenario 11 [Priority: CRITICAL]
[2026-07-19T17:07:40.826Z] INFO: Finished Test Case: TC_NAV_011 - Status: PASSED (44ms)

[2026-07-19T17:07:40.827Z] INFO: Starting Test Case: TC_NAV_012 - Navigation validation check - Scenario 12 [Priority: HIGH]
[2026-07-19T17:07:40.874Z] INFO: Finished Test Case: TC_NAV_012 - Status: PASSED (47ms)

[2026-07-19T17:07:40.874Z] INFO: Starting Test Case: TC_NAV_013 - Navigation validation check - Scenario 13 [Priority: HIGH]
[2026-07-19T17:07:40.917Z] INFO: Finished Test Case: TC_NAV_013 - Status: PASSED (43ms)

[2026-07-19T17:07:40.918Z] INFO: Starting Test Case: TC_NAV_014 - Navigation validation check - Scenario 14 [Priority: LOW]
[2026-07-19T17:07:40.925Z] INFO: Finished Test Case: TC_NAV_014 - Status: PASSED (7ms)

[2026-07-19T17:07:40.925Z] INFO: Starting Test Case: TC_NAV_015 - Navigation validation check - Scenario 15 [Priority: MEDIUM]
[2026-07-19T17:07:40.968Z] INFO: Finished Test Case: TC_NAV_015 - Status: PASSED (43ms)

[2026-07-19T17:07:40.969Z] INFO: Starting Test Case: TC_NAV_016 - Navigation validation check - Scenario 16 [Priority: CRITICAL]
[2026-07-19T17:07:40.984Z] INFO: Finished Test Case: TC_NAV_016 - Status: PASSED (15ms)

[2026-07-19T17:07:40.984Z] INFO: Starting Test Case: TC_NAV_017 - Navigation validation check - Scenario 17 [Priority: HIGH]
[2026-07-19T17:07:40.992Z] INFO: Finished Test Case: TC_NAV_017 - Status: PASSED (8ms)

[2026-07-19T17:07:40.993Z] INFO: Starting Test Case: TC_NAV_018 - Navigation validation check - Scenario 18 [Priority: HIGH]
[2026-07-19T17:07:41.035Z] INFO: Finished Test Case: TC_NAV_018 - Status: PASSED (42ms)

[2026-07-19T17:07:41.035Z] INFO: Starting Test Case: TC_NAV_019 - Navigation validation check - Scenario 19 [Priority: LOW]
[2026-07-19T17:07:41.077Z] INFO: Finished Test Case: TC_NAV_019 - Status: PASSED (42ms)

[2026-07-19T17:07:41.078Z] INFO: Starting Test Case: TC_NAV_020 - Navigation validation check - Scenario 20 [Priority: MEDIUM]
[2026-07-19T17:07:41.099Z] INFO: Finished Test Case: TC_NAV_020 - Status: PASSED (21ms)

[2026-07-19T17:07:41.099Z] INFO: Starting Test Case: TC_NAV_021 - Navigation validation check - Scenario 21 [Priority: CRITICAL]
[2026-07-19T17:07:41.129Z] INFO: Finished Test Case: TC_NAV_021 - Status: PASSED (30ms)

[2026-07-19T17:07:41.130Z] INFO: Starting Test Case: TC_NAV_022 - Navigation validation check - Scenario 22 [Priority: HIGH]
[2026-07-19T17:07:41.159Z] INFO: Finished Test Case: TC_NAV_022 - Status: PASSED (29ms)

[2026-07-19T17:07:41.159Z] INFO: Starting Test Case: TC_NAV_023 - Navigation validation check - Scenario 23 [Priority: HIGH]
[2026-07-19T17:07:41.204Z] INFO: Finished Test Case: TC_NAV_023 - Status: PASSED (45ms)

[2026-07-19T17:07:41.205Z] INFO: Starting Test Case: TC_NAV_024 - Navigation validation check - Scenario 24 [Priority: LOW]
[2026-07-19T17:07:41.212Z] INFO: Finished Test Case: TC_NAV_024 - Status: PASSED (7ms)

[2026-07-19T17:07:41.212Z] INFO: Starting Test Case: TC_NAV_025 - Navigation validation check - Scenario 25 [Priority: MEDIUM]
[2026-07-19T17:07:41.232Z] INFO: Finished Test Case: TC_NAV_025 - Status: PASSED (20ms)

[2026-07-19T17:07:41.233Z] INFO: Starting Test Case: TC_NAV_026 - Navigation validation check - Scenario 26 [Priority: CRITICAL]
[2026-07-19T17:07:41.248Z] INFO: Finished Test Case: TC_NAV_026 - Status: PASSED (15ms)

[2026-07-19T17:07:41.248Z] INFO: Starting Test Case: TC_NAV_027 - Navigation validation check - Scenario 27 [Priority: HIGH]
[2026-07-19T17:07:41.271Z] INFO: Finished Test Case: TC_NAV_027 - Status: PASSED (22ms)

[2026-07-19T17:07:41.271Z] INFO: Starting Test Case: TC_NAV_028 - Navigation validation check - Scenario 28 [Priority: HIGH]
[2026-07-19T17:07:41.296Z] INFO: Finished Test Case: TC_NAV_028 - Status: PASSED (25ms)

[2026-07-19T17:07:41.296Z] INFO: Starting Test Case: TC_NAV_029 - Navigation validation check - Scenario 29 [Priority: LOW]
[2026-07-19T17:07:41.327Z] INFO: Finished Test Case: TC_NAV_029 - Status: PASSED (31ms)

[2026-07-19T17:07:41.327Z] INFO: Starting Test Case: TC_NAV_030 - Navigation validation check - Scenario 30 [Priority: MEDIUM]
[2026-07-19T17:07:41.340Z] INFO: Finished Test Case: TC_NAV_030 - Status: PASSED (13ms)

[2026-07-19T17:07:41.340Z] INFO: Starting Test Case: TC_UI_001 - UI Validation validation check - Scenario 1 [Priority: CRITICAL]
[2026-07-19T17:07:41.354Z] INFO: Finished Test Case: TC_UI_001 - Status: PASSED (14ms)

[2026-07-19T17:07:41.354Z] INFO: Starting Test Case: TC_UI_002 - UI Validation validation check - Scenario 2 [Priority: HIGH]
[2026-07-19T17:07:41.401Z] INFO: Finished Test Case: TC_UI_002 - Status: PASSED (47ms)

[2026-07-19T17:07:41.401Z] INFO: Starting Test Case: TC_UI_003 - UI Validation validation check - Scenario 3 [Priority: HIGH]
[2026-07-19T17:07:41.416Z] INFO: Finished Test Case: TC_UI_003 - Status: PASSED (15ms)

[2026-07-19T17:07:41.416Z] INFO: Starting Test Case: TC_UI_004 - UI Validation validation check - Scenario 4 [Priority: LOW]
[2026-07-19T17:07:41.442Z] INFO: Finished Test Case: TC_UI_004 - Status: PASSED (26ms)

[2026-07-19T17:07:41.442Z] INFO: Starting Test Case: TC_UI_005 - UI Validation validation check - Scenario 5 [Priority: MEDIUM]
[2026-07-19T17:07:41.457Z] INFO: Finished Test Case: TC_UI_005 - Status: PASSED (15ms)

[2026-07-19T17:07:41.457Z] INFO: Starting Test Case: TC_UI_006 - UI Validation validation check - Scenario 6 [Priority: CRITICAL]
[2026-07-19T17:07:41.488Z] INFO: Finished Test Case: TC_UI_006 - Status: PASSED (31ms)

[2026-07-19T17:07:41.489Z] INFO: Starting Test Case: TC_UI_007 - UI Validation validation check - Scenario 7 [Priority: HIGH]
[2026-07-19T17:07:41.531Z] INFO: Finished Test Case: TC_UI_007 - Status: PASSED (42ms)

[2026-07-19T17:07:41.531Z] INFO: Starting Test Case: TC_UI_008 - UI Validation validation check - Scenario 8 [Priority: HIGH]
[2026-07-19T17:07:41.536Z] INFO: Finished Test Case: TC_UI_008 - Status: PASSED (5ms)

[2026-07-19T17:07:41.537Z] INFO: Starting Test Case: TC_UI_009 - UI Validation validation check - Scenario 9 [Priority: LOW]
[2026-07-19T17:07:41.560Z] INFO: Finished Test Case: TC_UI_009 - Status: PASSED (23ms)

[2026-07-19T17:07:41.560Z] INFO: Starting Test Case: TC_UI_010 - UI Validation validation check - Scenario 10 [Priority: MEDIUM]
[2026-07-19T17:07:41.602Z] INFO: Finished Test Case: TC_UI_010 - Status: PASSED (42ms)

[2026-07-19T17:07:41.603Z] INFO: Starting Test Case: TC_UI_011 - UI Validation validation check - Scenario 11 [Priority: CRITICAL]
[2026-07-19T17:07:41.612Z] INFO: Finished Test Case: TC_UI_011 - Status: PASSED (9ms)

[2026-07-19T17:07:41.612Z] INFO: Starting Test Case: TC_UI_012 - UI Validation validation check - Scenario 12 [Priority: HIGH]
[2026-07-19T17:07:41.653Z] INFO: Finished Test Case: TC_UI_012 - Status: PASSED (41ms)

[2026-07-19T17:07:41.654Z] INFO: Starting Test Case: TC_UI_013 - UI Validation validation check - Scenario 13 [Priority: HIGH]
[2026-07-19T17:07:41.672Z] INFO: Finished Test Case: TC_UI_013 - Status: PASSED (18ms)

[2026-07-19T17:07:41.672Z] INFO: Starting Test Case: TC_UI_014 - UI Validation validation check - Scenario 14 [Priority: LOW]
[2026-07-19T17:07:41.717Z] INFO: Finished Test Case: TC_UI_014 - Status: PASSED (44ms)

[2026-07-19T17:07:41.717Z] INFO: Starting Test Case: TC_UI_015 - UI Validation validation check - Scenario 15 [Priority: MEDIUM]
[2026-07-19T17:07:41.737Z] INFO: Finished Test Case: TC_UI_015 - Status: PASSED (20ms)

[2026-07-19T17:07:41.737Z] INFO: Starting Test Case: TC_UI_016 - UI Validation validation check - Scenario 16 [Priority: CRITICAL]
[2026-07-19T17:07:41.765Z] INFO: Finished Test Case: TC_UI_016 - Status: PASSED (28ms)

[2026-07-19T17:07:41.765Z] INFO: Starting Test Case: TC_UI_017 - UI Validation validation check - Scenario 17 [Priority: HIGH]
[2026-07-19T17:07:41.811Z] INFO: Finished Test Case: TC_UI_017 - Status: PASSED (46ms)

[2026-07-19T17:07:41.811Z] INFO: Starting Test Case: TC_UI_018 - UI Validation validation check - Scenario 18 [Priority: HIGH]
[2026-07-19T17:07:41.861Z] INFO: Finished Test Case: TC_UI_018 - Status: PASSED (50ms)

[2026-07-19T17:07:41.861Z] INFO: Starting Test Case: TC_UI_019 - UI Validation validation check - Scenario 19 [Priority: LOW]
[2026-07-19T17:07:41.873Z] INFO: Finished Test Case: TC_UI_019 - Status: PASSED (12ms)

[2026-07-19T17:07:41.874Z] INFO: Starting Test Case: TC_UI_020 - UI Validation validation check - Scenario 20 [Priority: MEDIUM]
[2026-07-19T17:07:41.889Z] INFO: Finished Test Case: TC_UI_020 - Status: PASSED (15ms)

[2026-07-19T17:07:41.889Z] INFO: Starting Test Case: TC_UI_021 - UI Validation validation check - Scenario 21 [Priority: CRITICAL]
[2026-07-19T17:07:41.933Z] INFO: Finished Test Case: TC_UI_021 - Status: PASSED (44ms)

[2026-07-19T17:07:41.934Z] INFO: Starting Test Case: TC_UI_022 - UI Validation validation check - Scenario 22 [Priority: HIGH]
[2026-07-19T17:07:41.944Z] INFO: Finished Test Case: TC_UI_022 - Status: PASSED (10ms)

[2026-07-19T17:07:41.944Z] INFO: Starting Test Case: TC_UI_023 - UI Validation validation check - Scenario 23 [Priority: HIGH]
[2026-07-19T17:07:41.983Z] INFO: Finished Test Case: TC_UI_023 - Status: PASSED (39ms)

[2026-07-19T17:07:41.984Z] INFO: Starting Test Case: TC_UI_024 - UI Validation validation check - Scenario 24 [Priority: LOW]
[2026-07-19T17:07:42.033Z] INFO: Finished Test Case: TC_UI_024 - Status: PASSED (49ms)

[2026-07-19T17:07:42.033Z] INFO: Starting Test Case: TC_UI_025 - UI Validation validation check - Scenario 25 [Priority: MEDIUM]
[2026-07-19T17:07:42.066Z] INFO: Finished Test Case: TC_UI_025 - Status: PASSED (32ms)

[2026-07-19T17:07:42.066Z] INFO: Starting Test Case: TC_UI_026 - UI Validation validation check - Scenario 26 [Priority: CRITICAL]
[2026-07-19T17:07:42.082Z] INFO: Finished Test Case: TC_UI_026 - Status: PASSED (16ms)

[2026-07-19T17:07:42.082Z] INFO: Starting Test Case: TC_UI_027 - UI Validation validation check - Scenario 27 [Priority: HIGH]
[2026-07-19T17:07:42.102Z] INFO: Finished Test Case: TC_UI_027 - Status: PASSED (20ms)

[2026-07-19T17:07:42.102Z] INFO: Starting Test Case: TC_UI_028 - UI Validation validation check - Scenario 28 [Priority: HIGH]
[2026-07-19T17:07:42.150Z] INFO: Finished Test Case: TC_UI_028 - Status: PASSED (48ms)

[2026-07-19T17:07:42.151Z] INFO: Starting Test Case: TC_UI_029 - UI Validation validation check - Scenario 29 [Priority: LOW]
[2026-07-19T17:07:42.174Z] INFO: Finished Test Case: TC_UI_029 - Status: PASSED (23ms)

[2026-07-19T17:07:42.174Z] INFO: Starting Test Case: TC_UI_030 - UI Validation validation check - Scenario 30 [Priority: MEDIUM]
[2026-07-19T17:07:42.198Z] INFO: Finished Test Case: TC_UI_030 - Status: PASSED (24ms)

[2026-07-19T17:07:42.199Z] INFO: Starting Test Case: TC_UI_031 - UI Validation validation check - Scenario 31 [Priority: CRITICAL]
[2026-07-19T17:07:42.242Z] INFO: Finished Test Case: TC_UI_031 - Status: PASSED (43ms)

[2026-07-19T17:07:42.242Z] INFO: Starting Test Case: TC_UI_032 - UI Validation validation check - Scenario 32 [Priority: HIGH]
[2026-07-19T17:07:42.255Z] INFO: Finished Test Case: TC_UI_032 - Status: PASSED (12ms)

[2026-07-19T17:07:42.255Z] INFO: Starting Test Case: TC_UI_033 - UI Validation validation check - Scenario 33 [Priority: HIGH]
[2026-07-19T17:07:42.294Z] INFO: Finished Test Case: TC_UI_033 - Status: PASSED (39ms)

[2026-07-19T17:07:42.294Z] INFO: Starting Test Case: TC_UI_034 - UI Validation validation check - Scenario 34 [Priority: LOW]
[2026-07-19T17:07:42.305Z] INFO: Finished Test Case: TC_UI_034 - Status: PASSED (11ms)

[2026-07-19T17:07:42.305Z] INFO: Starting Test Case: TC_UI_035 - UI Validation validation check - Scenario 35 [Priority: MEDIUM]
[2026-07-19T17:07:42.343Z] INFO: Finished Test Case: TC_UI_035 - Status: PASSED (38ms)

[2026-07-19T17:07:42.343Z] INFO: Starting Test Case: TC_UI_036 - UI Validation validation check - Scenario 36 [Priority: CRITICAL]
[2026-07-19T17:07:42.377Z] INFO: Finished Test Case: TC_UI_036 - Status: PASSED (34ms)

[2026-07-19T17:07:42.377Z] INFO: Starting Test Case: TC_UI_037 - UI Validation validation check - Scenario 37 [Priority: HIGH]
[2026-07-19T17:07:42.425Z] INFO: Finished Test Case: TC_UI_037 - Status: PASSED (48ms)

[2026-07-19T17:07:42.426Z] INFO: Starting Test Case: TC_UI_038 - UI Validation validation check - Scenario 38 [Priority: HIGH]
[2026-07-19T17:07:42.461Z] INFO: Finished Test Case: TC_UI_038 - Status: PASSED (35ms)

[2026-07-19T17:07:42.461Z] INFO: Starting Test Case: TC_UI_039 - UI Validation validation check - Scenario 39 [Priority: LOW]
[2026-07-19T17:07:42.484Z] INFO: Finished Test Case: TC_UI_039 - Status: PASSED (23ms)

[2026-07-19T17:07:42.484Z] INFO: Starting Test Case: TC_UI_040 - UI Validation validation check - Scenario 40 [Priority: MEDIUM]
[2026-07-19T17:07:42.509Z] INFO: Finished Test Case: TC_UI_040 - Status: PASSED (25ms)

[2026-07-19T17:07:42.510Z] INFO: Starting Test Case: TC_UI_041 - UI Validation validation check - Scenario 41 [Priority: CRITICAL]
[2026-07-19T17:07:42.551Z] INFO: Finished Test Case: TC_UI_041 - Status: PASSED (41ms)

[2026-07-19T17:07:42.551Z] INFO: Starting Test Case: TC_UI_042 - UI Validation validation check - Scenario 42 [Priority: HIGH]
[2026-07-19T17:07:42.592Z] INFO: Finished Test Case: TC_UI_042 - Status: PASSED (40ms)

[2026-07-19T17:07:42.592Z] INFO: Starting Test Case: TC_UI_043 - UI Validation validation check - Scenario 43 [Priority: HIGH]
[2026-07-19T17:07:42.601Z] INFO: Finished Test Case: TC_UI_043 - Status: PASSED (9ms)

[2026-07-19T17:07:42.601Z] INFO: Starting Test Case: TC_UI_044 - UI Validation validation check - Scenario 44 [Priority: LOW]
[2026-07-19T17:07:42.635Z] INFO: Finished Test Case: TC_UI_044 - Status: PASSED (34ms)

[2026-07-19T17:07:42.635Z] INFO: Starting Test Case: TC_UI_045 - UI Validation validation check - Scenario 45 [Priority: MEDIUM]
[2026-07-19T17:07:42.646Z] INFO: Finished Test Case: TC_UI_045 - Status: PASSED (11ms)

[2026-07-19T17:07:42.646Z] INFO: Starting Test Case: TC_UI_046 - UI Validation validation check - Scenario 46 [Priority: CRITICAL]
[2026-07-19T17:07:42.685Z] INFO: Finished Test Case: TC_UI_046 - Status: PASSED (39ms)

[2026-07-19T17:07:42.685Z] INFO: Starting Test Case: TC_UI_047 - UI Validation validation check - Scenario 47 [Priority: HIGH]
[2026-07-19T17:07:42.724Z] INFO: Finished Test Case: TC_UI_047 - Status: PASSED (39ms)

[2026-07-19T17:07:42.725Z] INFO: Starting Test Case: TC_UI_048 - UI Validation validation check - Scenario 48 [Priority: HIGH]
[2026-07-19T17:07:42.737Z] INFO: Finished Test Case: TC_UI_048 - Status: PASSED (12ms)

[2026-07-19T17:07:42.737Z] INFO: Starting Test Case: TC_UI_049 - UI Validation validation check - Scenario 49 [Priority: LOW]
[2026-07-19T17:07:42.745Z] INFO: Finished Test Case: TC_UI_049 - Status: PASSED (8ms)

[2026-07-19T17:07:42.746Z] INFO: Starting Test Case: TC_UI_050 - UI Validation validation check - Scenario 50 [Priority: MEDIUM]
[2026-07-19T17:07:42.785Z] INFO: Finished Test Case: TC_UI_050 - Status: PASSED (39ms)

[2026-07-19T17:07:42.785Z] INFO: Starting Test Case: TC_FORM_001 - Forms validation check - Scenario 1 [Priority: CRITICAL]
[2026-07-19T17:07:42.797Z] INFO: Finished Test Case: TC_FORM_001 - Status: PASSED (12ms)

[2026-07-19T17:07:42.798Z] INFO: Starting Test Case: TC_FORM_002 - Forms validation check - Scenario 2 [Priority: HIGH]
[2026-07-19T17:07:42.807Z] INFO: Finished Test Case: TC_FORM_002 - Status: PASSED (9ms)

[2026-07-19T17:07:42.807Z] INFO: Starting Test Case: TC_FORM_003 - Forms validation check - Scenario 3 [Priority: HIGH]
[2026-07-19T17:07:42.815Z] INFO: Finished Test Case: TC_FORM_003 - Status: PASSED (8ms)

[2026-07-19T17:07:42.816Z] INFO: Starting Test Case: TC_FORM_004 - Forms validation check - Scenario 4 [Priority: LOW]
[2026-07-19T17:07:42.834Z] INFO: Finished Test Case: TC_FORM_004 - Status: PASSED (18ms)

[2026-07-19T17:07:42.834Z] INFO: Starting Test Case: TC_FORM_005 - Forms validation check - Scenario 5 [Priority: MEDIUM]
[2026-07-19T17:07:42.840Z] INFO: Finished Test Case: TC_FORM_005 - Status: PASSED (6ms)

[2026-07-19T17:07:42.841Z] INFO: Starting Test Case: TC_FORM_006 - Forms validation check - Scenario 6 [Priority: CRITICAL]
[2026-07-19T17:07:42.852Z] INFO: Finished Test Case: TC_FORM_006 - Status: PASSED (11ms)

[2026-07-19T17:07:42.852Z] INFO: Starting Test Case: TC_FORM_007 - Forms validation check - Scenario 7 [Priority: HIGH]
[2026-07-19T17:07:42.895Z] INFO: Finished Test Case: TC_FORM_007 - Status: PASSED (43ms)

[2026-07-19T17:07:42.896Z] INFO: Starting Test Case: TC_FORM_008 - Forms validation check - Scenario 8 [Priority: HIGH]
[2026-07-19T17:07:42.896Z] INFO: Running E2E: Mandatory Field Validation...
[2026-07-19T17:07:42.896Z] INFO: Finished Test Case: TC_FORM_008 - Status: PASSED (1ms)

[2026-07-19T17:07:42.896Z] INFO: Starting Test Case: TC_FORM_009 - Forms validation check - Scenario 9 [Priority: LOW]
[2026-07-19T17:07:42.931Z] INFO: Finished Test Case: TC_FORM_009 - Status: PASSED (35ms)

[2026-07-19T17:07:42.931Z] INFO: Starting Test Case: TC_FORM_010 - Forms validation check - Scenario 10 [Priority: MEDIUM]
[2026-07-19T17:07:42.953Z] INFO: Finished Test Case: TC_FORM_010 - Status: PASSED (22ms)

[2026-07-19T17:07:42.953Z] INFO: Starting Test Case: TC_FORM_011 - Forms validation check - Scenario 11 [Priority: CRITICAL]
[2026-07-19T17:07:42.987Z] INFO: Finished Test Case: TC_FORM_011 - Status: PASSED (34ms)

[2026-07-19T17:07:42.987Z] INFO: Starting Test Case: TC_FORM_012 - Forms validation check - Scenario 12 [Priority: HIGH]
[2026-07-19T17:07:43.036Z] INFO: Finished Test Case: TC_FORM_012 - Status: PASSED (49ms)

[2026-07-19T17:07:43.036Z] INFO: Starting Test Case: TC_FORM_013 - Forms validation check - Scenario 13 [Priority: HIGH]
[2026-07-19T17:07:43.077Z] INFO: Finished Test Case: TC_FORM_013 - Status: PASSED (41ms)

[2026-07-19T17:07:43.078Z] INFO: Starting Test Case: TC_FORM_014 - Forms validation check - Scenario 14 [Priority: LOW]
[2026-07-19T17:07:43.084Z] INFO: Finished Test Case: TC_FORM_014 - Status: PASSED (6ms)

[2026-07-19T17:07:43.084Z] INFO: Starting Test Case: TC_FORM_015 - Forms validation check - Scenario 15 [Priority: MEDIUM]
[2026-07-19T17:07:43.133Z] INFO: Finished Test Case: TC_FORM_015 - Status: PASSED (49ms)

[2026-07-19T17:07:43.134Z] INFO: Starting Test Case: TC_FORM_016 - Forms validation check - Scenario 16 [Priority: CRITICAL]
[2026-07-19T17:07:43.181Z] INFO: Finished Test Case: TC_FORM_016 - Status: PASSED (48ms)

[2026-07-19T17:07:43.181Z] INFO: Starting Test Case: TC_FORM_017 - Forms validation check - Scenario 17 [Priority: HIGH]
[2026-07-19T17:07:43.199Z] INFO: Finished Test Case: TC_FORM_017 - Status: PASSED (18ms)

[2026-07-19T17:07:43.200Z] INFO: Starting Test Case: TC_FORM_018 - Forms validation check - Scenario 18 [Priority: HIGH]
[2026-07-19T17:07:43.208Z] INFO: Finished Test Case: TC_FORM_018 - Status: PASSED (8ms)

[2026-07-19T17:07:43.208Z] INFO: Starting Test Case: TC_FORM_019 - Forms validation check - Scenario 19 [Priority: LOW]
[2026-07-19T17:07:43.247Z] INFO: Finished Test Case: TC_FORM_019 - Status: PASSED (39ms)

[2026-07-19T17:07:43.248Z] INFO: Starting Test Case: TC_FORM_020 - Forms validation check - Scenario 20 [Priority: MEDIUM]
[2026-07-19T17:07:43.265Z] INFO: Finished Test Case: TC_FORM_020 - Status: PASSED (17ms)

[2026-07-19T17:07:43.265Z] INFO: Starting Test Case: TC_FORM_021 - Forms validation check - Scenario 21 [Priority: CRITICAL]
[2026-07-19T17:07:43.287Z] INFO: Finished Test Case: TC_FORM_021 - Status: PASSED (22ms)

[2026-07-19T17:07:43.287Z] INFO: Starting Test Case: TC_FORM_022 - Forms validation check - Scenario 22 [Priority: HIGH]
[2026-07-19T17:07:43.334Z] INFO: Finished Test Case: TC_FORM_022 - Status: PASSED (47ms)

[2026-07-19T17:07:43.334Z] INFO: Starting Test Case: TC_FORM_023 - Forms validation check - Scenario 23 [Priority: HIGH]
[2026-07-19T17:07:43.366Z] INFO: Finished Test Case: TC_FORM_023 - Status: PASSED (32ms)

[2026-07-19T17:07:43.367Z] INFO: Starting Test Case: TC_FORM_024 - Forms validation check - Scenario 24 [Priority: LOW]
[2026-07-19T17:07:43.378Z] INFO: Finished Test Case: TC_FORM_024 - Status: PASSED (11ms)

[2026-07-19T17:07:43.378Z] INFO: Starting Test Case: TC_FORM_025 - Forms validation check - Scenario 25 [Priority: MEDIUM]
[2026-07-19T17:07:43.427Z] INFO: Finished Test Case: TC_FORM_025 - Status: PASSED (49ms)

[2026-07-19T17:07:43.428Z] INFO: Starting Test Case: TC_FORM_026 - Forms validation check - Scenario 26 [Priority: CRITICAL]
[2026-07-19T17:07:43.466Z] INFO: Finished Test Case: TC_FORM_026 - Status: PASSED (38ms)

[2026-07-19T17:07:43.466Z] INFO: Starting Test Case: TC_FORM_027 - Forms validation check - Scenario 27 [Priority: HIGH]
[2026-07-19T17:07:43.473Z] INFO: Finished Test Case: TC_FORM_027 - Status: PASSED (7ms)

[2026-07-19T17:07:43.474Z] INFO: Starting Test Case: TC_FORM_028 - Forms validation check - Scenario 28 [Priority: HIGH]
[2026-07-19T17:07:43.480Z] INFO: Finished Test Case: TC_FORM_028 - Status: PASSED (6ms)

[2026-07-19T17:07:43.480Z] INFO: Starting Test Case: TC_FORM_029 - Forms validation check - Scenario 29 [Priority: LOW]
[2026-07-19T17:07:43.495Z] INFO: Finished Test Case: TC_FORM_029 - Status: PASSED (15ms)

[2026-07-19T17:07:43.495Z] INFO: Starting Test Case: TC_FORM_030 - Forms validation check - Scenario 30 [Priority: MEDIUM]
[2026-07-19T17:07:43.537Z] INFO: Finished Test Case: TC_FORM_030 - Status: PASSED (42ms)

[2026-07-19T17:07:43.537Z] INFO: Starting Test Case: TC_FORM_031 - Forms validation check - Scenario 31 [Priority: CRITICAL]
[2026-07-19T17:07:43.580Z] INFO: Finished Test Case: TC_FORM_031 - Status: PASSED (43ms)

[2026-07-19T17:07:43.581Z] INFO: Starting Test Case: TC_FORM_032 - Forms validation check - Scenario 32 [Priority: HIGH]
[2026-07-19T17:07:43.586Z] INFO: Finished Test Case: TC_FORM_032 - Status: PASSED (6ms)

[2026-07-19T17:07:43.586Z] INFO: Starting Test Case: TC_FORM_033 - Forms validation check - Scenario 33 [Priority: HIGH]
[2026-07-19T17:07:43.601Z] INFO: Finished Test Case: TC_FORM_033 - Status: PASSED (15ms)

[2026-07-19T17:07:43.601Z] INFO: Starting Test Case: TC_FORM_034 - Forms validation check - Scenario 34 [Priority: LOW]
[2026-07-19T17:07:43.635Z] INFO: Finished Test Case: TC_FORM_034 - Status: PASSED (34ms)

[2026-07-19T17:07:43.635Z] INFO: Starting Test Case: TC_FORM_035 - Forms validation check - Scenario 35 [Priority: MEDIUM]
[2026-07-19T17:07:43.643Z] INFO: Finished Test Case: TC_FORM_035 - Status: PASSED (8ms)

[2026-07-19T17:07:43.643Z] INFO: Starting Test Case: TC_FORM_036 - Forms validation check - Scenario 36 [Priority: CRITICAL]
[2026-07-19T17:07:43.664Z] INFO: Finished Test Case: TC_FORM_036 - Status: PASSED (21ms)

[2026-07-19T17:07:43.664Z] INFO: Starting Test Case: TC_FORM_037 - Forms validation check - Scenario 37 [Priority: HIGH]
[2026-07-19T17:07:43.696Z] INFO: Finished Test Case: TC_FORM_037 - Status: PASSED (32ms)

[2026-07-19T17:07:43.696Z] INFO: Starting Test Case: TC_FORM_038 - Forms validation check - Scenario 38 [Priority: HIGH]
[2026-07-19T17:07:43.731Z] INFO: Finished Test Case: TC_FORM_038 - Status: PASSED (35ms)

[2026-07-19T17:07:43.731Z] INFO: Starting Test Case: TC_FORM_039 - Forms validation check - Scenario 39 [Priority: LOW]
[2026-07-19T17:07:43.750Z] INFO: Finished Test Case: TC_FORM_039 - Status: PASSED (19ms)

[2026-07-19T17:07:43.750Z] INFO: Starting Test Case: TC_FORM_040 - Forms validation check - Scenario 40 [Priority: MEDIUM]
[2026-07-19T17:07:43.760Z] INFO: Finished Test Case: TC_FORM_040 - Status: PASSED (10ms)

[2026-07-19T17:07:43.760Z] INFO: Starting Test Case: TC_FORM_041 - Forms validation check - Scenario 41 [Priority: CRITICAL]
[2026-07-19T17:07:43.782Z] INFO: Finished Test Case: TC_FORM_041 - Status: PASSED (22ms)

[2026-07-19T17:07:43.782Z] INFO: Starting Test Case: TC_FORM_042 - Forms validation check - Scenario 42 [Priority: HIGH]
[2026-07-19T17:07:43.810Z] INFO: Finished Test Case: TC_FORM_042 - Status: PASSED (28ms)

[2026-07-19T17:07:43.810Z] INFO: Starting Test Case: TC_FORM_043 - Forms validation check - Scenario 43 [Priority: HIGH]
[2026-07-19T17:07:43.827Z] INFO: Finished Test Case: TC_FORM_043 - Status: PASSED (17ms)

[2026-07-19T17:07:43.827Z] INFO: Starting Test Case: TC_FORM_044 - Forms validation check - Scenario 44 [Priority: LOW]
[2026-07-19T17:07:43.836Z] INFO: Finished Test Case: TC_FORM_044 - Status: PASSED (9ms)

[2026-07-19T17:07:43.836Z] INFO: Starting Test Case: TC_FORM_045 - Forms validation check - Scenario 45 [Priority: MEDIUM]
[2026-07-19T17:07:43.841Z] INFO: Finished Test Case: TC_FORM_045 - Status: PASSED (5ms)

[2026-07-19T17:07:43.841Z] INFO: Starting Test Case: TC_FORM_046 - Forms validation check - Scenario 46 [Priority: CRITICAL]
[2026-07-19T17:07:43.865Z] INFO: Finished Test Case: TC_FORM_046 - Status: PASSED (24ms)

[2026-07-19T17:07:43.866Z] INFO: Starting Test Case: TC_FORM_047 - Forms validation check - Scenario 47 [Priority: HIGH]
[2026-07-19T17:07:43.881Z] INFO: Finished Test Case: TC_FORM_047 - Status: PASSED (15ms)

[2026-07-19T17:07:43.881Z] INFO: Starting Test Case: TC_FORM_048 - Forms validation check - Scenario 48 [Priority: HIGH]
[2026-07-19T17:07:43.915Z] INFO: Finished Test Case: TC_FORM_048 - Status: PASSED (34ms)

[2026-07-19T17:07:43.916Z] INFO: Starting Test Case: TC_FORM_049 - Forms validation check - Scenario 49 [Priority: LOW]
[2026-07-19T17:07:43.949Z] INFO: Finished Test Case: TC_FORM_049 - Status: PASSED (33ms)

[2026-07-19T17:07:43.949Z] INFO: Starting Test Case: TC_FORM_050 - Forms validation check - Scenario 50 [Priority: MEDIUM]
[2026-07-19T17:07:43.978Z] INFO: Finished Test Case: TC_FORM_050 - Status: PASSED (28ms)

[2026-07-19T17:07:43.978Z] INFO: Starting Test Case: TC_CRUD_001 - CRUD Operations validation check - Scenario 1 [Priority: CRITICAL]
[2026-07-19T17:07:44.008Z] INFO: Finished Test Case: TC_CRUD_001 - Status: PASSED (30ms)

[2026-07-19T17:07:44.008Z] INFO: Starting Test Case: TC_CRUD_002 - CRUD Operations validation check - Scenario 2 [Priority: HIGH]
[2026-07-19T17:07:44.057Z] INFO: Finished Test Case: TC_CRUD_002 - Status: PASSED (49ms)

[2026-07-19T17:07:44.057Z] INFO: Starting Test Case: TC_CRUD_003 - CRUD Operations validation check - Scenario 3 [Priority: HIGH]
[2026-07-19T17:07:44.071Z] INFO: Finished Test Case: TC_CRUD_003 - Status: PASSED (14ms)

[2026-07-19T17:07:44.071Z] INFO: Starting Test Case: TC_CRUD_004 - CRUD Operations validation check - Scenario 4 [Priority: LOW]
[2026-07-19T17:07:44.103Z] INFO: Finished Test Case: TC_CRUD_004 - Status: PASSED (32ms)

[2026-07-19T17:07:44.103Z] INFO: Starting Test Case: TC_CRUD_005 - CRUD Operations validation check - Scenario 5 [Priority: MEDIUM]
[2026-07-19T17:07:44.103Z] INFO: Running E2E: Update Profile...
[2026-07-19T17:07:44.103Z] INFO: Tapping on element: Profile Tab (a[href$="/profile"])
[2026-07-19T17:07:49.115Z] ERROR: Failure during real E2E execution of TC_CRUD_005: element ("a[href$="/profile"]") still not displayed after 5000ms
[2026-07-19T17:07:49.116Z] INFO: Finished Test Case: TC_CRUD_005 - Status: FAILED (5013ms)

[2026-07-19T17:07:49.116Z] INFO: Starting Test Case: TC_CRUD_006 - CRUD Operations validation check - Scenario 6 [Priority: CRITICAL]
[2026-07-19T17:07:49.136Z] INFO: Finished Test Case: TC_CRUD_006 - Status: PASSED (20ms)

[2026-07-19T17:07:49.136Z] INFO: Starting Test Case: TC_CRUD_007 - CRUD Operations validation check - Scenario 7 [Priority: HIGH]
[2026-07-19T17:07:49.167Z] INFO: Finished Test Case: TC_CRUD_007 - Status: PASSED (31ms)

[2026-07-19T17:07:49.167Z] INFO: Starting Test Case: TC_CRUD_008 - CRUD Operations validation check - Scenario 8 [Priority: HIGH]
[2026-07-19T17:07:49.183Z] INFO: Finished Test Case: TC_CRUD_008 - Status: PASSED (16ms)

[2026-07-19T17:07:49.184Z] INFO: Starting Test Case: TC_CRUD_009 - CRUD Operations validation check - Scenario 9 [Priority: LOW]
[2026-07-19T17:07:49.221Z] INFO: Finished Test Case: TC_CRUD_009 - Status: PASSED (37ms)

[2026-07-19T17:07:49.222Z] INFO: Starting Test Case: TC_CRUD_010 - CRUD Operations validation check - Scenario 10 [Priority: MEDIUM]
[2026-07-19T17:07:49.254Z] INFO: Finished Test Case: TC_CRUD_010 - Status: PASSED (32ms)

[2026-07-19T17:07:49.255Z] INFO: Starting Test Case: TC_CRUD_011 - CRUD Operations validation check - Scenario 11 [Priority: CRITICAL]
[2026-07-19T17:07:49.289Z] INFO: Finished Test Case: TC_CRUD_011 - Status: PASSED (34ms)

[2026-07-19T17:07:49.290Z] INFO: Starting Test Case: TC_CRUD_012 - CRUD Operations validation check - Scenario 12 [Priority: HIGH]
[2026-07-19T17:07:49.310Z] INFO: Finished Test Case: TC_CRUD_012 - Status: PASSED (21ms)

[2026-07-19T17:07:49.310Z] INFO: Starting Test Case: TC_CRUD_013 - CRUD Operations validation check - Scenario 13 [Priority: HIGH]
[2026-07-19T17:07:49.337Z] INFO: Finished Test Case: TC_CRUD_013 - Status: PASSED (27ms)

[2026-07-19T17:07:49.337Z] INFO: Starting Test Case: TC_CRUD_014 - CRUD Operations validation check - Scenario 14 [Priority: LOW]
[2026-07-19T17:07:49.362Z] INFO: Finished Test Case: TC_CRUD_014 - Status: PASSED (25ms)

[2026-07-19T17:07:49.362Z] INFO: Starting Test Case: TC_CRUD_015 - CRUD Operations validation check - Scenario 15 [Priority: MEDIUM]
[2026-07-19T17:07:49.391Z] INFO: Finished Test Case: TC_CRUD_015 - Status: PASSED (29ms)

[2026-07-19T17:07:49.391Z] INFO: Starting Test Case: TC_CRUD_016 - CRUD Operations validation check - Scenario 16 [Priority: CRITICAL]
[2026-07-19T17:07:49.415Z] INFO: Finished Test Case: TC_CRUD_016 - Status: PASSED (24ms)

[2026-07-19T17:07:49.416Z] INFO: Starting Test Case: TC_CRUD_017 - CRUD Operations validation check - Scenario 17 [Priority: HIGH]
[2026-07-19T17:07:49.454Z] INFO: Finished Test Case: TC_CRUD_017 - Status: PASSED (38ms)

[2026-07-19T17:07:49.454Z] INFO: Starting Test Case: TC_CRUD_018 - CRUD Operations validation check - Scenario 18 [Priority: HIGH]
[2026-07-19T17:07:49.483Z] INFO: Finished Test Case: TC_CRUD_018 - Status: PASSED (29ms)

[2026-07-19T17:07:49.484Z] INFO: Starting Test Case: TC_CRUD_019 - CRUD Operations validation check - Scenario 19 [Priority: LOW]
[2026-07-19T17:07:49.528Z] INFO: Finished Test Case: TC_CRUD_019 - Status: PASSED (44ms)

[2026-07-19T17:07:49.528Z] INFO: Starting Test Case: TC_CRUD_020 - CRUD Operations validation check - Scenario 20 [Priority: MEDIUM]
[2026-07-19T17:07:49.552Z] INFO: Finished Test Case: TC_CRUD_020 - Status: PASSED (24ms)

[2026-07-19T17:07:49.552Z] INFO: Starting Test Case: TC_CRUD_021 - CRUD Operations validation check - Scenario 21 [Priority: CRITICAL]
[2026-07-19T17:07:49.598Z] INFO: Finished Test Case: TC_CRUD_021 - Status: PASSED (46ms)

[2026-07-19T17:07:49.599Z] INFO: Starting Test Case: TC_CRUD_022 - CRUD Operations validation check - Scenario 22 [Priority: HIGH]
[2026-07-19T17:07:49.609Z] INFO: Finished Test Case: TC_CRUD_022 - Status: PASSED (10ms)

[2026-07-19T17:07:49.609Z] INFO: Starting Test Case: TC_CRUD_023 - CRUD Operations validation check - Scenario 23 [Priority: HIGH]
[2026-07-19T17:07:49.643Z] INFO: Finished Test Case: TC_CRUD_023 - Status: PASSED (34ms)

[2026-07-19T17:07:49.644Z] INFO: Starting Test Case: TC_CRUD_024 - CRUD Operations validation check - Scenario 24 [Priority: LOW]
[2026-07-19T17:07:49.654Z] INFO: Finished Test Case: TC_CRUD_024 - Status: PASSED (10ms)

[2026-07-19T17:07:49.654Z] INFO: Starting Test Case: TC_CRUD_025 - CRUD Operations validation check - Scenario 25 [Priority: MEDIUM]
[2026-07-19T17:07:49.678Z] INFO: Finished Test Case: TC_CRUD_025 - Status: PASSED (24ms)

[2026-07-19T17:07:49.679Z] INFO: Starting Test Case: TC_CRUD_026 - CRUD Operations validation check - Scenario 26 [Priority: CRITICAL]
[2026-07-19T17:07:49.728Z] INFO: Finished Test Case: TC_CRUD_026 - Status: PASSED (49ms)

[2026-07-19T17:07:49.728Z] INFO: Starting Test Case: TC_CRUD_027 - CRUD Operations validation check - Scenario 27 [Priority: HIGH]
[2026-07-19T17:07:49.776Z] INFO: Finished Test Case: TC_CRUD_027 - Status: PASSED (48ms)

[2026-07-19T17:07:49.776Z] INFO: Starting Test Case: TC_CRUD_028 - CRUD Operations validation check - Scenario 28 [Priority: HIGH]
[2026-07-19T17:07:49.797Z] INFO: Finished Test Case: TC_CRUD_028 - Status: PASSED (21ms)

[2026-07-19T17:07:49.797Z] INFO: Starting Test Case: TC_CRUD_029 - CRUD Operations validation check - Scenario 29 [Priority: LOW]
[2026-07-19T17:07:49.840Z] INFO: Finished Test Case: TC_CRUD_029 - Status: PASSED (43ms)

[2026-07-19T17:07:49.840Z] INFO: Starting Test Case: TC_CRUD_030 - CRUD Operations validation check - Scenario 30 [Priority: MEDIUM]
[2026-07-19T17:07:49.874Z] INFO: Finished Test Case: TC_CRUD_030 - Status: PASSED (34ms)

[2026-07-19T17:07:49.875Z] INFO: Starting Test Case: TC_CRUD_031 - CRUD Operations validation check - Scenario 31 [Priority: CRITICAL]
[2026-07-19T17:07:49.924Z] INFO: Finished Test Case: TC_CRUD_031 - Status: PASSED (49ms)

[2026-07-19T17:07:49.924Z] INFO: Starting Test Case: TC_CRUD_032 - CRUD Operations validation check - Scenario 32 [Priority: HIGH]
[2026-07-19T17:07:49.938Z] INFO: Finished Test Case: TC_CRUD_032 - Status: PASSED (14ms)

[2026-07-19T17:07:49.939Z] INFO: Starting Test Case: TC_CRUD_033 - CRUD Operations validation check - Scenario 33 [Priority: HIGH]
[2026-07-19T17:07:49.980Z] INFO: Finished Test Case: TC_CRUD_033 - Status: PASSED (41ms)

[2026-07-19T17:07:49.980Z] INFO: Starting Test Case: TC_CRUD_034 - CRUD Operations validation check - Scenario 34 [Priority: LOW]
[2026-07-19T17:07:49.992Z] INFO: Finished Test Case: TC_CRUD_034 - Status: PASSED (11ms)

[2026-07-19T17:07:49.992Z] INFO: Starting Test Case: TC_CRUD_035 - CRUD Operations validation check - Scenario 35 [Priority: MEDIUM]
[2026-07-19T17:07:50.015Z] INFO: Finished Test Case: TC_CRUD_035 - Status: PASSED (23ms)

[2026-07-19T17:07:50.015Z] INFO: Starting Test Case: TC_CRUD_036 - CRUD Operations validation check - Scenario 36 [Priority: CRITICAL]
[2026-07-19T17:07:50.025Z] INFO: Finished Test Case: TC_CRUD_036 - Status: PASSED (10ms)

[2026-07-19T17:07:50.025Z] INFO: Starting Test Case: TC_CRUD_037 - CRUD Operations validation check - Scenario 37 [Priority: HIGH]
[2026-07-19T17:07:50.048Z] INFO: Finished Test Case: TC_CRUD_037 - Status: PASSED (23ms)

[2026-07-19T17:07:50.049Z] INFO: Starting Test Case: TC_CRUD_038 - CRUD Operations validation check - Scenario 38 [Priority: HIGH]
[2026-07-19T17:07:50.057Z] INFO: Finished Test Case: TC_CRUD_038 - Status: PASSED (8ms)

[2026-07-19T17:07:50.058Z] INFO: Starting Test Case: TC_CRUD_039 - CRUD Operations validation check - Scenario 39 [Priority: LOW]
[2026-07-19T17:07:50.076Z] INFO: Finished Test Case: TC_CRUD_039 - Status: PASSED (18ms)

[2026-07-19T17:07:50.076Z] INFO: Starting Test Case: TC_CRUD_040 - CRUD Operations validation check - Scenario 40 [Priority: MEDIUM]
[2026-07-19T17:07:50.084Z] INFO: Finished Test Case: TC_CRUD_040 - Status: PASSED (8ms)

[2026-07-19T17:07:50.085Z] INFO: Starting Test Case: TC_CRUD_041 - CRUD Operations validation check - Scenario 41 [Priority: CRITICAL]
[2026-07-19T17:07:50.100Z] INFO: Finished Test Case: TC_CRUD_041 - Status: PASSED (15ms)

[2026-07-19T17:07:50.100Z] INFO: Starting Test Case: TC_CRUD_042 - CRUD Operations validation check - Scenario 42 [Priority: HIGH]
[2026-07-19T17:07:50.135Z] INFO: Finished Test Case: TC_CRUD_042 - Status: PASSED (35ms)

[2026-07-19T17:07:50.135Z] INFO: Starting Test Case: TC_CRUD_043 - CRUD Operations validation check - Scenario 43 [Priority: HIGH]
[2026-07-19T17:07:50.167Z] INFO: Finished Test Case: TC_CRUD_043 - Status: PASSED (32ms)

[2026-07-19T17:07:50.167Z] INFO: Starting Test Case: TC_CRUD_044 - CRUD Operations validation check - Scenario 44 [Priority: LOW]
[2026-07-19T17:07:50.201Z] INFO: Finished Test Case: TC_CRUD_044 - Status: PASSED (34ms)

[2026-07-19T17:07:50.201Z] INFO: Starting Test Case: TC_CRUD_045 - CRUD Operations validation check - Scenario 45 [Priority: MEDIUM]
[2026-07-19T17:07:50.211Z] INFO: Finished Test Case: TC_CRUD_045 - Status: PASSED (10ms)

[2026-07-19T17:07:50.211Z] INFO: Starting Test Case: TC_CRUD_046 - CRUD Operations validation check - Scenario 46 [Priority: CRITICAL]
[2026-07-19T17:07:50.242Z] INFO: Finished Test Case: TC_CRUD_046 - Status: PASSED (31ms)

[2026-07-19T17:07:50.242Z] INFO: Starting Test Case: TC_CRUD_047 - CRUD Operations validation check - Scenario 47 [Priority: HIGH]
[2026-07-19T17:07:50.281Z] INFO: Finished Test Case: TC_CRUD_047 - Status: PASSED (39ms)

[2026-07-19T17:07:50.282Z] INFO: Starting Test Case: TC_CRUD_048 - CRUD Operations validation check - Scenario 48 [Priority: HIGH]
[2026-07-19T17:07:50.306Z] INFO: Finished Test Case: TC_CRUD_048 - Status: PASSED (24ms)

[2026-07-19T17:07:50.306Z] INFO: Starting Test Case: TC_CRUD_049 - CRUD Operations validation check - Scenario 49 [Priority: LOW]
[2026-07-19T17:07:50.323Z] INFO: Finished Test Case: TC_CRUD_049 - Status: PASSED (17ms)

[2026-07-19T17:07:50.323Z] INFO: Starting Test Case: TC_CRUD_050 - CRUD Operations validation check - Scenario 50 [Priority: MEDIUM]
[2026-07-19T17:07:50.355Z] INFO: Finished Test Case: TC_CRUD_050 - Status: PASSED (32ms)

[2026-07-19T17:07:50.355Z] INFO: Starting Test Case: TC_VALIDATION_001 - Input Validation validation check - Scenario 1 [Priority: CRITICAL]
[2026-07-19T17:07:50.393Z] INFO: Finished Test Case: TC_VALIDATION_001 - Status: PASSED (38ms)

[2026-07-19T17:07:50.393Z] INFO: Starting Test Case: TC_VALIDATION_002 - Input Validation validation check - Scenario 2 [Priority: HIGH]
[2026-07-19T17:07:50.409Z] INFO: Finished Test Case: TC_VALIDATION_002 - Status: PASSED (16ms)

[2026-07-19T17:07:50.409Z] INFO: Starting Test Case: TC_VALIDATION_003 - Input Validation validation check - Scenario 3 [Priority: HIGH]
[2026-07-19T17:07:50.448Z] INFO: Finished Test Case: TC_VALIDATION_003 - Status: PASSED (39ms)

[2026-07-19T17:07:50.448Z] INFO: Starting Test Case: TC_VALIDATION_004 - Input Validation validation check - Scenario 4 [Priority: LOW]
[2026-07-19T17:07:50.478Z] INFO: Finished Test Case: TC_VALIDATION_004 - Status: PASSED (30ms)

[2026-07-19T17:07:50.479Z] INFO: Starting Test Case: TC_VALIDATION_005 - Input Validation validation check - Scenario 5 [Priority: MEDIUM]
[2026-07-19T17:07:50.500Z] INFO: Finished Test Case: TC_VALIDATION_005 - Status: PASSED (22ms)

[2026-07-19T17:07:50.500Z] INFO: Starting Test Case: TC_VALIDATION_006 - Input Validation validation check - Scenario 6 [Priority: CRITICAL]
[2026-07-19T17:07:50.524Z] INFO: Finished Test Case: TC_VALIDATION_006 - Status: PASSED (24ms)

[2026-07-19T17:07:50.525Z] INFO: Starting Test Case: TC_VALIDATION_007 - Input Validation validation check - Scenario 7 [Priority: HIGH]
[2026-07-19T17:07:50.564Z] INFO: Finished Test Case: TC_VALIDATION_007 - Status: PASSED (39ms)

[2026-07-19T17:07:50.564Z] INFO: Starting Test Case: TC_VALIDATION_008 - Input Validation validation check - Scenario 8 [Priority: HIGH]
[2026-07-19T17:07:50.604Z] INFO: Finished Test Case: TC_VALIDATION_008 - Status: PASSED (40ms)

[2026-07-19T17:07:50.604Z] INFO: Starting Test Case: TC_VALIDATION_009 - Input Validation validation check - Scenario 9 [Priority: LOW]
[2026-07-19T17:07:50.650Z] INFO: Finished Test Case: TC_VALIDATION_009 - Status: PASSED (46ms)

[2026-07-19T17:07:50.650Z] INFO: Starting Test Case: TC_VALIDATION_010 - Input Validation validation check - Scenario 10 [Priority: MEDIUM]
[2026-07-19T17:07:50.663Z] INFO: Finished Test Case: TC_VALIDATION_010 - Status: PASSED (13ms)

[2026-07-19T17:07:50.663Z] INFO: Starting Test Case: TC_VALIDATION_011 - Input Validation validation check - Scenario 11 [Priority: CRITICAL]
[2026-07-19T17:07:50.709Z] INFO: Finished Test Case: TC_VALIDATION_011 - Status: PASSED (46ms)

[2026-07-19T17:07:50.709Z] INFO: Starting Test Case: TC_VALIDATION_012 - Input Validation validation check - Scenario 12 [Priority: HIGH]
[2026-07-19T17:07:50.733Z] INFO: Finished Test Case: TC_VALIDATION_012 - Status: PASSED (24ms)

[2026-07-19T17:07:50.733Z] INFO: Starting Test Case: TC_VALIDATION_013 - Input Validation validation check - Scenario 13 [Priority: HIGH]
[2026-07-19T17:07:50.754Z] INFO: Finished Test Case: TC_VALIDATION_013 - Status: PASSED (21ms)

[2026-07-19T17:07:50.755Z] INFO: Starting Test Case: TC_VALIDATION_014 - Input Validation validation check - Scenario 14 [Priority: LOW]
[2026-07-19T17:07:50.762Z] INFO: Finished Test Case: TC_VALIDATION_014 - Status: PASSED (7ms)

[2026-07-19T17:07:50.762Z] INFO: Starting Test Case: TC_VALIDATION_015 - Input Validation validation check - Scenario 15 [Priority: MEDIUM]
[2026-07-19T17:07:50.796Z] INFO: Finished Test Case: TC_VALIDATION_015 - Status: PASSED (34ms)

[2026-07-19T17:07:50.797Z] INFO: Starting Test Case: TC_VALIDATION_016 - Input Validation validation check - Scenario 16 [Priority: CRITICAL]
[2026-07-19T17:07:50.822Z] INFO: Finished Test Case: TC_VALIDATION_016 - Status: PASSED (25ms)

[2026-07-19T17:07:50.822Z] INFO: Starting Test Case: TC_VALIDATION_017 - Input Validation validation check - Scenario 17 [Priority: HIGH]
[2026-07-19T17:07:50.839Z] INFO: Finished Test Case: TC_VALIDATION_017 - Status: PASSED (17ms)

[2026-07-19T17:07:50.839Z] INFO: Starting Test Case: TC_VALIDATION_018 - Input Validation validation check - Scenario 18 [Priority: HIGH]
[2026-07-19T17:07:50.857Z] INFO: Finished Test Case: TC_VALIDATION_018 - Status: PASSED (18ms)

[2026-07-19T17:07:50.857Z] INFO: Starting Test Case: TC_VALIDATION_019 - Input Validation validation check - Scenario 19 [Priority: LOW]
[2026-07-19T17:07:50.887Z] INFO: Finished Test Case: TC_VALIDATION_019 - Status: PASSED (30ms)

[2026-07-19T17:07:50.887Z] INFO: Starting Test Case: TC_VALIDATION_020 - Input Validation validation check - Scenario 20 [Priority: MEDIUM]
[2026-07-19T17:07:50.910Z] INFO: Finished Test Case: TC_VALIDATION_020 - Status: PASSED (23ms)

[2026-07-19T17:07:50.910Z] INFO: Starting Test Case: TC_VALIDATION_021 - Input Validation validation check - Scenario 21 [Priority: CRITICAL]
[2026-07-19T17:07:50.942Z] INFO: Finished Test Case: TC_VALIDATION_021 - Status: PASSED (32ms)

[2026-07-19T17:07:50.942Z] INFO: Starting Test Case: TC_VALIDATION_022 - Input Validation validation check - Scenario 22 [Priority: HIGH]
[2026-07-19T17:07:50.964Z] INFO: Finished Test Case: TC_VALIDATION_022 - Status: PASSED (22ms)

[2026-07-19T17:07:50.965Z] INFO: Starting Test Case: TC_VALIDATION_023 - Input Validation validation check - Scenario 23 [Priority: HIGH]
[2026-07-19T17:07:50.985Z] INFO: Finished Test Case: TC_VALIDATION_023 - Status: PASSED (21ms)

[2026-07-19T17:07:50.985Z] INFO: Starting Test Case: TC_VALIDATION_024 - Input Validation validation check - Scenario 24 [Priority: LOW]
[2026-07-19T17:07:51.029Z] INFO: Finished Test Case: TC_VALIDATION_024 - Status: PASSED (43ms)

[2026-07-19T17:07:51.029Z] INFO: Starting Test Case: TC_VALIDATION_025 - Input Validation validation check - Scenario 25 [Priority: MEDIUM]
[2026-07-19T17:07:51.050Z] INFO: Finished Test Case: TC_VALIDATION_025 - Status: PASSED (21ms)

[2026-07-19T17:07:51.050Z] INFO: Starting Test Case: TC_VALIDATION_026 - Input Validation validation check - Scenario 26 [Priority: CRITICAL]
[2026-07-19T17:07:51.065Z] INFO: Finished Test Case: TC_VALIDATION_026 - Status: PASSED (15ms)

[2026-07-19T17:07:51.065Z] INFO: Starting Test Case: TC_VALIDATION_027 - Input Validation validation check - Scenario 27 [Priority: HIGH]
[2026-07-19T17:07:51.114Z] INFO: Finished Test Case: TC_VALIDATION_027 - Status: PASSED (49ms)

[2026-07-19T17:07:51.115Z] INFO: Starting Test Case: TC_VALIDATION_028 - Input Validation validation check - Scenario 28 [Priority: HIGH]
[2026-07-19T17:07:51.138Z] INFO: Finished Test Case: TC_VALIDATION_028 - Status: PASSED (23ms)

[2026-07-19T17:07:51.138Z] INFO: Starting Test Case: TC_VALIDATION_029 - Input Validation validation check - Scenario 29 [Priority: LOW]
[2026-07-19T17:07:51.177Z] INFO: Finished Test Case: TC_VALIDATION_029 - Status: PASSED (39ms)

[2026-07-19T17:07:51.177Z] INFO: Starting Test Case: TC_VALIDATION_030 - Input Validation validation check - Scenario 30 [Priority: MEDIUM]
[2026-07-19T17:07:51.194Z] INFO: Finished Test Case: TC_VALIDATION_030 - Status: PASSED (17ms)

[2026-07-19T17:07:51.194Z] INFO: Starting Test Case: TC_VALIDATION_031 - Input Validation validation check - Scenario 31 [Priority: CRITICAL]
[2026-07-19T17:07:51.233Z] INFO: Finished Test Case: TC_VALIDATION_031 - Status: PASSED (39ms)

[2026-07-19T17:07:51.233Z] INFO: Starting Test Case: TC_VALIDATION_032 - Input Validation validation check - Scenario 32 [Priority: HIGH]
[2026-07-19T17:07:51.241Z] INFO: Finished Test Case: TC_VALIDATION_032 - Status: PASSED (8ms)

[2026-07-19T17:07:51.242Z] INFO: Starting Test Case: TC_VALIDATION_033 - Input Validation validation check - Scenario 33 [Priority: HIGH]
[2026-07-19T17:07:51.282Z] INFO: Finished Test Case: TC_VALIDATION_033 - Status: PASSED (40ms)

[2026-07-19T17:07:51.282Z] INFO: Starting Test Case: TC_VALIDATION_034 - Input Validation validation check - Scenario 34 [Priority: LOW]
[2026-07-19T17:07:51.289Z] INFO: Finished Test Case: TC_VALIDATION_034 - Status: PASSED (7ms)

[2026-07-19T17:07:51.289Z] INFO: Starting Test Case: TC_VALIDATION_035 - Input Validation validation check - Scenario 35 [Priority: MEDIUM]
[2026-07-19T17:07:51.307Z] INFO: Finished Test Case: TC_VALIDATION_035 - Status: PASSED (18ms)

[2026-07-19T17:07:51.307Z] INFO: Starting Test Case: TC_VALIDATION_036 - Input Validation validation check - Scenario 36 [Priority: CRITICAL]
[2026-07-19T17:07:51.318Z] INFO: Finished Test Case: TC_VALIDATION_036 - Status: PASSED (11ms)

[2026-07-19T17:07:51.318Z] INFO: Starting Test Case: TC_VALIDATION_037 - Input Validation validation check - Scenario 37 [Priority: HIGH]
[2026-07-19T17:07:51.350Z] INFO: Finished Test Case: TC_VALIDATION_037 - Status: PASSED (32ms)

[2026-07-19T17:07:51.350Z] INFO: Starting Test Case: TC_VALIDATION_038 - Input Validation validation check - Scenario 38 [Priority: HIGH]
[2026-07-19T17:07:51.358Z] INFO: Finished Test Case: TC_VALIDATION_038 - Status: PASSED (8ms)

[2026-07-19T17:07:51.358Z] INFO: Starting Test Case: TC_VALIDATION_039 - Input Validation validation check - Scenario 39 [Priority: LOW]
[2026-07-19T17:07:51.368Z] INFO: Finished Test Case: TC_VALIDATION_039 - Status: PASSED (10ms)

[2026-07-19T17:07:51.368Z] INFO: Starting Test Case: TC_VALIDATION_040 - Input Validation validation check - Scenario 40 [Priority: MEDIUM]
[2026-07-19T17:07:51.409Z] INFO: Finished Test Case: TC_VALIDATION_040 - Status: PASSED (41ms)

[2026-07-19T17:07:51.409Z] INFO: Starting Test Case: TC_ERROR_001 - Error Handling validation check - Scenario 1 [Priority: CRITICAL]
[2026-07-19T17:07:51.436Z] INFO: Finished Test Case: TC_ERROR_001 - Status: PASSED (27ms)

[2026-07-19T17:07:51.436Z] INFO: Starting Test Case: TC_ERROR_002 - Error Handling validation check - Scenario 2 [Priority: HIGH]
[2026-07-19T17:07:51.459Z] INFO: Finished Test Case: TC_ERROR_002 - Status: PASSED (23ms)

[2026-07-19T17:07:51.459Z] INFO: Starting Test Case: TC_ERROR_003 - Error Handling validation check - Scenario 3 [Priority: HIGH]
[2026-07-19T17:07:51.483Z] INFO: Finished Test Case: TC_ERROR_003 - Status: PASSED (24ms)

[2026-07-19T17:07:51.484Z] INFO: Starting Test Case: TC_ERROR_004 - Error Handling validation check - Scenario 4 [Priority: LOW]
[2026-07-19T17:07:51.489Z] INFO: Finished Test Case: TC_ERROR_004 - Status: PASSED (5ms)

[2026-07-19T17:07:51.489Z] INFO: Starting Test Case: TC_ERROR_005 - Error Handling validation check - Scenario 5 [Priority: MEDIUM]
[2026-07-19T17:07:51.507Z] INFO: Finished Test Case: TC_ERROR_005 - Status: PASSED (18ms)

[2026-07-19T17:07:51.508Z] INFO: Starting Test Case: TC_ERROR_006 - Error Handling validation check - Scenario 6 [Priority: CRITICAL]
[2026-07-19T17:07:51.522Z] INFO: Finished Test Case: TC_ERROR_006 - Status: PASSED (14ms)

[2026-07-19T17:07:51.522Z] INFO: Starting Test Case: TC_ERROR_007 - Error Handling validation check - Scenario 7 [Priority: HIGH]
[2026-07-19T17:07:51.570Z] INFO: Finished Test Case: TC_ERROR_007 - Status: PASSED (48ms)

[2026-07-19T17:07:51.571Z] INFO: Starting Test Case: TC_ERROR_008 - Error Handling validation check - Scenario 8 [Priority: HIGH]
[2026-07-19T17:07:51.604Z] INFO: Finished Test Case: TC_ERROR_008 - Status: PASSED (33ms)

[2026-07-19T17:07:51.604Z] INFO: Starting Test Case: TC_ERROR_009 - Error Handling validation check - Scenario 9 [Priority: LOW]
[2026-07-19T17:07:51.612Z] INFO: Finished Test Case: TC_ERROR_009 - Status: PASSED (7ms)

[2026-07-19T17:07:51.612Z] INFO: Starting Test Case: TC_ERROR_010 - Error Handling validation check - Scenario 10 [Priority: MEDIUM]
[2026-07-19T17:07:51.633Z] INFO: Finished Test Case: TC_ERROR_010 - Status: PASSED (21ms)

[2026-07-19T17:07:51.633Z] INFO: Starting Test Case: TC_ERROR_011 - Error Handling validation check - Scenario 11 [Priority: CRITICAL]
[2026-07-19T17:07:51.677Z] INFO: Finished Test Case: TC_ERROR_011 - Status: PASSED (44ms)

[2026-07-19T17:07:51.677Z] INFO: Starting Test Case: TC_ERROR_012 - Error Handling validation check - Scenario 12 [Priority: HIGH]
[2026-07-19T17:07:51.686Z] INFO: Finished Test Case: TC_ERROR_012 - Status: PASSED (9ms)

[2026-07-19T17:07:51.686Z] INFO: Starting Test Case: TC_ERROR_013 - Error Handling validation check - Scenario 13 [Priority: HIGH]
[2026-07-19T17:07:51.726Z] INFO: Finished Test Case: TC_ERROR_013 - Status: PASSED (40ms)

[2026-07-19T17:07:51.726Z] INFO: Starting Test Case: TC_ERROR_014 - Error Handling validation check - Scenario 14 [Priority: LOW]
[2026-07-19T17:07:51.765Z] INFO: Finished Test Case: TC_ERROR_014 - Status: PASSED (39ms)

[2026-07-19T17:07:51.765Z] INFO: Starting Test Case: TC_ERROR_015 - Error Handling validation check - Scenario 15 [Priority: MEDIUM]
[2026-07-19T17:07:51.788Z] INFO: Finished Test Case: TC_ERROR_015 - Status: PASSED (23ms)

[2026-07-19T17:07:51.788Z] INFO: Starting Test Case: TC_ERROR_016 - Error Handling validation check - Scenario 16 [Priority: CRITICAL]
[2026-07-19T17:07:51.816Z] INFO: Finished Test Case: TC_ERROR_016 - Status: PASSED (28ms)

[2026-07-19T17:07:51.817Z] INFO: Starting Test Case: TC_ERROR_017 - Error Handling validation check - Scenario 17 [Priority: HIGH]
[2026-07-19T17:07:51.858Z] INFO: Finished Test Case: TC_ERROR_017 - Status: PASSED (41ms)

[2026-07-19T17:07:51.858Z] INFO: Starting Test Case: TC_ERROR_018 - Error Handling validation check - Scenario 18 [Priority: HIGH]
[2026-07-19T17:07:51.892Z] INFO: Finished Test Case: TC_ERROR_018 - Status: PASSED (34ms)

[2026-07-19T17:07:51.893Z] INFO: Starting Test Case: TC_ERROR_019 - Error Handling validation check - Scenario 19 [Priority: LOW]
[2026-07-19T17:07:51.928Z] INFO: Finished Test Case: TC_ERROR_019 - Status: PASSED (35ms)

[2026-07-19T17:07:51.928Z] INFO: Starting Test Case: TC_ERROR_020 - Error Handling validation check - Scenario 20 [Priority: MEDIUM]
[2026-07-19T17:07:51.948Z] INFO: Finished Test Case: TC_ERROR_020 - Status: PASSED (20ms)

[2026-07-19T17:07:51.948Z] INFO: Starting Test Case: TC_SESSION_001 - Session Management validation check - Scenario 1 [Priority: CRITICAL]
[2026-07-19T17:07:51.994Z] INFO: Finished Test Case: TC_SESSION_001 - Status: PASSED (46ms)

[2026-07-19T17:07:51.994Z] INFO: Starting Test Case: TC_SESSION_002 - Session Management validation check - Scenario 2 [Priority: HIGH]
[2026-07-19T17:07:52.040Z] INFO: Finished Test Case: TC_SESSION_002 - Status: PASSED (46ms)

[2026-07-19T17:07:52.040Z] INFO: Starting Test Case: TC_SESSION_003 - Session Management validation check - Scenario 3 [Priority: HIGH]
[2026-07-19T17:07:52.089Z] INFO: Finished Test Case: TC_SESSION_003 - Status: PASSED (49ms)

[2026-07-19T17:07:52.090Z] INFO: Starting Test Case: TC_SESSION_004 - Session Management validation check - Scenario 4 [Priority: LOW]
[2026-07-19T17:07:52.125Z] INFO: Finished Test Case: TC_SESSION_004 - Status: PASSED (35ms)

[2026-07-19T17:07:52.125Z] INFO: Starting Test Case: TC_SESSION_005 - Session Management validation check - Scenario 5 [Priority: MEDIUM]
[2026-07-19T17:07:52.154Z] INFO: Finished Test Case: TC_SESSION_005 - Status: PASSED (28ms)

[2026-07-19T17:07:52.154Z] INFO: Starting Test Case: TC_SESSION_006 - Session Management validation check - Scenario 6 [Priority: CRITICAL]
[2026-07-19T17:07:52.171Z] INFO: Finished Test Case: TC_SESSION_006 - Status: PASSED (17ms)

[2026-07-19T17:07:52.171Z] INFO: Starting Test Case: TC_SESSION_007 - Session Management validation check - Scenario 7 [Priority: HIGH]
[2026-07-19T17:07:52.197Z] INFO: Finished Test Case: TC_SESSION_007 - Status: PASSED (26ms)

[2026-07-19T17:07:52.197Z] INFO: Starting Test Case: TC_SESSION_008 - Session Management validation check - Scenario 8 [Priority: HIGH]
[2026-07-19T17:07:52.203Z] INFO: Finished Test Case: TC_SESSION_008 - Status: PASSED (6ms)

[2026-07-19T17:07:52.203Z] INFO: Starting Test Case: TC_SESSION_009 - Session Management validation check - Scenario 9 [Priority: LOW]
[2026-07-19T17:07:52.209Z] INFO: Finished Test Case: TC_SESSION_009 - Status: PASSED (6ms)

[2026-07-19T17:07:52.209Z] INFO: Starting Test Case: TC_SESSION_010 - Session Management validation check - Scenario 10 [Priority: MEDIUM]
[2026-07-19T17:07:52.250Z] INFO: Finished Test Case: TC_SESSION_010 - Status: PASSED (41ms)

[2026-07-19T17:07:52.250Z] INFO: Starting Test Case: TC_SESSION_011 - Session Management validation check - Scenario 11 [Priority: CRITICAL]
[2026-07-19T17:07:52.284Z] INFO: Finished Test Case: TC_SESSION_011 - Status: PASSED (34ms)

[2026-07-19T17:07:52.284Z] INFO: Starting Test Case: TC_SESSION_012 - Session Management validation check - Scenario 12 [Priority: HIGH]
[2026-07-19T17:07:52.323Z] INFO: Finished Test Case: TC_SESSION_012 - Status: PASSED (39ms)

[2026-07-19T17:07:52.323Z] INFO: Starting Test Case: TC_SESSION_013 - Session Management validation check - Scenario 13 [Priority: HIGH]
[2026-07-19T17:07:52.370Z] INFO: Finished Test Case: TC_SESSION_013 - Status: PASSED (47ms)

[2026-07-19T17:07:52.370Z] INFO: Starting Test Case: TC_SESSION_014 - Session Management validation check - Scenario 14 [Priority: LOW]
[2026-07-19T17:07:52.385Z] INFO: Finished Test Case: TC_SESSION_014 - Status: PASSED (15ms)

[2026-07-19T17:07:52.386Z] INFO: Starting Test Case: TC_SESSION_015 - Session Management validation check - Scenario 15 [Priority: MEDIUM]
[2026-07-19T17:07:52.415Z] INFO: Finished Test Case: TC_SESSION_015 - Status: PASSED (29ms)

[2026-07-19T17:07:52.415Z] INFO: Starting Test Case: TC_SESSION_016 - Session Management validation check - Scenario 16 [Priority: CRITICAL]
[2026-07-19T17:07:52.427Z] INFO: Finished Test Case: TC_SESSION_016 - Status: PASSED (12ms)

[2026-07-19T17:07:52.428Z] INFO: Starting Test Case: TC_SESSION_017 - Session Management validation check - Scenario 17 [Priority: HIGH]
[2026-07-19T17:07:52.469Z] INFO: Finished Test Case: TC_SESSION_017 - Status: PASSED (41ms)

[2026-07-19T17:07:52.469Z] INFO: Starting Test Case: TC_SESSION_018 - Session Management validation check - Scenario 18 [Priority: HIGH]
[2026-07-19T17:07:52.499Z] INFO: Finished Test Case: TC_SESSION_018 - Status: PASSED (30ms)

[2026-07-19T17:07:52.499Z] INFO: Starting Test Case: TC_SESSION_019 - Session Management validation check - Scenario 19 [Priority: LOW]
[2026-07-19T17:07:52.533Z] INFO: Finished Test Case: TC_SESSION_019 - Status: PASSED (34ms)

[2026-07-19T17:07:52.533Z] INFO: Starting Test Case: TC_SESSION_020 - Session Management validation check - Scenario 20 [Priority: MEDIUM]
[2026-07-19T17:07:52.565Z] INFO: Finished Test Case: TC_SESSION_020 - Status: PASSED (32ms)

[2026-07-19T17:07:52.565Z] INFO: Starting Test Case: TC_FILE_001 - File Upload validation check - Scenario 1 [Priority: CRITICAL]
[2026-07-19T17:07:52.577Z] INFO: Finished Test Case: TC_FILE_001 - Status: PASSED (12ms)

[2026-07-19T17:07:52.578Z] INFO: Starting Test Case: TC_FILE_002 - File Upload validation check - Scenario 2 [Priority: HIGH]
[2026-07-19T17:07:52.578Z] INFO: Running E2E: Large File Upload...
[2026-07-19T17:07:52.578Z] INFO: Finished Test Case: TC_FILE_002 - Status: PASSED (0ms)

[2026-07-19T17:07:52.578Z] INFO: Starting Test Case: TC_FILE_003 - File Upload validation check - Scenario 3 [Priority: HIGH]
[2026-07-19T17:07:52.608Z] INFO: Finished Test Case: TC_FILE_003 - Status: PASSED (30ms)

[2026-07-19T17:07:52.608Z] INFO: Starting Test Case: TC_FILE_004 - File Upload validation check - Scenario 4 [Priority: LOW]
[2026-07-19T17:07:52.625Z] INFO: Finished Test Case: TC_FILE_004 - Status: PASSED (17ms)

[2026-07-19T17:07:52.625Z] INFO: Starting Test Case: TC_FILE_005 - File Upload validation check - Scenario 5 [Priority: MEDIUM]
[2026-07-19T17:07:52.631Z] INFO: Finished Test Case: TC_FILE_005 - Status: PASSED (6ms)

[2026-07-19T17:07:52.631Z] INFO: Starting Test Case: TC_FILE_006 - File Upload validation check - Scenario 6 [Priority: CRITICAL]
[2026-07-19T17:07:52.646Z] INFO: Finished Test Case: TC_FILE_006 - Status: PASSED (15ms)

[2026-07-19T17:07:52.646Z] INFO: Starting Test Case: TC_FILE_007 - File Upload validation check - Scenario 7 [Priority: HIGH]
[2026-07-19T17:07:52.657Z] INFO: Finished Test Case: TC_FILE_007 - Status: PASSED (11ms)

[2026-07-19T17:07:52.657Z] INFO: Starting Test Case: TC_FILE_008 - File Upload validation check - Scenario 8 [Priority: HIGH]
[2026-07-19T17:07:52.669Z] INFO: Finished Test Case: TC_FILE_008 - Status: PASSED (12ms)

[2026-07-19T17:07:52.669Z] INFO: Starting Test Case: TC_FILE_009 - File Upload validation check - Scenario 9 [Priority: LOW]
[2026-07-19T17:07:52.689Z] INFO: Finished Test Case: TC_FILE_009 - Status: PASSED (20ms)

[2026-07-19T17:07:52.689Z] INFO: Starting Test Case: TC_FILE_010 - File Upload validation check - Scenario 10 [Priority: MEDIUM]
[2026-07-19T17:07:52.699Z] INFO: Finished Test Case: TC_FILE_010 - Status: PASSED (10ms)

[2026-07-19T17:07:52.699Z] INFO: Starting Test Case: TC_FILE_011 - File Upload validation check - Scenario 11 [Priority: CRITICAL]
[2026-07-19T17:07:52.722Z] INFO: Finished Test Case: TC_FILE_011 - Status: PASSED (23ms)

[2026-07-19T17:07:52.722Z] INFO: Starting Test Case: TC_FILE_012 - File Upload validation check - Scenario 12 [Priority: HIGH]
[2026-07-19T17:07:52.765Z] INFO: Finished Test Case: TC_FILE_012 - Status: PASSED (43ms)

[2026-07-19T17:07:52.765Z] INFO: Starting Test Case: TC_FILE_013 - File Upload validation check - Scenario 13 [Priority: HIGH]
[2026-07-19T17:07:52.792Z] INFO: Finished Test Case: TC_FILE_013 - Status: PASSED (27ms)

[2026-07-19T17:07:52.793Z] INFO: Starting Test Case: TC_FILE_014 - File Upload validation check - Scenario 14 [Priority: LOW]
[2026-07-19T17:07:52.839Z] INFO: Finished Test Case: TC_FILE_014 - Status: PASSED (46ms)

[2026-07-19T17:07:52.839Z] INFO: Starting Test Case: TC_FILE_015 - File Upload validation check - Scenario 15 [Priority: MEDIUM]
[2026-07-19T17:07:52.857Z] INFO: Finished Test Case: TC_FILE_015 - Status: PASSED (18ms)

[2026-07-19T17:07:52.857Z] INFO: Starting Test Case: TC_FILE_016 - File Upload validation check - Scenario 16 [Priority: CRITICAL]
[2026-07-19T17:07:52.879Z] INFO: Finished Test Case: TC_FILE_016 - Status: PASSED (22ms)

[2026-07-19T17:07:52.879Z] INFO: Starting Test Case: TC_FILE_017 - File Upload validation check - Scenario 17 [Priority: HIGH]
[2026-07-19T17:07:52.904Z] INFO: Finished Test Case: TC_FILE_017 - Status: PASSED (25ms)

[2026-07-19T17:07:52.904Z] INFO: Starting Test Case: TC_FILE_018 - File Upload validation check - Scenario 18 [Priority: HIGH]
[2026-07-19T17:07:52.914Z] INFO: Finished Test Case: TC_FILE_018 - Status: PASSED (10ms)

[2026-07-19T17:07:52.914Z] INFO: Starting Test Case: TC_FILE_019 - File Upload validation check - Scenario 19 [Priority: LOW]
[2026-07-19T17:07:52.949Z] INFO: Finished Test Case: TC_FILE_019 - Status: PASSED (35ms)

[2026-07-19T17:07:52.949Z] INFO: Starting Test Case: TC_FILE_020 - File Upload validation check - Scenario 20 [Priority: MEDIUM]
[2026-07-19T17:07:52.981Z] INFO: Finished Test Case: TC_FILE_020 - Status: PASSED (32ms)

[2026-07-19T17:07:52.982Z] INFO: Starting Test Case: TC_A11Y_001 - Accessibility validation check - Scenario 1 [Priority: CRITICAL]
[2026-07-19T17:07:53.025Z] INFO: Finished Test Case: TC_A11Y_001 - Status: PASSED (44ms)

[2026-07-19T17:07:53.025Z] INFO: Starting Test Case: TC_A11Y_002 - Accessibility validation check - Scenario 2 [Priority: HIGH]
[2026-07-19T17:07:53.030Z] INFO: Finished Test Case: TC_A11Y_002 - Status: PASSED (5ms)

[2026-07-19T17:07:53.031Z] INFO: Starting Test Case: TC_A11Y_003 - Accessibility validation check - Scenario 3 [Priority: HIGH]
[2026-07-19T17:07:53.049Z] INFO: Finished Test Case: TC_A11Y_003 - Status: PASSED (18ms)

[2026-07-19T17:07:53.049Z] INFO: Starting Test Case: TC_A11Y_004 - Accessibility validation check - Scenario 4 [Priority: LOW]
[2026-07-19T17:07:53.065Z] INFO: Finished Test Case: TC_A11Y_004 - Status: PASSED (16ms)

[2026-07-19T17:07:53.066Z] INFO: Starting Test Case: TC_A11Y_005 - Accessibility validation check - Scenario 5 [Priority: MEDIUM]
[2026-07-19T17:07:53.088Z] INFO: Finished Test Case: TC_A11Y_005 - Status: PASSED (22ms)

[2026-07-19T17:07:53.088Z] INFO: Starting Test Case: TC_A11Y_006 - Accessibility validation check - Scenario 6 [Priority: CRITICAL]
[2026-07-19T17:07:53.115Z] INFO: Finished Test Case: TC_A11Y_006 - Status: PASSED (27ms)

[2026-07-19T17:07:53.115Z] INFO: Starting Test Case: TC_A11Y_007 - Accessibility validation check - Scenario 7 [Priority: HIGH]
[2026-07-19T17:07:53.126Z] INFO: Finished Test Case: TC_A11Y_007 - Status: PASSED (11ms)

[2026-07-19T17:07:53.126Z] INFO: Starting Test Case: TC_A11Y_008 - Accessibility validation check - Scenario 8 [Priority: HIGH]
[2026-07-19T17:07:53.162Z] INFO: Finished Test Case: TC_A11Y_008 - Status: PASSED (36ms)

[2026-07-19T17:07:53.162Z] INFO: Starting Test Case: TC_A11Y_009 - Accessibility validation check - Scenario 9 [Priority: LOW]
[2026-07-19T17:07:53.169Z] INFO: Finished Test Case: TC_A11Y_009 - Status: PASSED (7ms)

[2026-07-19T17:07:53.169Z] INFO: Starting Test Case: TC_A11Y_010 - Accessibility validation check - Scenario 10 [Priority: MEDIUM]
[2026-07-19T17:07:53.202Z] INFO: Finished Test Case: TC_A11Y_010 - Status: PASSED (33ms)

[2026-07-19T17:07:53.202Z] INFO: Starting Test Case: TC_A11Y_011 - Accessibility validation check - Scenario 11 [Priority: CRITICAL]
[2026-07-19T17:07:53.249Z] INFO: Finished Test Case: TC_A11Y_011 - Status: PASSED (47ms)

[2026-07-19T17:07:53.250Z] INFO: Starting Test Case: TC_A11Y_012 - Accessibility validation check - Scenario 12 [Priority: HIGH]
[2026-07-19T17:07:53.297Z] INFO: Finished Test Case: TC_A11Y_012 - Status: PASSED (48ms)

[2026-07-19T17:07:53.297Z] INFO: Starting Test Case: TC_A11Y_013 - Accessibility validation check - Scenario 13 [Priority: HIGH]
[2026-07-19T17:07:53.328Z] INFO: Finished Test Case: TC_A11Y_013 - Status: PASSED (31ms)

[2026-07-19T17:07:53.329Z] INFO: Starting Test Case: TC_A11Y_014 - Accessibility validation check - Scenario 14 [Priority: LOW]
[2026-07-19T17:07:53.358Z] INFO: Finished Test Case: TC_A11Y_014 - Status: PASSED (29ms)

[2026-07-19T17:07:53.358Z] INFO: Starting Test Case: TC_A11Y_015 - Accessibility validation check - Scenario 15 [Priority: MEDIUM]
[2026-07-19T17:07:53.390Z] INFO: Finished Test Case: TC_A11Y_015 - Status: PASSED (32ms)

[2026-07-19T17:07:53.390Z] INFO: Starting Test Case: TC_A11Y_016 - Accessibility validation check - Scenario 16 [Priority: CRITICAL]
[2026-07-19T17:07:53.440Z] INFO: Finished Test Case: TC_A11Y_016 - Status: PASSED (50ms)

[2026-07-19T17:07:53.440Z] INFO: Starting Test Case: TC_A11Y_017 - Accessibility validation check - Scenario 17 [Priority: HIGH]
[2026-07-19T17:07:53.458Z] INFO: Finished Test Case: TC_A11Y_017 - Status: PASSED (18ms)

[2026-07-19T17:07:53.458Z] INFO: Starting Test Case: TC_A11Y_018 - Accessibility validation check - Scenario 18 [Priority: HIGH]
[2026-07-19T17:07:53.489Z] INFO: Finished Test Case: TC_A11Y_018 - Status: PASSED (31ms)

[2026-07-19T17:07:53.489Z] INFO: Starting Test Case: TC_A11Y_019 - Accessibility validation check - Scenario 19 [Priority: LOW]
[2026-07-19T17:07:53.535Z] INFO: Finished Test Case: TC_A11Y_019 - Status: PASSED (46ms)

[2026-07-19T17:07:53.536Z] INFO: Starting Test Case: TC_A11Y_020 - Accessibility validation check - Scenario 20 [Priority: MEDIUM]
[2026-07-19T17:07:53.544Z] INFO: Finished Test Case: TC_A11Y_020 - Status: PASSED (8ms)

[2026-07-19T17:07:53.544Z] INFO: Starting Test Case: TC_RESPONSIVE_001 - Responsive Design validation check - Scenario 1 [Priority: CRITICAL]
[2026-07-19T17:07:53.577Z] INFO: Finished Test Case: TC_RESPONSIVE_001 - Status: PASSED (33ms)

[2026-07-19T17:07:53.578Z] INFO: Starting Test Case: TC_RESPONSIVE_002 - Responsive Design validation check - Scenario 2 [Priority: HIGH]
[2026-07-19T17:07:53.595Z] INFO: Finished Test Case: TC_RESPONSIVE_002 - Status: PASSED (17ms)

[2026-07-19T17:07:53.595Z] INFO: Starting Test Case: TC_RESPONSIVE_003 - Responsive Design validation check - Scenario 3 [Priority: HIGH]
[2026-07-19T17:07:53.606Z] INFO: Finished Test Case: TC_RESPONSIVE_003 - Status: PASSED (11ms)

[2026-07-19T17:07:53.606Z] INFO: Starting Test Case: TC_RESPONSIVE_004 - Responsive Design validation check - Scenario 4 [Priority: LOW]
[2026-07-19T17:07:53.622Z] INFO: Finished Test Case: TC_RESPONSIVE_004 - Status: PASSED (16ms)

[2026-07-19T17:07:53.622Z] INFO: Starting Test Case: TC_RESPONSIVE_005 - Responsive Design validation check - Scenario 5 [Priority: MEDIUM]
[2026-07-19T17:07:53.649Z] INFO: Finished Test Case: TC_RESPONSIVE_005 - Status: PASSED (27ms)

[2026-07-19T17:07:53.650Z] INFO: Starting Test Case: TC_RESPONSIVE_006 - Responsive Design validation check - Scenario 6 [Priority: CRITICAL]
[2026-07-19T17:07:53.687Z] INFO: Finished Test Case: TC_RESPONSIVE_006 - Status: PASSED (37ms)

[2026-07-19T17:07:53.687Z] INFO: Starting Test Case: TC_RESPONSIVE_007 - Responsive Design validation check - Scenario 7 [Priority: HIGH]
[2026-07-19T17:07:53.710Z] INFO: Finished Test Case: TC_RESPONSIVE_007 - Status: PASSED (23ms)

[2026-07-19T17:07:53.710Z] INFO: Starting Test Case: TC_RESPONSIVE_008 - Responsive Design validation check - Scenario 8 [Priority: HIGH]
[2026-07-19T17:07:53.740Z] INFO: Finished Test Case: TC_RESPONSIVE_008 - Status: PASSED (30ms)

[2026-07-19T17:07:53.740Z] INFO: Starting Test Case: TC_RESPONSIVE_009 - Responsive Design validation check - Scenario 9 [Priority: LOW]
[2026-07-19T17:07:53.748Z] INFO: Finished Test Case: TC_RESPONSIVE_009 - Status: PASSED (8ms)

[2026-07-19T17:07:53.748Z] INFO: Starting Test Case: TC_RESPONSIVE_010 - Responsive Design validation check - Scenario 10 [Priority: MEDIUM]
[2026-07-19T17:07:53.791Z] INFO: Finished Test Case: TC_RESPONSIVE_010 - Status: PASSED (43ms)

[2026-07-19T17:07:53.791Z] INFO: Starting Test Case: TC_RESPONSIVE_011 - Responsive Design validation check - Scenario 11 [Priority: CRITICAL]
[2026-07-19T17:07:53.805Z] INFO: Finished Test Case: TC_RESPONSIVE_011 - Status: PASSED (14ms)

[2026-07-19T17:07:53.805Z] INFO: Starting Test Case: TC_RESPONSIVE_012 - Responsive Design validation check - Scenario 12 [Priority: HIGH]
[2026-07-19T17:07:53.826Z] INFO: Finished Test Case: TC_RESPONSIVE_012 - Status: PASSED (21ms)

[2026-07-19T17:07:53.827Z] INFO: Starting Test Case: TC_RESPONSIVE_013 - Responsive Design validation check - Scenario 13 [Priority: HIGH]
[2026-07-19T17:07:53.841Z] INFO: Finished Test Case: TC_RESPONSIVE_013 - Status: PASSED (14ms)

[2026-07-19T17:07:53.841Z] INFO: Starting Test Case: TC_RESPONSIVE_014 - Responsive Design validation check - Scenario 14 [Priority: LOW]
[2026-07-19T17:07:53.848Z] INFO: Finished Test Case: TC_RESPONSIVE_014 - Status: PASSED (7ms)

[2026-07-19T17:07:53.849Z] INFO: Starting Test Case: TC_RESPONSIVE_015 - Responsive Design validation check - Scenario 15 [Priority: MEDIUM]
[2026-07-19T17:07:53.877Z] INFO: Finished Test Case: TC_RESPONSIVE_015 - Status: PASSED (28ms)

[2026-07-19T17:07:53.877Z] INFO: Starting Test Case: TC_RESPONSIVE_016 - Responsive Design validation check - Scenario 16 [Priority: CRITICAL]
[2026-07-19T17:07:53.921Z] INFO: Finished Test Case: TC_RESPONSIVE_016 - Status: PASSED (43ms)

[2026-07-19T17:07:53.921Z] INFO: Starting Test Case: TC_RESPONSIVE_017 - Responsive Design validation check - Scenario 17 [Priority: HIGH]
[2026-07-19T17:07:53.960Z] INFO: Finished Test Case: TC_RESPONSIVE_017 - Status: PASSED (39ms)

[2026-07-19T17:07:53.960Z] INFO: Starting Test Case: TC_RESPONSIVE_018 - Responsive Design validation check - Scenario 18 [Priority: HIGH]
[2026-07-19T17:07:53.997Z] INFO: Finished Test Case: TC_RESPONSIVE_018 - Status: PASSED (37ms)

[2026-07-19T17:07:53.997Z] INFO: Starting Test Case: TC_RESPONSIVE_019 - Responsive Design validation check - Scenario 19 [Priority: LOW]
[2026-07-19T17:07:54.045Z] INFO: Finished Test Case: TC_RESPONSIVE_019 - Status: PASSED (48ms)

[2026-07-19T17:07:54.046Z] INFO: Starting Test Case: TC_RESPONSIVE_020 - Responsive Design validation check - Scenario 20 [Priority: MEDIUM]
[2026-07-19T17:07:54.083Z] INFO: Finished Test Case: TC_RESPONSIVE_020 - Status: PASSED (38ms)

[2026-07-19T17:07:54.083Z] INFO: Starting Test Case: TC_PERF_001 - Performance Smoke validation check - Scenario 1 [Priority: CRITICAL]
[2026-07-19T17:07:54.117Z] INFO: Finished Test Case: TC_PERF_001 - Status: PASSED (33ms)

[2026-07-19T17:07:54.117Z] INFO: Starting Test Case: TC_PERF_002 - Performance Smoke validation check - Scenario 2 [Priority: HIGH]
[2026-07-19T17:07:54.152Z] INFO: Finished Test Case: TC_PERF_002 - Status: PASSED (35ms)

[2026-07-19T17:07:54.152Z] INFO: Starting Test Case: TC_PERF_003 - Performance Smoke validation check - Scenario 3 [Priority: HIGH]
[2026-07-19T17:07:54.180Z] INFO: Finished Test Case: TC_PERF_003 - Status: PASSED (28ms)

[2026-07-19T17:07:54.180Z] INFO: Starting Test Case: TC_PERF_004 - Performance Smoke validation check - Scenario 4 [Priority: LOW]
[2026-07-19T17:07:54.196Z] INFO: Finished Test Case: TC_PERF_004 - Status: PASSED (16ms)

[2026-07-19T17:07:54.197Z] INFO: Starting Test Case: TC_PERF_005 - Performance Smoke validation check - Scenario 5 [Priority: MEDIUM]
[2026-07-19T17:07:54.236Z] INFO: Finished Test Case: TC_PERF_005 - Status: PASSED (39ms)

[2026-07-19T17:07:54.236Z] INFO: Starting Test Case: TC_PERF_006 - Performance Smoke validation check - Scenario 6 [Priority: CRITICAL]
[2026-07-19T17:07:54.270Z] INFO: Finished Test Case: TC_PERF_006 - Status: PASSED (34ms)

[2026-07-19T17:07:54.271Z] INFO: Starting Test Case: TC_PERF_007 - Performance Smoke validation check - Scenario 7 [Priority: HIGH]
[2026-07-19T17:07:54.312Z] INFO: Finished Test Case: TC_PERF_007 - Status: PASSED (41ms)

[2026-07-19T17:07:54.312Z] INFO: Starting Test Case: TC_PERF_008 - Performance Smoke validation check - Scenario 8 [Priority: HIGH]
[2026-07-19T17:07:54.341Z] INFO: Finished Test Case: TC_PERF_008 - Status: PASSED (29ms)

[2026-07-19T17:07:54.341Z] INFO: Starting Test Case: TC_PERF_009 - Performance Smoke validation check - Scenario 9 [Priority: LOW]
[2026-07-19T17:07:54.371Z] INFO: Finished Test Case: TC_PERF_009 - Status: PASSED (30ms)

[2026-07-19T17:07:54.371Z] INFO: Starting Test Case: TC_PERF_010 - Performance Smoke validation check - Scenario 10 [Priority: MEDIUM]
[2026-07-19T17:07:54.396Z] INFO: Finished Test Case: TC_PERF_010 - Status: PASSED (25ms)

[2026-07-19T17:07:54.396Z] INFO: Starting Test Case: TC_PERF_011 - Performance Smoke validation check - Scenario 11 [Priority: CRITICAL]
[2026-07-19T17:07:54.435Z] INFO: Finished Test Case: TC_PERF_011 - Status: PASSED (39ms)

[2026-07-19T17:07:54.435Z] INFO: Starting Test Case: TC_PERF_012 - Performance Smoke validation check - Scenario 12 [Priority: HIGH]
[2026-07-19T17:07:54.479Z] INFO: Finished Test Case: TC_PERF_012 - Status: PASSED (44ms)

[2026-07-19T17:07:54.479Z] INFO: Starting Test Case: TC_PERF_013 - Performance Smoke validation check - Scenario 13 [Priority: HIGH]
[2026-07-19T17:07:54.496Z] INFO: Finished Test Case: TC_PERF_013 - Status: PASSED (17ms)

[2026-07-19T17:07:54.496Z] INFO: Starting Test Case: TC_PERF_014 - Performance Smoke validation check - Scenario 14 [Priority: LOW]
[2026-07-19T17:07:54.524Z] INFO: Finished Test Case: TC_PERF_014 - Status: PASSED (28ms)

[2026-07-19T17:07:54.524Z] INFO: Starting Test Case: TC_PERF_015 - Performance Smoke validation check - Scenario 15 [Priority: MEDIUM]
[2026-07-19T17:07:54.531Z] INFO: Finished Test Case: TC_PERF_015 - Status: PASSED (7ms)

[2026-07-19T17:07:54.531Z] INFO: Starting Test Case: TC_PERF_016 - Performance Smoke validation check - Scenario 16 [Priority: CRITICAL]
[2026-07-19T17:07:54.546Z] INFO: Finished Test Case: TC_PERF_016 - Status: PASSED (15ms)

[2026-07-19T17:07:54.546Z] INFO: Starting Test Case: TC_PERF_017 - Performance Smoke validation check - Scenario 17 [Priority: HIGH]
[2026-07-19T17:07:54.582Z] INFO: Finished Test Case: TC_PERF_017 - Status: PASSED (36ms)

[2026-07-19T17:07:54.582Z] INFO: Starting Test Case: TC_PERF_018 - Performance Smoke validation check - Scenario 18 [Priority: HIGH]
[2026-07-19T17:07:54.622Z] INFO: Finished Test Case: TC_PERF_018 - Status: PASSED (40ms)

[2026-07-19T17:07:54.622Z] INFO: Starting Test Case: TC_PERF_019 - Performance Smoke validation check - Scenario 19 [Priority: LOW]
[2026-07-19T17:07:54.669Z] INFO: Finished Test Case: TC_PERF_019 - Status: PASSED (47ms)

[2026-07-19T17:07:54.670Z] INFO: Starting Test Case: TC_PERF_020 - Performance Smoke validation check - Scenario 20 [Priority: MEDIUM]
[2026-07-19T17:07:54.691Z] INFO: Finished Test Case: TC_PERF_020 - Status: PASSED (21ms)

[2026-07-19T17:07:54.691Z] INFO: Starting Test Case: TC_REGR_001 - Regression validation check - Scenario 1 [Priority: CRITICAL]
[2026-07-19T17:07:54.707Z] INFO: Finished Test Case: TC_REGR_001 - Status: PASSED (16ms)

[2026-07-19T17:07:54.708Z] INFO: Starting Test Case: TC_REGR_002 - Regression validation check - Scenario 2 [Priority: HIGH]
[2026-07-19T17:07:54.755Z] INFO: Finished Test Case: TC_REGR_002 - Status: PASSED (47ms)

[2026-07-19T17:07:54.755Z] INFO: Starting Test Case: TC_REGR_003 - Regression validation check - Scenario 3 [Priority: HIGH]
[2026-07-19T17:07:54.762Z] INFO: Finished Test Case: TC_REGR_003 - Status: PASSED (7ms)

[2026-07-19T17:07:54.762Z] INFO: Starting Test Case: TC_REGR_004 - Regression validation check - Scenario 4 [Priority: LOW]
[2026-07-19T17:07:54.774Z] INFO: Finished Test Case: TC_REGR_004 - Status: PASSED (12ms)

[2026-07-19T17:07:54.774Z] INFO: Starting Test Case: TC_REGR_005 - Regression validation check - Scenario 5 [Priority: MEDIUM]
[2026-07-19T17:07:54.784Z] INFO: Finished Test Case: TC_REGR_005 - Status: PASSED (10ms)

[2026-07-19T17:07:54.785Z] INFO: Starting Test Case: TC_REGR_006 - Regression validation check - Scenario 6 [Priority: CRITICAL]
[2026-07-19T17:07:54.834Z] INFO: Finished Test Case: TC_REGR_006 - Status: PASSED (49ms)

[2026-07-19T17:07:54.834Z] INFO: Starting Test Case: TC_REGR_007 - Regression validation check - Scenario 7 [Priority: HIGH]
[2026-07-19T17:07:54.876Z] INFO: Finished Test Case: TC_REGR_007 - Status: PASSED (41ms)

[2026-07-19T17:07:54.876Z] INFO: Starting Test Case: TC_REGR_008 - Regression validation check - Scenario 8 [Priority: HIGH]
[2026-07-19T17:07:54.889Z] INFO: Finished Test Case: TC_REGR_008 - Status: PASSED (13ms)

[2026-07-19T17:07:54.889Z] INFO: Starting Test Case: TC_REGR_009 - Regression validation check - Scenario 9 [Priority: LOW]
[2026-07-19T17:07:54.904Z] INFO: Finished Test Case: TC_REGR_009 - Status: PASSED (15ms)

[2026-07-19T17:07:54.904Z] INFO: Starting Test Case: TC_REGR_010 - Regression validation check - Scenario 10 [Priority: MEDIUM]
[2026-07-19T17:07:54.918Z] INFO: Finished Test Case: TC_REGR_010 - Status: PASSED (14ms)

[2026-07-19T17:07:54.918Z] INFO: Starting Test Case: TC_REGR_011 - Regression validation check - Scenario 11 [Priority: CRITICAL]
[2026-07-19T17:07:54.925Z] INFO: Finished Test Case: TC_REGR_011 - Status: PASSED (7ms)

[2026-07-19T17:07:54.925Z] INFO: Starting Test Case: TC_REGR_012 - Regression validation check - Scenario 12 [Priority: HIGH]
[2026-07-19T17:07:54.932Z] INFO: Finished Test Case: TC_REGR_012 - Status: PASSED (7ms)

[2026-07-19T17:07:54.932Z] INFO: Starting Test Case: TC_REGR_013 - Regression validation check - Scenario 13 [Priority: HIGH]
[2026-07-19T17:07:54.953Z] INFO: Finished Test Case: TC_REGR_013 - Status: PASSED (20ms)

[2026-07-19T17:07:54.953Z] INFO: Starting Test Case: TC_REGR_014 - Regression validation check - Scenario 14 [Priority: LOW]
[2026-07-19T17:07:54.961Z] INFO: Finished Test Case: TC_REGR_014 - Status: PASSED (8ms)

[2026-07-19T17:07:54.961Z] INFO: Starting Test Case: TC_REGR_015 - Regression validation check - Scenario 15 [Priority: MEDIUM]
[2026-07-19T17:07:55.009Z] INFO: Finished Test Case: TC_REGR_015 - Status: PASSED (48ms)

[2026-07-19T17:07:55.009Z] INFO: Starting Test Case: TC_REGR_016 - Regression validation check - Scenario 16 [Priority: CRITICAL]
[2026-07-19T17:07:55.019Z] INFO: Finished Test Case: TC_REGR_016 - Status: PASSED (10ms)

[2026-07-19T17:07:55.019Z] INFO: Starting Test Case: TC_REGR_017 - Regression validation check - Scenario 17 [Priority: HIGH]
[2026-07-19T17:07:55.065Z] INFO: Finished Test Case: TC_REGR_017 - Status: PASSED (46ms)

[2026-07-19T17:07:55.065Z] INFO: Starting Test Case: TC_REGR_018 - Regression validation check - Scenario 18 [Priority: HIGH]
[2026-07-19T17:07:55.101Z] INFO: Finished Test Case: TC_REGR_018 - Status: PASSED (36ms)

[2026-07-19T17:07:55.101Z] INFO: Starting Test Case: TC_REGR_019 - Regression validation check - Scenario 19 [Priority: LOW]
[2026-07-19T17:07:55.118Z] INFO: Finished Test Case: TC_REGR_019 - Status: PASSED (17ms)

[2026-07-19T17:07:55.118Z] INFO: Starting Test Case: TC_REGR_020 - Regression validation check - Scenario 20 [Priority: MEDIUM]
[2026-07-19T17:07:55.146Z] INFO: Finished Test Case: TC_REGR_020 - Status: PASSED (28ms)

[2026-07-19T17:07:55.147Z] INFO: Starting Test Case: TC_REGR_021 - Regression validation check - Scenario 21 [Priority: CRITICAL]
[2026-07-19T17:07:55.179Z] INFO: Finished Test Case: TC_REGR_021 - Status: PASSED (32ms)

[2026-07-19T17:07:55.179Z] INFO: Starting Test Case: TC_REGR_022 - Regression validation check - Scenario 22 [Priority: HIGH]
[2026-07-19T17:07:55.221Z] INFO: Finished Test Case: TC_REGR_022 - Status: PASSED (42ms)

[2026-07-19T17:07:55.221Z] INFO: Starting Test Case: TC_REGR_023 - Regression validation check - Scenario 23 [Priority: HIGH]
[2026-07-19T17:07:55.260Z] INFO: Finished Test Case: TC_REGR_023 - Status: PASSED (39ms)

[2026-07-19T17:07:55.260Z] INFO: Starting Test Case: TC_REGR_024 - Regression validation check - Scenario 24 [Priority: LOW]
[2026-07-19T17:07:55.272Z] INFO: Finished Test Case: TC_REGR_024 - Status: PASSED (12ms)

[2026-07-19T17:07:55.272Z] INFO: Starting Test Case: TC_REGR_025 - Regression validation check - Scenario 25 [Priority: MEDIUM]
[2026-07-19T17:07:55.304Z] INFO: Finished Test Case: TC_REGR_025 - Status: PASSED (32ms)

[2026-07-19T17:07:55.305Z] INFO: Starting Test Case: TC_REGR_026 - Regression validation check - Scenario 26 [Priority: CRITICAL]
[2026-07-19T17:07:55.332Z] INFO: Finished Test Case: TC_REGR_026 - Status: PASSED (28ms)

[2026-07-19T17:07:55.332Z] INFO: Starting Test Case: TC_REGR_027 - Regression validation check - Scenario 27 [Priority: HIGH]
[2026-07-19T17:07:55.366Z] INFO: Finished Test Case: TC_REGR_027 - Status: PASSED (34ms)

[2026-07-19T17:07:55.367Z] INFO: Starting Test Case: TC_REGR_028 - Regression validation check - Scenario 28 [Priority: HIGH]
[2026-07-19T17:07:55.402Z] INFO: Finished Test Case: TC_REGR_028 - Status: PASSED (35ms)

[2026-07-19T17:07:55.402Z] INFO: Starting Test Case: TC_REGR_029 - Regression validation check - Scenario 29 [Priority: LOW]
[2026-07-19T17:07:55.424Z] INFO: Finished Test Case: TC_REGR_029 - Status: PASSED (22ms)

[2026-07-19T17:07:55.424Z] INFO: Starting Test Case: TC_REGR_030 - Regression validation check - Scenario 30 [Priority: MEDIUM]
[2026-07-19T17:07:55.455Z] INFO: Finished Test Case: TC_REGR_030 - Status: PASSED (31ms)

[2026-07-19T17:07:55.455Z] INFO: Starting Test Case: TC_REGR_031 - Regression validation check - Scenario 31 [Priority: CRITICAL]
[2026-07-19T17:07:55.493Z] INFO: Finished Test Case: TC_REGR_031 - Status: PASSED (38ms)

[2026-07-19T17:07:55.493Z] INFO: Starting Test Case: TC_REGR_032 - Regression validation check - Scenario 32 [Priority: HIGH]
[2026-07-19T17:07:55.516Z] INFO: Finished Test Case: TC_REGR_032 - Status: PASSED (23ms)

[2026-07-19T17:07:55.516Z] INFO: Starting Test Case: TC_REGR_033 - Regression validation check - Scenario 33 [Priority: HIGH]
[2026-07-19T17:07:55.533Z] INFO: Finished Test Case: TC_REGR_033 - Status: PASSED (17ms)

[2026-07-19T17:07:55.533Z] INFO: Starting Test Case: TC_REGR_034 - Regression validation check - Scenario 34 [Priority: LOW]
[2026-07-19T17:07:55.541Z] INFO: Finished Test Case: TC_REGR_034 - Status: PASSED (8ms)

[2026-07-19T17:07:55.542Z] INFO: Starting Test Case: TC_REGR_035 - Regression validation check - Scenario 35 [Priority: MEDIUM]
[2026-07-19T17:07:55.589Z] INFO: Finished Test Case: TC_REGR_035 - Status: PASSED (47ms)

[2026-07-19T17:07:55.589Z] INFO: Starting Test Case: TC_REGR_036 - Regression validation check - Scenario 36 [Priority: CRITICAL]
[2026-07-19T17:07:55.600Z] INFO: Finished Test Case: TC_REGR_036 - Status: PASSED (11ms)

[2026-07-19T17:07:55.601Z] INFO: Starting Test Case: TC_REGR_037 - Regression validation check - Scenario 37 [Priority: HIGH]
[2026-07-19T17:07:55.607Z] INFO: Finished Test Case: TC_REGR_037 - Status: PASSED (6ms)

[2026-07-19T17:07:55.607Z] INFO: Starting Test Case: TC_REGR_038 - Regression validation check - Scenario 38 [Priority: HIGH]
[2026-07-19T17:07:55.639Z] INFO: Finished Test Case: TC_REGR_038 - Status: PASSED (32ms)

[2026-07-19T17:07:55.640Z] INFO: Starting Test Case: TC_REGR_039 - Regression validation check - Scenario 39 [Priority: LOW]
[2026-07-19T17:07:55.648Z] INFO: Finished Test Case: TC_REGR_039 - Status: PASSED (8ms)

[2026-07-19T17:07:55.648Z] INFO: Starting Test Case: TC_REGR_040 - Regression validation check - Scenario 40 [Priority: MEDIUM]
[2026-07-19T17:07:55.666Z] INFO: Finished Test Case: TC_REGR_040 - Status: PASSED (18ms)

[2026-07-19T17:07:55.667Z] INFO: Starting Test Case: TC_REGR_041 - Regression validation check - Scenario 41 [Priority: CRITICAL]
[2026-07-19T17:07:55.672Z] INFO: Finished Test Case: TC_REGR_041 - Status: PASSED (5ms)

[2026-07-19T17:07:55.672Z] INFO: Starting Test Case: TC_REGR_042 - Regression validation check - Scenario 42 [Priority: HIGH]
[2026-07-19T17:07:55.685Z] INFO: Finished Test Case: TC_REGR_042 - Status: PASSED (13ms)

[2026-07-19T17:07:55.686Z] INFO: Starting Test Case: TC_REGR_043 - Regression validation check - Scenario 43 [Priority: HIGH]
[2026-07-19T17:07:55.693Z] INFO: Finished Test Case: TC_REGR_043 - Status: PASSED (7ms)

[2026-07-19T17:07:55.693Z] INFO: Starting Test Case: TC_REGR_044 - Regression validation check - Scenario 44 [Priority: LOW]
[2026-07-19T17:07:55.713Z] INFO: Finished Test Case: TC_REGR_044 - Status: PASSED (20ms)

[2026-07-19T17:07:55.714Z] INFO: Starting Test Case: TC_REGR_045 - Regression validation check - Scenario 45 [Priority: MEDIUM]
[2026-07-19T17:07:55.722Z] INFO: Finished Test Case: TC_REGR_045 - Status: PASSED (8ms)

[2026-07-19T17:07:55.722Z] INFO: Starting Test Case: TC_REGR_046 - Regression validation check - Scenario 46 [Priority: CRITICAL]
[2026-07-19T17:07:55.742Z] INFO: Finished Test Case: TC_REGR_046 - Status: PASSED (20ms)

[2026-07-19T17:07:55.743Z] INFO: Starting Test Case: TC_REGR_047 - Regression validation check - Scenario 47 [Priority: HIGH]
[2026-07-19T17:07:55.761Z] INFO: Finished Test Case: TC_REGR_047 - Status: PASSED (18ms)

[2026-07-19T17:07:55.761Z] INFO: Starting Test Case: TC_REGR_048 - Regression validation check - Scenario 48 [Priority: HIGH]
[2026-07-19T17:07:55.783Z] INFO: Finished Test Case: TC_REGR_048 - Status: PASSED (21ms)

[2026-07-19T17:07:55.783Z] INFO: Starting Test Case: TC_REGR_049 - Regression validation check - Scenario 49 [Priority: LOW]
[2026-07-19T17:07:55.797Z] INFO: Finished Test Case: TC_REGR_049 - Status: PASSED (14ms)

[2026-07-19T17:07:55.797Z] INFO: Starting Test Case: TC_REGR_050 - Regression validation check - Scenario 50 [Priority: MEDIUM]
[2026-07-19T17:07:55.818Z] INFO: Finished Test Case: TC_REGR_050 - Status: PASSED (21ms)

[2026-07-19T17:07:55.818Z] INFO: Closing Chrome driver session...
[2026-07-19T17:07:55.824Z] INFO: Browser logs saved successfully to: /home/runner/work/pddtesting/pddtesting/automation/reports/Logs/browser-console.log
[2026-07-19T17:07:55.876Z] INFO: Session closed.
[2026-07-19T17:07:55.876Z] INFO: E2E suite execution finished. Total duration: 40.66s
[2026-07-19T17:07:55.877Z] INFO: Generating Excel automation reports...
[2026-07-19T17:07:56.096Z] INFO: Master Excel report written to: /home/runner/work/pddtesting/pddtesting/automation/reports/Excel/Automation_Test_Report.xlsx
[2026-07-19T17:07:56.213Z] INFO: Excel report generation completed successfully!
[2026-07-19T17:07:56.214Z] INFO: Generating HTML automation reports...
[2026-07-19T17:07:56.221Z] INFO: HTML Reports successfully written to: /home/runner/work/pddtesting/pddtesting/automation/reports/HTML
[2026-07-19T17:07:56.223Z] INFO: JSON report generated at: /home/runner/work/pddtesting/pddtesting/automation/reports/JSON/execution-results.json
[2026-07-19T17:07:56.223Z] INFO: Markdown step summary generated at: /home/runner/work/pddtesting/pddtesting/automation/reports/Summary/summary.md
[2026-07-19T17:07:56.223Z] INFO: Final Metrics -> Total: 470, Passed: 467, Pass Rate: 99.36%
[2026-07-19T17:07:56.223Z] INFO: Critical Tests -> Total: 95, Failed: 1, Critical Fail Rate: 1.05%
[2026-07-19T17:07:56.223Z] INFO: Execution Passed: All criteria (Pass Rate >= 95% and Critical Fail Rate <= 5%) met successfully!
