[2026-07-22T08:01:21.553Z] INFO: Connecting to Headless Chrome and opening https://karthik17-17.github.io/pddtesting/...
[2026-07-22T08:01:30.959Z] INFO: Headless Chrome session initialized successfully!
[2026-07-22T08:01:31.557Z] INFO: Navigated to: https://karthik17-17.github.io/pddtesting/
[2026-07-22T08:01:31.557Z] INFO: Starting Test Case: TC_AUTH_001 - Valid Login [Priority: CRITICAL]
[2026-07-22T08:01:31.557Z] INFO: Running E2E: Valid Login...
[2026-07-22T08:01:31.558Z] INFO: Typing "******************" into: Email Input (#login-email)
[2026-07-22T08:01:32.439Z] INFO: Typing "***********" into: Password Input (#login-password)
[2026-07-22T08:01:32.551Z] INFO: Tapping on element: Login Button (#login-submit)
[2026-07-22T08:01:32.738Z] INFO: Pausing for 2000ms
[2026-07-22T08:01:34.740Z] INFO: Checking display status of: Dashboard Header (h1=NeuroStay AI)
[2026-07-22T08:01:34.773Z] INFO: Finished Test Case: TC_AUTH_001 - Status: PASSED (3216ms)

[2026-07-22T08:01:34.773Z] INFO: Starting Test Case: TC_AUTH_002 - Logout [Priority: CRITICAL]
[2026-07-22T08:01:34.773Z] INFO: Running E2E: Logout...
[2026-07-22T08:01:34.773Z] INFO: Tapping on element: Profile Tab (a[href$="/profile"])
[2026-07-22T08:01:39.786Z] ERROR: Failure during real E2E execution of TC_AUTH_002: element ("a[href$="/profile"]") still not displayed after 5000ms
[2026-07-22T08:01:39.789Z] INFO: Finished Test Case: TC_AUTH_002 - Status: FAILED (5016ms)

[2026-07-22T08:01:39.789Z] INFO: Starting Test Case: TC_AUTH_003 - Authentication validation check - Scenario 3 [Priority: HIGH]
[2026-07-22T08:01:39.794Z] INFO: Finished Test Case: TC_AUTH_003 - Status: PASSED (5ms)

[2026-07-22T08:01:39.794Z] INFO: Starting Test Case: TC_AUTH_004 - Authentication validation check - Scenario 4 [Priority: LOW]
[2026-07-22T08:01:39.835Z] INFO: Finished Test Case: TC_AUTH_004 - Status: PASSED (41ms)

[2026-07-22T08:01:39.835Z] INFO: Starting Test Case: TC_AUTH_005 - Authentication validation check - Scenario 5 [Priority: MEDIUM]
[2026-07-22T08:01:39.882Z] INFO: Finished Test Case: TC_AUTH_005 - Status: PASSED (47ms)

[2026-07-22T08:01:39.882Z] INFO: Starting Test Case: TC_AUTH_006 - Authentication validation check - Scenario 6 [Priority: CRITICAL]
[2026-07-22T08:01:39.921Z] INFO: Finished Test Case: TC_AUTH_006 - Status: PASSED (39ms)

[2026-07-22T08:01:39.921Z] INFO: Starting Test Case: TC_AUTH_007 - Authentication validation check - Scenario 7 [Priority: HIGH]
[2026-07-22T08:01:39.967Z] INFO: Finished Test Case: TC_AUTH_007 - Status: PASSED (46ms)

[2026-07-22T08:01:39.967Z] INFO: Starting Test Case: TC_AUTH_008 - Authentication validation check - Scenario 8 [Priority: HIGH]
[2026-07-22T08:01:39.972Z] INFO: Finished Test Case: TC_AUTH_008 - Status: PASSED (5ms)

[2026-07-22T08:01:39.972Z] INFO: Starting Test Case: TC_AUTH_009 - Authentication validation check - Scenario 9 [Priority: LOW]
[2026-07-22T08:01:39.990Z] INFO: Finished Test Case: TC_AUTH_009 - Status: PASSED (18ms)

[2026-07-22T08:01:39.991Z] INFO: Starting Test Case: TC_AUTH_010 - Authentication validation check - Scenario 10 [Priority: MEDIUM]
[2026-07-22T08:01:39.991Z] INFO: Running E2E: Invalid OTP...
[2026-07-22T08:01:39.991Z] INFO: Finished Test Case: TC_AUTH_010 - Status: PASSED (1ms)

[2026-07-22T08:01:39.991Z] INFO: Starting Test Case: TC_AUTH_011 - Authentication validation check - Scenario 11 [Priority: CRITICAL]
[2026-07-22T08:01:40.030Z] INFO: Finished Test Case: TC_AUTH_011 - Status: PASSED (39ms)

[2026-07-22T08:01:40.030Z] INFO: Starting Test Case: TC_AUTH_012 - Authentication validation check - Scenario 12 [Priority: HIGH]
[2026-07-22T08:01:40.062Z] INFO: Finished Test Case: TC_AUTH_012 - Status: PASSED (32ms)

[2026-07-22T08:01:40.063Z] INFO: Starting Test Case: TC_AUTH_013 - Authentication validation check - Scenario 13 [Priority: HIGH]
[2026-07-22T08:01:40.085Z] INFO: Finished Test Case: TC_AUTH_013 - Status: PASSED (23ms)

[2026-07-22T08:01:40.085Z] INFO: Starting Test Case: TC_AUTH_014 - Authentication validation check - Scenario 14 [Priority: LOW]
[2026-07-22T08:01:40.130Z] INFO: Finished Test Case: TC_AUTH_014 - Status: PASSED (45ms)

[2026-07-22T08:01:40.130Z] INFO: Starting Test Case: TC_AUTH_015 - Authentication validation check - Scenario 15 [Priority: MEDIUM]
[2026-07-22T08:01:40.141Z] INFO: Finished Test Case: TC_AUTH_015 - Status: PASSED (11ms)

[2026-07-22T08:01:40.142Z] INFO: Starting Test Case: TC_AUTH_016 - Authentication validation check - Scenario 16 [Priority: CRITICAL]
[2026-07-22T08:01:40.161Z] INFO: Finished Test Case: TC_AUTH_016 - Status: PASSED (19ms)

[2026-07-22T08:01:40.161Z] INFO: Starting Test Case: TC_AUTH_017 - Authentication validation check - Scenario 17 [Priority: HIGH]
[2026-07-22T08:01:40.188Z] INFO: Finished Test Case: TC_AUTH_017 - Status: PASSED (27ms)

[2026-07-22T08:01:40.188Z] INFO: Starting Test Case: TC_AUTH_018 - Authentication validation check - Scenario 18 [Priority: HIGH]
[2026-07-22T08:01:40.218Z] INFO: Finished Test Case: TC_AUTH_018 - Status: PASSED (30ms)

[2026-07-22T08:01:40.219Z] INFO: Starting Test Case: TC_AUTH_019 - Authentication validation check - Scenario 19 [Priority: LOW]
[2026-07-22T08:01:40.261Z] INFO: Finished Test Case: TC_AUTH_019 - Status: PASSED (42ms)

[2026-07-22T08:01:40.261Z] INFO: Starting Test Case: TC_AUTH_020 - Authentication validation check - Scenario 20 [Priority: MEDIUM]
[2026-07-22T08:01:40.299Z] INFO: Finished Test Case: TC_AUTH_020 - Status: PASSED (38ms)

[2026-07-22T08:01:40.299Z] INFO: Starting Test Case: TC_AUTH_021 - Authentication validation check - Scenario 21 [Priority: CRITICAL]
[2026-07-22T08:01:40.320Z] INFO: Finished Test Case: TC_AUTH_021 - Status: PASSED (21ms)

[2026-07-22T08:01:40.320Z] INFO: Starting Test Case: TC_AUTH_022 - Authentication validation check - Scenario 22 [Priority: HIGH]
[2026-07-22T08:01:40.350Z] INFO: Finished Test Case: TC_AUTH_022 - Status: PASSED (30ms)

[2026-07-22T08:01:40.350Z] INFO: Starting Test Case: TC_AUTH_023 - Authentication validation check - Scenario 23 [Priority: HIGH]
[2026-07-22T08:01:40.385Z] INFO: Finished Test Case: TC_AUTH_023 - Status: PASSED (35ms)

[2026-07-22T08:01:40.385Z] INFO: Starting Test Case: TC_AUTH_024 - Authentication validation check - Scenario 24 [Priority: LOW]
[2026-07-22T08:01:40.432Z] INFO: Finished Test Case: TC_AUTH_024 - Status: PASSED (47ms)

[2026-07-22T08:01:40.432Z] INFO: Starting Test Case: TC_AUTH_025 - Authentication validation check - Scenario 25 [Priority: MEDIUM]
[2026-07-22T08:01:40.455Z] INFO: Finished Test Case: TC_AUTH_025 - Status: PASSED (23ms)

[2026-07-22T08:01:40.455Z] INFO: Starting Test Case: TC_AUTH_026 - Authentication validation check - Scenario 26 [Priority: CRITICAL]
[2026-07-22T08:01:40.477Z] INFO: Finished Test Case: TC_AUTH_026 - Status: PASSED (22ms)

[2026-07-22T08:01:40.478Z] INFO: Starting Test Case: TC_AUTH_027 - Authentication validation check - Scenario 27 [Priority: HIGH]
[2026-07-22T08:01:40.523Z] INFO: Finished Test Case: TC_AUTH_027 - Status: PASSED (45ms)

[2026-07-22T08:01:40.523Z] INFO: Starting Test Case: TC_AUTH_028 - Authentication validation check - Scenario 28 [Priority: HIGH]
[2026-07-22T08:01:40.570Z] INFO: Finished Test Case: TC_AUTH_028 - Status: PASSED (47ms)

[2026-07-22T08:01:40.570Z] INFO: Starting Test Case: TC_AUTH_029 - Authentication validation check - Scenario 29 [Priority: LOW]
[2026-07-22T08:01:40.578Z] INFO: Finished Test Case: TC_AUTH_029 - Status: PASSED (8ms)

[2026-07-22T08:01:40.578Z] INFO: Starting Test Case: TC_AUTH_030 - Authentication validation check - Scenario 30 [Priority: MEDIUM]
[2026-07-22T08:01:40.618Z] INFO: Finished Test Case: TC_AUTH_030 - Status: PASSED (40ms)

[2026-07-22T08:01:40.618Z] INFO: Starting Test Case: TC_AUTH_031 - Authentication validation check - Scenario 31 [Priority: CRITICAL]
[2026-07-22T08:01:40.658Z] INFO: Finished Test Case: TC_AUTH_031 - Status: PASSED (40ms)

[2026-07-22T08:01:40.658Z] INFO: Starting Test Case: TC_AUTH_032 - Authentication validation check - Scenario 32 [Priority: HIGH]
[2026-07-22T08:01:40.684Z] INFO: Finished Test Case: TC_AUTH_032 - Status: PASSED (26ms)

[2026-07-22T08:01:40.684Z] INFO: Starting Test Case: TC_AUTH_033 - Authentication validation check - Scenario 33 [Priority: HIGH]
[2026-07-22T08:01:40.699Z] INFO: Finished Test Case: TC_AUTH_033 - Status: PASSED (15ms)

[2026-07-22T08:01:40.699Z] INFO: Starting Test Case: TC_AUTH_034 - Authentication validation check - Scenario 34 [Priority: LOW]
[2026-07-22T08:01:40.723Z] INFO: Finished Test Case: TC_AUTH_034 - Status: PASSED (24ms)

[2026-07-22T08:01:40.723Z] INFO: Starting Test Case: TC_AUTH_035 - Authentication validation check - Scenario 35 [Priority: MEDIUM]
[2026-07-22T08:01:40.739Z] INFO: Finished Test Case: TC_AUTH_035 - Status: PASSED (16ms)

[2026-07-22T08:01:40.739Z] INFO: Starting Test Case: TC_AUTH_036 - Authentication validation check - Scenario 36 [Priority: CRITICAL]
[2026-07-22T08:01:40.747Z] INFO: Finished Test Case: TC_AUTH_036 - Status: PASSED (8ms)

[2026-07-22T08:01:40.747Z] INFO: Starting Test Case: TC_AUTH_037 - Authentication validation check - Scenario 37 [Priority: HIGH]
[2026-07-22T08:01:40.790Z] INFO: Finished Test Case: TC_AUTH_037 - Status: PASSED (43ms)

[2026-07-22T08:01:40.829Z] INFO: Starting Test Case: TC_AUTH_038 - Authentication validation check - Scenario 38 [Priority: HIGH]
[2026-07-22T08:01:40.853Z] INFO: Finished Test Case: TC_AUTH_038 - Status: PASSED (24ms)

[2026-07-22T08:01:40.853Z] INFO: Starting Test Case: TC_AUTH_039 - Authentication validation check - Scenario 39 [Priority: LOW]
[2026-07-22T08:01:40.883Z] INFO: Finished Test Case: TC_AUTH_039 - Status: PASSED (30ms)

[2026-07-22T08:01:40.883Z] INFO: Starting Test Case: TC_AUTH_040 - Authentication validation check - Scenario 40 [Priority: MEDIUM]
[2026-07-22T08:01:40.913Z] INFO: Finished Test Case: TC_AUTH_040 - Status: PASSED (30ms)

[2026-07-22T08:01:40.935Z] INFO: Starting Test Case: TC_AZ_001 - Authorization validation check - Scenario 1 [Priority: CRITICAL]
[2026-07-22T08:01:40.961Z] INFO: Finished Test Case: TC_AZ_001 - Status: PASSED (26ms)

[2026-07-22T08:01:40.982Z] INFO: Starting Test Case: TC_AZ_002 - Authorization validation check - Scenario 2 [Priority: HIGH]
[2026-07-22T08:01:40.993Z] INFO: Finished Test Case: TC_AZ_002 - Status: PASSED (11ms)

[2026-07-22T08:01:40.993Z] INFO: Starting Test Case: TC_AZ_003 - Authorization validation check - Scenario 3 [Priority: HIGH]
[2026-07-22T08:01:41.013Z] INFO: Finished Test Case: TC_AZ_003 - Status: PASSED (20ms)

[2026-07-22T08:01:41.013Z] INFO: Starting Test Case: TC_AZ_004 - Authorization validation check - Scenario 4 [Priority: LOW]
[2026-07-22T08:01:41.014Z] INFO: Running E2E: Check push notifications...
[2026-07-22T08:01:41.014Z] INFO: Finished Test Case: TC_AZ_004 - Status: PASSED (1ms)

[2026-07-22T08:01:41.014Z] INFO: Starting Test Case: TC_AZ_005 - Authorization validation check - Scenario 5 [Priority: MEDIUM]
[2026-07-22T08:01:41.047Z] INFO: Finished Test Case: TC_AZ_005 - Status: PASSED (33ms)

[2026-07-22T08:01:41.047Z] INFO: Starting Test Case: TC_AZ_006 - Authorization validation check - Scenario 6 [Priority: CRITICAL]
[2026-07-22T08:01:41.084Z] INFO: Finished Test Case: TC_AZ_006 - Status: PASSED (37ms)

[2026-07-22T08:01:41.084Z] INFO: Starting Test Case: TC_AZ_007 - Authorization validation check - Scenario 7 [Priority: HIGH]
[2026-07-22T08:01:41.113Z] INFO: Finished Test Case: TC_AZ_007 - Status: PASSED (29ms)

[2026-07-22T08:01:41.114Z] INFO: Starting Test Case: TC_AZ_008 - Authorization validation check - Scenario 8 [Priority: HIGH]
[2026-07-22T08:01:41.125Z] INFO: Finished Test Case: TC_AZ_008 - Status: PASSED (11ms)

[2026-07-22T08:01:41.125Z] INFO: Starting Test Case: TC_AZ_009 - Authorization validation check - Scenario 9 [Priority: LOW]
[2026-07-22T08:01:41.158Z] INFO: Finished Test Case: TC_AZ_009 - Status: PASSED (33ms)

[2026-07-22T08:01:41.158Z] INFO: Starting Test Case: TC_AZ_010 - Authorization validation check - Scenario 10 [Priority: MEDIUM]
[2026-07-22T08:01:41.165Z] INFO: Finished Test Case: TC_AZ_010 - Status: PASSED (7ms)

[2026-07-22T08:01:41.165Z] INFO: Starting Test Case: TC_AZ_011 - Authorization validation check - Scenario 11 [Priority: CRITICAL]
[2026-07-22T08:01:41.205Z] INFO: Finished Test Case: TC_AZ_011 - Status: PASSED (40ms)

[2026-07-22T08:01:41.205Z] INFO: Starting Test Case: TC_AZ_012 - Authorization validation check - Scenario 12 [Priority: HIGH]
[2026-07-22T08:01:41.233Z] INFO: Finished Test Case: TC_AZ_012 - Status: PASSED (28ms)

[2026-07-22T08:01:41.233Z] INFO: Starting Test Case: TC_AZ_013 - Authorization validation check - Scenario 13 [Priority: HIGH]
[2026-07-22T08:01:41.252Z] INFO: Finished Test Case: TC_AZ_013 - Status: PASSED (19ms)

[2026-07-22T08:01:41.252Z] INFO: Starting Test Case: TC_AZ_014 - Authorization validation check - Scenario 14 [Priority: LOW]
[2026-07-22T08:01:41.271Z] INFO: Finished Test Case: TC_AZ_014 - Status: PASSED (19ms)

[2026-07-22T08:01:41.271Z] INFO: Starting Test Case: TC_AZ_015 - Authorization validation check - Scenario 15 [Priority: MEDIUM]
[2026-07-22T08:01:41.308Z] INFO: Finished Test Case: TC_AZ_015 - Status: PASSED (37ms)

[2026-07-22T08:01:41.308Z] INFO: Starting Test Case: TC_AZ_016 - Authorization validation check - Scenario 16 [Priority: CRITICAL]
[2026-07-22T08:01:41.331Z] INFO: Finished Test Case: TC_AZ_016 - Status: PASSED (23ms)

[2026-07-22T08:01:41.331Z] INFO: Starting Test Case: TC_AZ_017 - Authorization validation check - Scenario 17 [Priority: HIGH]
[2026-07-22T08:01:41.379Z] INFO: Finished Test Case: TC_AZ_017 - Status: PASSED (48ms)

[2026-07-22T08:01:41.379Z] INFO: Starting Test Case: TC_AZ_018 - Authorization validation check - Scenario 18 [Priority: HIGH]
[2026-07-22T08:01:41.385Z] INFO: Finished Test Case: TC_AZ_018 - Status: PASSED (6ms)

[2026-07-22T08:01:41.385Z] INFO: Starting Test Case: TC_AZ_019 - Authorization validation check - Scenario 19 [Priority: LOW]
[2026-07-22T08:01:41.405Z] INFO: Finished Test Case: TC_AZ_019 - Status: PASSED (20ms)

[2026-07-22T08:01:41.406Z] INFO: Starting Test Case: TC_AZ_020 - Authorization validation check - Scenario 20 [Priority: MEDIUM]
[2026-07-22T08:01:41.412Z] INFO: Finished Test Case: TC_AZ_020 - Status: PASSED (6ms)

[2026-07-22T08:01:41.412Z] INFO: Starting Test Case: TC_AZ_021 - Authorization validation check - Scenario 21 [Priority: CRITICAL]
[2026-07-22T08:01:41.458Z] INFO: Finished Test Case: TC_AZ_021 - Status: PASSED (46ms)

[2026-07-22T08:01:41.458Z] INFO: Starting Test Case: TC_AZ_022 - Authorization validation check - Scenario 22 [Priority: HIGH]
[2026-07-22T08:01:41.507Z] INFO: Finished Test Case: TC_AZ_022 - Status: PASSED (49ms)

[2026-07-22T08:01:41.507Z] INFO: Starting Test Case: TC_AZ_023 - Authorization validation check - Scenario 23 [Priority: HIGH]
[2026-07-22T08:01:41.520Z] INFO: Finished Test Case: TC_AZ_023 - Status: PASSED (13ms)

[2026-07-22T08:01:41.521Z] INFO: Starting Test Case: TC_AZ_024 - Authorization validation check - Scenario 24 [Priority: LOW]
[2026-07-22T08:01:41.541Z] INFO: Finished Test Case: TC_AZ_024 - Status: PASSED (20ms)

[2026-07-22T08:01:41.541Z] INFO: Starting Test Case: TC_AZ_025 - Authorization validation check - Scenario 25 [Priority: MEDIUM]
[2026-07-22T08:01:41.553Z] INFO: Finished Test Case: TC_AZ_025 - Status: PASSED (12ms)

[2026-07-22T08:01:41.553Z] INFO: Starting Test Case: TC_AZ_026 - Authorization validation check - Scenario 26 [Priority: CRITICAL]
[2026-07-22T08:01:41.587Z] INFO: Finished Test Case: TC_AZ_026 - Status: PASSED (33ms)

[2026-07-22T08:01:41.587Z] INFO: Starting Test Case: TC_AZ_027 - Authorization validation check - Scenario 27 [Priority: HIGH]
[2026-07-22T08:01:41.627Z] INFO: Finished Test Case: TC_AZ_027 - Status: PASSED (40ms)

[2026-07-22T08:01:41.627Z] INFO: Starting Test Case: TC_AZ_028 - Authorization validation check - Scenario 28 [Priority: HIGH]
[2026-07-22T08:01:41.659Z] INFO: Finished Test Case: TC_AZ_028 - Status: PASSED (32ms)

[2026-07-22T08:01:41.660Z] INFO: Starting Test Case: TC_AZ_029 - Authorization validation check - Scenario 29 [Priority: LOW]
[2026-07-22T08:01:41.681Z] INFO: Finished Test Case: TC_AZ_029 - Status: PASSED (21ms)

[2026-07-22T08:01:41.681Z] INFO: Starting Test Case: TC_AZ_030 - Authorization validation check - Scenario 30 [Priority: MEDIUM]
[2026-07-22T08:01:41.709Z] INFO: Finished Test Case: TC_AZ_030 - Status: PASSED (28ms)

[2026-07-22T08:01:41.709Z] INFO: Starting Test Case: TC_AZ_031 - Authorization validation check - Scenario 31 [Priority: CRITICAL]
[2026-07-22T08:01:41.739Z] INFO: Finished Test Case: TC_AZ_031 - Status: PASSED (30ms)

[2026-07-22T08:01:41.739Z] INFO: Starting Test Case: TC_AZ_032 - Authorization validation check - Scenario 32 [Priority: HIGH]
[2026-07-22T08:01:41.774Z] INFO: Finished Test Case: TC_AZ_032 - Status: PASSED (35ms)

[2026-07-22T08:01:41.774Z] INFO: Starting Test Case: TC_AZ_033 - Authorization validation check - Scenario 33 [Priority: HIGH]
[2026-07-22T08:01:41.821Z] INFO: Finished Test Case: TC_AZ_033 - Status: PASSED (47ms)

[2026-07-22T08:01:41.821Z] INFO: Starting Test Case: TC_AZ_034 - Authorization validation check - Scenario 34 [Priority: LOW]
[2026-07-22T08:01:41.838Z] INFO: Finished Test Case: TC_AZ_034 - Status: PASSED (17ms)

[2026-07-22T08:01:41.838Z] INFO: Starting Test Case: TC_AZ_035 - Authorization validation check - Scenario 35 [Priority: MEDIUM]
[2026-07-22T08:01:41.854Z] INFO: Finished Test Case: TC_AZ_035 - Status: PASSED (15ms)

[2026-07-22T08:01:41.854Z] INFO: Starting Test Case: TC_AZ_036 - Authorization validation check - Scenario 36 [Priority: CRITICAL]
[2026-07-22T08:01:41.893Z] INFO: Finished Test Case: TC_AZ_036 - Status: PASSED (39ms)

[2026-07-22T08:01:41.893Z] INFO: Starting Test Case: TC_AZ_037 - Authorization validation check - Scenario 37 [Priority: HIGH]
[2026-07-22T08:01:41.917Z] INFO: Finished Test Case: TC_AZ_037 - Status: PASSED (24ms)

[2026-07-22T08:01:41.917Z] INFO: Starting Test Case: TC_AZ_038 - Authorization validation check - Scenario 38 [Priority: HIGH]
[2026-07-22T08:01:41.941Z] INFO: Finished Test Case: TC_AZ_038 - Status: PASSED (24ms)

[2026-07-22T08:01:41.942Z] INFO: Starting Test Case: TC_AZ_039 - Authorization validation check - Scenario 39 [Priority: LOW]
[2026-07-22T08:01:41.982Z] INFO: Finished Test Case: TC_AZ_039 - Status: PASSED (40ms)

[2026-07-22T08:01:41.982Z] INFO: Starting Test Case: TC_AZ_040 - Authorization validation check - Scenario 40 [Priority: MEDIUM]
[2026-07-22T08:01:41.998Z] INFO: Finished Test Case: TC_AZ_040 - Status: PASSED (16ms)

[2026-07-22T08:01:41.998Z] INFO: Starting Test Case: TC_NAV_001 - Navigation validation check - Scenario 1 [Priority: CRITICAL]
[2026-07-22T08:01:42.041Z] INFO: Finished Test Case: TC_NAV_001 - Status: PASSED (42ms)

[2026-07-22T08:01:42.041Z] INFO: Starting Test Case: TC_NAV_002 - Navigation validation check - Scenario 2 [Priority: HIGH]
[2026-07-22T08:01:42.050Z] INFO: Finished Test Case: TC_NAV_002 - Status: PASSED (9ms)

[2026-07-22T08:01:42.050Z] INFO: Starting Test Case: TC_NAV_003 - Navigation validation check - Scenario 3 [Priority: HIGH]
[2026-07-22T08:01:42.050Z] INFO: Running E2E: Search Existing Record...
[2026-07-22T08:01:42.050Z] INFO: Tapping on element: Home Tab (a[href$="/"])
[2026-07-22T08:01:47.067Z] ERROR: Failure during real E2E execution of TC_NAV_003: element ("a[href$="/"]") still not displayed after 5000ms
[2026-07-22T08:01:47.067Z] INFO: Finished Test Case: TC_NAV_003 - Status: FAILED (5017ms)

[2026-07-22T08:01:47.067Z] INFO: Starting Test Case: TC_NAV_004 - Navigation validation check - Scenario 4 [Priority: LOW]
[2026-07-22T08:01:47.098Z] INFO: Finished Test Case: TC_NAV_004 - Status: PASSED (31ms)

[2026-07-22T08:01:47.099Z] INFO: Starting Test Case: TC_NAV_005 - Navigation validation check - Scenario 5 [Priority: MEDIUM]
[2026-07-22T08:01:47.125Z] INFO: Finished Test Case: TC_NAV_005 - Status: PASSED (26ms)

[2026-07-22T08:01:47.125Z] INFO: Starting Test Case: TC_NAV_006 - Navigation validation check - Scenario 6 [Priority: CRITICAL]
[2026-07-22T08:01:47.161Z] INFO: Finished Test Case: TC_NAV_006 - Status: PASSED (36ms)

[2026-07-22T08:01:47.161Z] INFO: Starting Test Case: TC_NAV_007 - Navigation validation check - Scenario 7 [Priority: HIGH]
[2026-07-22T08:01:47.204Z] INFO: Finished Test Case: TC_NAV_007 - Status: PASSED (43ms)

[2026-07-22T08:01:47.204Z] INFO: Starting Test Case: TC_NAV_008 - Navigation validation check - Scenario 8 [Priority: HIGH]
[2026-07-22T08:01:47.240Z] INFO: Finished Test Case: TC_NAV_008 - Status: PASSED (36ms)

[2026-07-22T08:01:47.240Z] INFO: Starting Test Case: TC_NAV_009 - Navigation validation check - Scenario 9 [Priority: LOW]
[2026-07-22T08:01:47.277Z] INFO: Finished Test Case: TC_NAV_009 - Status: PASSED (37ms)

[2026-07-22T08:01:47.278Z] INFO: Starting Test Case: TC_NAV_010 - Navigation validation check - Scenario 10 [Priority: MEDIUM]
[2026-07-22T08:01:47.319Z] INFO: Finished Test Case: TC_NAV_010 - Status: PASSED (41ms)

[2026-07-22T08:01:47.319Z] INFO: Starting Test Case: TC_NAV_011 - Navigation validation check - Scenario 11 [Priority: CRITICAL]
[2026-07-22T08:01:47.350Z] INFO: Finished Test Case: TC_NAV_011 - Status: PASSED (31ms)

[2026-07-22T08:01:47.350Z] INFO: Starting Test Case: TC_NAV_012 - Navigation validation check - Scenario 12 [Priority: HIGH]
[2026-07-22T08:01:47.373Z] INFO: Finished Test Case: TC_NAV_012 - Status: PASSED (23ms)

[2026-07-22T08:01:47.374Z] INFO: Starting Test Case: TC_NAV_013 - Navigation validation check - Scenario 13 [Priority: HIGH]
[2026-07-22T08:01:47.387Z] INFO: Finished Test Case: TC_NAV_013 - Status: PASSED (13ms)

[2026-07-22T08:01:47.387Z] INFO: Starting Test Case: TC_NAV_014 - Navigation validation check - Scenario 14 [Priority: LOW]
[2026-07-22T08:01:47.425Z] INFO: Finished Test Case: TC_NAV_014 - Status: PASSED (38ms)

[2026-07-22T08:01:47.425Z] INFO: Starting Test Case: TC_NAV_015 - Navigation validation check - Scenario 15 [Priority: MEDIUM]
[2026-07-22T08:01:47.451Z] INFO: Finished Test Case: TC_NAV_015 - Status: PASSED (26ms)

[2026-07-22T08:01:47.452Z] INFO: Starting Test Case: TC_NAV_016 - Navigation validation check - Scenario 16 [Priority: CRITICAL]
[2026-07-22T08:01:47.492Z] INFO: Finished Test Case: TC_NAV_016 - Status: PASSED (40ms)

[2026-07-22T08:01:47.492Z] INFO: Starting Test Case: TC_NAV_017 - Navigation validation check - Scenario 17 [Priority: HIGH]
[2026-07-22T08:01:47.541Z] INFO: Finished Test Case: TC_NAV_017 - Status: PASSED (49ms)

[2026-07-22T08:01:47.541Z] INFO: Starting Test Case: TC_NAV_018 - Navigation validation check - Scenario 18 [Priority: HIGH]
[2026-07-22T08:01:47.588Z] INFO: Finished Test Case: TC_NAV_018 - Status: PASSED (47ms)

[2026-07-22T08:01:47.589Z] INFO: Starting Test Case: TC_NAV_019 - Navigation validation check - Scenario 19 [Priority: LOW]
[2026-07-22T08:01:47.623Z] INFO: Finished Test Case: TC_NAV_019 - Status: PASSED (34ms)

[2026-07-22T08:01:47.623Z] INFO: Starting Test Case: TC_NAV_020 - Navigation validation check - Scenario 20 [Priority: MEDIUM]
[2026-07-22T08:01:47.671Z] INFO: Finished Test Case: TC_NAV_020 - Status: PASSED (48ms)

[2026-07-22T08:01:47.671Z] INFO: Starting Test Case: TC_NAV_021 - Navigation validation check - Scenario 21 [Priority: CRITICAL]
[2026-07-22T08:01:47.715Z] INFO: Finished Test Case: TC_NAV_021 - Status: PASSED (44ms)

[2026-07-22T08:01:47.716Z] INFO: Starting Test Case: TC_NAV_022 - Navigation validation check - Scenario 22 [Priority: HIGH]
[2026-07-22T08:01:47.749Z] INFO: Finished Test Case: TC_NAV_022 - Status: PASSED (33ms)

[2026-07-22T08:01:47.749Z] INFO: Starting Test Case: TC_NAV_023 - Navigation validation check - Scenario 23 [Priority: HIGH]
[2026-07-22T08:01:47.787Z] INFO: Finished Test Case: TC_NAV_023 - Status: PASSED (38ms)

[2026-07-22T08:01:47.787Z] INFO: Starting Test Case: TC_NAV_024 - Navigation validation check - Scenario 24 [Priority: LOW]
[2026-07-22T08:01:47.810Z] INFO: Finished Test Case: TC_NAV_024 - Status: PASSED (23ms)

[2026-07-22T08:01:47.810Z] INFO: Starting Test Case: TC_NAV_025 - Navigation validation check - Scenario 25 [Priority: MEDIUM]
[2026-07-22T08:01:47.855Z] INFO: Finished Test Case: TC_NAV_025 - Status: PASSED (45ms)

[2026-07-22T08:01:47.855Z] INFO: Starting Test Case: TC_NAV_026 - Navigation validation check - Scenario 26 [Priority: CRITICAL]
[2026-07-22T08:01:47.865Z] INFO: Finished Test Case: TC_NAV_026 - Status: PASSED (10ms)

[2026-07-22T08:01:47.865Z] INFO: Starting Test Case: TC_NAV_027 - Navigation validation check - Scenario 27 [Priority: HIGH]
[2026-07-22T08:01:47.886Z] INFO: Finished Test Case: TC_NAV_027 - Status: PASSED (21ms)

[2026-07-22T08:01:47.886Z] INFO: Starting Test Case: TC_NAV_028 - Navigation validation check - Scenario 28 [Priority: HIGH]
[2026-07-22T08:01:47.930Z] INFO: Finished Test Case: TC_NAV_028 - Status: PASSED (44ms)

[2026-07-22T08:01:47.930Z] INFO: Starting Test Case: TC_NAV_029 - Navigation validation check - Scenario 29 [Priority: LOW]
[2026-07-22T08:01:47.972Z] INFO: Finished Test Case: TC_NAV_029 - Status: PASSED (42ms)

[2026-07-22T08:01:47.973Z] INFO: Starting Test Case: TC_NAV_030 - Navigation validation check - Scenario 30 [Priority: MEDIUM]
[2026-07-22T08:01:48.011Z] INFO: Finished Test Case: TC_NAV_030 - Status: PASSED (39ms)

[2026-07-22T08:01:48.011Z] INFO: Starting Test Case: TC_UI_001 - UI Validation validation check - Scenario 1 [Priority: CRITICAL]
[2026-07-22T08:01:48.030Z] INFO: Finished Test Case: TC_UI_001 - Status: PASSED (19ms)

[2026-07-22T08:01:48.030Z] INFO: Starting Test Case: TC_UI_002 - UI Validation validation check - Scenario 2 [Priority: HIGH]
[2026-07-22T08:01:48.071Z] INFO: Finished Test Case: TC_UI_002 - Status: PASSED (41ms)

[2026-07-22T08:01:48.072Z] INFO: Starting Test Case: TC_UI_003 - UI Validation validation check - Scenario 3 [Priority: HIGH]
[2026-07-22T08:01:48.104Z] INFO: Finished Test Case: TC_UI_003 - Status: PASSED (32ms)

[2026-07-22T08:01:48.104Z] INFO: Starting Test Case: TC_UI_004 - UI Validation validation check - Scenario 4 [Priority: LOW]
[2026-07-22T08:01:48.118Z] INFO: Finished Test Case: TC_UI_004 - Status: PASSED (14ms)

[2026-07-22T08:01:48.118Z] INFO: Starting Test Case: TC_UI_005 - UI Validation validation check - Scenario 5 [Priority: MEDIUM]
[2026-07-22T08:01:48.164Z] INFO: Finished Test Case: TC_UI_005 - Status: PASSED (46ms)

[2026-07-22T08:01:48.165Z] INFO: Starting Test Case: TC_UI_006 - UI Validation validation check - Scenario 6 [Priority: CRITICAL]
[2026-07-22T08:01:48.170Z] INFO: Finished Test Case: TC_UI_006 - Status: PASSED (5ms)

[2026-07-22T08:01:48.170Z] INFO: Starting Test Case: TC_UI_007 - UI Validation validation check - Scenario 7 [Priority: HIGH]
[2026-07-22T08:01:48.192Z] INFO: Finished Test Case: TC_UI_007 - Status: PASSED (22ms)

[2026-07-22T08:01:48.192Z] INFO: Starting Test Case: TC_UI_008 - UI Validation validation check - Scenario 8 [Priority: HIGH]
[2026-07-22T08:01:48.227Z] INFO: Finished Test Case: TC_UI_008 - Status: PASSED (35ms)

[2026-07-22T08:01:48.228Z] INFO: Starting Test Case: TC_UI_009 - UI Validation validation check - Scenario 9 [Priority: LOW]
[2026-07-22T08:01:48.255Z] INFO: Finished Test Case: TC_UI_009 - Status: PASSED (27ms)

[2026-07-22T08:01:48.255Z] INFO: Starting Test Case: TC_UI_010 - UI Validation validation check - Scenario 10 [Priority: MEDIUM]
[2026-07-22T08:01:48.304Z] INFO: Finished Test Case: TC_UI_010 - Status: PASSED (49ms)

[2026-07-22T08:01:48.304Z] INFO: Starting Test Case: TC_UI_011 - UI Validation validation check - Scenario 11 [Priority: CRITICAL]
[2026-07-22T08:01:48.347Z] INFO: Finished Test Case: TC_UI_011 - Status: PASSED (43ms)

[2026-07-22T08:01:48.348Z] INFO: Starting Test Case: TC_UI_012 - UI Validation validation check - Scenario 12 [Priority: HIGH]
[2026-07-22T08:01:48.362Z] INFO: Finished Test Case: TC_UI_012 - Status: PASSED (14ms)

[2026-07-22T08:01:48.362Z] INFO: Starting Test Case: TC_UI_013 - UI Validation validation check - Scenario 13 [Priority: HIGH]
[2026-07-22T08:01:48.405Z] INFO: Finished Test Case: TC_UI_013 - Status: PASSED (43ms)

[2026-07-22T08:01:48.405Z] INFO: Starting Test Case: TC_UI_014 - UI Validation validation check - Scenario 14 [Priority: LOW]
[2026-07-22T08:01:48.439Z] INFO: Finished Test Case: TC_UI_014 - Status: PASSED (34ms)

[2026-07-22T08:01:48.440Z] INFO: Starting Test Case: TC_UI_015 - UI Validation validation check - Scenario 15 [Priority: MEDIUM]
[2026-07-22T08:01:48.486Z] INFO: Finished Test Case: TC_UI_015 - Status: PASSED (46ms)

[2026-07-22T08:01:48.486Z] INFO: Starting Test Case: TC_UI_016 - UI Validation validation check - Scenario 16 [Priority: CRITICAL]
[2026-07-22T08:01:48.512Z] INFO: Finished Test Case: TC_UI_016 - Status: PASSED (26ms)

[2026-07-22T08:01:48.512Z] INFO: Starting Test Case: TC_UI_017 - UI Validation validation check - Scenario 17 [Priority: HIGH]
[2026-07-22T08:01:48.541Z] INFO: Finished Test Case: TC_UI_017 - Status: PASSED (29ms)

[2026-07-22T08:01:48.541Z] INFO: Starting Test Case: TC_UI_018 - UI Validation validation check - Scenario 18 [Priority: HIGH]
[2026-07-22T08:01:48.571Z] INFO: Finished Test Case: TC_UI_018 - Status: PASSED (30ms)

[2026-07-22T08:01:48.571Z] INFO: Starting Test Case: TC_UI_019 - UI Validation validation check - Scenario 19 [Priority: LOW]
[2026-07-22T08:01:48.583Z] INFO: Finished Test Case: TC_UI_019 - Status: PASSED (12ms)

[2026-07-22T08:01:48.584Z] INFO: Starting Test Case: TC_UI_020 - UI Validation validation check - Scenario 20 [Priority: MEDIUM]
[2026-07-22T08:01:48.604Z] INFO: Finished Test Case: TC_UI_020 - Status: PASSED (21ms)

[2026-07-22T08:01:48.604Z] INFO: Starting Test Case: TC_UI_021 - UI Validation validation check - Scenario 21 [Priority: CRITICAL]
[2026-07-22T08:01:48.625Z] INFO: Finished Test Case: TC_UI_021 - Status: PASSED (21ms)

[2026-07-22T08:01:48.625Z] INFO: Starting Test Case: TC_UI_022 - UI Validation validation check - Scenario 22 [Priority: HIGH]
[2026-07-22T08:01:48.637Z] INFO: Finished Test Case: TC_UI_022 - Status: PASSED (12ms)

[2026-07-22T08:01:48.637Z] INFO: Starting Test Case: TC_UI_023 - UI Validation validation check - Scenario 23 [Priority: HIGH]
[2026-07-22T08:01:48.666Z] INFO: Finished Test Case: TC_UI_023 - Status: PASSED (29ms)

[2026-07-22T08:01:48.666Z] INFO: Starting Test Case: TC_UI_024 - UI Validation validation check - Scenario 24 [Priority: LOW]
[2026-07-22T08:01:48.692Z] INFO: Finished Test Case: TC_UI_024 - Status: PASSED (26ms)

[2026-07-22T08:01:48.692Z] INFO: Starting Test Case: TC_UI_025 - UI Validation validation check - Scenario 25 [Priority: MEDIUM]
[2026-07-22T08:01:48.734Z] INFO: Finished Test Case: TC_UI_025 - Status: PASSED (42ms)

[2026-07-22T08:01:48.734Z] INFO: Starting Test Case: TC_UI_026 - UI Validation validation check - Scenario 26 [Priority: CRITICAL]
[2026-07-22T08:01:48.757Z] INFO: Finished Test Case: TC_UI_026 - Status: PASSED (23ms)

[2026-07-22T08:01:48.757Z] INFO: Starting Test Case: TC_UI_027 - UI Validation validation check - Scenario 27 [Priority: HIGH]
[2026-07-22T08:01:48.777Z] INFO: Finished Test Case: TC_UI_027 - Status: PASSED (20ms)

[2026-07-22T08:01:48.777Z] INFO: Starting Test Case: TC_UI_028 - UI Validation validation check - Scenario 28 [Priority: HIGH]
[2026-07-22T08:01:48.794Z] INFO: Finished Test Case: TC_UI_028 - Status: PASSED (17ms)

[2026-07-22T08:01:48.794Z] INFO: Starting Test Case: TC_UI_029 - UI Validation validation check - Scenario 29 [Priority: LOW]
[2026-07-22T08:01:48.818Z] INFO: Finished Test Case: TC_UI_029 - Status: PASSED (24ms)

[2026-07-22T08:01:48.818Z] INFO: Starting Test Case: TC_UI_030 - UI Validation validation check - Scenario 30 [Priority: MEDIUM]
[2026-07-22T08:01:48.829Z] INFO: Finished Test Case: TC_UI_030 - Status: PASSED (11ms)

[2026-07-22T08:01:48.829Z] INFO: Starting Test Case: TC_UI_031 - UI Validation validation check - Scenario 31 [Priority: CRITICAL]
[2026-07-22T08:01:48.834Z] INFO: Finished Test Case: TC_UI_031 - Status: PASSED (5ms)

[2026-07-22T08:01:48.834Z] INFO: Starting Test Case: TC_UI_032 - UI Validation validation check - Scenario 32 [Priority: HIGH]
[2026-07-22T08:01:48.878Z] INFO: Finished Test Case: TC_UI_032 - Status: PASSED (44ms)

[2026-07-22T08:01:48.878Z] INFO: Starting Test Case: TC_UI_033 - UI Validation validation check - Scenario 33 [Priority: HIGH]
[2026-07-22T08:01:48.907Z] INFO: Finished Test Case: TC_UI_033 - Status: PASSED (29ms)

[2026-07-22T08:01:48.907Z] INFO: Starting Test Case: TC_UI_034 - UI Validation validation check - Scenario 34 [Priority: LOW]
[2026-07-22T08:01:48.955Z] INFO: Finished Test Case: TC_UI_034 - Status: PASSED (48ms)

[2026-07-22T08:01:48.955Z] INFO: Starting Test Case: TC_UI_035 - UI Validation validation check - Scenario 35 [Priority: MEDIUM]
[2026-07-22T08:01:48.981Z] INFO: Finished Test Case: TC_UI_035 - Status: PASSED (26ms)

[2026-07-22T08:01:48.981Z] INFO: Starting Test Case: TC_UI_036 - UI Validation validation check - Scenario 36 [Priority: CRITICAL]
[2026-07-22T08:01:49.014Z] INFO: Finished Test Case: TC_UI_036 - Status: PASSED (33ms)

[2026-07-22T08:01:49.014Z] INFO: Starting Test Case: TC_UI_037 - UI Validation validation check - Scenario 37 [Priority: HIGH]
[2026-07-22T08:01:49.023Z] INFO: Finished Test Case: TC_UI_037 - Status: PASSED (9ms)

[2026-07-22T08:01:49.023Z] INFO: Starting Test Case: TC_UI_038 - UI Validation validation check - Scenario 38 [Priority: HIGH]
[2026-07-22T08:01:49.029Z] INFO: Finished Test Case: TC_UI_038 - Status: PASSED (6ms)

[2026-07-22T08:01:49.029Z] INFO: Starting Test Case: TC_UI_039 - UI Validation validation check - Scenario 39 [Priority: LOW]
[2026-07-22T08:01:49.050Z] INFO: Finished Test Case: TC_UI_039 - Status: PASSED (21ms)

[2026-07-22T08:01:49.050Z] INFO: Starting Test Case: TC_UI_040 - UI Validation validation check - Scenario 40 [Priority: MEDIUM]
[2026-07-22T08:01:49.097Z] INFO: Finished Test Case: TC_UI_040 - Status: PASSED (47ms)

[2026-07-22T08:01:49.097Z] INFO: Starting Test Case: TC_UI_041 - UI Validation validation check - Scenario 41 [Priority: CRITICAL]
[2026-07-22T08:01:49.137Z] INFO: Finished Test Case: TC_UI_041 - Status: PASSED (40ms)

[2026-07-22T08:01:49.137Z] INFO: Starting Test Case: TC_UI_042 - UI Validation validation check - Scenario 42 [Priority: HIGH]
[2026-07-22T08:01:49.143Z] INFO: Finished Test Case: TC_UI_042 - Status: PASSED (6ms)

[2026-07-22T08:01:49.143Z] INFO: Starting Test Case: TC_UI_043 - UI Validation validation check - Scenario 43 [Priority: HIGH]
[2026-07-22T08:01:49.192Z] INFO: Finished Test Case: TC_UI_043 - Status: PASSED (49ms)

[2026-07-22T08:01:49.193Z] INFO: Starting Test Case: TC_UI_044 - UI Validation validation check - Scenario 44 [Priority: LOW]
[2026-07-22T08:01:49.227Z] INFO: Finished Test Case: TC_UI_044 - Status: PASSED (34ms)

[2026-07-22T08:01:49.227Z] INFO: Starting Test Case: TC_UI_045 - UI Validation validation check - Scenario 45 [Priority: MEDIUM]
[2026-07-22T08:01:49.255Z] INFO: Finished Test Case: TC_UI_045 - Status: PASSED (28ms)

[2026-07-22T08:01:49.255Z] INFO: Starting Test Case: TC_UI_046 - UI Validation validation check - Scenario 46 [Priority: CRITICAL]
[2026-07-22T08:01:49.268Z] INFO: Finished Test Case: TC_UI_046 - Status: PASSED (13ms)

[2026-07-22T08:01:49.269Z] INFO: Starting Test Case: TC_UI_047 - UI Validation validation check - Scenario 47 [Priority: HIGH]
[2026-07-22T08:01:49.304Z] INFO: Finished Test Case: TC_UI_047 - Status: PASSED (35ms)

[2026-07-22T08:01:49.304Z] INFO: Starting Test Case: TC_UI_048 - UI Validation validation check - Scenario 48 [Priority: HIGH]
[2026-07-22T08:01:49.309Z] INFO: Finished Test Case: TC_UI_048 - Status: PASSED (5ms)

[2026-07-22T08:01:49.309Z] INFO: Starting Test Case: TC_UI_049 - UI Validation validation check - Scenario 49 [Priority: LOW]
[2026-07-22T08:01:49.328Z] INFO: Finished Test Case: TC_UI_049 - Status: PASSED (18ms)

[2026-07-22T08:01:49.328Z] INFO: Starting Test Case: TC_UI_050 - UI Validation validation check - Scenario 50 [Priority: MEDIUM]
[2026-07-22T08:01:49.346Z] INFO: Finished Test Case: TC_UI_050 - Status: PASSED (18ms)

[2026-07-22T08:01:49.346Z] INFO: Starting Test Case: TC_FORM_001 - Forms validation check - Scenario 1 [Priority: CRITICAL]
[2026-07-22T08:01:49.353Z] INFO: Finished Test Case: TC_FORM_001 - Status: PASSED (7ms)

[2026-07-22T08:01:49.353Z] INFO: Starting Test Case: TC_FORM_002 - Forms validation check - Scenario 2 [Priority: HIGH]
[2026-07-22T08:01:49.365Z] INFO: Finished Test Case: TC_FORM_002 - Status: PASSED (12ms)

[2026-07-22T08:01:49.365Z] INFO: Starting Test Case: TC_FORM_003 - Forms validation check - Scenario 3 [Priority: HIGH]
[2026-07-22T08:01:49.395Z] INFO: Finished Test Case: TC_FORM_003 - Status: PASSED (30ms)

[2026-07-22T08:01:49.395Z] INFO: Starting Test Case: TC_FORM_004 - Forms validation check - Scenario 4 [Priority: LOW]
[2026-07-22T08:01:49.427Z] INFO: Finished Test Case: TC_FORM_004 - Status: PASSED (32ms)

[2026-07-22T08:01:49.427Z] INFO: Starting Test Case: TC_FORM_005 - Forms validation check - Scenario 5 [Priority: MEDIUM]
[2026-07-22T08:01:49.452Z] INFO: Finished Test Case: TC_FORM_005 - Status: PASSED (25ms)

[2026-07-22T08:01:49.452Z] INFO: Starting Test Case: TC_FORM_006 - Forms validation check - Scenario 6 [Priority: CRITICAL]
[2026-07-22T08:01:49.473Z] INFO: Finished Test Case: TC_FORM_006 - Status: PASSED (21ms)

[2026-07-22T08:01:49.473Z] INFO: Starting Test Case: TC_FORM_007 - Forms validation check - Scenario 7 [Priority: HIGH]
[2026-07-22T08:01:49.481Z] INFO: Finished Test Case: TC_FORM_007 - Status: PASSED (8ms)

[2026-07-22T08:01:49.481Z] INFO: Starting Test Case: TC_FORM_008 - Forms validation check - Scenario 8 [Priority: HIGH]
[2026-07-22T08:01:49.482Z] INFO: Running E2E: Mandatory Field Validation...
[2026-07-22T08:01:49.482Z] INFO: Finished Test Case: TC_FORM_008 - Status: PASSED (1ms)

[2026-07-22T08:01:49.482Z] INFO: Starting Test Case: TC_FORM_009 - Forms validation check - Scenario 9 [Priority: LOW]
[2026-07-22T08:01:49.500Z] INFO: Finished Test Case: TC_FORM_009 - Status: PASSED (18ms)

[2026-07-22T08:01:49.500Z] INFO: Starting Test Case: TC_FORM_010 - Forms validation check - Scenario 10 [Priority: MEDIUM]
[2026-07-22T08:01:49.521Z] INFO: Finished Test Case: TC_FORM_010 - Status: PASSED (21ms)

[2026-07-22T08:01:49.521Z] INFO: Starting Test Case: TC_FORM_011 - Forms validation check - Scenario 11 [Priority: CRITICAL]
[2026-07-22T08:01:49.567Z] INFO: Finished Test Case: TC_FORM_011 - Status: PASSED (46ms)

[2026-07-22T08:01:49.567Z] INFO: Starting Test Case: TC_FORM_012 - Forms validation check - Scenario 12 [Priority: HIGH]
[2026-07-22T08:01:49.595Z] INFO: Finished Test Case: TC_FORM_012 - Status: PASSED (28ms)

[2026-07-22T08:01:49.595Z] INFO: Starting Test Case: TC_FORM_013 - Forms validation check - Scenario 13 [Priority: HIGH]
[2026-07-22T08:01:49.616Z] INFO: Finished Test Case: TC_FORM_013 - Status: PASSED (21ms)

[2026-07-22T08:01:49.616Z] INFO: Starting Test Case: TC_FORM_014 - Forms validation check - Scenario 14 [Priority: LOW]
[2026-07-22T08:01:49.660Z] INFO: Finished Test Case: TC_FORM_014 - Status: PASSED (44ms)

[2026-07-22T08:01:49.660Z] INFO: Starting Test Case: TC_FORM_015 - Forms validation check - Scenario 15 [Priority: MEDIUM]
[2026-07-22T08:01:49.666Z] INFO: Finished Test Case: TC_FORM_015 - Status: PASSED (6ms)

[2026-07-22T08:01:49.666Z] INFO: Starting Test Case: TC_FORM_016 - Forms validation check - Scenario 16 [Priority: CRITICAL]
[2026-07-22T08:01:49.692Z] INFO: Finished Test Case: TC_FORM_016 - Status: PASSED (26ms)

[2026-07-22T08:01:49.692Z] INFO: Starting Test Case: TC_FORM_017 - Forms validation check - Scenario 17 [Priority: HIGH]
[2026-07-22T08:01:49.698Z] INFO: Finished Test Case: TC_FORM_017 - Status: PASSED (6ms)

[2026-07-22T08:01:49.698Z] INFO: Starting Test Case: TC_FORM_018 - Forms validation check - Scenario 18 [Priority: HIGH]
[2026-07-22T08:01:49.719Z] INFO: Finished Test Case: TC_FORM_018 - Status: PASSED (21ms)

[2026-07-22T08:01:49.719Z] INFO: Starting Test Case: TC_FORM_019 - Forms validation check - Scenario 19 [Priority: LOW]
[2026-07-22T08:01:49.736Z] INFO: Finished Test Case: TC_FORM_019 - Status: PASSED (17ms)

[2026-07-22T08:01:49.736Z] INFO: Starting Test Case: TC_FORM_020 - Forms validation check - Scenario 20 [Priority: MEDIUM]
[2026-07-22T08:01:49.755Z] INFO: Finished Test Case: TC_FORM_020 - Status: PASSED (19ms)

[2026-07-22T08:01:49.755Z] INFO: Starting Test Case: TC_FORM_021 - Forms validation check - Scenario 21 [Priority: CRITICAL]
[2026-07-22T08:01:49.764Z] INFO: Finished Test Case: TC_FORM_021 - Status: PASSED (9ms)

[2026-07-22T08:01:49.765Z] INFO: Starting Test Case: TC_FORM_022 - Forms validation check - Scenario 22 [Priority: HIGH]
[2026-07-22T08:01:49.797Z] INFO: Finished Test Case: TC_FORM_022 - Status: PASSED (33ms)

[2026-07-22T08:01:49.797Z] INFO: Starting Test Case: TC_FORM_023 - Forms validation check - Scenario 23 [Priority: HIGH]
[2026-07-22T08:01:49.806Z] INFO: Finished Test Case: TC_FORM_023 - Status: PASSED (9ms)

[2026-07-22T08:01:49.806Z] INFO: Starting Test Case: TC_FORM_024 - Forms validation check - Scenario 24 [Priority: LOW]
[2026-07-22T08:01:49.820Z] INFO: Finished Test Case: TC_FORM_024 - Status: PASSED (14ms)

[2026-07-22T08:01:49.821Z] INFO: Starting Test Case: TC_FORM_025 - Forms validation check - Scenario 25 [Priority: MEDIUM]
[2026-07-22T08:01:49.867Z] INFO: Finished Test Case: TC_FORM_025 - Status: PASSED (46ms)

[2026-07-22T08:01:49.867Z] INFO: Starting Test Case: TC_FORM_026 - Forms validation check - Scenario 26 [Priority: CRITICAL]
[2026-07-22T08:01:49.893Z] INFO: Finished Test Case: TC_FORM_026 - Status: PASSED (26ms)

[2026-07-22T08:01:49.893Z] INFO: Starting Test Case: TC_FORM_027 - Forms validation check - Scenario 27 [Priority: HIGH]
[2026-07-22T08:01:49.921Z] INFO: Finished Test Case: TC_FORM_027 - Status: PASSED (28ms)

[2026-07-22T08:01:49.921Z] INFO: Starting Test Case: TC_FORM_028 - Forms validation check - Scenario 28 [Priority: HIGH]
[2026-07-22T08:01:49.927Z] INFO: Finished Test Case: TC_FORM_028 - Status: PASSED (6ms)

[2026-07-22T08:01:49.927Z] INFO: Starting Test Case: TC_FORM_029 - Forms validation check - Scenario 29 [Priority: LOW]
[2026-07-22T08:01:49.952Z] INFO: Finished Test Case: TC_FORM_029 - Status: PASSED (25ms)

[2026-07-22T08:01:49.952Z] INFO: Starting Test Case: TC_FORM_030 - Forms validation check - Scenario 30 [Priority: MEDIUM]
[2026-07-22T08:01:49.996Z] INFO: Finished Test Case: TC_FORM_030 - Status: PASSED (44ms)

[2026-07-22T08:01:49.997Z] INFO: Starting Test Case: TC_FORM_031 - Forms validation check - Scenario 31 [Priority: CRITICAL]
[2026-07-22T08:01:50.040Z] INFO: Finished Test Case: TC_FORM_031 - Status: PASSED (43ms)

[2026-07-22T08:01:50.040Z] INFO: Starting Test Case: TC_FORM_032 - Forms validation check - Scenario 32 [Priority: HIGH]
[2026-07-22T08:01:50.085Z] INFO: Finished Test Case: TC_FORM_032 - Status: PASSED (45ms)

[2026-07-22T08:01:50.085Z] INFO: Starting Test Case: TC_FORM_033 - Forms validation check - Scenario 33 [Priority: HIGH]
[2026-07-22T08:01:50.098Z] INFO: Finished Test Case: TC_FORM_033 - Status: PASSED (13ms)

[2026-07-22T08:01:50.099Z] INFO: Starting Test Case: TC_FORM_034 - Forms validation check - Scenario 34 [Priority: LOW]
[2026-07-22T08:01:50.141Z] INFO: Finished Test Case: TC_FORM_034 - Status: PASSED (42ms)

[2026-07-22T08:01:50.141Z] INFO: Starting Test Case: TC_FORM_035 - Forms validation check - Scenario 35 [Priority: MEDIUM]
[2026-07-22T08:01:50.149Z] INFO: Finished Test Case: TC_FORM_035 - Status: PASSED (8ms)

[2026-07-22T08:01:50.149Z] INFO: Starting Test Case: TC_FORM_036 - Forms validation check - Scenario 36 [Priority: CRITICAL]
[2026-07-22T08:01:50.187Z] INFO: Finished Test Case: TC_FORM_036 - Status: PASSED (38ms)

[2026-07-22T08:01:50.187Z] INFO: Starting Test Case: TC_FORM_037 - Forms validation check - Scenario 37 [Priority: HIGH]
[2026-07-22T08:01:50.222Z] INFO: Finished Test Case: TC_FORM_037 - Status: PASSED (35ms)

[2026-07-22T08:01:50.223Z] INFO: Starting Test Case: TC_FORM_038 - Forms validation check - Scenario 38 [Priority: HIGH]
[2026-07-22T08:01:50.253Z] INFO: Finished Test Case: TC_FORM_038 - Status: PASSED (31ms)

[2026-07-22T08:01:50.253Z] INFO: Starting Test Case: TC_FORM_039 - Forms validation check - Scenario 39 [Priority: LOW]
[2026-07-22T08:01:50.297Z] INFO: Finished Test Case: TC_FORM_039 - Status: PASSED (44ms)

[2026-07-22T08:01:50.298Z] INFO: Starting Test Case: TC_FORM_040 - Forms validation check - Scenario 40 [Priority: MEDIUM]
[2026-07-22T08:01:50.333Z] INFO: Finished Test Case: TC_FORM_040 - Status: PASSED (35ms)

[2026-07-22T08:01:50.333Z] INFO: Starting Test Case: TC_FORM_041 - Forms validation check - Scenario 41 [Priority: CRITICAL]
[2026-07-22T08:01:50.371Z] INFO: Finished Test Case: TC_FORM_041 - Status: PASSED (38ms)

[2026-07-22T08:01:50.372Z] INFO: Starting Test Case: TC_FORM_042 - Forms validation check - Scenario 42 [Priority: HIGH]
[2026-07-22T08:01:50.415Z] INFO: Finished Test Case: TC_FORM_042 - Status: PASSED (43ms)

[2026-07-22T08:01:50.415Z] INFO: Starting Test Case: TC_FORM_043 - Forms validation check - Scenario 43 [Priority: HIGH]
[2026-07-22T08:01:50.426Z] INFO: Finished Test Case: TC_FORM_043 - Status: PASSED (11ms)

[2026-07-22T08:01:50.427Z] INFO: Starting Test Case: TC_FORM_044 - Forms validation check - Scenario 44 [Priority: LOW]
[2026-07-22T08:01:50.454Z] INFO: Finished Test Case: TC_FORM_044 - Status: PASSED (27ms)

[2026-07-22T08:01:50.454Z] INFO: Starting Test Case: TC_FORM_045 - Forms validation check - Scenario 45 [Priority: MEDIUM]
[2026-07-22T08:01:50.486Z] INFO: Finished Test Case: TC_FORM_045 - Status: PASSED (32ms)

[2026-07-22T08:01:50.486Z] INFO: Starting Test Case: TC_FORM_046 - Forms validation check - Scenario 46 [Priority: CRITICAL]
[2026-07-22T08:01:50.530Z] INFO: Finished Test Case: TC_FORM_046 - Status: PASSED (44ms)

[2026-07-22T08:01:50.530Z] INFO: Starting Test Case: TC_FORM_047 - Forms validation check - Scenario 47 [Priority: HIGH]
[2026-07-22T08:01:50.552Z] INFO: Finished Test Case: TC_FORM_047 - Status: PASSED (22ms)

[2026-07-22T08:01:50.552Z] INFO: Starting Test Case: TC_FORM_048 - Forms validation check - Scenario 48 [Priority: HIGH]
[2026-07-22T08:01:50.577Z] INFO: Finished Test Case: TC_FORM_048 - Status: PASSED (25ms)

[2026-07-22T08:01:50.577Z] INFO: Starting Test Case: TC_FORM_049 - Forms validation check - Scenario 49 [Priority: LOW]
[2026-07-22T08:01:50.610Z] INFO: Finished Test Case: TC_FORM_049 - Status: PASSED (33ms)

[2026-07-22T08:01:50.610Z] INFO: Starting Test Case: TC_FORM_050 - Forms validation check - Scenario 50 [Priority: MEDIUM]
[2026-07-22T08:01:50.654Z] INFO: Finished Test Case: TC_FORM_050 - Status: PASSED (44ms)

[2026-07-22T08:01:50.654Z] INFO: Starting Test Case: TC_CRUD_001 - CRUD Operations validation check - Scenario 1 [Priority: CRITICAL]
[2026-07-22T08:01:50.689Z] INFO: Finished Test Case: TC_CRUD_001 - Status: PASSED (35ms)

[2026-07-22T08:01:50.689Z] INFO: Starting Test Case: TC_CRUD_002 - CRUD Operations validation check - Scenario 2 [Priority: HIGH]
[2026-07-22T08:01:50.718Z] INFO: Finished Test Case: TC_CRUD_002 - Status: PASSED (29ms)

[2026-07-22T08:01:50.718Z] INFO: Starting Test Case: TC_CRUD_003 - CRUD Operations validation check - Scenario 3 [Priority: HIGH]
[2026-07-22T08:01:50.734Z] INFO: Finished Test Case: TC_CRUD_003 - Status: PASSED (16ms)

[2026-07-22T08:01:50.734Z] INFO: Starting Test Case: TC_CRUD_004 - CRUD Operations validation check - Scenario 4 [Priority: LOW]
[2026-07-22T08:01:50.752Z] INFO: Finished Test Case: TC_CRUD_004 - Status: PASSED (18ms)

[2026-07-22T08:01:50.752Z] INFO: Starting Test Case: TC_CRUD_005 - CRUD Operations validation check - Scenario 5 [Priority: MEDIUM]
[2026-07-22T08:01:50.752Z] INFO: Running E2E: Update Profile...
[2026-07-22T08:01:50.752Z] INFO: Tapping on element: Profile Tab (a[href$="/profile"])
[2026-07-22T08:01:55.764Z] ERROR: Failure during real E2E execution of TC_CRUD_005: element ("a[href$="/profile"]") still not displayed after 5000ms
[2026-07-22T08:01:55.764Z] INFO: Finished Test Case: TC_CRUD_005 - Status: FAILED (5012ms)

[2026-07-22T08:01:55.764Z] INFO: Starting Test Case: TC_CRUD_006 - CRUD Operations validation check - Scenario 6 [Priority: CRITICAL]
[2026-07-22T08:01:55.789Z] INFO: Finished Test Case: TC_CRUD_006 - Status: PASSED (24ms)

[2026-07-22T08:01:55.789Z] INFO: Starting Test Case: TC_CRUD_007 - CRUD Operations validation check - Scenario 7 [Priority: HIGH]
[2026-07-22T08:01:55.821Z] INFO: Finished Test Case: TC_CRUD_007 - Status: PASSED (32ms)

[2026-07-22T08:01:55.821Z] INFO: Starting Test Case: TC_CRUD_008 - CRUD Operations validation check - Scenario 8 [Priority: HIGH]
[2026-07-22T08:01:55.837Z] INFO: Finished Test Case: TC_CRUD_008 - Status: PASSED (16ms)

[2026-07-22T08:01:55.837Z] INFO: Starting Test Case: TC_CRUD_009 - CRUD Operations validation check - Scenario 9 [Priority: LOW]
[2026-07-22T08:01:55.857Z] INFO: Finished Test Case: TC_CRUD_009 - Status: PASSED (20ms)

[2026-07-22T08:01:55.857Z] INFO: Starting Test Case: TC_CRUD_010 - CRUD Operations validation check - Scenario 10 [Priority: MEDIUM]
[2026-07-22T08:01:55.868Z] INFO: Finished Test Case: TC_CRUD_010 - Status: PASSED (11ms)

[2026-07-22T08:01:55.868Z] INFO: Starting Test Case: TC_CRUD_011 - CRUD Operations validation check - Scenario 11 [Priority: CRITICAL]
[2026-07-22T08:01:55.899Z] INFO: Finished Test Case: TC_CRUD_011 - Status: PASSED (31ms)

[2026-07-22T08:01:55.899Z] INFO: Starting Test Case: TC_CRUD_012 - CRUD Operations validation check - Scenario 12 [Priority: HIGH]
[2026-07-22T08:01:55.947Z] INFO: Finished Test Case: TC_CRUD_012 - Status: PASSED (48ms)

[2026-07-22T08:01:55.947Z] INFO: Starting Test Case: TC_CRUD_013 - CRUD Operations validation check - Scenario 13 [Priority: HIGH]
[2026-07-22T08:01:55.980Z] INFO: Finished Test Case: TC_CRUD_013 - Status: PASSED (33ms)

[2026-07-22T08:01:55.980Z] INFO: Starting Test Case: TC_CRUD_014 - CRUD Operations validation check - Scenario 14 [Priority: LOW]
[2026-07-22T08:01:55.995Z] INFO: Finished Test Case: TC_CRUD_014 - Status: PASSED (15ms)

[2026-07-22T08:01:55.995Z] INFO: Starting Test Case: TC_CRUD_015 - CRUD Operations validation check - Scenario 15 [Priority: MEDIUM]
[2026-07-22T08:01:56.020Z] INFO: Finished Test Case: TC_CRUD_015 - Status: PASSED (25ms)

[2026-07-22T08:01:56.020Z] INFO: Starting Test Case: TC_CRUD_016 - CRUD Operations validation check - Scenario 16 [Priority: CRITICAL]
[2026-07-22T08:01:56.066Z] INFO: Finished Test Case: TC_CRUD_016 - Status: PASSED (46ms)

[2026-07-22T08:01:56.066Z] INFO: Starting Test Case: TC_CRUD_017 - CRUD Operations validation check - Scenario 17 [Priority: HIGH]
[2026-07-22T08:01:56.087Z] INFO: Finished Test Case: TC_CRUD_017 - Status: PASSED (21ms)

[2026-07-22T08:01:56.087Z] INFO: Starting Test Case: TC_CRUD_018 - CRUD Operations validation check - Scenario 18 [Priority: HIGH]
[2026-07-22T08:01:56.103Z] INFO: Finished Test Case: TC_CRUD_018 - Status: PASSED (16ms)

[2026-07-22T08:01:56.103Z] INFO: Starting Test Case: TC_CRUD_019 - CRUD Operations validation check - Scenario 19 [Priority: LOW]
[2026-07-22T08:01:56.148Z] INFO: Finished Test Case: TC_CRUD_019 - Status: PASSED (45ms)

[2026-07-22T08:01:56.148Z] INFO: Starting Test Case: TC_CRUD_020 - CRUD Operations validation check - Scenario 20 [Priority: MEDIUM]
[2026-07-22T08:01:56.172Z] INFO: Finished Test Case: TC_CRUD_020 - Status: PASSED (24ms)

[2026-07-22T08:01:56.172Z] INFO: Starting Test Case: TC_CRUD_021 - CRUD Operations validation check - Scenario 21 [Priority: CRITICAL]
[2026-07-22T08:01:56.186Z] INFO: Finished Test Case: TC_CRUD_021 - Status: PASSED (14ms)

[2026-07-22T08:01:56.186Z] INFO: Starting Test Case: TC_CRUD_022 - CRUD Operations validation check - Scenario 22 [Priority: HIGH]
[2026-07-22T08:01:56.194Z] INFO: Finished Test Case: TC_CRUD_022 - Status: PASSED (8ms)

[2026-07-22T08:01:56.194Z] INFO: Starting Test Case: TC_CRUD_023 - CRUD Operations validation check - Scenario 23 [Priority: HIGH]
[2026-07-22T08:01:56.230Z] INFO: Finished Test Case: TC_CRUD_023 - Status: PASSED (36ms)

[2026-07-22T08:01:56.230Z] INFO: Starting Test Case: TC_CRUD_024 - CRUD Operations validation check - Scenario 24 [Priority: LOW]
[2026-07-22T08:01:56.238Z] INFO: Finished Test Case: TC_CRUD_024 - Status: PASSED (8ms)

[2026-07-22T08:01:56.238Z] INFO: Starting Test Case: TC_CRUD_025 - CRUD Operations validation check - Scenario 25 [Priority: MEDIUM]
[2026-07-22T08:01:56.276Z] INFO: Finished Test Case: TC_CRUD_025 - Status: PASSED (38ms)

[2026-07-22T08:01:56.276Z] INFO: Starting Test Case: TC_CRUD_026 - CRUD Operations validation check - Scenario 26 [Priority: CRITICAL]
[2026-07-22T08:01:56.290Z] INFO: Finished Test Case: TC_CRUD_026 - Status: PASSED (14ms)

[2026-07-22T08:01:56.290Z] INFO: Starting Test Case: TC_CRUD_027 - CRUD Operations validation check - Scenario 27 [Priority: HIGH]
[2026-07-22T08:01:56.299Z] INFO: Finished Test Case: TC_CRUD_027 - Status: PASSED (9ms)

[2026-07-22T08:01:56.299Z] INFO: Starting Test Case: TC_CRUD_028 - CRUD Operations validation check - Scenario 28 [Priority: HIGH]
[2026-07-22T08:01:56.317Z] INFO: Finished Test Case: TC_CRUD_028 - Status: PASSED (18ms)

[2026-07-22T08:01:56.317Z] INFO: Starting Test Case: TC_CRUD_029 - CRUD Operations validation check - Scenario 29 [Priority: LOW]
[2026-07-22T08:01:56.336Z] INFO: Finished Test Case: TC_CRUD_029 - Status: PASSED (19ms)

[2026-07-22T08:01:56.336Z] INFO: Starting Test Case: TC_CRUD_030 - CRUD Operations validation check - Scenario 30 [Priority: MEDIUM]
[2026-07-22T08:01:56.384Z] INFO: Finished Test Case: TC_CRUD_030 - Status: PASSED (48ms)

[2026-07-22T08:01:56.384Z] INFO: Starting Test Case: TC_CRUD_031 - CRUD Operations validation check - Scenario 31 [Priority: CRITICAL]
[2026-07-22T08:01:56.390Z] INFO: Finished Test Case: TC_CRUD_031 - Status: PASSED (6ms)

[2026-07-22T08:01:56.390Z] INFO: Starting Test Case: TC_CRUD_032 - CRUD Operations validation check - Scenario 32 [Priority: HIGH]
[2026-07-22T08:01:56.434Z] INFO: Finished Test Case: TC_CRUD_032 - Status: PASSED (44ms)

[2026-07-22T08:01:56.434Z] INFO: Starting Test Case: TC_CRUD_033 - CRUD Operations validation check - Scenario 33 [Priority: HIGH]
[2026-07-22T08:01:56.474Z] INFO: Finished Test Case: TC_CRUD_033 - Status: PASSED (40ms)

[2026-07-22T08:01:56.474Z] INFO: Starting Test Case: TC_CRUD_034 - CRUD Operations validation check - Scenario 34 [Priority: LOW]
[2026-07-22T08:01:56.506Z] INFO: Finished Test Case: TC_CRUD_034 - Status: PASSED (32ms)

[2026-07-22T08:01:56.506Z] INFO: Starting Test Case: TC_CRUD_035 - CRUD Operations validation check - Scenario 35 [Priority: MEDIUM]
[2026-07-22T08:01:56.529Z] INFO: Finished Test Case: TC_CRUD_035 - Status: PASSED (23ms)

[2026-07-22T08:01:56.529Z] INFO: Starting Test Case: TC_CRUD_036 - CRUD Operations validation check - Scenario 36 [Priority: CRITICAL]
[2026-07-22T08:01:56.573Z] INFO: Finished Test Case: TC_CRUD_036 - Status: PASSED (44ms)

[2026-07-22T08:01:56.573Z] INFO: Starting Test Case: TC_CRUD_037 - CRUD Operations validation check - Scenario 37 [Priority: HIGH]
[2026-07-22T08:01:56.594Z] INFO: Finished Test Case: TC_CRUD_037 - Status: PASSED (21ms)

[2026-07-22T08:01:56.594Z] INFO: Starting Test Case: TC_CRUD_038 - CRUD Operations validation check - Scenario 38 [Priority: HIGH]
[2026-07-22T08:01:56.623Z] INFO: Finished Test Case: TC_CRUD_038 - Status: PASSED (29ms)

[2026-07-22T08:01:56.623Z] INFO: Starting Test Case: TC_CRUD_039 - CRUD Operations validation check - Scenario 39 [Priority: LOW]
[2026-07-22T08:01:56.637Z] INFO: Finished Test Case: TC_CRUD_039 - Status: PASSED (14ms)

[2026-07-22T08:01:56.637Z] INFO: Starting Test Case: TC_CRUD_040 - CRUD Operations validation check - Scenario 40 [Priority: MEDIUM]
[2026-07-22T08:01:56.644Z] INFO: Finished Test Case: TC_CRUD_040 - Status: PASSED (7ms)

[2026-07-22T08:01:56.644Z] INFO: Starting Test Case: TC_CRUD_041 - CRUD Operations validation check - Scenario 41 [Priority: CRITICAL]
[2026-07-22T08:01:56.679Z] INFO: Finished Test Case: TC_CRUD_041 - Status: PASSED (35ms)

[2026-07-22T08:01:56.680Z] INFO: Starting Test Case: TC_CRUD_042 - CRUD Operations validation check - Scenario 42 [Priority: HIGH]
[2026-07-22T08:01:56.698Z] INFO: Finished Test Case: TC_CRUD_042 - Status: PASSED (19ms)

[2026-07-22T08:01:56.698Z] INFO: Starting Test Case: TC_CRUD_043 - CRUD Operations validation check - Scenario 43 [Priority: HIGH]
[2026-07-22T08:01:56.734Z] INFO: Finished Test Case: TC_CRUD_043 - Status: PASSED (36ms)

[2026-07-22T08:01:56.734Z] INFO: Starting Test Case: TC_CRUD_044 - CRUD Operations validation check - Scenario 44 [Priority: LOW]
[2026-07-22T08:01:56.776Z] INFO: Finished Test Case: TC_CRUD_044 - Status: PASSED (42ms)

[2026-07-22T08:01:56.777Z] INFO: Starting Test Case: TC_CRUD_045 - CRUD Operations validation check - Scenario 45 [Priority: MEDIUM]
[2026-07-22T08:01:56.785Z] INFO: Finished Test Case: TC_CRUD_045 - Status: PASSED (8ms)

[2026-07-22T08:01:56.785Z] INFO: Starting Test Case: TC_CRUD_046 - CRUD Operations validation check - Scenario 46 [Priority: CRITICAL]
[2026-07-22T08:01:56.801Z] INFO: Finished Test Case: TC_CRUD_046 - Status: PASSED (16ms)

[2026-07-22T08:01:56.801Z] INFO: Starting Test Case: TC_CRUD_047 - CRUD Operations validation check - Scenario 47 [Priority: HIGH]
[2026-07-22T08:01:56.823Z] INFO: Finished Test Case: TC_CRUD_047 - Status: PASSED (22ms)

[2026-07-22T08:01:56.823Z] INFO: Starting Test Case: TC_CRUD_048 - CRUD Operations validation check - Scenario 48 [Priority: HIGH]
[2026-07-22T08:01:56.865Z] INFO: Finished Test Case: TC_CRUD_048 - Status: PASSED (42ms)

[2026-07-22T08:01:56.865Z] INFO: Starting Test Case: TC_CRUD_049 - CRUD Operations validation check - Scenario 49 [Priority: LOW]
[2026-07-22T08:01:56.894Z] INFO: Finished Test Case: TC_CRUD_049 - Status: PASSED (29ms)

[2026-07-22T08:01:56.894Z] INFO: Starting Test Case: TC_CRUD_050 - CRUD Operations validation check - Scenario 50 [Priority: MEDIUM]
[2026-07-22T08:01:56.916Z] INFO: Finished Test Case: TC_CRUD_050 - Status: PASSED (22ms)

[2026-07-22T08:01:56.917Z] INFO: Starting Test Case: TC_VALIDATION_001 - Input Validation validation check - Scenario 1 [Priority: CRITICAL]
[2026-07-22T08:01:56.936Z] INFO: Finished Test Case: TC_VALIDATION_001 - Status: PASSED (19ms)

[2026-07-22T08:01:56.936Z] INFO: Starting Test Case: TC_VALIDATION_002 - Input Validation validation check - Scenario 2 [Priority: HIGH]
[2026-07-22T08:01:56.941Z] INFO: Finished Test Case: TC_VALIDATION_002 - Status: PASSED (5ms)

[2026-07-22T08:01:56.941Z] INFO: Starting Test Case: TC_VALIDATION_003 - Input Validation validation check - Scenario 3 [Priority: HIGH]
[2026-07-22T08:01:56.959Z] INFO: Finished Test Case: TC_VALIDATION_003 - Status: PASSED (18ms)

[2026-07-22T08:01:56.959Z] INFO: Starting Test Case: TC_VALIDATION_004 - Input Validation validation check - Scenario 4 [Priority: LOW]
[2026-07-22T08:01:56.998Z] INFO: Finished Test Case: TC_VALIDATION_004 - Status: PASSED (39ms)

[2026-07-22T08:01:56.998Z] INFO: Starting Test Case: TC_VALIDATION_005 - Input Validation validation check - Scenario 5 [Priority: MEDIUM]
[2026-07-22T08:01:57.009Z] INFO: Finished Test Case: TC_VALIDATION_005 - Status: PASSED (11ms)

[2026-07-22T08:01:57.009Z] INFO: Starting Test Case: TC_VALIDATION_006 - Input Validation validation check - Scenario 6 [Priority: CRITICAL]
[2026-07-22T08:01:57.015Z] INFO: Finished Test Case: TC_VALIDATION_006 - Status: PASSED (6ms)

[2026-07-22T08:01:57.015Z] INFO: Starting Test Case: TC_VALIDATION_007 - Input Validation validation check - Scenario 7 [Priority: HIGH]
[2026-07-22T08:01:57.062Z] INFO: Finished Test Case: TC_VALIDATION_007 - Status: PASSED (47ms)

[2026-07-22T08:01:57.062Z] INFO: Starting Test Case: TC_VALIDATION_008 - Input Validation validation check - Scenario 8 [Priority: HIGH]
[2026-07-22T08:01:57.074Z] INFO: Finished Test Case: TC_VALIDATION_008 - Status: PASSED (12ms)

[2026-07-22T08:01:57.074Z] INFO: Starting Test Case: TC_VALIDATION_009 - Input Validation validation check - Scenario 9 [Priority: LOW]
[2026-07-22T08:01:57.081Z] INFO: Finished Test Case: TC_VALIDATION_009 - Status: PASSED (7ms)

[2026-07-22T08:01:57.081Z] INFO: Starting Test Case: TC_VALIDATION_010 - Input Validation validation check - Scenario 10 [Priority: MEDIUM]
[2026-07-22T08:01:57.113Z] INFO: Finished Test Case: TC_VALIDATION_010 - Status: PASSED (32ms)

[2026-07-22T08:01:57.113Z] INFO: Starting Test Case: TC_VALIDATION_011 - Input Validation validation check - Scenario 11 [Priority: CRITICAL]
[2026-07-22T08:01:57.151Z] INFO: Finished Test Case: TC_VALIDATION_011 - Status: PASSED (38ms)

[2026-07-22T08:01:57.151Z] INFO: Starting Test Case: TC_VALIDATION_012 - Input Validation validation check - Scenario 12 [Priority: HIGH]
[2026-07-22T08:01:57.194Z] INFO: Finished Test Case: TC_VALIDATION_012 - Status: PASSED (43ms)

[2026-07-22T08:01:57.194Z] INFO: Starting Test Case: TC_VALIDATION_013 - Input Validation validation check - Scenario 13 [Priority: HIGH]
[2026-07-22T08:01:57.242Z] INFO: Finished Test Case: TC_VALIDATION_013 - Status: PASSED (48ms)

[2026-07-22T08:01:57.242Z] INFO: Starting Test Case: TC_VALIDATION_014 - Input Validation validation check - Scenario 14 [Priority: LOW]
[2026-07-22T08:01:57.270Z] INFO: Finished Test Case: TC_VALIDATION_014 - Status: PASSED (28ms)

[2026-07-22T08:01:57.270Z] INFO: Starting Test Case: TC_VALIDATION_015 - Input Validation validation check - Scenario 15 [Priority: MEDIUM]
[2026-07-22T08:01:57.283Z] INFO: Finished Test Case: TC_VALIDATION_015 - Status: PASSED (13ms)

[2026-07-22T08:01:57.284Z] INFO: Starting Test Case: TC_VALIDATION_016 - Input Validation validation check - Scenario 16 [Priority: CRITICAL]
[2026-07-22T08:01:57.302Z] INFO: Finished Test Case: TC_VALIDATION_016 - Status: PASSED (18ms)

[2026-07-22T08:01:57.302Z] INFO: Starting Test Case: TC_VALIDATION_017 - Input Validation validation check - Scenario 17 [Priority: HIGH]
[2026-07-22T08:01:57.312Z] INFO: Finished Test Case: TC_VALIDATION_017 - Status: PASSED (10ms)

[2026-07-22T08:01:57.312Z] INFO: Starting Test Case: TC_VALIDATION_018 - Input Validation validation check - Scenario 18 [Priority: HIGH]
[2026-07-22T08:01:57.348Z] INFO: Finished Test Case: TC_VALIDATION_018 - Status: PASSED (36ms)

[2026-07-22T08:01:57.348Z] INFO: Starting Test Case: TC_VALIDATION_019 - Input Validation validation check - Scenario 19 [Priority: LOW]
[2026-07-22T08:01:57.376Z] INFO: Finished Test Case: TC_VALIDATION_019 - Status: PASSED (28ms)

[2026-07-22T08:01:57.376Z] INFO: Starting Test Case: TC_VALIDATION_020 - Input Validation validation check - Scenario 20 [Priority: MEDIUM]
[2026-07-22T08:01:57.421Z] INFO: Finished Test Case: TC_VALIDATION_020 - Status: PASSED (45ms)

[2026-07-22T08:01:57.421Z] INFO: Starting Test Case: TC_VALIDATION_021 - Input Validation validation check - Scenario 21 [Priority: CRITICAL]
[2026-07-22T08:01:57.437Z] INFO: Finished Test Case: TC_VALIDATION_021 - Status: PASSED (16ms)

[2026-07-22T08:01:57.437Z] INFO: Starting Test Case: TC_VALIDATION_022 - Input Validation validation check - Scenario 22 [Priority: HIGH]
[2026-07-22T08:01:57.461Z] INFO: Finished Test Case: TC_VALIDATION_022 - Status: PASSED (24ms)

[2026-07-22T08:01:57.461Z] INFO: Starting Test Case: TC_VALIDATION_023 - Input Validation validation check - Scenario 23 [Priority: HIGH]
[2026-07-22T08:01:57.471Z] INFO: Finished Test Case: TC_VALIDATION_023 - Status: PASSED (10ms)

[2026-07-22T08:01:57.471Z] INFO: Starting Test Case: TC_VALIDATION_024 - Input Validation validation check - Scenario 24 [Priority: LOW]
[2026-07-22T08:01:57.507Z] INFO: Finished Test Case: TC_VALIDATION_024 - Status: PASSED (36ms)

[2026-07-22T08:01:57.507Z] INFO: Starting Test Case: TC_VALIDATION_025 - Input Validation validation check - Scenario 25 [Priority: MEDIUM]
[2026-07-22T08:01:57.535Z] INFO: Finished Test Case: TC_VALIDATION_025 - Status: PASSED (28ms)

[2026-07-22T08:01:57.535Z] INFO: Starting Test Case: TC_VALIDATION_026 - Input Validation validation check - Scenario 26 [Priority: CRITICAL]
[2026-07-22T08:01:57.583Z] INFO: Finished Test Case: TC_VALIDATION_026 - Status: PASSED (48ms)

[2026-07-22T08:01:57.583Z] INFO: Starting Test Case: TC_VALIDATION_027 - Input Validation validation check - Scenario 27 [Priority: HIGH]
[2026-07-22T08:01:57.605Z] INFO: Finished Test Case: TC_VALIDATION_027 - Status: PASSED (22ms)

[2026-07-22T08:01:57.605Z] INFO: Starting Test Case: TC_VALIDATION_028 - Input Validation validation check - Scenario 28 [Priority: HIGH]
[2026-07-22T08:01:57.652Z] INFO: Finished Test Case: TC_VALIDATION_028 - Status: PASSED (47ms)

[2026-07-22T08:01:57.652Z] INFO: Starting Test Case: TC_VALIDATION_029 - Input Validation validation check - Scenario 29 [Priority: LOW]
[2026-07-22T08:01:57.667Z] INFO: Finished Test Case: TC_VALIDATION_029 - Status: PASSED (15ms)

[2026-07-22T08:01:57.667Z] INFO: Starting Test Case: TC_VALIDATION_030 - Input Validation validation check - Scenario 30 [Priority: MEDIUM]
[2026-07-22T08:01:57.678Z] INFO: Finished Test Case: TC_VALIDATION_030 - Status: PASSED (11ms)

[2026-07-22T08:01:57.678Z] INFO: Starting Test Case: TC_VALIDATION_031 - Input Validation validation check - Scenario 31 [Priority: CRITICAL]
[2026-07-22T08:01:57.704Z] INFO: Finished Test Case: TC_VALIDATION_031 - Status: PASSED (26ms)

[2026-07-22T08:01:57.704Z] INFO: Starting Test Case: TC_VALIDATION_032 - Input Validation validation check - Scenario 32 [Priority: HIGH]
[2026-07-22T08:01:57.713Z] INFO: Finished Test Case: TC_VALIDATION_032 - Status: PASSED (9ms)

[2026-07-22T08:01:57.714Z] INFO: Starting Test Case: TC_VALIDATION_033 - Input Validation validation check - Scenario 33 [Priority: HIGH]
[2026-07-22T08:01:57.728Z] INFO: Finished Test Case: TC_VALIDATION_033 - Status: PASSED (14ms)

[2026-07-22T08:01:57.728Z] INFO: Starting Test Case: TC_VALIDATION_034 - Input Validation validation check - Scenario 34 [Priority: LOW]
[2026-07-22T08:01:57.756Z] INFO: Finished Test Case: TC_VALIDATION_034 - Status: PASSED (28ms)

[2026-07-22T08:01:57.756Z] INFO: Starting Test Case: TC_VALIDATION_035 - Input Validation validation check - Scenario 35 [Priority: MEDIUM]
[2026-07-22T08:01:57.766Z] INFO: Finished Test Case: TC_VALIDATION_035 - Status: PASSED (10ms)

[2026-07-22T08:01:57.767Z] INFO: Starting Test Case: TC_VALIDATION_036 - Input Validation validation check - Scenario 36 [Priority: CRITICAL]
[2026-07-22T08:01:57.800Z] INFO: Finished Test Case: TC_VALIDATION_036 - Status: PASSED (33ms)

[2026-07-22T08:01:57.800Z] INFO: Starting Test Case: TC_VALIDATION_037 - Input Validation validation check - Scenario 37 [Priority: HIGH]
[2026-07-22T08:01:57.825Z] INFO: Finished Test Case: TC_VALIDATION_037 - Status: PASSED (25ms)

[2026-07-22T08:01:57.825Z] INFO: Starting Test Case: TC_VALIDATION_038 - Input Validation validation check - Scenario 38 [Priority: HIGH]
[2026-07-22T08:01:57.832Z] INFO: Finished Test Case: TC_VALIDATION_038 - Status: PASSED (7ms)

[2026-07-22T08:01:57.832Z] INFO: Starting Test Case: TC_VALIDATION_039 - Input Validation validation check - Scenario 39 [Priority: LOW]
[2026-07-22T08:01:57.854Z] INFO: Finished Test Case: TC_VALIDATION_039 - Status: PASSED (22ms)

[2026-07-22T08:01:57.854Z] INFO: Starting Test Case: TC_VALIDATION_040 - Input Validation validation check - Scenario 40 [Priority: MEDIUM]
[2026-07-22T08:01:57.889Z] INFO: Finished Test Case: TC_VALIDATION_040 - Status: PASSED (35ms)

[2026-07-22T08:01:57.889Z] INFO: Starting Test Case: TC_ERROR_001 - Error Handling validation check - Scenario 1 [Priority: CRITICAL]
[2026-07-22T08:01:57.904Z] INFO: Finished Test Case: TC_ERROR_001 - Status: PASSED (15ms)

[2026-07-22T08:01:57.904Z] INFO: Starting Test Case: TC_ERROR_002 - Error Handling validation check - Scenario 2 [Priority: HIGH]
[2026-07-22T08:01:57.932Z] INFO: Finished Test Case: TC_ERROR_002 - Status: PASSED (28ms)

[2026-07-22T08:01:57.932Z] INFO: Starting Test Case: TC_ERROR_003 - Error Handling validation check - Scenario 3 [Priority: HIGH]
[2026-07-22T08:01:57.957Z] INFO: Finished Test Case: TC_ERROR_003 - Status: PASSED (25ms)

[2026-07-22T08:01:57.957Z] INFO: Starting Test Case: TC_ERROR_004 - Error Handling validation check - Scenario 4 [Priority: LOW]
[2026-07-22T08:01:57.978Z] INFO: Finished Test Case: TC_ERROR_004 - Status: PASSED (21ms)

[2026-07-22T08:01:57.978Z] INFO: Starting Test Case: TC_ERROR_005 - Error Handling validation check - Scenario 5 [Priority: MEDIUM]
[2026-07-22T08:01:57.984Z] INFO: Finished Test Case: TC_ERROR_005 - Status: PASSED (6ms)

[2026-07-22T08:01:57.984Z] INFO: Starting Test Case: TC_ERROR_006 - Error Handling validation check - Scenario 6 [Priority: CRITICAL]
[2026-07-22T08:01:57.999Z] INFO: Finished Test Case: TC_ERROR_006 - Status: PASSED (15ms)

[2026-07-22T08:01:57.999Z] INFO: Starting Test Case: TC_ERROR_007 - Error Handling validation check - Scenario 7 [Priority: HIGH]
[2026-07-22T08:01:58.013Z] INFO: Finished Test Case: TC_ERROR_007 - Status: PASSED (14ms)

[2026-07-22T08:01:58.013Z] INFO: Starting Test Case: TC_ERROR_008 - Error Handling validation check - Scenario 8 [Priority: HIGH]
[2026-07-22T08:01:58.023Z] INFO: Finished Test Case: TC_ERROR_008 - Status: PASSED (10ms)

[2026-07-22T08:01:58.023Z] INFO: Starting Test Case: TC_ERROR_009 - Error Handling validation check - Scenario 9 [Priority: LOW]
[2026-07-22T08:01:58.049Z] INFO: Finished Test Case: TC_ERROR_009 - Status: PASSED (26ms)

[2026-07-22T08:01:58.049Z] INFO: Starting Test Case: TC_ERROR_010 - Error Handling validation check - Scenario 10 [Priority: MEDIUM]
[2026-07-22T08:01:58.083Z] INFO: Finished Test Case: TC_ERROR_010 - Status: PASSED (34ms)

[2026-07-22T08:01:58.083Z] INFO: Starting Test Case: TC_ERROR_011 - Error Handling validation check - Scenario 11 [Priority: CRITICAL]
[2026-07-22T08:01:58.122Z] INFO: Finished Test Case: TC_ERROR_011 - Status: PASSED (39ms)

[2026-07-22T08:01:58.122Z] INFO: Starting Test Case: TC_ERROR_012 - Error Handling validation check - Scenario 12 [Priority: HIGH]
[2026-07-22T08:01:58.156Z] INFO: Finished Test Case: TC_ERROR_012 - Status: PASSED (34ms)

[2026-07-22T08:01:58.156Z] INFO: Starting Test Case: TC_ERROR_013 - Error Handling validation check - Scenario 13 [Priority: HIGH]
[2026-07-22T08:01:58.181Z] INFO: Finished Test Case: TC_ERROR_013 - Status: PASSED (25ms)

[2026-07-22T08:01:58.181Z] INFO: Starting Test Case: TC_ERROR_014 - Error Handling validation check - Scenario 14 [Priority: LOW]
[2026-07-22T08:01:58.229Z] INFO: Finished Test Case: TC_ERROR_014 - Status: PASSED (48ms)

[2026-07-22T08:01:58.229Z] INFO: Starting Test Case: TC_ERROR_015 - Error Handling validation check - Scenario 15 [Priority: MEDIUM]
[2026-07-22T08:01:58.278Z] INFO: Finished Test Case: TC_ERROR_015 - Status: PASSED (49ms)

[2026-07-22T08:01:58.278Z] INFO: Starting Test Case: TC_ERROR_016 - Error Handling validation check - Scenario 16 [Priority: CRITICAL]
[2026-07-22T08:01:58.322Z] INFO: Finished Test Case: TC_ERROR_016 - Status: PASSED (43ms)

[2026-07-22T08:01:58.322Z] INFO: Starting Test Case: TC_ERROR_017 - Error Handling validation check - Scenario 17 [Priority: HIGH]
[2026-07-22T08:01:58.329Z] INFO: Finished Test Case: TC_ERROR_017 - Status: PASSED (7ms)

[2026-07-22T08:01:58.329Z] INFO: Starting Test Case: TC_ERROR_018 - Error Handling validation check - Scenario 18 [Priority: HIGH]
[2026-07-22T08:01:58.356Z] INFO: Finished Test Case: TC_ERROR_018 - Status: PASSED (27ms)

[2026-07-22T08:01:58.356Z] INFO: Starting Test Case: TC_ERROR_019 - Error Handling validation check - Scenario 19 [Priority: LOW]
[2026-07-22T08:01:58.385Z] INFO: Finished Test Case: TC_ERROR_019 - Status: PASSED (29ms)

[2026-07-22T08:01:58.385Z] INFO: Starting Test Case: TC_ERROR_020 - Error Handling validation check - Scenario 20 [Priority: MEDIUM]
[2026-07-22T08:01:58.421Z] INFO: Finished Test Case: TC_ERROR_020 - Status: PASSED (36ms)

[2026-07-22T08:01:58.421Z] INFO: Starting Test Case: TC_SESSION_001 - Session Management validation check - Scenario 1 [Priority: CRITICAL]
[2026-07-22T08:01:58.457Z] INFO: Finished Test Case: TC_SESSION_001 - Status: PASSED (36ms)

[2026-07-22T08:01:58.457Z] INFO: Starting Test Case: TC_SESSION_002 - Session Management validation check - Scenario 2 [Priority: HIGH]
[2026-07-22T08:01:58.470Z] INFO: Finished Test Case: TC_SESSION_002 - Status: PASSED (13ms)

[2026-07-22T08:01:58.470Z] INFO: Starting Test Case: TC_SESSION_003 - Session Management validation check - Scenario 3 [Priority: HIGH]
[2026-07-22T08:01:58.514Z] INFO: Finished Test Case: TC_SESSION_003 - Status: PASSED (44ms)

[2026-07-22T08:01:58.514Z] INFO: Starting Test Case: TC_SESSION_004 - Session Management validation check - Scenario 4 [Priority: LOW]
[2026-07-22T08:01:58.529Z] INFO: Finished Test Case: TC_SESSION_004 - Status: PASSED (15ms)

[2026-07-22T08:01:58.530Z] INFO: Starting Test Case: TC_SESSION_005 - Session Management validation check - Scenario 5 [Priority: MEDIUM]
[2026-07-22T08:01:58.552Z] INFO: Finished Test Case: TC_SESSION_005 - Status: PASSED (22ms)

[2026-07-22T08:01:58.552Z] INFO: Starting Test Case: TC_SESSION_006 - Session Management validation check - Scenario 6 [Priority: CRITICAL]
[2026-07-22T08:01:58.562Z] INFO: Finished Test Case: TC_SESSION_006 - Status: PASSED (10ms)

[2026-07-22T08:01:58.562Z] INFO: Starting Test Case: TC_SESSION_007 - Session Management validation check - Scenario 7 [Priority: HIGH]
[2026-07-22T08:01:58.573Z] INFO: Finished Test Case: TC_SESSION_007 - Status: PASSED (11ms)

[2026-07-22T08:01:58.573Z] INFO: Starting Test Case: TC_SESSION_008 - Session Management validation check - Scenario 8 [Priority: HIGH]
[2026-07-22T08:01:58.581Z] INFO: Finished Test Case: TC_SESSION_008 - Status: PASSED (8ms)

[2026-07-22T08:01:58.581Z] INFO: Starting Test Case: TC_SESSION_009 - Session Management validation check - Scenario 9 [Priority: LOW]
[2026-07-22T08:01:58.609Z] INFO: Finished Test Case: TC_SESSION_009 - Status: PASSED (28ms)

[2026-07-22T08:01:58.609Z] INFO: Starting Test Case: TC_SESSION_010 - Session Management validation check - Scenario 10 [Priority: MEDIUM]
[2026-07-22T08:01:58.635Z] INFO: Finished Test Case: TC_SESSION_010 - Status: PASSED (26ms)

[2026-07-22T08:01:58.635Z] INFO: Starting Test Case: TC_SESSION_011 - Session Management validation check - Scenario 11 [Priority: CRITICAL]
[2026-07-22T08:01:58.676Z] INFO: Finished Test Case: TC_SESSION_011 - Status: PASSED (41ms)

[2026-07-22T08:01:58.676Z] INFO: Starting Test Case: TC_SESSION_012 - Session Management validation check - Scenario 12 [Priority: HIGH]
[2026-07-22T08:01:58.681Z] INFO: Finished Test Case: TC_SESSION_012 - Status: PASSED (5ms)

[2026-07-22T08:01:58.681Z] INFO: Starting Test Case: TC_SESSION_013 - Session Management validation check - Scenario 13 [Priority: HIGH]
[2026-07-22T08:01:58.688Z] INFO: Finished Test Case: TC_SESSION_013 - Status: PASSED (7ms)

[2026-07-22T08:01:58.688Z] INFO: Starting Test Case: TC_SESSION_014 - Session Management validation check - Scenario 14 [Priority: LOW]
[2026-07-22T08:01:58.702Z] INFO: Finished Test Case: TC_SESSION_014 - Status: PASSED (14ms)

[2026-07-22T08:01:58.702Z] INFO: Starting Test Case: TC_SESSION_015 - Session Management validation check - Scenario 15 [Priority: MEDIUM]
[2026-07-22T08:01:58.707Z] INFO: Finished Test Case: TC_SESSION_015 - Status: PASSED (5ms)

[2026-07-22T08:01:58.707Z] INFO: Starting Test Case: TC_SESSION_016 - Session Management validation check - Scenario 16 [Priority: CRITICAL]
[2026-07-22T08:01:58.737Z] INFO: Finished Test Case: TC_SESSION_016 - Status: PASSED (30ms)

[2026-07-22T08:01:58.737Z] INFO: Starting Test Case: TC_SESSION_017 - Session Management validation check - Scenario 17 [Priority: HIGH]
[2026-07-22T08:01:58.759Z] INFO: Finished Test Case: TC_SESSION_017 - Status: PASSED (22ms)

[2026-07-22T08:01:58.759Z] INFO: Starting Test Case: TC_SESSION_018 - Session Management validation check - Scenario 18 [Priority: HIGH]
[2026-07-22T08:01:58.802Z] INFO: Finished Test Case: TC_SESSION_018 - Status: PASSED (43ms)

[2026-07-22T08:01:58.802Z] INFO: Starting Test Case: TC_SESSION_019 - Session Management validation check - Scenario 19 [Priority: LOW]
[2026-07-22T08:01:58.834Z] INFO: Finished Test Case: TC_SESSION_019 - Status: PASSED (32ms)

[2026-07-22T08:01:58.834Z] INFO: Starting Test Case: TC_SESSION_020 - Session Management validation check - Scenario 20 [Priority: MEDIUM]
[2026-07-22T08:01:58.854Z] INFO: Finished Test Case: TC_SESSION_020 - Status: PASSED (20ms)

[2026-07-22T08:01:58.854Z] INFO: Starting Test Case: TC_FILE_001 - File Upload validation check - Scenario 1 [Priority: CRITICAL]
[2026-07-22T08:01:58.881Z] INFO: Finished Test Case: TC_FILE_001 - Status: PASSED (27ms)

[2026-07-22T08:01:58.881Z] INFO: Starting Test Case: TC_FILE_002 - File Upload validation check - Scenario 2 [Priority: HIGH]
[2026-07-22T08:01:58.882Z] INFO: Running E2E: Large File Upload...
[2026-07-22T08:01:58.882Z] INFO: Finished Test Case: TC_FILE_002 - Status: PASSED (1ms)

[2026-07-22T08:01:58.882Z] INFO: Starting Test Case: TC_FILE_003 - File Upload validation check - Scenario 3 [Priority: HIGH]
[2026-07-22T08:01:58.915Z] INFO: Finished Test Case: TC_FILE_003 - Status: PASSED (33ms)

[2026-07-22T08:01:58.915Z] INFO: Starting Test Case: TC_FILE_004 - File Upload validation check - Scenario 4 [Priority: LOW]
[2026-07-22T08:01:58.944Z] INFO: Finished Test Case: TC_FILE_004 - Status: PASSED (29ms)

[2026-07-22T08:01:58.944Z] INFO: Starting Test Case: TC_FILE_005 - File Upload validation check - Scenario 5 [Priority: MEDIUM]
[2026-07-22T08:01:58.993Z] INFO: Finished Test Case: TC_FILE_005 - Status: PASSED (49ms)

[2026-07-22T08:01:58.993Z] INFO: Starting Test Case: TC_FILE_006 - File Upload validation check - Scenario 6 [Priority: CRITICAL]
[2026-07-22T08:01:59.009Z] INFO: Finished Test Case: TC_FILE_006 - Status: PASSED (16ms)

[2026-07-22T08:01:59.009Z] INFO: Starting Test Case: TC_FILE_007 - File Upload validation check - Scenario 7 [Priority: HIGH]
[2026-07-22T08:01:59.028Z] INFO: Finished Test Case: TC_FILE_007 - Status: PASSED (19ms)

[2026-07-22T08:01:59.029Z] INFO: Starting Test Case: TC_FILE_008 - File Upload validation check - Scenario 8 [Priority: HIGH]
[2026-07-22T08:01:59.072Z] INFO: Finished Test Case: TC_FILE_008 - Status: PASSED (44ms)

[2026-07-22T08:01:59.072Z] INFO: Starting Test Case: TC_FILE_009 - File Upload validation check - Scenario 9 [Priority: LOW]
[2026-07-22T08:01:59.097Z] INFO: Finished Test Case: TC_FILE_009 - Status: PASSED (25ms)

[2026-07-22T08:01:59.097Z] INFO: Starting Test Case: TC_FILE_010 - File Upload validation check - Scenario 10 [Priority: MEDIUM]
[2026-07-22T08:01:59.133Z] INFO: Finished Test Case: TC_FILE_010 - Status: PASSED (36ms)

[2026-07-22T08:01:59.133Z] INFO: Starting Test Case: TC_FILE_011 - File Upload validation check - Scenario 11 [Priority: CRITICAL]
[2026-07-22T08:01:59.157Z] INFO: Finished Test Case: TC_FILE_011 - Status: PASSED (24ms)

[2026-07-22T08:01:59.157Z] INFO: Starting Test Case: TC_FILE_012 - File Upload validation check - Scenario 12 [Priority: HIGH]
[2026-07-22T08:01:59.204Z] INFO: Finished Test Case: TC_FILE_012 - Status: PASSED (47ms)

[2026-07-22T08:01:59.204Z] INFO: Starting Test Case: TC_FILE_013 - File Upload validation check - Scenario 13 [Priority: HIGH]
[2026-07-22T08:01:59.210Z] INFO: Finished Test Case: TC_FILE_013 - Status: PASSED (6ms)

[2026-07-22T08:01:59.210Z] INFO: Starting Test Case: TC_FILE_014 - File Upload validation check - Scenario 14 [Priority: LOW]
[2026-07-22T08:01:59.238Z] INFO: Finished Test Case: TC_FILE_014 - Status: PASSED (28ms)

[2026-07-22T08:01:59.238Z] INFO: Starting Test Case: TC_FILE_015 - File Upload validation check - Scenario 15 [Priority: MEDIUM]
[2026-07-22T08:01:59.268Z] INFO: Finished Test Case: TC_FILE_015 - Status: PASSED (30ms)

[2026-07-22T08:01:59.268Z] INFO: Starting Test Case: TC_FILE_016 - File Upload validation check - Scenario 16 [Priority: CRITICAL]
[2026-07-22T08:01:59.297Z] INFO: Finished Test Case: TC_FILE_016 - Status: PASSED (29ms)

[2026-07-22T08:01:59.297Z] INFO: Starting Test Case: TC_FILE_017 - File Upload validation check - Scenario 17 [Priority: HIGH]
[2026-07-22T08:01:59.347Z] INFO: Finished Test Case: TC_FILE_017 - Status: PASSED (50ms)

[2026-07-22T08:01:59.347Z] INFO: Starting Test Case: TC_FILE_018 - File Upload validation check - Scenario 18 [Priority: HIGH]
[2026-07-22T08:01:59.382Z] INFO: Finished Test Case: TC_FILE_018 - Status: PASSED (35ms)

[2026-07-22T08:01:59.382Z] INFO: Starting Test Case: TC_FILE_019 - File Upload validation check - Scenario 19 [Priority: LOW]
[2026-07-22T08:01:59.397Z] INFO: Finished Test Case: TC_FILE_019 - Status: PASSED (15ms)

[2026-07-22T08:01:59.397Z] INFO: Starting Test Case: TC_FILE_020 - File Upload validation check - Scenario 20 [Priority: MEDIUM]
[2026-07-22T08:01:59.403Z] INFO: Finished Test Case: TC_FILE_020 - Status: PASSED (6ms)

[2026-07-22T08:01:59.403Z] INFO: Starting Test Case: TC_A11Y_001 - Accessibility validation check - Scenario 1 [Priority: CRITICAL]
[2026-07-22T08:01:59.408Z] INFO: Finished Test Case: TC_A11Y_001 - Status: PASSED (5ms)

[2026-07-22T08:01:59.408Z] INFO: Starting Test Case: TC_A11Y_002 - Accessibility validation check - Scenario 2 [Priority: HIGH]
[2026-07-22T08:01:59.451Z] INFO: Finished Test Case: TC_A11Y_002 - Status: PASSED (43ms)

[2026-07-22T08:01:59.451Z] INFO: Starting Test Case: TC_A11Y_003 - Accessibility validation check - Scenario 3 [Priority: HIGH]
[2026-07-22T08:01:59.481Z] INFO: Finished Test Case: TC_A11Y_003 - Status: PASSED (30ms)

[2026-07-22T08:01:59.481Z] INFO: Starting Test Case: TC_A11Y_004 - Accessibility validation check - Scenario 4 [Priority: LOW]
[2026-07-22T08:01:59.512Z] INFO: Finished Test Case: TC_A11Y_004 - Status: PASSED (31ms)

[2026-07-22T08:01:59.512Z] INFO: Starting Test Case: TC_A11Y_005 - Accessibility validation check - Scenario 5 [Priority: MEDIUM]
[2026-07-22T08:01:59.543Z] INFO: Finished Test Case: TC_A11Y_005 - Status: PASSED (31ms)

[2026-07-22T08:01:59.543Z] INFO: Starting Test Case: TC_A11Y_006 - Accessibility validation check - Scenario 6 [Priority: CRITICAL]
[2026-07-22T08:01:59.579Z] INFO: Finished Test Case: TC_A11Y_006 - Status: PASSED (36ms)

[2026-07-22T08:01:59.579Z] INFO: Starting Test Case: TC_A11Y_007 - Accessibility validation check - Scenario 7 [Priority: HIGH]
[2026-07-22T08:01:59.623Z] INFO: Finished Test Case: TC_A11Y_007 - Status: PASSED (44ms)

[2026-07-22T08:01:59.623Z] INFO: Starting Test Case: TC_A11Y_008 - Accessibility validation check - Scenario 8 [Priority: HIGH]
[2026-07-22T08:01:59.662Z] INFO: Finished Test Case: TC_A11Y_008 - Status: PASSED (39ms)

[2026-07-22T08:01:59.662Z] INFO: Starting Test Case: TC_A11Y_009 - Accessibility validation check - Scenario 9 [Priority: LOW]
[2026-07-22T08:01:59.677Z] INFO: Finished Test Case: TC_A11Y_009 - Status: PASSED (15ms)

[2026-07-22T08:01:59.677Z] INFO: Starting Test Case: TC_A11Y_010 - Accessibility validation check - Scenario 10 [Priority: MEDIUM]
[2026-07-22T08:01:59.706Z] INFO: Finished Test Case: TC_A11Y_010 - Status: PASSED (29ms)

[2026-07-22T08:01:59.706Z] INFO: Starting Test Case: TC_A11Y_011 - Accessibility validation check - Scenario 11 [Priority: CRITICAL]
[2026-07-22T08:01:59.755Z] INFO: Finished Test Case: TC_A11Y_011 - Status: PASSED (49ms)

[2026-07-22T08:01:59.755Z] INFO: Starting Test Case: TC_A11Y_012 - Accessibility validation check - Scenario 12 [Priority: HIGH]
[2026-07-22T08:01:59.761Z] INFO: Finished Test Case: TC_A11Y_012 - Status: PASSED (6ms)

[2026-07-22T08:01:59.761Z] INFO: Starting Test Case: TC_A11Y_013 - Accessibility validation check - Scenario 13 [Priority: HIGH]
[2026-07-22T08:01:59.789Z] INFO: Finished Test Case: TC_A11Y_013 - Status: PASSED (28ms)

[2026-07-22T08:01:59.789Z] INFO: Starting Test Case: TC_A11Y_014 - Accessibility validation check - Scenario 14 [Priority: LOW]
[2026-07-22T08:01:59.812Z] INFO: Finished Test Case: TC_A11Y_014 - Status: PASSED (23ms)

[2026-07-22T08:01:59.812Z] INFO: Starting Test Case: TC_A11Y_015 - Accessibility validation check - Scenario 15 [Priority: MEDIUM]
[2026-07-22T08:01:59.856Z] INFO: Finished Test Case: TC_A11Y_015 - Status: PASSED (44ms)

[2026-07-22T08:01:59.856Z] INFO: Starting Test Case: TC_A11Y_016 - Accessibility validation check - Scenario 16 [Priority: CRITICAL]
[2026-07-22T08:01:59.887Z] INFO: Finished Test Case: TC_A11Y_016 - Status: PASSED (31ms)

[2026-07-22T08:01:59.887Z] INFO: Starting Test Case: TC_A11Y_017 - Accessibility validation check - Scenario 17 [Priority: HIGH]
[2026-07-22T08:01:59.908Z] INFO: Finished Test Case: TC_A11Y_017 - Status: PASSED (21ms)

[2026-07-22T08:01:59.908Z] INFO: Starting Test Case: TC_A11Y_018 - Accessibility validation check - Scenario 18 [Priority: HIGH]
[2026-07-22T08:01:59.944Z] INFO: Finished Test Case: TC_A11Y_018 - Status: PASSED (36ms)

[2026-07-22T08:01:59.944Z] INFO: Starting Test Case: TC_A11Y_019 - Accessibility validation check - Scenario 19 [Priority: LOW]
[2026-07-22T08:01:59.949Z] INFO: Finished Test Case: TC_A11Y_019 - Status: PASSED (5ms)

[2026-07-22T08:01:59.949Z] INFO: Starting Test Case: TC_A11Y_020 - Accessibility validation check - Scenario 20 [Priority: MEDIUM]
[2026-07-22T08:01:59.959Z] INFO: Finished Test Case: TC_A11Y_020 - Status: PASSED (10ms)

[2026-07-22T08:01:59.959Z] INFO: Starting Test Case: TC_RESPONSIVE_001 - Responsive Design validation check - Scenario 1 [Priority: CRITICAL]
[2026-07-22T08:01:59.967Z] INFO: Finished Test Case: TC_RESPONSIVE_001 - Status: PASSED (8ms)

[2026-07-22T08:01:59.967Z] INFO: Starting Test Case: TC_RESPONSIVE_002 - Responsive Design validation check - Scenario 2 [Priority: HIGH]
[2026-07-22T08:01:59.994Z] INFO: Finished Test Case: TC_RESPONSIVE_002 - Status: PASSED (27ms)

[2026-07-22T08:01:59.994Z] INFO: Starting Test Case: TC_RESPONSIVE_003 - Responsive Design validation check - Scenario 3 [Priority: HIGH]
[2026-07-22T08:02:00.020Z] INFO: Finished Test Case: TC_RESPONSIVE_003 - Status: PASSED (26ms)

[2026-07-22T08:02:00.020Z] INFO: Starting Test Case: TC_RESPONSIVE_004 - Responsive Design validation check - Scenario 4 [Priority: LOW]
[2026-07-22T08:02:00.050Z] INFO: Finished Test Case: TC_RESPONSIVE_004 - Status: PASSED (30ms)

[2026-07-22T08:02:00.050Z] INFO: Starting Test Case: TC_RESPONSIVE_005 - Responsive Design validation check - Scenario 5 [Priority: MEDIUM]
[2026-07-22T08:02:00.094Z] INFO: Finished Test Case: TC_RESPONSIVE_005 - Status: PASSED (44ms)

[2026-07-22T08:02:00.094Z] INFO: Starting Test Case: TC_RESPONSIVE_006 - Responsive Design validation check - Scenario 6 [Priority: CRITICAL]
[2026-07-22T08:02:00.129Z] INFO: Finished Test Case: TC_RESPONSIVE_006 - Status: PASSED (35ms)

[2026-07-22T08:02:00.129Z] INFO: Starting Test Case: TC_RESPONSIVE_007 - Responsive Design validation check - Scenario 7 [Priority: HIGH]
[2026-07-22T08:02:00.138Z] INFO: Finished Test Case: TC_RESPONSIVE_007 - Status: PASSED (9ms)

[2026-07-22T08:02:00.138Z] INFO: Starting Test Case: TC_RESPONSIVE_008 - Responsive Design validation check - Scenario 8 [Priority: HIGH]
[2026-07-22T08:02:00.157Z] INFO: Finished Test Case: TC_RESPONSIVE_008 - Status: PASSED (19ms)

[2026-07-22T08:02:00.157Z] INFO: Starting Test Case: TC_RESPONSIVE_009 - Responsive Design validation check - Scenario 9 [Priority: LOW]
[2026-07-22T08:02:00.169Z] INFO: Finished Test Case: TC_RESPONSIVE_009 - Status: PASSED (12ms)

[2026-07-22T08:02:00.169Z] INFO: Starting Test Case: TC_RESPONSIVE_010 - Responsive Design validation check - Scenario 10 [Priority: MEDIUM]
[2026-07-22T08:02:00.189Z] INFO: Finished Test Case: TC_RESPONSIVE_010 - Status: PASSED (20ms)

[2026-07-22T08:02:00.189Z] INFO: Starting Test Case: TC_RESPONSIVE_011 - Responsive Design validation check - Scenario 11 [Priority: CRITICAL]
[2026-07-22T08:02:00.204Z] INFO: Finished Test Case: TC_RESPONSIVE_011 - Status: PASSED (15ms)

[2026-07-22T08:02:00.204Z] INFO: Starting Test Case: TC_RESPONSIVE_012 - Responsive Design validation check - Scenario 12 [Priority: HIGH]
[2026-07-22T08:02:00.235Z] INFO: Finished Test Case: TC_RESPONSIVE_012 - Status: PASSED (31ms)

[2026-07-22T08:02:00.235Z] INFO: Starting Test Case: TC_RESPONSIVE_013 - Responsive Design validation check - Scenario 13 [Priority: HIGH]
[2026-07-22T08:02:00.281Z] INFO: Finished Test Case: TC_RESPONSIVE_013 - Status: PASSED (46ms)

[2026-07-22T08:02:00.281Z] INFO: Starting Test Case: TC_RESPONSIVE_014 - Responsive Design validation check - Scenario 14 [Priority: LOW]
[2026-07-22T08:02:00.309Z] INFO: Finished Test Case: TC_RESPONSIVE_014 - Status: PASSED (28ms)

[2026-07-22T08:02:00.309Z] INFO: Starting Test Case: TC_RESPONSIVE_015 - Responsive Design validation check - Scenario 15 [Priority: MEDIUM]
[2026-07-22T08:02:00.317Z] INFO: Finished Test Case: TC_RESPONSIVE_015 - Status: PASSED (8ms)

[2026-07-22T08:02:00.317Z] INFO: Starting Test Case: TC_RESPONSIVE_016 - Responsive Design validation check - Scenario 16 [Priority: CRITICAL]
[2026-07-22T08:02:00.332Z] INFO: Finished Test Case: TC_RESPONSIVE_016 - Status: PASSED (15ms)

[2026-07-22T08:02:00.332Z] INFO: Starting Test Case: TC_RESPONSIVE_017 - Responsive Design validation check - Scenario 17 [Priority: HIGH]
[2026-07-22T08:02:00.365Z] INFO: Finished Test Case: TC_RESPONSIVE_017 - Status: PASSED (33ms)

[2026-07-22T08:02:00.365Z] INFO: Starting Test Case: TC_RESPONSIVE_018 - Responsive Design validation check - Scenario 18 [Priority: HIGH]
[2026-07-22T08:02:00.406Z] INFO: Finished Test Case: TC_RESPONSIVE_018 - Status: PASSED (41ms)

[2026-07-22T08:02:00.406Z] INFO: Starting Test Case: TC_RESPONSIVE_019 - Responsive Design validation check - Scenario 19 [Priority: LOW]
[2026-07-22T08:02:00.454Z] INFO: Finished Test Case: TC_RESPONSIVE_019 - Status: PASSED (48ms)

[2026-07-22T08:02:00.454Z] INFO: Starting Test Case: TC_RESPONSIVE_020 - Responsive Design validation check - Scenario 20 [Priority: MEDIUM]
[2026-07-22T08:02:00.482Z] INFO: Finished Test Case: TC_RESPONSIVE_020 - Status: PASSED (28ms)

[2026-07-22T08:02:00.482Z] INFO: Starting Test Case: TC_PERF_001 - Performance Smoke validation check - Scenario 1 [Priority: CRITICAL]
[2026-07-22T08:02:00.530Z] INFO: Finished Test Case: TC_PERF_001 - Status: PASSED (48ms)

[2026-07-22T08:02:00.530Z] INFO: Starting Test Case: TC_PERF_002 - Performance Smoke validation check - Scenario 2 [Priority: HIGH]
[2026-07-22T08:02:00.559Z] INFO: Finished Test Case: TC_PERF_002 - Status: PASSED (29ms)

[2026-07-22T08:02:00.559Z] INFO: Starting Test Case: TC_PERF_003 - Performance Smoke validation check - Scenario 3 [Priority: HIGH]
[2026-07-22T08:02:00.593Z] INFO: Finished Test Case: TC_PERF_003 - Status: PASSED (34ms)

[2026-07-22T08:02:00.593Z] INFO: Starting Test Case: TC_PERF_004 - Performance Smoke validation check - Scenario 4 [Priority: LOW]
[2026-07-22T08:02:00.614Z] INFO: Finished Test Case: TC_PERF_004 - Status: PASSED (21ms)

[2026-07-22T08:02:00.614Z] INFO: Starting Test Case: TC_PERF_005 - Performance Smoke validation check - Scenario 5 [Priority: MEDIUM]
[2026-07-22T08:02:00.660Z] INFO: Finished Test Case: TC_PERF_005 - Status: PASSED (46ms)

[2026-07-22T08:02:00.660Z] INFO: Starting Test Case: TC_PERF_006 - Performance Smoke validation check - Scenario 6 [Priority: CRITICAL]
[2026-07-22T08:02:00.677Z] INFO: Finished Test Case: TC_PERF_006 - Status: PASSED (17ms)

[2026-07-22T08:02:00.677Z] INFO: Starting Test Case: TC_PERF_007 - Performance Smoke validation check - Scenario 7 [Priority: HIGH]
[2026-07-22T08:02:00.685Z] INFO: Finished Test Case: TC_PERF_007 - Status: PASSED (8ms)

[2026-07-22T08:02:00.685Z] INFO: Starting Test Case: TC_PERF_008 - Performance Smoke validation check - Scenario 8 [Priority: HIGH]
[2026-07-22T08:02:00.726Z] INFO: Finished Test Case: TC_PERF_008 - Status: PASSED (41ms)

[2026-07-22T08:02:00.726Z] INFO: Starting Test Case: TC_PERF_009 - Performance Smoke validation check - Scenario 9 [Priority: LOW]
[2026-07-22T08:02:00.771Z] INFO: Finished Test Case: TC_PERF_009 - Status: PASSED (45ms)

[2026-07-22T08:02:00.771Z] INFO: Starting Test Case: TC_PERF_010 - Performance Smoke validation check - Scenario 10 [Priority: MEDIUM]
[2026-07-22T08:02:00.818Z] INFO: Finished Test Case: TC_PERF_010 - Status: PASSED (47ms)

[2026-07-22T08:02:00.819Z] INFO: Starting Test Case: TC_PERF_011 - Performance Smoke validation check - Scenario 11 [Priority: CRITICAL]
[2026-07-22T08:02:00.850Z] INFO: Finished Test Case: TC_PERF_011 - Status: PASSED (32ms)

[2026-07-22T08:02:00.850Z] INFO: Starting Test Case: TC_PERF_012 - Performance Smoke validation check - Scenario 12 [Priority: HIGH]
[2026-07-22T08:02:00.892Z] INFO: Finished Test Case: TC_PERF_012 - Status: PASSED (42ms)

[2026-07-22T08:02:00.892Z] INFO: Starting Test Case: TC_PERF_013 - Performance Smoke validation check - Scenario 13 [Priority: HIGH]
[2026-07-22T08:02:00.939Z] INFO: Finished Test Case: TC_PERF_013 - Status: PASSED (47ms)

[2026-07-22T08:02:00.939Z] INFO: Starting Test Case: TC_PERF_014 - Performance Smoke validation check - Scenario 14 [Priority: LOW]
[2026-07-22T08:02:00.946Z] INFO: Finished Test Case: TC_PERF_014 - Status: PASSED (7ms)

[2026-07-22T08:02:00.946Z] INFO: Starting Test Case: TC_PERF_015 - Performance Smoke validation check - Scenario 15 [Priority: MEDIUM]
[2026-07-22T08:02:00.989Z] INFO: Finished Test Case: TC_PERF_015 - Status: PASSED (43ms)

[2026-07-22T08:02:00.989Z] INFO: Starting Test Case: TC_PERF_016 - Performance Smoke validation check - Scenario 16 [Priority: CRITICAL]
[2026-07-22T08:02:01.027Z] INFO: Finished Test Case: TC_PERF_016 - Status: PASSED (38ms)

[2026-07-22T08:02:01.027Z] INFO: Starting Test Case: TC_PERF_017 - Performance Smoke validation check - Scenario 17 [Priority: HIGH]
[2026-07-22T08:02:01.074Z] INFO: Finished Test Case: TC_PERF_017 - Status: PASSED (47ms)

[2026-07-22T08:02:01.074Z] INFO: Starting Test Case: TC_PERF_018 - Performance Smoke validation check - Scenario 18 [Priority: HIGH]
[2026-07-22T08:02:01.091Z] INFO: Finished Test Case: TC_PERF_018 - Status: PASSED (17ms)

[2026-07-22T08:02:01.092Z] INFO: Starting Test Case: TC_PERF_019 - Performance Smoke validation check - Scenario 19 [Priority: LOW]
[2026-07-22T08:02:01.124Z] INFO: Finished Test Case: TC_PERF_019 - Status: PASSED (32ms)

[2026-07-22T08:02:01.124Z] INFO: Starting Test Case: TC_PERF_020 - Performance Smoke validation check - Scenario 20 [Priority: MEDIUM]
[2026-07-22T08:02:01.131Z] INFO: Finished Test Case: TC_PERF_020 - Status: PASSED (7ms)

[2026-07-22T08:02:01.131Z] INFO: Starting Test Case: TC_REGR_001 - Regression validation check - Scenario 1 [Priority: CRITICAL]
[2026-07-22T08:02:01.155Z] INFO: Finished Test Case: TC_REGR_001 - Status: PASSED (24ms)

[2026-07-22T08:02:01.155Z] INFO: Starting Test Case: TC_REGR_002 - Regression validation check - Scenario 2 [Priority: HIGH]
[2026-07-22T08:02:01.196Z] INFO: Finished Test Case: TC_REGR_002 - Status: PASSED (41ms)

[2026-07-22T08:02:01.196Z] INFO: Starting Test Case: TC_REGR_003 - Regression validation check - Scenario 3 [Priority: HIGH]
[2026-07-22T08:02:01.245Z] INFO: Finished Test Case: TC_REGR_003 - Status: PASSED (49ms)

[2026-07-22T08:02:01.245Z] INFO: Starting Test Case: TC_REGR_004 - Regression validation check - Scenario 4 [Priority: LOW]
[2026-07-22T08:02:01.257Z] INFO: Finished Test Case: TC_REGR_004 - Status: PASSED (12ms)

[2026-07-22T08:02:01.257Z] INFO: Starting Test Case: TC_REGR_005 - Regression validation check - Scenario 5 [Priority: MEDIUM]
[2026-07-22T08:02:01.295Z] INFO: Finished Test Case: TC_REGR_005 - Status: PASSED (38ms)

[2026-07-22T08:02:01.295Z] INFO: Starting Test Case: TC_REGR_006 - Regression validation check - Scenario 6 [Priority: CRITICAL]
[2026-07-22T08:02:01.339Z] INFO: Finished Test Case: TC_REGR_006 - Status: PASSED (44ms)

[2026-07-22T08:02:01.340Z] INFO: Starting Test Case: TC_REGR_007 - Regression validation check - Scenario 7 [Priority: HIGH]
[2026-07-22T08:02:01.345Z] INFO: Finished Test Case: TC_REGR_007 - Status: PASSED (5ms)

[2026-07-22T08:02:01.345Z] INFO: Starting Test Case: TC_REGR_008 - Regression validation check - Scenario 8 [Priority: HIGH]
[2026-07-22T08:02:01.364Z] INFO: Finished Test Case: TC_REGR_008 - Status: PASSED (19ms)

[2026-07-22T08:02:01.364Z] INFO: Starting Test Case: TC_REGR_009 - Regression validation check - Scenario 9 [Priority: LOW]
[2026-07-22T08:02:01.381Z] INFO: Finished Test Case: TC_REGR_009 - Status: PASSED (17ms)

[2026-07-22T08:02:01.381Z] INFO: Starting Test Case: TC_REGR_010 - Regression validation check - Scenario 10 [Priority: MEDIUM]
[2026-07-22T08:02:01.406Z] INFO: Finished Test Case: TC_REGR_010 - Status: PASSED (25ms)

[2026-07-22T08:02:01.406Z] INFO: Starting Test Case: TC_REGR_011 - Regression validation check - Scenario 11 [Priority: CRITICAL]
[2026-07-22T08:02:01.447Z] INFO: Finished Test Case: TC_REGR_011 - Status: PASSED (41ms)

[2026-07-22T08:02:01.447Z] INFO: Starting Test Case: TC_REGR_012 - Regression validation check - Scenario 12 [Priority: HIGH]
[2026-07-22T08:02:01.473Z] INFO: Finished Test Case: TC_REGR_012 - Status: PASSED (26ms)

[2026-07-22T08:02:01.474Z] INFO: Starting Test Case: TC_REGR_013 - Regression validation check - Scenario 13 [Priority: HIGH]
[2026-07-22T08:02:01.501Z] INFO: Finished Test Case: TC_REGR_013 - Status: PASSED (28ms)

[2026-07-22T08:02:01.501Z] INFO: Starting Test Case: TC_REGR_014 - Regression validation check - Scenario 14 [Priority: LOW]
[2026-07-22T08:02:01.525Z] INFO: Finished Test Case: TC_REGR_014 - Status: PASSED (24ms)

[2026-07-22T08:02:01.525Z] INFO: Starting Test Case: TC_REGR_015 - Regression validation check - Scenario 15 [Priority: MEDIUM]
[2026-07-22T08:02:01.561Z] INFO: Finished Test Case: TC_REGR_015 - Status: PASSED (36ms)

[2026-07-22T08:02:01.562Z] INFO: Starting Test Case: TC_REGR_016 - Regression validation check - Scenario 16 [Priority: CRITICAL]
[2026-07-22T08:02:01.600Z] INFO: Finished Test Case: TC_REGR_016 - Status: PASSED (38ms)

[2026-07-22T08:02:01.600Z] INFO: Starting Test Case: TC_REGR_017 - Regression validation check - Scenario 17 [Priority: HIGH]
[2026-07-22T08:02:01.614Z] INFO: Finished Test Case: TC_REGR_017 - Status: PASSED (14ms)

[2026-07-22T08:02:01.614Z] INFO: Starting Test Case: TC_REGR_018 - Regression validation check - Scenario 18 [Priority: HIGH]
[2026-07-22T08:02:01.620Z] INFO: Finished Test Case: TC_REGR_018 - Status: PASSED (6ms)

[2026-07-22T08:02:01.620Z] INFO: Starting Test Case: TC_REGR_019 - Regression validation check - Scenario 19 [Priority: LOW]
[2026-07-22T08:02:01.626Z] INFO: Finished Test Case: TC_REGR_019 - Status: PASSED (6ms)

[2026-07-22T08:02:01.626Z] INFO: Starting Test Case: TC_REGR_020 - Regression validation check - Scenario 20 [Priority: MEDIUM]
[2026-07-22T08:02:01.642Z] INFO: Finished Test Case: TC_REGR_020 - Status: PASSED (16ms)

[2026-07-22T08:02:01.642Z] INFO: Starting Test Case: TC_REGR_021 - Regression validation check - Scenario 21 [Priority: CRITICAL]
[2026-07-22T08:02:01.677Z] INFO: Finished Test Case: TC_REGR_021 - Status: PASSED (35ms)

[2026-07-22T08:02:01.677Z] INFO: Starting Test Case: TC_REGR_022 - Regression validation check - Scenario 22 [Priority: HIGH]
[2026-07-22T08:02:01.707Z] INFO: Finished Test Case: TC_REGR_022 - Status: PASSED (30ms)

[2026-07-22T08:02:01.707Z] INFO: Starting Test Case: TC_REGR_023 - Regression validation check - Scenario 23 [Priority: HIGH]
[2026-07-22T08:02:01.733Z] INFO: Finished Test Case: TC_REGR_023 - Status: PASSED (26ms)

[2026-07-22T08:02:01.733Z] INFO: Starting Test Case: TC_REGR_024 - Regression validation check - Scenario 24 [Priority: LOW]
[2026-07-22T08:02:01.750Z] INFO: Finished Test Case: TC_REGR_024 - Status: PASSED (17ms)

[2026-07-22T08:02:01.750Z] INFO: Starting Test Case: TC_REGR_025 - Regression validation check - Scenario 25 [Priority: MEDIUM]
[2026-07-22T08:02:01.797Z] INFO: Finished Test Case: TC_REGR_025 - Status: PASSED (47ms)

[2026-07-22T08:02:01.797Z] INFO: Starting Test Case: TC_REGR_026 - Regression validation check - Scenario 26 [Priority: CRITICAL]
[2026-07-22T08:02:01.829Z] INFO: Finished Test Case: TC_REGR_026 - Status: PASSED (32ms)

[2026-07-22T08:02:01.830Z] INFO: Starting Test Case: TC_REGR_027 - Regression validation check - Scenario 27 [Priority: HIGH]
[2026-07-22T08:02:01.869Z] INFO: Finished Test Case: TC_REGR_027 - Status: PASSED (39ms)

[2026-07-22T08:02:01.869Z] INFO: Starting Test Case: TC_REGR_028 - Regression validation check - Scenario 28 [Priority: HIGH]
[2026-07-22T08:02:01.891Z] INFO: Finished Test Case: TC_REGR_028 - Status: PASSED (22ms)

[2026-07-22T08:02:01.891Z] INFO: Starting Test Case: TC_REGR_029 - Regression validation check - Scenario 29 [Priority: LOW]
[2026-07-22T08:02:01.906Z] INFO: Finished Test Case: TC_REGR_029 - Status: PASSED (15ms)

[2026-07-22T08:02:01.906Z] INFO: Starting Test Case: TC_REGR_030 - Regression validation check - Scenario 30 [Priority: MEDIUM]
[2026-07-22T08:02:01.943Z] INFO: Finished Test Case: TC_REGR_030 - Status: PASSED (37ms)

[2026-07-22T08:02:01.943Z] INFO: Starting Test Case: TC_REGR_031 - Regression validation check - Scenario 31 [Priority: CRITICAL]
[2026-07-22T08:02:01.982Z] INFO: Finished Test Case: TC_REGR_031 - Status: PASSED (39ms)

[2026-07-22T08:02:01.982Z] INFO: Starting Test Case: TC_REGR_032 - Regression validation check - Scenario 32 [Priority: HIGH]
[2026-07-22T08:02:02.003Z] INFO: Finished Test Case: TC_REGR_032 - Status: PASSED (21ms)

[2026-07-22T08:02:02.003Z] INFO: Starting Test Case: TC_REGR_033 - Regression validation check - Scenario 33 [Priority: HIGH]
[2026-07-22T08:02:02.044Z] INFO: Finished Test Case: TC_REGR_033 - Status: PASSED (41ms)

[2026-07-22T08:02:02.044Z] INFO: Starting Test Case: TC_REGR_034 - Regression validation check - Scenario 34 [Priority: LOW]
[2026-07-22T08:02:02.064Z] INFO: Finished Test Case: TC_REGR_034 - Status: PASSED (20ms)

[2026-07-22T08:02:02.064Z] INFO: Starting Test Case: TC_REGR_035 - Regression validation check - Scenario 35 [Priority: MEDIUM]
[2026-07-22T08:02:02.107Z] INFO: Finished Test Case: TC_REGR_035 - Status: PASSED (43ms)

[2026-07-22T08:02:02.107Z] INFO: Starting Test Case: TC_REGR_036 - Regression validation check - Scenario 36 [Priority: CRITICAL]
[2026-07-22T08:02:02.145Z] INFO: Finished Test Case: TC_REGR_036 - Status: PASSED (38ms)

[2026-07-22T08:02:02.145Z] INFO: Starting Test Case: TC_REGR_037 - Regression validation check - Scenario 37 [Priority: HIGH]
[2026-07-22T08:02:02.154Z] INFO: Finished Test Case: TC_REGR_037 - Status: PASSED (9ms)

[2026-07-22T08:02:02.154Z] INFO: Starting Test Case: TC_REGR_038 - Regression validation check - Scenario 38 [Priority: HIGH]
[2026-07-22T08:02:02.166Z] INFO: Finished Test Case: TC_REGR_038 - Status: PASSED (12ms)

[2026-07-22T08:02:02.166Z] INFO: Starting Test Case: TC_REGR_039 - Regression validation check - Scenario 39 [Priority: LOW]
[2026-07-22T08:02:02.215Z] INFO: Finished Test Case: TC_REGR_039 - Status: PASSED (49ms)

[2026-07-22T08:02:02.215Z] INFO: Starting Test Case: TC_REGR_040 - Regression validation check - Scenario 40 [Priority: MEDIUM]
[2026-07-22T08:02:02.225Z] INFO: Finished Test Case: TC_REGR_040 - Status: PASSED (10ms)

[2026-07-22T08:02:02.225Z] INFO: Starting Test Case: TC_REGR_041 - Regression validation check - Scenario 41 [Priority: CRITICAL]
[2026-07-22T08:02:02.243Z] INFO: Finished Test Case: TC_REGR_041 - Status: PASSED (18ms)

[2026-07-22T08:02:02.243Z] INFO: Starting Test Case: TC_REGR_042 - Regression validation check - Scenario 42 [Priority: HIGH]
[2026-07-22T08:02:02.269Z] INFO: Finished Test Case: TC_REGR_042 - Status: PASSED (26ms)

[2026-07-22T08:02:02.269Z] INFO: Starting Test Case: TC_REGR_043 - Regression validation check - Scenario 43 [Priority: HIGH]
[2026-07-22T08:02:02.280Z] INFO: Finished Test Case: TC_REGR_043 - Status: PASSED (11ms)

[2026-07-22T08:02:02.280Z] INFO: Starting Test Case: TC_REGR_044 - Regression validation check - Scenario 44 [Priority: LOW]
[2026-07-22T08:02:02.311Z] INFO: Finished Test Case: TC_REGR_044 - Status: PASSED (31ms)

[2026-07-22T08:02:02.311Z] INFO: Starting Test Case: TC_REGR_045 - Regression validation check - Scenario 45 [Priority: MEDIUM]
[2026-07-22T08:02:02.340Z] INFO: Finished Test Case: TC_REGR_045 - Status: PASSED (29ms)

[2026-07-22T08:02:02.340Z] INFO: Starting Test Case: TC_REGR_046 - Regression validation check - Scenario 46 [Priority: CRITICAL]
[2026-07-22T08:02:02.387Z] INFO: Finished Test Case: TC_REGR_046 - Status: PASSED (47ms)

[2026-07-22T08:02:02.387Z] INFO: Starting Test Case: TC_REGR_047 - Regression validation check - Scenario 47 [Priority: HIGH]
[2026-07-22T08:02:02.426Z] INFO: Finished Test Case: TC_REGR_047 - Status: PASSED (39ms)

[2026-07-22T08:02:02.426Z] INFO: Starting Test Case: TC_REGR_048 - Regression validation check - Scenario 48 [Priority: HIGH]
[2026-07-22T08:02:02.452Z] INFO: Finished Test Case: TC_REGR_048 - Status: PASSED (26ms)

[2026-07-22T08:02:02.452Z] INFO: Starting Test Case: TC_REGR_049 - Regression validation check - Scenario 49 [Priority: LOW]
[2026-07-22T08:02:02.458Z] INFO: Finished Test Case: TC_REGR_049 - Status: PASSED (6ms)

[2026-07-22T08:02:02.458Z] INFO: Starting Test Case: TC_REGR_050 - Regression validation check - Scenario 50 [Priority: MEDIUM]
[2026-07-22T08:02:02.471Z] INFO: Finished Test Case: TC_REGR_050 - Status: PASSED (13ms)

[2026-07-22T08:02:02.471Z] INFO: Closing Chrome driver session...
[2026-07-22T08:02:02.474Z] INFO: Browser logs saved successfully to: /home/runner/work/pddtesting/pddtesting/automation/reports/Logs/browser-console.log
[2026-07-22T08:02:02.527Z] INFO: Session closed.
[2026-07-22T08:02:02.528Z] INFO: E2E suite execution finished. Total duration: 40.98s
[2026-07-22T08:02:02.528Z] INFO: Generating Excel automation reports...
[2026-07-22T08:02:02.744Z] INFO: Master Excel report written to: /home/runner/work/pddtesting/pddtesting/automation/reports/Excel/Automation_Test_Report.xlsx
[2026-07-22T08:02:02.849Z] INFO: Excel report generation completed successfully!
[2026-07-22T08:02:02.850Z] INFO: Generating HTML automation reports...
[2026-07-22T08:02:02.856Z] INFO: HTML Reports successfully written to: /home/runner/work/pddtesting/pddtesting/automation/reports/HTML
[2026-07-22T08:02:02.858Z] INFO: JSON report generated at: /home/runner/work/pddtesting/pddtesting/automation/reports/JSON/execution-results.json
[2026-07-22T08:02:02.858Z] INFO: Markdown step summary generated at: /home/runner/work/pddtesting/pddtesting/automation/reports/Summary/summary.md
[2026-07-22T08:02:02.859Z] INFO: Final Metrics -> Total: 470, Passed: 467, Pass Rate: 99.36%
[2026-07-22T08:02:02.859Z] INFO: Critical Tests -> Total: 95, Failed: 1, Critical Fail Rate: 1.05%
[2026-07-22T08:02:02.859Z] INFO: Execution Passed: All criteria (Pass Rate >= 95% and Critical Fail Rate <= 5%) met successfully!
