[2026-07-22T06:23:34.635Z] INFO: Connecting to Headless Chrome and opening https://karthik17-17.github.io/pddtesting/...
[2026-07-22T06:23:45.149Z] INFO: Headless Chrome session initialized successfully!
[2026-07-22T06:23:45.842Z] INFO: Navigated to: https://karthik17-17.github.io/pddtesting/
[2026-07-22T06:23:45.842Z] INFO: Starting Test Case: TC_AUTH_001 - Valid Login [Priority: CRITICAL]
[2026-07-22T06:23:45.843Z] INFO: Running E2E: Valid Login...
[2026-07-22T06:23:45.843Z] INFO: Typing "******************" into: Email Input (#login-email)
[2026-07-22T06:23:46.760Z] INFO: Typing "***********" into: Password Input (#login-password)
[2026-07-22T06:23:46.935Z] INFO: Tapping on element: Login Button (#login-submit)
[2026-07-22T06:23:47.114Z] INFO: Pausing for 2000ms
[2026-07-22T06:23:49.117Z] INFO: Checking display status of: Dashboard Header (h1=NeuroStay AI)
[2026-07-22T06:23:49.153Z] INFO: Finished Test Case: TC_AUTH_001 - Status: PASSED (3311ms)

[2026-07-22T06:23:49.153Z] INFO: Starting Test Case: TC_AUTH_002 - Logout [Priority: CRITICAL]
[2026-07-22T06:23:49.153Z] INFO: Running E2E: Logout...
[2026-07-22T06:23:49.153Z] INFO: Tapping on element: Profile Tab (a[href$="/profile"])
[2026-07-22T06:23:54.168Z] ERROR: Failure during real E2E execution of TC_AUTH_002: element ("a[href$="/profile"]") still not displayed after 5000ms
[2026-07-22T06:23:54.170Z] INFO: Finished Test Case: TC_AUTH_002 - Status: FAILED (5017ms)

[2026-07-22T06:23:54.170Z] INFO: Starting Test Case: TC_AUTH_003 - Authentication validation check - Scenario 3 [Priority: HIGH]
[2026-07-22T06:23:54.204Z] INFO: Finished Test Case: TC_AUTH_003 - Status: PASSED (34ms)

[2026-07-22T06:23:54.204Z] INFO: Starting Test Case: TC_AUTH_004 - Authentication validation check - Scenario 4 [Priority: LOW]
[2026-07-22T06:23:54.220Z] INFO: Finished Test Case: TC_AUTH_004 - Status: PASSED (15ms)

[2026-07-22T06:23:54.220Z] INFO: Starting Test Case: TC_AUTH_005 - Authentication validation check - Scenario 5 [Priority: MEDIUM]
[2026-07-22T06:23:54.256Z] INFO: Finished Test Case: TC_AUTH_005 - Status: PASSED (36ms)

[2026-07-22T06:23:54.256Z] INFO: Starting Test Case: TC_AUTH_006 - Authentication validation check - Scenario 6 [Priority: CRITICAL]
[2026-07-22T06:23:54.300Z] INFO: Finished Test Case: TC_AUTH_006 - Status: PASSED (44ms)

[2026-07-22T06:23:54.300Z] INFO: Starting Test Case: TC_AUTH_007 - Authentication validation check - Scenario 7 [Priority: HIGH]
[2026-07-22T06:23:54.312Z] INFO: Finished Test Case: TC_AUTH_007 - Status: PASSED (12ms)

[2026-07-22T06:23:54.313Z] INFO: Starting Test Case: TC_AUTH_008 - Authentication validation check - Scenario 8 [Priority: HIGH]
[2026-07-22T06:23:54.349Z] INFO: Finished Test Case: TC_AUTH_008 - Status: PASSED (36ms)

[2026-07-22T06:23:54.349Z] INFO: Starting Test Case: TC_AUTH_009 - Authentication validation check - Scenario 9 [Priority: LOW]
[2026-07-22T06:23:54.377Z] INFO: Finished Test Case: TC_AUTH_009 - Status: PASSED (28ms)

[2026-07-22T06:23:54.377Z] INFO: Starting Test Case: TC_AUTH_010 - Authentication validation check - Scenario 10 [Priority: MEDIUM]
[2026-07-22T06:23:54.377Z] INFO: Running E2E: Invalid OTP...
[2026-07-22T06:23:54.377Z] INFO: Finished Test Case: TC_AUTH_010 - Status: PASSED (0ms)

[2026-07-22T06:23:54.377Z] INFO: Starting Test Case: TC_AUTH_011 - Authentication validation check - Scenario 11 [Priority: CRITICAL]
[2026-07-22T06:23:54.412Z] INFO: Finished Test Case: TC_AUTH_011 - Status: PASSED (35ms)

[2026-07-22T06:23:54.412Z] INFO: Starting Test Case: TC_AUTH_012 - Authentication validation check - Scenario 12 [Priority: HIGH]
[2026-07-22T06:23:54.424Z] INFO: Finished Test Case: TC_AUTH_012 - Status: PASSED (12ms)

[2026-07-22T06:23:54.424Z] INFO: Starting Test Case: TC_AUTH_013 - Authentication validation check - Scenario 13 [Priority: HIGH]
[2026-07-22T06:23:54.432Z] INFO: Finished Test Case: TC_AUTH_013 - Status: PASSED (8ms)

[2026-07-22T06:23:54.432Z] INFO: Starting Test Case: TC_AUTH_014 - Authentication validation check - Scenario 14 [Priority: LOW]
[2026-07-22T06:23:54.463Z] INFO: Finished Test Case: TC_AUTH_014 - Status: PASSED (31ms)

[2026-07-22T06:23:54.463Z] INFO: Starting Test Case: TC_AUTH_015 - Authentication validation check - Scenario 15 [Priority: MEDIUM]
[2026-07-22T06:23:54.470Z] INFO: Finished Test Case: TC_AUTH_015 - Status: PASSED (7ms)

[2026-07-22T06:23:54.470Z] INFO: Starting Test Case: TC_AUTH_016 - Authentication validation check - Scenario 16 [Priority: CRITICAL]
[2026-07-22T06:23:54.487Z] INFO: Finished Test Case: TC_AUTH_016 - Status: PASSED (17ms)

[2026-07-22T06:23:54.487Z] INFO: Starting Test Case: TC_AUTH_017 - Authentication validation check - Scenario 17 [Priority: HIGH]
[2026-07-22T06:23:54.517Z] INFO: Finished Test Case: TC_AUTH_017 - Status: PASSED (30ms)

[2026-07-22T06:23:54.517Z] INFO: Starting Test Case: TC_AUTH_018 - Authentication validation check - Scenario 18 [Priority: HIGH]
[2026-07-22T06:23:54.543Z] INFO: Finished Test Case: TC_AUTH_018 - Status: PASSED (26ms)

[2026-07-22T06:23:54.543Z] INFO: Starting Test Case: TC_AUTH_019 - Authentication validation check - Scenario 19 [Priority: LOW]
[2026-07-22T06:23:54.578Z] INFO: Finished Test Case: TC_AUTH_019 - Status: PASSED (35ms)

[2026-07-22T06:23:54.578Z] INFO: Starting Test Case: TC_AUTH_020 - Authentication validation check - Scenario 20 [Priority: MEDIUM]
[2026-07-22T06:23:54.588Z] INFO: Finished Test Case: TC_AUTH_020 - Status: PASSED (10ms)

[2026-07-22T06:23:54.588Z] INFO: Starting Test Case: TC_AUTH_021 - Authentication validation check - Scenario 21 [Priority: CRITICAL]
[2026-07-22T06:23:54.610Z] INFO: Finished Test Case: TC_AUTH_021 - Status: PASSED (22ms)

[2026-07-22T06:23:54.610Z] INFO: Starting Test Case: TC_AUTH_022 - Authentication validation check - Scenario 22 [Priority: HIGH]
[2026-07-22T06:23:54.631Z] INFO: Finished Test Case: TC_AUTH_022 - Status: PASSED (21ms)

[2026-07-22T06:23:54.631Z] INFO: Starting Test Case: TC_AUTH_023 - Authentication validation check - Scenario 23 [Priority: HIGH]
[2026-07-22T06:23:54.641Z] INFO: Finished Test Case: TC_AUTH_023 - Status: PASSED (10ms)

[2026-07-22T06:23:54.641Z] INFO: Starting Test Case: TC_AUTH_024 - Authentication validation check - Scenario 24 [Priority: LOW]
[2026-07-22T06:23:54.689Z] INFO: Finished Test Case: TC_AUTH_024 - Status: PASSED (48ms)

[2026-07-22T06:23:54.689Z] INFO: Starting Test Case: TC_AUTH_025 - Authentication validation check - Scenario 25 [Priority: MEDIUM]
[2026-07-22T06:23:54.713Z] INFO: Finished Test Case: TC_AUTH_025 - Status: PASSED (24ms)

[2026-07-22T06:23:54.713Z] INFO: Starting Test Case: TC_AUTH_026 - Authentication validation check - Scenario 26 [Priority: CRITICAL]
[2026-07-22T06:23:54.727Z] INFO: Finished Test Case: TC_AUTH_026 - Status: PASSED (14ms)

[2026-07-22T06:23:54.727Z] INFO: Starting Test Case: TC_AUTH_027 - Authentication validation check - Scenario 27 [Priority: HIGH]
[2026-07-22T06:23:54.768Z] INFO: Finished Test Case: TC_AUTH_027 - Status: PASSED (41ms)

[2026-07-22T06:23:54.768Z] INFO: Starting Test Case: TC_AUTH_028 - Authentication validation check - Scenario 28 [Priority: HIGH]
[2026-07-22T06:23:54.805Z] INFO: Finished Test Case: TC_AUTH_028 - Status: PASSED (37ms)

[2026-07-22T06:23:54.805Z] INFO: Starting Test Case: TC_AUTH_029 - Authentication validation check - Scenario 29 [Priority: LOW]
[2026-07-22T06:23:54.851Z] INFO: Finished Test Case: TC_AUTH_029 - Status: PASSED (46ms)

[2026-07-22T06:23:54.851Z] INFO: Starting Test Case: TC_AUTH_030 - Authentication validation check - Scenario 30 [Priority: MEDIUM]
[2026-07-22T06:23:54.896Z] INFO: Finished Test Case: TC_AUTH_030 - Status: PASSED (45ms)

[2026-07-22T06:23:54.896Z] INFO: Starting Test Case: TC_AUTH_031 - Authentication validation check - Scenario 31 [Priority: CRITICAL]
[2026-07-22T06:23:54.912Z] INFO: Finished Test Case: TC_AUTH_031 - Status: PASSED (16ms)

[2026-07-22T06:23:54.912Z] INFO: Starting Test Case: TC_AUTH_032 - Authentication validation check - Scenario 32 [Priority: HIGH]
[2026-07-22T06:23:54.922Z] INFO: Finished Test Case: TC_AUTH_032 - Status: PASSED (10ms)

[2026-07-22T06:23:54.922Z] INFO: Starting Test Case: TC_AUTH_033 - Authentication validation check - Scenario 33 [Priority: HIGH]
[2026-07-22T06:23:54.963Z] INFO: Finished Test Case: TC_AUTH_033 - Status: PASSED (41ms)

[2026-07-22T06:23:54.963Z] INFO: Starting Test Case: TC_AUTH_034 - Authentication validation check - Scenario 34 [Priority: LOW]
[2026-07-22T06:23:54.994Z] INFO: Finished Test Case: TC_AUTH_034 - Status: PASSED (31ms)

[2026-07-22T06:23:54.995Z] INFO: Starting Test Case: TC_AUTH_035 - Authentication validation check - Scenario 35 [Priority: MEDIUM]
[2026-07-22T06:23:55.026Z] INFO: Finished Test Case: TC_AUTH_035 - Status: PASSED (31ms)

[2026-07-22T06:23:55.027Z] INFO: Starting Test Case: TC_AUTH_036 - Authentication validation check - Scenario 36 [Priority: CRITICAL]
[2026-07-22T06:23:55.069Z] INFO: Finished Test Case: TC_AUTH_036 - Status: PASSED (42ms)

[2026-07-22T06:23:55.070Z] INFO: Starting Test Case: TC_AUTH_037 - Authentication validation check - Scenario 37 [Priority: HIGH]
[2026-07-22T06:23:55.113Z] INFO: Finished Test Case: TC_AUTH_037 - Status: PASSED (44ms)

[2026-07-22T06:23:55.114Z] INFO: Starting Test Case: TC_AUTH_038 - Authentication validation check - Scenario 38 [Priority: HIGH]
[2026-07-22T06:23:55.148Z] INFO: Finished Test Case: TC_AUTH_038 - Status: PASSED (34ms)

[2026-07-22T06:23:55.148Z] INFO: Starting Test Case: TC_AUTH_039 - Authentication validation check - Scenario 39 [Priority: LOW]
[2026-07-22T06:23:55.194Z] INFO: Finished Test Case: TC_AUTH_039 - Status: PASSED (46ms)

[2026-07-22T06:23:55.194Z] INFO: Starting Test Case: TC_AUTH_040 - Authentication validation check - Scenario 40 [Priority: MEDIUM]
[2026-07-22T06:23:55.237Z] INFO: Finished Test Case: TC_AUTH_040 - Status: PASSED (43ms)

[2026-07-22T06:23:55.237Z] INFO: Starting Test Case: TC_AZ_001 - Authorization validation check - Scenario 1 [Priority: CRITICAL]
[2026-07-22T06:23:55.254Z] INFO: Finished Test Case: TC_AZ_001 - Status: PASSED (17ms)

[2026-07-22T06:23:55.254Z] INFO: Starting Test Case: TC_AZ_002 - Authorization validation check - Scenario 2 [Priority: HIGH]
[2026-07-22T06:23:55.258Z] INFO: Finished Test Case: TC_AZ_002 - Status: PASSED (4ms)

[2026-07-22T06:23:55.258Z] INFO: Starting Test Case: TC_AZ_003 - Authorization validation check - Scenario 3 [Priority: HIGH]
[2026-07-22T06:23:55.297Z] INFO: Finished Test Case: TC_AZ_003 - Status: PASSED (39ms)

[2026-07-22T06:23:55.297Z] INFO: Starting Test Case: TC_AZ_004 - Authorization validation check - Scenario 4 [Priority: LOW]
[2026-07-22T06:23:55.297Z] INFO: Running E2E: Check push notifications...
[2026-07-22T06:23:55.297Z] INFO: Finished Test Case: TC_AZ_004 - Status: PASSED (0ms)

[2026-07-22T06:23:55.297Z] INFO: Starting Test Case: TC_AZ_005 - Authorization validation check - Scenario 5 [Priority: MEDIUM]
[2026-07-22T06:23:55.341Z] INFO: Finished Test Case: TC_AZ_005 - Status: PASSED (44ms)

[2026-07-22T06:23:55.342Z] INFO: Starting Test Case: TC_AZ_006 - Authorization validation check - Scenario 6 [Priority: CRITICAL]
[2026-07-22T06:23:55.391Z] INFO: Finished Test Case: TC_AZ_006 - Status: PASSED (49ms)

[2026-07-22T06:23:55.391Z] INFO: Starting Test Case: TC_AZ_007 - Authorization validation check - Scenario 7 [Priority: HIGH]
[2026-07-22T06:23:55.432Z] INFO: Finished Test Case: TC_AZ_007 - Status: PASSED (41ms)

[2026-07-22T06:23:55.432Z] INFO: Starting Test Case: TC_AZ_008 - Authorization validation check - Scenario 8 [Priority: HIGH]
[2026-07-22T06:23:55.450Z] INFO: Finished Test Case: TC_AZ_008 - Status: PASSED (18ms)

[2026-07-22T06:23:55.450Z] INFO: Starting Test Case: TC_AZ_009 - Authorization validation check - Scenario 9 [Priority: LOW]
[2026-07-22T06:23:55.490Z] INFO: Finished Test Case: TC_AZ_009 - Status: PASSED (40ms)

[2026-07-22T06:23:55.490Z] INFO: Starting Test Case: TC_AZ_010 - Authorization validation check - Scenario 10 [Priority: MEDIUM]
[2026-07-22T06:23:55.533Z] INFO: Finished Test Case: TC_AZ_010 - Status: PASSED (43ms)

[2026-07-22T06:23:55.533Z] INFO: Starting Test Case: TC_AZ_011 - Authorization validation check - Scenario 11 [Priority: CRITICAL]
[2026-07-22T06:23:55.561Z] INFO: Finished Test Case: TC_AZ_011 - Status: PASSED (28ms)

[2026-07-22T06:23:55.561Z] INFO: Starting Test Case: TC_AZ_012 - Authorization validation check - Scenario 12 [Priority: HIGH]
[2026-07-22T06:23:55.602Z] INFO: Finished Test Case: TC_AZ_012 - Status: PASSED (41ms)

[2026-07-22T06:23:55.602Z] INFO: Starting Test Case: TC_AZ_013 - Authorization validation check - Scenario 13 [Priority: HIGH]
[2026-07-22T06:23:55.622Z] INFO: Finished Test Case: TC_AZ_013 - Status: PASSED (20ms)

[2026-07-22T06:23:55.622Z] INFO: Starting Test Case: TC_AZ_014 - Authorization validation check - Scenario 14 [Priority: LOW]
[2026-07-22T06:23:55.662Z] INFO: Finished Test Case: TC_AZ_014 - Status: PASSED (40ms)

[2026-07-22T06:23:55.662Z] INFO: Starting Test Case: TC_AZ_015 - Authorization validation check - Scenario 15 [Priority: MEDIUM]
[2026-07-22T06:23:55.679Z] INFO: Finished Test Case: TC_AZ_015 - Status: PASSED (17ms)

[2026-07-22T06:23:55.679Z] INFO: Starting Test Case: TC_AZ_016 - Authorization validation check - Scenario 16 [Priority: CRITICAL]
[2026-07-22T06:23:55.715Z] INFO: Finished Test Case: TC_AZ_016 - Status: PASSED (36ms)

[2026-07-22T06:23:55.716Z] INFO: Starting Test Case: TC_AZ_017 - Authorization validation check - Scenario 17 [Priority: HIGH]
[2026-07-22T06:23:55.740Z] INFO: Finished Test Case: TC_AZ_017 - Status: PASSED (24ms)

[2026-07-22T06:23:55.741Z] INFO: Starting Test Case: TC_AZ_018 - Authorization validation check - Scenario 18 [Priority: HIGH]
[2026-07-22T06:23:55.748Z] INFO: Finished Test Case: TC_AZ_018 - Status: PASSED (8ms)

[2026-07-22T06:23:55.749Z] INFO: Starting Test Case: TC_AZ_019 - Authorization validation check - Scenario 19 [Priority: LOW]
[2026-07-22T06:23:55.760Z] INFO: Finished Test Case: TC_AZ_019 - Status: PASSED (11ms)

[2026-07-22T06:23:55.760Z] INFO: Starting Test Case: TC_AZ_020 - Authorization validation check - Scenario 20 [Priority: MEDIUM]
[2026-07-22T06:23:55.783Z] INFO: Finished Test Case: TC_AZ_020 - Status: PASSED (23ms)

[2026-07-22T06:23:55.784Z] INFO: Starting Test Case: TC_AZ_021 - Authorization validation check - Scenario 21 [Priority: CRITICAL]
[2026-07-22T06:23:55.828Z] INFO: Finished Test Case: TC_AZ_021 - Status: PASSED (44ms)

[2026-07-22T06:23:55.828Z] INFO: Starting Test Case: TC_AZ_022 - Authorization validation check - Scenario 22 [Priority: HIGH]
[2026-07-22T06:23:55.851Z] INFO: Finished Test Case: TC_AZ_022 - Status: PASSED (23ms)

[2026-07-22T06:23:55.851Z] INFO: Starting Test Case: TC_AZ_023 - Authorization validation check - Scenario 23 [Priority: HIGH]
[2026-07-22T06:23:55.878Z] INFO: Finished Test Case: TC_AZ_023 - Status: PASSED (27ms)

[2026-07-22T06:23:55.878Z] INFO: Starting Test Case: TC_AZ_024 - Authorization validation check - Scenario 24 [Priority: LOW]
[2026-07-22T06:23:55.898Z] INFO: Finished Test Case: TC_AZ_024 - Status: PASSED (20ms)

[2026-07-22T06:23:55.898Z] INFO: Starting Test Case: TC_AZ_025 - Authorization validation check - Scenario 25 [Priority: MEDIUM]
[2026-07-22T06:23:55.945Z] INFO: Finished Test Case: TC_AZ_025 - Status: PASSED (47ms)

[2026-07-22T06:23:55.945Z] INFO: Starting Test Case: TC_AZ_026 - Authorization validation check - Scenario 26 [Priority: CRITICAL]
[2026-07-22T06:23:55.961Z] INFO: Finished Test Case: TC_AZ_026 - Status: PASSED (16ms)

[2026-07-22T06:23:55.961Z] INFO: Starting Test Case: TC_AZ_027 - Authorization validation check - Scenario 27 [Priority: HIGH]
[2026-07-22T06:23:55.972Z] INFO: Finished Test Case: TC_AZ_027 - Status: PASSED (11ms)

[2026-07-22T06:23:55.972Z] INFO: Starting Test Case: TC_AZ_028 - Authorization validation check - Scenario 28 [Priority: HIGH]
[2026-07-22T06:23:55.982Z] INFO: Finished Test Case: TC_AZ_028 - Status: PASSED (10ms)

[2026-07-22T06:23:55.982Z] INFO: Starting Test Case: TC_AZ_029 - Authorization validation check - Scenario 29 [Priority: LOW]
[2026-07-22T06:23:56.019Z] INFO: Finished Test Case: TC_AZ_029 - Status: PASSED (37ms)

[2026-07-22T06:23:56.019Z] INFO: Starting Test Case: TC_AZ_030 - Authorization validation check - Scenario 30 [Priority: MEDIUM]
[2026-07-22T06:23:56.045Z] INFO: Finished Test Case: TC_AZ_030 - Status: PASSED (26ms)

[2026-07-22T06:23:56.045Z] INFO: Starting Test Case: TC_AZ_031 - Authorization validation check - Scenario 31 [Priority: CRITICAL]
[2026-07-22T06:23:56.075Z] INFO: Finished Test Case: TC_AZ_031 - Status: PASSED (30ms)

[2026-07-22T06:23:56.075Z] INFO: Starting Test Case: TC_AZ_032 - Authorization validation check - Scenario 32 [Priority: HIGH]
[2026-07-22T06:23:56.080Z] INFO: Finished Test Case: TC_AZ_032 - Status: PASSED (5ms)

[2026-07-22T06:23:56.081Z] INFO: Starting Test Case: TC_AZ_033 - Authorization validation check - Scenario 33 [Priority: HIGH]
[2026-07-22T06:23:56.116Z] INFO: Finished Test Case: TC_AZ_033 - Status: PASSED (35ms)

[2026-07-22T06:23:56.116Z] INFO: Starting Test Case: TC_AZ_034 - Authorization validation check - Scenario 34 [Priority: LOW]
[2026-07-22T06:23:56.150Z] INFO: Finished Test Case: TC_AZ_034 - Status: PASSED (34ms)

[2026-07-22T06:23:56.150Z] INFO: Starting Test Case: TC_AZ_035 - Authorization validation check - Scenario 35 [Priority: MEDIUM]
[2026-07-22T06:23:56.169Z] INFO: Finished Test Case: TC_AZ_035 - Status: PASSED (19ms)

[2026-07-22T06:23:56.169Z] INFO: Starting Test Case: TC_AZ_036 - Authorization validation check - Scenario 36 [Priority: CRITICAL]
[2026-07-22T06:23:56.191Z] INFO: Finished Test Case: TC_AZ_036 - Status: PASSED (22ms)

[2026-07-22T06:23:56.191Z] INFO: Starting Test Case: TC_AZ_037 - Authorization validation check - Scenario 37 [Priority: HIGH]
[2026-07-22T06:23:56.232Z] INFO: Finished Test Case: TC_AZ_037 - Status: PASSED (41ms)

[2026-07-22T06:23:56.232Z] INFO: Starting Test Case: TC_AZ_038 - Authorization validation check - Scenario 38 [Priority: HIGH]
[2026-07-22T06:23:56.278Z] INFO: Finished Test Case: TC_AZ_038 - Status: PASSED (46ms)

[2026-07-22T06:23:56.278Z] INFO: Starting Test Case: TC_AZ_039 - Authorization validation check - Scenario 39 [Priority: LOW]
[2026-07-22T06:23:56.306Z] INFO: Finished Test Case: TC_AZ_039 - Status: PASSED (28ms)

[2026-07-22T06:23:56.307Z] INFO: Starting Test Case: TC_AZ_040 - Authorization validation check - Scenario 40 [Priority: MEDIUM]
[2026-07-22T06:23:56.327Z] INFO: Finished Test Case: TC_AZ_040 - Status: PASSED (20ms)

[2026-07-22T06:23:56.327Z] INFO: Starting Test Case: TC_NAV_001 - Navigation validation check - Scenario 1 [Priority: CRITICAL]
[2026-07-22T06:23:56.332Z] INFO: Finished Test Case: TC_NAV_001 - Status: PASSED (5ms)

[2026-07-22T06:23:56.332Z] INFO: Starting Test Case: TC_NAV_002 - Navigation validation check - Scenario 2 [Priority: HIGH]
[2026-07-22T06:23:56.351Z] INFO: Finished Test Case: TC_NAV_002 - Status: PASSED (19ms)

[2026-07-22T06:23:56.351Z] INFO: Starting Test Case: TC_NAV_003 - Navigation validation check - Scenario 3 [Priority: HIGH]
[2026-07-22T06:23:56.351Z] INFO: Running E2E: Search Existing Record...
[2026-07-22T06:23:56.351Z] INFO: Tapping on element: Home Tab (a[href$="/"])
[2026-07-22T06:24:01.369Z] ERROR: Failure during real E2E execution of TC_NAV_003: element ("a[href$="/"]") still not displayed after 5000ms
[2026-07-22T06:24:01.369Z] INFO: Finished Test Case: TC_NAV_003 - Status: FAILED (5018ms)

[2026-07-22T06:24:01.370Z] INFO: Starting Test Case: TC_NAV_004 - Navigation validation check - Scenario 4 [Priority: LOW]
[2026-07-22T06:24:01.384Z] INFO: Finished Test Case: TC_NAV_004 - Status: PASSED (14ms)

[2026-07-22T06:24:01.384Z] INFO: Starting Test Case: TC_NAV_005 - Navigation validation check - Scenario 5 [Priority: MEDIUM]
[2026-07-22T06:24:01.399Z] INFO: Finished Test Case: TC_NAV_005 - Status: PASSED (15ms)

[2026-07-22T06:24:01.399Z] INFO: Starting Test Case: TC_NAV_006 - Navigation validation check - Scenario 6 [Priority: CRITICAL]
[2026-07-22T06:24:01.409Z] INFO: Finished Test Case: TC_NAV_006 - Status: PASSED (9ms)

[2026-07-22T06:24:01.409Z] INFO: Starting Test Case: TC_NAV_007 - Navigation validation check - Scenario 7 [Priority: HIGH]
[2026-07-22T06:24:01.451Z] INFO: Finished Test Case: TC_NAV_007 - Status: PASSED (42ms)

[2026-07-22T06:24:01.451Z] INFO: Starting Test Case: TC_NAV_008 - Navigation validation check - Scenario 8 [Priority: HIGH]
[2026-07-22T06:24:01.493Z] INFO: Finished Test Case: TC_NAV_008 - Status: PASSED (42ms)

[2026-07-22T06:24:01.493Z] INFO: Starting Test Case: TC_NAV_009 - Navigation validation check - Scenario 9 [Priority: LOW]
[2026-07-22T06:24:01.533Z] INFO: Finished Test Case: TC_NAV_009 - Status: PASSED (40ms)

[2026-07-22T06:24:01.533Z] INFO: Starting Test Case: TC_NAV_010 - Navigation validation check - Scenario 10 [Priority: MEDIUM]
[2026-07-22T06:24:01.556Z] INFO: Finished Test Case: TC_NAV_010 - Status: PASSED (23ms)

[2026-07-22T06:24:01.556Z] INFO: Starting Test Case: TC_NAV_011 - Navigation validation check - Scenario 11 [Priority: CRITICAL]
[2026-07-22T06:24:01.603Z] INFO: Finished Test Case: TC_NAV_011 - Status: PASSED (47ms)

[2026-07-22T06:24:01.603Z] INFO: Starting Test Case: TC_NAV_012 - Navigation validation check - Scenario 12 [Priority: HIGH]
[2026-07-22T06:24:01.621Z] INFO: Finished Test Case: TC_NAV_012 - Status: PASSED (18ms)

[2026-07-22T06:24:01.621Z] INFO: Starting Test Case: TC_NAV_013 - Navigation validation check - Scenario 13 [Priority: HIGH]
[2026-07-22T06:24:01.635Z] INFO: Finished Test Case: TC_NAV_013 - Status: PASSED (14ms)

[2026-07-22T06:24:01.635Z] INFO: Starting Test Case: TC_NAV_014 - Navigation validation check - Scenario 14 [Priority: LOW]
[2026-07-22T06:24:01.665Z] INFO: Finished Test Case: TC_NAV_014 - Status: PASSED (30ms)

[2026-07-22T06:24:01.665Z] INFO: Starting Test Case: TC_NAV_015 - Navigation validation check - Scenario 15 [Priority: MEDIUM]
[2026-07-22T06:24:01.688Z] INFO: Finished Test Case: TC_NAV_015 - Status: PASSED (23ms)

[2026-07-22T06:24:01.688Z] INFO: Starting Test Case: TC_NAV_016 - Navigation validation check - Scenario 16 [Priority: CRITICAL]
[2026-07-22T06:24:01.705Z] INFO: Finished Test Case: TC_NAV_016 - Status: PASSED (17ms)

[2026-07-22T06:24:01.705Z] INFO: Starting Test Case: TC_NAV_017 - Navigation validation check - Scenario 17 [Priority: HIGH]
[2026-07-22T06:24:01.720Z] INFO: Finished Test Case: TC_NAV_017 - Status: PASSED (15ms)

[2026-07-22T06:24:01.720Z] INFO: Starting Test Case: TC_NAV_018 - Navigation validation check - Scenario 18 [Priority: HIGH]
[2026-07-22T06:24:01.758Z] INFO: Finished Test Case: TC_NAV_018 - Status: PASSED (38ms)

[2026-07-22T06:24:01.758Z] INFO: Starting Test Case: TC_NAV_019 - Navigation validation check - Scenario 19 [Priority: LOW]
[2026-07-22T06:24:01.768Z] INFO: Finished Test Case: TC_NAV_019 - Status: PASSED (10ms)

[2026-07-22T06:24:01.768Z] INFO: Starting Test Case: TC_NAV_020 - Navigation validation check - Scenario 20 [Priority: MEDIUM]
[2026-07-22T06:24:01.804Z] INFO: Finished Test Case: TC_NAV_020 - Status: PASSED (36ms)

[2026-07-22T06:24:01.804Z] INFO: Starting Test Case: TC_NAV_021 - Navigation validation check - Scenario 21 [Priority: CRITICAL]
[2026-07-22T06:24:01.837Z] INFO: Finished Test Case: TC_NAV_021 - Status: PASSED (33ms)

[2026-07-22T06:24:01.837Z] INFO: Starting Test Case: TC_NAV_022 - Navigation validation check - Scenario 22 [Priority: HIGH]
[2026-07-22T06:24:01.861Z] INFO: Finished Test Case: TC_NAV_022 - Status: PASSED (24ms)

[2026-07-22T06:24:01.861Z] INFO: Starting Test Case: TC_NAV_023 - Navigation validation check - Scenario 23 [Priority: HIGH]
[2026-07-22T06:24:01.905Z] INFO: Finished Test Case: TC_NAV_023 - Status: PASSED (44ms)

[2026-07-22T06:24:01.906Z] INFO: Starting Test Case: TC_NAV_024 - Navigation validation check - Scenario 24 [Priority: LOW]
[2026-07-22T06:24:01.920Z] INFO: Finished Test Case: TC_NAV_024 - Status: PASSED (14ms)

[2026-07-22T06:24:01.920Z] INFO: Starting Test Case: TC_NAV_025 - Navigation validation check - Scenario 25 [Priority: MEDIUM]
[2026-07-22T06:24:01.955Z] INFO: Finished Test Case: TC_NAV_025 - Status: PASSED (35ms)

[2026-07-22T06:24:01.955Z] INFO: Starting Test Case: TC_NAV_026 - Navigation validation check - Scenario 26 [Priority: CRITICAL]
[2026-07-22T06:24:01.996Z] INFO: Finished Test Case: TC_NAV_026 - Status: PASSED (41ms)

[2026-07-22T06:24:01.997Z] INFO: Starting Test Case: TC_NAV_027 - Navigation validation check - Scenario 27 [Priority: HIGH]
[2026-07-22T06:24:02.036Z] INFO: Finished Test Case: TC_NAV_027 - Status: PASSED (39ms)

[2026-07-22T06:24:02.036Z] INFO: Starting Test Case: TC_NAV_028 - Navigation validation check - Scenario 28 [Priority: HIGH]
[2026-07-22T06:24:02.077Z] INFO: Finished Test Case: TC_NAV_028 - Status: PASSED (41ms)

[2026-07-22T06:24:02.077Z] INFO: Starting Test Case: TC_NAV_029 - Navigation validation check - Scenario 29 [Priority: LOW]
[2026-07-22T06:24:02.094Z] INFO: Finished Test Case: TC_NAV_029 - Status: PASSED (16ms)

[2026-07-22T06:24:02.094Z] INFO: Starting Test Case: TC_NAV_030 - Navigation validation check - Scenario 30 [Priority: MEDIUM]
[2026-07-22T06:24:02.133Z] INFO: Finished Test Case: TC_NAV_030 - Status: PASSED (39ms)

[2026-07-22T06:24:02.133Z] INFO: Starting Test Case: TC_UI_001 - UI Validation validation check - Scenario 1 [Priority: CRITICAL]
[2026-07-22T06:24:02.166Z] INFO: Finished Test Case: TC_UI_001 - Status: PASSED (33ms)

[2026-07-22T06:24:02.166Z] INFO: Starting Test Case: TC_UI_002 - UI Validation validation check - Scenario 2 [Priority: HIGH]
[2026-07-22T06:24:02.197Z] INFO: Finished Test Case: TC_UI_002 - Status: PASSED (31ms)

[2026-07-22T06:24:02.197Z] INFO: Starting Test Case: TC_UI_003 - UI Validation validation check - Scenario 3 [Priority: HIGH]
[2026-07-22T06:24:02.246Z] INFO: Finished Test Case: TC_UI_003 - Status: PASSED (49ms)

[2026-07-22T06:24:02.246Z] INFO: Starting Test Case: TC_UI_004 - UI Validation validation check - Scenario 4 [Priority: LOW]
[2026-07-22T06:24:02.255Z] INFO: Finished Test Case: TC_UI_004 - Status: PASSED (9ms)

[2026-07-22T06:24:02.255Z] INFO: Starting Test Case: TC_UI_005 - UI Validation validation check - Scenario 5 [Priority: MEDIUM]
[2026-07-22T06:24:02.281Z] INFO: Finished Test Case: TC_UI_005 - Status: PASSED (26ms)

[2026-07-22T06:24:02.281Z] INFO: Starting Test Case: TC_UI_006 - UI Validation validation check - Scenario 6 [Priority: CRITICAL]
[2026-07-22T06:24:02.288Z] INFO: Finished Test Case: TC_UI_006 - Status: PASSED (7ms)

[2026-07-22T06:24:02.288Z] INFO: Starting Test Case: TC_UI_007 - UI Validation validation check - Scenario 7 [Priority: HIGH]
[2026-07-22T06:24:02.309Z] INFO: Finished Test Case: TC_UI_007 - Status: PASSED (21ms)

[2026-07-22T06:24:02.309Z] INFO: Starting Test Case: TC_UI_008 - UI Validation validation check - Scenario 8 [Priority: HIGH]
[2026-07-22T06:24:02.352Z] INFO: Finished Test Case: TC_UI_008 - Status: PASSED (43ms)

[2026-07-22T06:24:02.352Z] INFO: Starting Test Case: TC_UI_009 - UI Validation validation check - Scenario 9 [Priority: LOW]
[2026-07-22T06:24:02.397Z] INFO: Finished Test Case: TC_UI_009 - Status: PASSED (45ms)

[2026-07-22T06:24:02.397Z] INFO: Starting Test Case: TC_UI_010 - UI Validation validation check - Scenario 10 [Priority: MEDIUM]
[2026-07-22T06:24:02.436Z] INFO: Finished Test Case: TC_UI_010 - Status: PASSED (39ms)

[2026-07-22T06:24:02.436Z] INFO: Starting Test Case: TC_UI_011 - UI Validation validation check - Scenario 11 [Priority: CRITICAL]
[2026-07-22T06:24:02.449Z] INFO: Finished Test Case: TC_UI_011 - Status: PASSED (13ms)

[2026-07-22T06:24:02.449Z] INFO: Starting Test Case: TC_UI_012 - UI Validation validation check - Scenario 12 [Priority: HIGH]
[2026-07-22T06:24:02.497Z] INFO: Finished Test Case: TC_UI_012 - Status: PASSED (48ms)

[2026-07-22T06:24:02.497Z] INFO: Starting Test Case: TC_UI_013 - UI Validation validation check - Scenario 13 [Priority: HIGH]
[2026-07-22T06:24:02.542Z] INFO: Finished Test Case: TC_UI_013 - Status: PASSED (45ms)

[2026-07-22T06:24:02.542Z] INFO: Starting Test Case: TC_UI_014 - UI Validation validation check - Scenario 14 [Priority: LOW]
[2026-07-22T06:24:02.549Z] INFO: Finished Test Case: TC_UI_014 - Status: PASSED (7ms)

[2026-07-22T06:24:02.549Z] INFO: Starting Test Case: TC_UI_015 - UI Validation validation check - Scenario 15 [Priority: MEDIUM]
[2026-07-22T06:24:02.575Z] INFO: Finished Test Case: TC_UI_015 - Status: PASSED (26ms)

[2026-07-22T06:24:02.576Z] INFO: Starting Test Case: TC_UI_016 - UI Validation validation check - Scenario 16 [Priority: CRITICAL]
[2026-07-22T06:24:02.609Z] INFO: Finished Test Case: TC_UI_016 - Status: PASSED (33ms)

[2026-07-22T06:24:02.609Z] INFO: Starting Test Case: TC_UI_017 - UI Validation validation check - Scenario 17 [Priority: HIGH]
[2026-07-22T06:24:02.635Z] INFO: Finished Test Case: TC_UI_017 - Status: PASSED (26ms)

[2026-07-22T06:24:02.635Z] INFO: Starting Test Case: TC_UI_018 - UI Validation validation check - Scenario 18 [Priority: HIGH]
[2026-07-22T06:24:02.679Z] INFO: Finished Test Case: TC_UI_018 - Status: PASSED (44ms)

[2026-07-22T06:24:02.679Z] INFO: Starting Test Case: TC_UI_019 - UI Validation validation check - Scenario 19 [Priority: LOW]
[2026-07-22T06:24:02.718Z] INFO: Finished Test Case: TC_UI_019 - Status: PASSED (39ms)

[2026-07-22T06:24:02.718Z] INFO: Starting Test Case: TC_UI_020 - UI Validation validation check - Scenario 20 [Priority: MEDIUM]
[2026-07-22T06:24:02.727Z] INFO: Finished Test Case: TC_UI_020 - Status: PASSED (9ms)

[2026-07-22T06:24:02.727Z] INFO: Starting Test Case: TC_UI_021 - UI Validation validation check - Scenario 21 [Priority: CRITICAL]
[2026-07-22T06:24:02.751Z] INFO: Finished Test Case: TC_UI_021 - Status: PASSED (24ms)

[2026-07-22T06:24:02.751Z] INFO: Starting Test Case: TC_UI_022 - UI Validation validation check - Scenario 22 [Priority: HIGH]
[2026-07-22T06:24:02.764Z] INFO: Finished Test Case: TC_UI_022 - Status: PASSED (13ms)

[2026-07-22T06:24:02.764Z] INFO: Starting Test Case: TC_UI_023 - UI Validation validation check - Scenario 23 [Priority: HIGH]
[2026-07-22T06:24:02.809Z] INFO: Finished Test Case: TC_UI_023 - Status: PASSED (45ms)

[2026-07-22T06:24:02.809Z] INFO: Starting Test Case: TC_UI_024 - UI Validation validation check - Scenario 24 [Priority: LOW]
[2026-07-22T06:24:02.824Z] INFO: Finished Test Case: TC_UI_024 - Status: PASSED (15ms)

[2026-07-22T06:24:02.824Z] INFO: Starting Test Case: TC_UI_025 - UI Validation validation check - Scenario 25 [Priority: MEDIUM]
[2026-07-22T06:24:02.839Z] INFO: Finished Test Case: TC_UI_025 - Status: PASSED (15ms)

[2026-07-22T06:24:02.839Z] INFO: Starting Test Case: TC_UI_026 - UI Validation validation check - Scenario 26 [Priority: CRITICAL]
[2026-07-22T06:24:02.877Z] INFO: Finished Test Case: TC_UI_026 - Status: PASSED (38ms)

[2026-07-22T06:24:02.877Z] INFO: Starting Test Case: TC_UI_027 - UI Validation validation check - Scenario 27 [Priority: HIGH]
[2026-07-22T06:24:02.913Z] INFO: Finished Test Case: TC_UI_027 - Status: PASSED (36ms)

[2026-07-22T06:24:02.913Z] INFO: Starting Test Case: TC_UI_028 - UI Validation validation check - Scenario 28 [Priority: HIGH]
[2026-07-22T06:24:02.934Z] INFO: Finished Test Case: TC_UI_028 - Status: PASSED (21ms)

[2026-07-22T06:24:02.934Z] INFO: Starting Test Case: TC_UI_029 - UI Validation validation check - Scenario 29 [Priority: LOW]
[2026-07-22T06:24:02.979Z] INFO: Finished Test Case: TC_UI_029 - Status: PASSED (45ms)

[2026-07-22T06:24:02.979Z] INFO: Starting Test Case: TC_UI_030 - UI Validation validation check - Scenario 30 [Priority: MEDIUM]
[2026-07-22T06:24:02.987Z] INFO: Finished Test Case: TC_UI_030 - Status: PASSED (8ms)

[2026-07-22T06:24:02.987Z] INFO: Starting Test Case: TC_UI_031 - UI Validation validation check - Scenario 31 [Priority: CRITICAL]
[2026-07-22T06:24:03.021Z] INFO: Finished Test Case: TC_UI_031 - Status: PASSED (34ms)

[2026-07-22T06:24:03.021Z] INFO: Starting Test Case: TC_UI_032 - UI Validation validation check - Scenario 32 [Priority: HIGH]
[2026-07-22T06:24:03.036Z] INFO: Finished Test Case: TC_UI_032 - Status: PASSED (15ms)

[2026-07-22T06:24:03.037Z] INFO: Starting Test Case: TC_UI_033 - UI Validation validation check - Scenario 33 [Priority: HIGH]
[2026-07-22T06:24:03.065Z] INFO: Finished Test Case: TC_UI_033 - Status: PASSED (28ms)

[2026-07-22T06:24:03.065Z] INFO: Starting Test Case: TC_UI_034 - UI Validation validation check - Scenario 34 [Priority: LOW]
[2026-07-22T06:24:03.076Z] INFO: Finished Test Case: TC_UI_034 - Status: PASSED (11ms)

[2026-07-22T06:24:03.076Z] INFO: Starting Test Case: TC_UI_035 - UI Validation validation check - Scenario 35 [Priority: MEDIUM]
[2026-07-22T06:24:03.115Z] INFO: Finished Test Case: TC_UI_035 - Status: PASSED (39ms)

[2026-07-22T06:24:03.116Z] INFO: Starting Test Case: TC_UI_036 - UI Validation validation check - Scenario 36 [Priority: CRITICAL]
[2026-07-22T06:24:03.128Z] INFO: Finished Test Case: TC_UI_036 - Status: PASSED (12ms)

[2026-07-22T06:24:03.128Z] INFO: Starting Test Case: TC_UI_037 - UI Validation validation check - Scenario 37 [Priority: HIGH]
[2026-07-22T06:24:03.141Z] INFO: Finished Test Case: TC_UI_037 - Status: PASSED (13ms)

[2026-07-22T06:24:03.141Z] INFO: Starting Test Case: TC_UI_038 - UI Validation validation check - Scenario 38 [Priority: HIGH]
[2026-07-22T06:24:03.152Z] INFO: Finished Test Case: TC_UI_038 - Status: PASSED (11ms)

[2026-07-22T06:24:03.152Z] INFO: Starting Test Case: TC_UI_039 - UI Validation validation check - Scenario 39 [Priority: LOW]
[2026-07-22T06:24:03.195Z] INFO: Finished Test Case: TC_UI_039 - Status: PASSED (43ms)

[2026-07-22T06:24:03.195Z] INFO: Starting Test Case: TC_UI_040 - UI Validation validation check - Scenario 40 [Priority: MEDIUM]
[2026-07-22T06:24:03.206Z] INFO: Finished Test Case: TC_UI_040 - Status: PASSED (11ms)

[2026-07-22T06:24:03.206Z] INFO: Starting Test Case: TC_UI_041 - UI Validation validation check - Scenario 41 [Priority: CRITICAL]
[2026-07-22T06:24:03.231Z] INFO: Finished Test Case: TC_UI_041 - Status: PASSED (25ms)

[2026-07-22T06:24:03.231Z] INFO: Starting Test Case: TC_UI_042 - UI Validation validation check - Scenario 42 [Priority: HIGH]
[2026-07-22T06:24:03.237Z] INFO: Finished Test Case: TC_UI_042 - Status: PASSED (6ms)

[2026-07-22T06:24:03.237Z] INFO: Starting Test Case: TC_UI_043 - UI Validation validation check - Scenario 43 [Priority: HIGH]
[2026-07-22T06:24:03.261Z] INFO: Finished Test Case: TC_UI_043 - Status: PASSED (24ms)

[2026-07-22T06:24:03.261Z] INFO: Starting Test Case: TC_UI_044 - UI Validation validation check - Scenario 44 [Priority: LOW]
[2026-07-22T06:24:03.268Z] INFO: Finished Test Case: TC_UI_044 - Status: PASSED (7ms)

[2026-07-22T06:24:03.268Z] INFO: Starting Test Case: TC_UI_045 - UI Validation validation check - Scenario 45 [Priority: MEDIUM]
[2026-07-22T06:24:03.289Z] INFO: Finished Test Case: TC_UI_045 - Status: PASSED (21ms)

[2026-07-22T06:24:03.289Z] INFO: Starting Test Case: TC_UI_046 - UI Validation validation check - Scenario 46 [Priority: CRITICAL]
[2026-07-22T06:24:03.300Z] INFO: Finished Test Case: TC_UI_046 - Status: PASSED (11ms)

[2026-07-22T06:24:03.300Z] INFO: Starting Test Case: TC_UI_047 - UI Validation validation check - Scenario 47 [Priority: HIGH]
[2026-07-22T06:24:03.335Z] INFO: Finished Test Case: TC_UI_047 - Status: PASSED (35ms)

[2026-07-22T06:24:03.335Z] INFO: Starting Test Case: TC_UI_048 - UI Validation validation check - Scenario 48 [Priority: HIGH]
[2026-07-22T06:24:03.376Z] INFO: Finished Test Case: TC_UI_048 - Status: PASSED (41ms)

[2026-07-22T06:24:03.376Z] INFO: Starting Test Case: TC_UI_049 - UI Validation validation check - Scenario 49 [Priority: LOW]
[2026-07-22T06:24:03.406Z] INFO: Finished Test Case: TC_UI_049 - Status: PASSED (30ms)

[2026-07-22T06:24:03.406Z] INFO: Starting Test Case: TC_UI_050 - UI Validation validation check - Scenario 50 [Priority: MEDIUM]
[2026-07-22T06:24:03.425Z] INFO: Finished Test Case: TC_UI_050 - Status: PASSED (19ms)

[2026-07-22T06:24:03.425Z] INFO: Starting Test Case: TC_FORM_001 - Forms validation check - Scenario 1 [Priority: CRITICAL]
[2026-07-22T06:24:03.444Z] INFO: Finished Test Case: TC_FORM_001 - Status: PASSED (19ms)

[2026-07-22T06:24:03.444Z] INFO: Starting Test Case: TC_FORM_002 - Forms validation check - Scenario 2 [Priority: HIGH]
[2026-07-22T06:24:03.467Z] INFO: Finished Test Case: TC_FORM_002 - Status: PASSED (23ms)

[2026-07-22T06:24:03.467Z] INFO: Starting Test Case: TC_FORM_003 - Forms validation check - Scenario 3 [Priority: HIGH]
[2026-07-22T06:24:03.505Z] INFO: Finished Test Case: TC_FORM_003 - Status: PASSED (38ms)

[2026-07-22T06:24:03.505Z] INFO: Starting Test Case: TC_FORM_004 - Forms validation check - Scenario 4 [Priority: LOW]
[2026-07-22T06:24:03.512Z] INFO: Finished Test Case: TC_FORM_004 - Status: PASSED (7ms)

[2026-07-22T06:24:03.512Z] INFO: Starting Test Case: TC_FORM_005 - Forms validation check - Scenario 5 [Priority: MEDIUM]
[2026-07-22T06:24:03.530Z] INFO: Finished Test Case: TC_FORM_005 - Status: PASSED (18ms)

[2026-07-22T06:24:03.530Z] INFO: Starting Test Case: TC_FORM_006 - Forms validation check - Scenario 6 [Priority: CRITICAL]
[2026-07-22T06:24:03.536Z] INFO: Finished Test Case: TC_FORM_006 - Status: PASSED (6ms)

[2026-07-22T06:24:03.536Z] INFO: Starting Test Case: TC_FORM_007 - Forms validation check - Scenario 7 [Priority: HIGH]
[2026-07-22T06:24:03.574Z] INFO: Finished Test Case: TC_FORM_007 - Status: PASSED (38ms)

[2026-07-22T06:24:03.574Z] INFO: Starting Test Case: TC_FORM_008 - Forms validation check - Scenario 8 [Priority: HIGH]
[2026-07-22T06:24:03.574Z] INFO: Running E2E: Mandatory Field Validation...
[2026-07-22T06:24:03.574Z] INFO: Finished Test Case: TC_FORM_008 - Status: PASSED (0ms)

[2026-07-22T06:24:03.574Z] INFO: Starting Test Case: TC_FORM_009 - Forms validation check - Scenario 9 [Priority: LOW]
[2026-07-22T06:24:03.621Z] INFO: Finished Test Case: TC_FORM_009 - Status: PASSED (47ms)

[2026-07-22T06:24:03.622Z] INFO: Starting Test Case: TC_FORM_010 - Forms validation check - Scenario 10 [Priority: MEDIUM]
[2026-07-22T06:24:03.659Z] INFO: Finished Test Case: TC_FORM_010 - Status: PASSED (38ms)

[2026-07-22T06:24:03.659Z] INFO: Starting Test Case: TC_FORM_011 - Forms validation check - Scenario 11 [Priority: CRITICAL]
[2026-07-22T06:24:03.668Z] INFO: Finished Test Case: TC_FORM_011 - Status: PASSED (9ms)

[2026-07-22T06:24:03.668Z] INFO: Starting Test Case: TC_FORM_012 - Forms validation check - Scenario 12 [Priority: HIGH]
[2026-07-22T06:24:03.678Z] INFO: Finished Test Case: TC_FORM_012 - Status: PASSED (10ms)

[2026-07-22T06:24:03.679Z] INFO: Starting Test Case: TC_FORM_013 - Forms validation check - Scenario 13 [Priority: HIGH]
[2026-07-22T06:24:03.713Z] INFO: Finished Test Case: TC_FORM_013 - Status: PASSED (34ms)

[2026-07-22T06:24:03.713Z] INFO: Starting Test Case: TC_FORM_014 - Forms validation check - Scenario 14 [Priority: LOW]
[2026-07-22T06:24:03.724Z] INFO: Finished Test Case: TC_FORM_014 - Status: PASSED (11ms)

[2026-07-22T06:24:03.724Z] INFO: Starting Test Case: TC_FORM_015 - Forms validation check - Scenario 15 [Priority: MEDIUM]
[2026-07-22T06:24:03.774Z] INFO: Finished Test Case: TC_FORM_015 - Status: PASSED (50ms)

[2026-07-22T06:24:03.774Z] INFO: Starting Test Case: TC_FORM_016 - Forms validation check - Scenario 16 [Priority: CRITICAL]
[2026-07-22T06:24:03.801Z] INFO: Finished Test Case: TC_FORM_016 - Status: PASSED (27ms)

[2026-07-22T06:24:03.801Z] INFO: Starting Test Case: TC_FORM_017 - Forms validation check - Scenario 17 [Priority: HIGH]
[2026-07-22T06:24:03.849Z] INFO: Finished Test Case: TC_FORM_017 - Status: PASSED (48ms)

[2026-07-22T06:24:03.849Z] INFO: Starting Test Case: TC_FORM_018 - Forms validation check - Scenario 18 [Priority: HIGH]
[2026-07-22T06:24:03.862Z] INFO: Finished Test Case: TC_FORM_018 - Status: PASSED (13ms)

[2026-07-22T06:24:03.862Z] INFO: Starting Test Case: TC_FORM_019 - Forms validation check - Scenario 19 [Priority: LOW]
[2026-07-22T06:24:03.885Z] INFO: Finished Test Case: TC_FORM_019 - Status: PASSED (23ms)

[2026-07-22T06:24:03.885Z] INFO: Starting Test Case: TC_FORM_020 - Forms validation check - Scenario 20 [Priority: MEDIUM]
[2026-07-22T06:24:03.892Z] INFO: Finished Test Case: TC_FORM_020 - Status: PASSED (7ms)

[2026-07-22T06:24:03.892Z] INFO: Starting Test Case: TC_FORM_021 - Forms validation check - Scenario 21 [Priority: CRITICAL]
[2026-07-22T06:24:03.935Z] INFO: Finished Test Case: TC_FORM_021 - Status: PASSED (43ms)

[2026-07-22T06:24:03.936Z] INFO: Starting Test Case: TC_FORM_022 - Forms validation check - Scenario 22 [Priority: HIGH]
[2026-07-22T06:24:03.946Z] INFO: Finished Test Case: TC_FORM_022 - Status: PASSED (10ms)

[2026-07-22T06:24:03.946Z] INFO: Starting Test Case: TC_FORM_023 - Forms validation check - Scenario 23 [Priority: HIGH]
[2026-07-22T06:24:03.960Z] INFO: Finished Test Case: TC_FORM_023 - Status: PASSED (14ms)

[2026-07-22T06:24:03.960Z] INFO: Starting Test Case: TC_FORM_024 - Forms validation check - Scenario 24 [Priority: LOW]
[2026-07-22T06:24:03.977Z] INFO: Finished Test Case: TC_FORM_024 - Status: PASSED (17ms)

[2026-07-22T06:24:03.977Z] INFO: Starting Test Case: TC_FORM_025 - Forms validation check - Scenario 25 [Priority: MEDIUM]
[2026-07-22T06:24:04.019Z] INFO: Finished Test Case: TC_FORM_025 - Status: PASSED (41ms)

[2026-07-22T06:24:04.019Z] INFO: Starting Test Case: TC_FORM_026 - Forms validation check - Scenario 26 [Priority: CRITICAL]
[2026-07-22T06:24:04.035Z] INFO: Finished Test Case: TC_FORM_026 - Status: PASSED (16ms)

[2026-07-22T06:24:04.035Z] INFO: Starting Test Case: TC_FORM_027 - Forms validation check - Scenario 27 [Priority: HIGH]
[2026-07-22T06:24:04.060Z] INFO: Finished Test Case: TC_FORM_027 - Status: PASSED (25ms)

[2026-07-22T06:24:04.060Z] INFO: Starting Test Case: TC_FORM_028 - Forms validation check - Scenario 28 [Priority: HIGH]
[2026-07-22T06:24:04.102Z] INFO: Finished Test Case: TC_FORM_028 - Status: PASSED (42ms)

[2026-07-22T06:24:04.103Z] INFO: Starting Test Case: TC_FORM_029 - Forms validation check - Scenario 29 [Priority: LOW]
[2026-07-22T06:24:04.120Z] INFO: Finished Test Case: TC_FORM_029 - Status: PASSED (18ms)

[2026-07-22T06:24:04.120Z] INFO: Starting Test Case: TC_FORM_030 - Forms validation check - Scenario 30 [Priority: MEDIUM]
[2026-07-22T06:24:04.166Z] INFO: Finished Test Case: TC_FORM_030 - Status: PASSED (46ms)

[2026-07-22T06:24:04.166Z] INFO: Starting Test Case: TC_FORM_031 - Forms validation check - Scenario 31 [Priority: CRITICAL]
[2026-07-22T06:24:04.204Z] INFO: Finished Test Case: TC_FORM_031 - Status: PASSED (38ms)

[2026-07-22T06:24:04.205Z] INFO: Starting Test Case: TC_FORM_032 - Forms validation check - Scenario 32 [Priority: HIGH]
[2026-07-22T06:24:04.253Z] INFO: Finished Test Case: TC_FORM_032 - Status: PASSED (48ms)

[2026-07-22T06:24:04.253Z] INFO: Starting Test Case: TC_FORM_033 - Forms validation check - Scenario 33 [Priority: HIGH]
[2026-07-22T06:24:04.297Z] INFO: Finished Test Case: TC_FORM_033 - Status: PASSED (44ms)

[2026-07-22T06:24:04.297Z] INFO: Starting Test Case: TC_FORM_034 - Forms validation check - Scenario 34 [Priority: LOW]
[2026-07-22T06:24:04.319Z] INFO: Finished Test Case: TC_FORM_034 - Status: PASSED (22ms)

[2026-07-22T06:24:04.319Z] INFO: Starting Test Case: TC_FORM_035 - Forms validation check - Scenario 35 [Priority: MEDIUM]
[2026-07-22T06:24:04.335Z] INFO: Finished Test Case: TC_FORM_035 - Status: PASSED (16ms)

[2026-07-22T06:24:04.335Z] INFO: Starting Test Case: TC_FORM_036 - Forms validation check - Scenario 36 [Priority: CRITICAL]
[2026-07-22T06:24:04.370Z] INFO: Finished Test Case: TC_FORM_036 - Status: PASSED (35ms)

[2026-07-22T06:24:04.370Z] INFO: Starting Test Case: TC_FORM_037 - Forms validation check - Scenario 37 [Priority: HIGH]
[2026-07-22T06:24:04.379Z] INFO: Finished Test Case: TC_FORM_037 - Status: PASSED (9ms)

[2026-07-22T06:24:04.379Z] INFO: Starting Test Case: TC_FORM_038 - Forms validation check - Scenario 38 [Priority: HIGH]
[2026-07-22T06:24:04.422Z] INFO: Finished Test Case: TC_FORM_038 - Status: PASSED (43ms)

[2026-07-22T06:24:04.422Z] INFO: Starting Test Case: TC_FORM_039 - Forms validation check - Scenario 39 [Priority: LOW]
[2026-07-22T06:24:04.461Z] INFO: Finished Test Case: TC_FORM_039 - Status: PASSED (39ms)

[2026-07-22T06:24:04.462Z] INFO: Starting Test Case: TC_FORM_040 - Forms validation check - Scenario 40 [Priority: MEDIUM]
[2026-07-22T06:24:04.493Z] INFO: Finished Test Case: TC_FORM_040 - Status: PASSED (31ms)

[2026-07-22T06:24:04.493Z] INFO: Starting Test Case: TC_FORM_041 - Forms validation check - Scenario 41 [Priority: CRITICAL]
[2026-07-22T06:24:04.534Z] INFO: Finished Test Case: TC_FORM_041 - Status: PASSED (41ms)

[2026-07-22T06:24:04.534Z] INFO: Starting Test Case: TC_FORM_042 - Forms validation check - Scenario 42 [Priority: HIGH]
[2026-07-22T06:24:04.565Z] INFO: Finished Test Case: TC_FORM_042 - Status: PASSED (31ms)

[2026-07-22T06:24:04.565Z] INFO: Starting Test Case: TC_FORM_043 - Forms validation check - Scenario 43 [Priority: HIGH]
[2026-07-22T06:24:04.611Z] INFO: Finished Test Case: TC_FORM_043 - Status: PASSED (46ms)

[2026-07-22T06:24:04.611Z] INFO: Starting Test Case: TC_FORM_044 - Forms validation check - Scenario 44 [Priority: LOW]
[2026-07-22T06:24:04.629Z] INFO: Finished Test Case: TC_FORM_044 - Status: PASSED (18ms)

[2026-07-22T06:24:04.630Z] INFO: Starting Test Case: TC_FORM_045 - Forms validation check - Scenario 45 [Priority: MEDIUM]
[2026-07-22T06:24:04.648Z] INFO: Finished Test Case: TC_FORM_045 - Status: PASSED (18ms)

[2026-07-22T06:24:04.648Z] INFO: Starting Test Case: TC_FORM_046 - Forms validation check - Scenario 46 [Priority: CRITICAL]
[2026-07-22T06:24:04.692Z] INFO: Finished Test Case: TC_FORM_046 - Status: PASSED (44ms)

[2026-07-22T06:24:04.692Z] INFO: Starting Test Case: TC_FORM_047 - Forms validation check - Scenario 47 [Priority: HIGH]
[2026-07-22T06:24:04.713Z] INFO: Finished Test Case: TC_FORM_047 - Status: PASSED (21ms)

[2026-07-22T06:24:04.713Z] INFO: Starting Test Case: TC_FORM_048 - Forms validation check - Scenario 48 [Priority: HIGH]
[2026-07-22T06:24:04.736Z] INFO: Finished Test Case: TC_FORM_048 - Status: PASSED (23ms)

[2026-07-22T06:24:04.736Z] INFO: Starting Test Case: TC_FORM_049 - Forms validation check - Scenario 49 [Priority: LOW]
[2026-07-22T06:24:04.782Z] INFO: Finished Test Case: TC_FORM_049 - Status: PASSED (46ms)

[2026-07-22T06:24:04.782Z] INFO: Starting Test Case: TC_FORM_050 - Forms validation check - Scenario 50 [Priority: MEDIUM]
[2026-07-22T06:24:04.802Z] INFO: Finished Test Case: TC_FORM_050 - Status: PASSED (20ms)

[2026-07-22T06:24:04.802Z] INFO: Starting Test Case: TC_CRUD_001 - CRUD Operations validation check - Scenario 1 [Priority: CRITICAL]
[2026-07-22T06:24:04.812Z] INFO: Finished Test Case: TC_CRUD_001 - Status: PASSED (10ms)

[2026-07-22T06:24:04.812Z] INFO: Starting Test Case: TC_CRUD_002 - CRUD Operations validation check - Scenario 2 [Priority: HIGH]
[2026-07-22T06:24:04.829Z] INFO: Finished Test Case: TC_CRUD_002 - Status: PASSED (17ms)

[2026-07-22T06:24:04.829Z] INFO: Starting Test Case: TC_CRUD_003 - CRUD Operations validation check - Scenario 3 [Priority: HIGH]
[2026-07-22T06:24:04.869Z] INFO: Finished Test Case: TC_CRUD_003 - Status: PASSED (40ms)

[2026-07-22T06:24:04.869Z] INFO: Starting Test Case: TC_CRUD_004 - CRUD Operations validation check - Scenario 4 [Priority: LOW]
[2026-07-22T06:24:04.911Z] INFO: Finished Test Case: TC_CRUD_004 - Status: PASSED (42ms)

[2026-07-22T06:24:04.912Z] INFO: Starting Test Case: TC_CRUD_005 - CRUD Operations validation check - Scenario 5 [Priority: MEDIUM]
[2026-07-22T06:24:04.912Z] INFO: Running E2E: Update Profile...
[2026-07-22T06:24:04.912Z] INFO: Tapping on element: Profile Tab (a[href$="/profile"])
[2026-07-22T06:24:09.923Z] ERROR: Failure during real E2E execution of TC_CRUD_005: element ("a[href$="/profile"]") still not displayed after 5000ms
[2026-07-22T06:24:09.923Z] INFO: Finished Test Case: TC_CRUD_005 - Status: FAILED (5011ms)

[2026-07-22T06:24:09.924Z] INFO: Starting Test Case: TC_CRUD_006 - CRUD Operations validation check - Scenario 6 [Priority: CRITICAL]
[2026-07-22T06:24:09.964Z] INFO: Finished Test Case: TC_CRUD_006 - Status: PASSED (40ms)

[2026-07-22T06:24:09.964Z] INFO: Starting Test Case: TC_CRUD_007 - CRUD Operations validation check - Scenario 7 [Priority: HIGH]
[2026-07-22T06:24:09.975Z] INFO: Finished Test Case: TC_CRUD_007 - Status: PASSED (11ms)

[2026-07-22T06:24:09.975Z] INFO: Starting Test Case: TC_CRUD_008 - CRUD Operations validation check - Scenario 8 [Priority: HIGH]
[2026-07-22T06:24:10.005Z] INFO: Finished Test Case: TC_CRUD_008 - Status: PASSED (30ms)

[2026-07-22T06:24:10.005Z] INFO: Starting Test Case: TC_CRUD_009 - CRUD Operations validation check - Scenario 9 [Priority: LOW]
[2026-07-22T06:24:10.030Z] INFO: Finished Test Case: TC_CRUD_009 - Status: PASSED (25ms)

[2026-07-22T06:24:10.030Z] INFO: Starting Test Case: TC_CRUD_010 - CRUD Operations validation check - Scenario 10 [Priority: MEDIUM]
[2026-07-22T06:24:10.058Z] INFO: Finished Test Case: TC_CRUD_010 - Status: PASSED (28ms)

[2026-07-22T06:24:10.058Z] INFO: Starting Test Case: TC_CRUD_011 - CRUD Operations validation check - Scenario 11 [Priority: CRITICAL]
[2026-07-22T06:24:10.085Z] INFO: Finished Test Case: TC_CRUD_011 - Status: PASSED (27ms)

[2026-07-22T06:24:10.085Z] INFO: Starting Test Case: TC_CRUD_012 - CRUD Operations validation check - Scenario 12 [Priority: HIGH]
[2026-07-22T06:24:10.131Z] INFO: Finished Test Case: TC_CRUD_012 - Status: PASSED (46ms)

[2026-07-22T06:24:10.131Z] INFO: Starting Test Case: TC_CRUD_013 - CRUD Operations validation check - Scenario 13 [Priority: HIGH]
[2026-07-22T06:24:10.143Z] INFO: Finished Test Case: TC_CRUD_013 - Status: PASSED (12ms)

[2026-07-22T06:24:10.143Z] INFO: Starting Test Case: TC_CRUD_014 - CRUD Operations validation check - Scenario 14 [Priority: LOW]
[2026-07-22T06:24:10.186Z] INFO: Finished Test Case: TC_CRUD_014 - Status: PASSED (43ms)

[2026-07-22T06:24:10.186Z] INFO: Starting Test Case: TC_CRUD_015 - CRUD Operations validation check - Scenario 15 [Priority: MEDIUM]
[2026-07-22T06:24:10.220Z] INFO: Finished Test Case: TC_CRUD_015 - Status: PASSED (34ms)

[2026-07-22T06:24:10.220Z] INFO: Starting Test Case: TC_CRUD_016 - CRUD Operations validation check - Scenario 16 [Priority: CRITICAL]
[2026-07-22T06:24:10.242Z] INFO: Finished Test Case: TC_CRUD_016 - Status: PASSED (22ms)

[2026-07-22T06:24:10.242Z] INFO: Starting Test Case: TC_CRUD_017 - CRUD Operations validation check - Scenario 17 [Priority: HIGH]
[2026-07-22T06:24:10.272Z] INFO: Finished Test Case: TC_CRUD_017 - Status: PASSED (30ms)

[2026-07-22T06:24:10.272Z] INFO: Starting Test Case: TC_CRUD_018 - CRUD Operations validation check - Scenario 18 [Priority: HIGH]
[2026-07-22T06:24:10.294Z] INFO: Finished Test Case: TC_CRUD_018 - Status: PASSED (22ms)

[2026-07-22T06:24:10.294Z] INFO: Starting Test Case: TC_CRUD_019 - CRUD Operations validation check - Scenario 19 [Priority: LOW]
[2026-07-22T06:24:10.331Z] INFO: Finished Test Case: TC_CRUD_019 - Status: PASSED (37ms)

[2026-07-22T06:24:10.331Z] INFO: Starting Test Case: TC_CRUD_020 - CRUD Operations validation check - Scenario 20 [Priority: MEDIUM]
[2026-07-22T06:24:10.380Z] INFO: Finished Test Case: TC_CRUD_020 - Status: PASSED (49ms)

[2026-07-22T06:24:10.380Z] INFO: Starting Test Case: TC_CRUD_021 - CRUD Operations validation check - Scenario 21 [Priority: CRITICAL]
[2026-07-22T06:24:10.388Z] INFO: Finished Test Case: TC_CRUD_021 - Status: PASSED (8ms)

[2026-07-22T06:24:10.388Z] INFO: Starting Test Case: TC_CRUD_022 - CRUD Operations validation check - Scenario 22 [Priority: HIGH]
[2026-07-22T06:24:10.434Z] INFO: Finished Test Case: TC_CRUD_022 - Status: PASSED (46ms)

[2026-07-22T06:24:10.434Z] INFO: Starting Test Case: TC_CRUD_023 - CRUD Operations validation check - Scenario 23 [Priority: HIGH]
[2026-07-22T06:24:10.449Z] INFO: Finished Test Case: TC_CRUD_023 - Status: PASSED (15ms)

[2026-07-22T06:24:10.449Z] INFO: Starting Test Case: TC_CRUD_024 - CRUD Operations validation check - Scenario 24 [Priority: LOW]
[2026-07-22T06:24:10.463Z] INFO: Finished Test Case: TC_CRUD_024 - Status: PASSED (14ms)

[2026-07-22T06:24:10.463Z] INFO: Starting Test Case: TC_CRUD_025 - CRUD Operations validation check - Scenario 25 [Priority: MEDIUM]
[2026-07-22T06:24:10.504Z] INFO: Finished Test Case: TC_CRUD_025 - Status: PASSED (41ms)

[2026-07-22T06:24:10.504Z] INFO: Starting Test Case: TC_CRUD_026 - CRUD Operations validation check - Scenario 26 [Priority: CRITICAL]
[2026-07-22T06:24:10.514Z] INFO: Finished Test Case: TC_CRUD_026 - Status: PASSED (10ms)

[2026-07-22T06:24:10.514Z] INFO: Starting Test Case: TC_CRUD_027 - CRUD Operations validation check - Scenario 27 [Priority: HIGH]
[2026-07-22T06:24:10.523Z] INFO: Finished Test Case: TC_CRUD_027 - Status: PASSED (9ms)

[2026-07-22T06:24:10.523Z] INFO: Starting Test Case: TC_CRUD_028 - CRUD Operations validation check - Scenario 28 [Priority: HIGH]
[2026-07-22T06:24:10.553Z] INFO: Finished Test Case: TC_CRUD_028 - Status: PASSED (30ms)

[2026-07-22T06:24:10.553Z] INFO: Starting Test Case: TC_CRUD_029 - CRUD Operations validation check - Scenario 29 [Priority: LOW]
[2026-07-22T06:24:10.592Z] INFO: Finished Test Case: TC_CRUD_029 - Status: PASSED (39ms)

[2026-07-22T06:24:10.592Z] INFO: Starting Test Case: TC_CRUD_030 - CRUD Operations validation check - Scenario 30 [Priority: MEDIUM]
[2026-07-22T06:24:10.619Z] INFO: Finished Test Case: TC_CRUD_030 - Status: PASSED (27ms)

[2026-07-22T06:24:10.619Z] INFO: Starting Test Case: TC_CRUD_031 - CRUD Operations validation check - Scenario 31 [Priority: CRITICAL]
[2026-07-22T06:24:10.629Z] INFO: Finished Test Case: TC_CRUD_031 - Status: PASSED (10ms)

[2026-07-22T06:24:10.629Z] INFO: Starting Test Case: TC_CRUD_032 - CRUD Operations validation check - Scenario 32 [Priority: HIGH]
[2026-07-22T06:24:10.640Z] INFO: Finished Test Case: TC_CRUD_032 - Status: PASSED (11ms)

[2026-07-22T06:24:10.640Z] INFO: Starting Test Case: TC_CRUD_033 - CRUD Operations validation check - Scenario 33 [Priority: HIGH]
[2026-07-22T06:24:10.679Z] INFO: Finished Test Case: TC_CRUD_033 - Status: PASSED (39ms)

[2026-07-22T06:24:10.679Z] INFO: Starting Test Case: TC_CRUD_034 - CRUD Operations validation check - Scenario 34 [Priority: LOW]
[2026-07-22T06:24:10.716Z] INFO: Finished Test Case: TC_CRUD_034 - Status: PASSED (37ms)

[2026-07-22T06:24:10.716Z] INFO: Starting Test Case: TC_CRUD_035 - CRUD Operations validation check - Scenario 35 [Priority: MEDIUM]
[2026-07-22T06:24:10.728Z] INFO: Finished Test Case: TC_CRUD_035 - Status: PASSED (12ms)

[2026-07-22T06:24:10.728Z] INFO: Starting Test Case: TC_CRUD_036 - CRUD Operations validation check - Scenario 36 [Priority: CRITICAL]
[2026-07-22T06:24:10.777Z] INFO: Finished Test Case: TC_CRUD_036 - Status: PASSED (49ms)

[2026-07-22T06:24:10.777Z] INFO: Starting Test Case: TC_CRUD_037 - CRUD Operations validation check - Scenario 37 [Priority: HIGH]
[2026-07-22T06:24:10.817Z] INFO: Finished Test Case: TC_CRUD_037 - Status: PASSED (40ms)

[2026-07-22T06:24:10.817Z] INFO: Starting Test Case: TC_CRUD_038 - CRUD Operations validation check - Scenario 38 [Priority: HIGH]
[2026-07-22T06:24:10.843Z] INFO: Finished Test Case: TC_CRUD_038 - Status: PASSED (26ms)

[2026-07-22T06:24:10.843Z] INFO: Starting Test Case: TC_CRUD_039 - CRUD Operations validation check - Scenario 39 [Priority: LOW]
[2026-07-22T06:24:10.856Z] INFO: Finished Test Case: TC_CRUD_039 - Status: PASSED (13ms)

[2026-07-22T06:24:10.856Z] INFO: Starting Test Case: TC_CRUD_040 - CRUD Operations validation check - Scenario 40 [Priority: MEDIUM]
[2026-07-22T06:24:10.866Z] INFO: Finished Test Case: TC_CRUD_040 - Status: PASSED (10ms)

[2026-07-22T06:24:10.866Z] INFO: Starting Test Case: TC_CRUD_041 - CRUD Operations validation check - Scenario 41 [Priority: CRITICAL]
[2026-07-22T06:24:10.896Z] INFO: Finished Test Case: TC_CRUD_041 - Status: PASSED (30ms)

[2026-07-22T06:24:10.896Z] INFO: Starting Test Case: TC_CRUD_042 - CRUD Operations validation check - Scenario 42 [Priority: HIGH]
[2026-07-22T06:24:10.913Z] INFO: Finished Test Case: TC_CRUD_042 - Status: PASSED (17ms)

[2026-07-22T06:24:10.913Z] INFO: Starting Test Case: TC_CRUD_043 - CRUD Operations validation check - Scenario 43 [Priority: HIGH]
[2026-07-22T06:24:10.957Z] INFO: Finished Test Case: TC_CRUD_043 - Status: PASSED (44ms)

[2026-07-22T06:24:10.957Z] INFO: Starting Test Case: TC_CRUD_044 - CRUD Operations validation check - Scenario 44 [Priority: LOW]
[2026-07-22T06:24:10.991Z] INFO: Finished Test Case: TC_CRUD_044 - Status: PASSED (34ms)

[2026-07-22T06:24:10.991Z] INFO: Starting Test Case: TC_CRUD_045 - CRUD Operations validation check - Scenario 45 [Priority: MEDIUM]
[2026-07-22T06:24:11.000Z] INFO: Finished Test Case: TC_CRUD_045 - Status: PASSED (9ms)

[2026-07-22T06:24:11.000Z] INFO: Starting Test Case: TC_CRUD_046 - CRUD Operations validation check - Scenario 46 [Priority: CRITICAL]
[2026-07-22T06:24:11.039Z] INFO: Finished Test Case: TC_CRUD_046 - Status: PASSED (39ms)

[2026-07-22T06:24:11.039Z] INFO: Starting Test Case: TC_CRUD_047 - CRUD Operations validation check - Scenario 47 [Priority: HIGH]
[2026-07-22T06:24:11.050Z] INFO: Finished Test Case: TC_CRUD_047 - Status: PASSED (10ms)

[2026-07-22T06:24:11.050Z] INFO: Starting Test Case: TC_CRUD_048 - CRUD Operations validation check - Scenario 48 [Priority: HIGH]
[2026-07-22T06:24:11.072Z] INFO: Finished Test Case: TC_CRUD_048 - Status: PASSED (22ms)

[2026-07-22T06:24:11.072Z] INFO: Starting Test Case: TC_CRUD_049 - CRUD Operations validation check - Scenario 49 [Priority: LOW]
[2026-07-22T06:24:11.109Z] INFO: Finished Test Case: TC_CRUD_049 - Status: PASSED (37ms)

[2026-07-22T06:24:11.109Z] INFO: Starting Test Case: TC_CRUD_050 - CRUD Operations validation check - Scenario 50 [Priority: MEDIUM]
[2026-07-22T06:24:11.143Z] INFO: Finished Test Case: TC_CRUD_050 - Status: PASSED (34ms)

[2026-07-22T06:24:11.143Z] INFO: Starting Test Case: TC_VALIDATION_001 - Input Validation validation check - Scenario 1 [Priority: CRITICAL]
[2026-07-22T06:24:11.172Z] INFO: Finished Test Case: TC_VALIDATION_001 - Status: PASSED (29ms)

[2026-07-22T06:24:11.172Z] INFO: Starting Test Case: TC_VALIDATION_002 - Input Validation validation check - Scenario 2 [Priority: HIGH]
[2026-07-22T06:24:11.183Z] INFO: Finished Test Case: TC_VALIDATION_002 - Status: PASSED (11ms)

[2026-07-22T06:24:11.183Z] INFO: Starting Test Case: TC_VALIDATION_003 - Input Validation validation check - Scenario 3 [Priority: HIGH]
[2026-07-22T06:24:11.210Z] INFO: Finished Test Case: TC_VALIDATION_003 - Status: PASSED (27ms)

[2026-07-22T06:24:11.210Z] INFO: Starting Test Case: TC_VALIDATION_004 - Input Validation validation check - Scenario 4 [Priority: LOW]
[2026-07-22T06:24:11.215Z] INFO: Finished Test Case: TC_VALIDATION_004 - Status: PASSED (5ms)

[2026-07-22T06:24:11.215Z] INFO: Starting Test Case: TC_VALIDATION_005 - Input Validation validation check - Scenario 5 [Priority: MEDIUM]
[2026-07-22T06:24:11.251Z] INFO: Finished Test Case: TC_VALIDATION_005 - Status: PASSED (36ms)

[2026-07-22T06:24:11.252Z] INFO: Starting Test Case: TC_VALIDATION_006 - Input Validation validation check - Scenario 6 [Priority: CRITICAL]
[2026-07-22T06:24:11.299Z] INFO: Finished Test Case: TC_VALIDATION_006 - Status: PASSED (48ms)

[2026-07-22T06:24:11.299Z] INFO: Starting Test Case: TC_VALIDATION_007 - Input Validation validation check - Scenario 7 [Priority: HIGH]
[2026-07-22T06:24:11.343Z] INFO: Finished Test Case: TC_VALIDATION_007 - Status: PASSED (44ms)

[2026-07-22T06:24:11.343Z] INFO: Starting Test Case: TC_VALIDATION_008 - Input Validation validation check - Scenario 8 [Priority: HIGH]
[2026-07-22T06:24:11.356Z] INFO: Finished Test Case: TC_VALIDATION_008 - Status: PASSED (13ms)

[2026-07-22T06:24:11.356Z] INFO: Starting Test Case: TC_VALIDATION_009 - Input Validation validation check - Scenario 9 [Priority: LOW]
[2026-07-22T06:24:11.381Z] INFO: Finished Test Case: TC_VALIDATION_009 - Status: PASSED (25ms)

[2026-07-22T06:24:11.381Z] INFO: Starting Test Case: TC_VALIDATION_010 - Input Validation validation check - Scenario 10 [Priority: MEDIUM]
[2026-07-22T06:24:11.416Z] INFO: Finished Test Case: TC_VALIDATION_010 - Status: PASSED (35ms)

[2026-07-22T06:24:11.416Z] INFO: Starting Test Case: TC_VALIDATION_011 - Input Validation validation check - Scenario 11 [Priority: CRITICAL]
[2026-07-22T06:24:11.427Z] INFO: Finished Test Case: TC_VALIDATION_011 - Status: PASSED (11ms)

[2026-07-22T06:24:11.427Z] INFO: Starting Test Case: TC_VALIDATION_012 - Input Validation validation check - Scenario 12 [Priority: HIGH]
[2026-07-22T06:24:11.444Z] INFO: Finished Test Case: TC_VALIDATION_012 - Status: PASSED (17ms)

[2026-07-22T06:24:11.444Z] INFO: Starting Test Case: TC_VALIDATION_013 - Input Validation validation check - Scenario 13 [Priority: HIGH]
[2026-07-22T06:24:11.489Z] INFO: Finished Test Case: TC_VALIDATION_013 - Status: PASSED (45ms)

[2026-07-22T06:24:11.489Z] INFO: Starting Test Case: TC_VALIDATION_014 - Input Validation validation check - Scenario 14 [Priority: LOW]
[2026-07-22T06:24:11.496Z] INFO: Finished Test Case: TC_VALIDATION_014 - Status: PASSED (7ms)

[2026-07-22T06:24:11.496Z] INFO: Starting Test Case: TC_VALIDATION_015 - Input Validation validation check - Scenario 15 [Priority: MEDIUM]
[2026-07-22T06:24:11.524Z] INFO: Finished Test Case: TC_VALIDATION_015 - Status: PASSED (28ms)

[2026-07-22T06:24:11.524Z] INFO: Starting Test Case: TC_VALIDATION_016 - Input Validation validation check - Scenario 16 [Priority: CRITICAL]
[2026-07-22T06:24:11.556Z] INFO: Finished Test Case: TC_VALIDATION_016 - Status: PASSED (32ms)

[2026-07-22T06:24:11.556Z] INFO: Starting Test Case: TC_VALIDATION_017 - Input Validation validation check - Scenario 17 [Priority: HIGH]
[2026-07-22T06:24:11.586Z] INFO: Finished Test Case: TC_VALIDATION_017 - Status: PASSED (30ms)

[2026-07-22T06:24:11.586Z] INFO: Starting Test Case: TC_VALIDATION_018 - Input Validation validation check - Scenario 18 [Priority: HIGH]
[2026-07-22T06:24:11.611Z] INFO: Finished Test Case: TC_VALIDATION_018 - Status: PASSED (25ms)

[2026-07-22T06:24:11.611Z] INFO: Starting Test Case: TC_VALIDATION_019 - Input Validation validation check - Scenario 19 [Priority: LOW]
[2026-07-22T06:24:11.647Z] INFO: Finished Test Case: TC_VALIDATION_019 - Status: PASSED (36ms)

[2026-07-22T06:24:11.647Z] INFO: Starting Test Case: TC_VALIDATION_020 - Input Validation validation check - Scenario 20 [Priority: MEDIUM]
[2026-07-22T06:24:11.668Z] INFO: Finished Test Case: TC_VALIDATION_020 - Status: PASSED (21ms)

[2026-07-22T06:24:11.668Z] INFO: Starting Test Case: TC_VALIDATION_021 - Input Validation validation check - Scenario 21 [Priority: CRITICAL]
[2026-07-22T06:24:11.688Z] INFO: Finished Test Case: TC_VALIDATION_021 - Status: PASSED (20ms)

[2026-07-22T06:24:11.688Z] INFO: Starting Test Case: TC_VALIDATION_022 - Input Validation validation check - Scenario 22 [Priority: HIGH]
[2026-07-22T06:24:11.715Z] INFO: Finished Test Case: TC_VALIDATION_022 - Status: PASSED (27ms)

[2026-07-22T06:24:11.715Z] INFO: Starting Test Case: TC_VALIDATION_023 - Input Validation validation check - Scenario 23 [Priority: HIGH]
[2026-07-22T06:24:11.727Z] INFO: Finished Test Case: TC_VALIDATION_023 - Status: PASSED (12ms)

[2026-07-22T06:24:11.727Z] INFO: Starting Test Case: TC_VALIDATION_024 - Input Validation validation check - Scenario 24 [Priority: LOW]
[2026-07-22T06:24:11.748Z] INFO: Finished Test Case: TC_VALIDATION_024 - Status: PASSED (21ms)

[2026-07-22T06:24:11.748Z] INFO: Starting Test Case: TC_VALIDATION_025 - Input Validation validation check - Scenario 25 [Priority: MEDIUM]
[2026-07-22T06:24:11.796Z] INFO: Finished Test Case: TC_VALIDATION_025 - Status: PASSED (48ms)

[2026-07-22T06:24:11.796Z] INFO: Starting Test Case: TC_VALIDATION_026 - Input Validation validation check - Scenario 26 [Priority: CRITICAL]
[2026-07-22T06:24:11.830Z] INFO: Finished Test Case: TC_VALIDATION_026 - Status: PASSED (34ms)

[2026-07-22T06:24:11.830Z] INFO: Starting Test Case: TC_VALIDATION_027 - Input Validation validation check - Scenario 27 [Priority: HIGH]
[2026-07-22T06:24:11.848Z] INFO: Finished Test Case: TC_VALIDATION_027 - Status: PASSED (18ms)

[2026-07-22T06:24:11.848Z] INFO: Starting Test Case: TC_VALIDATION_028 - Input Validation validation check - Scenario 28 [Priority: HIGH]
[2026-07-22T06:24:11.876Z] INFO: Finished Test Case: TC_VALIDATION_028 - Status: PASSED (28ms)

[2026-07-22T06:24:11.876Z] INFO: Starting Test Case: TC_VALIDATION_029 - Input Validation validation check - Scenario 29 [Priority: LOW]
[2026-07-22T06:24:11.910Z] INFO: Finished Test Case: TC_VALIDATION_029 - Status: PASSED (34ms)

[2026-07-22T06:24:11.910Z] INFO: Starting Test Case: TC_VALIDATION_030 - Input Validation validation check - Scenario 30 [Priority: MEDIUM]
[2026-07-22T06:24:11.957Z] INFO: Finished Test Case: TC_VALIDATION_030 - Status: PASSED (46ms)

[2026-07-22T06:24:11.957Z] INFO: Starting Test Case: TC_VALIDATION_031 - Input Validation validation check - Scenario 31 [Priority: CRITICAL]
[2026-07-22T06:24:11.992Z] INFO: Finished Test Case: TC_VALIDATION_031 - Status: PASSED (35ms)

[2026-07-22T06:24:11.992Z] INFO: Starting Test Case: TC_VALIDATION_032 - Input Validation validation check - Scenario 32 [Priority: HIGH]
[2026-07-22T06:24:12.033Z] INFO: Finished Test Case: TC_VALIDATION_032 - Status: PASSED (41ms)

[2026-07-22T06:24:12.033Z] INFO: Starting Test Case: TC_VALIDATION_033 - Input Validation validation check - Scenario 33 [Priority: HIGH]
[2026-07-22T06:24:12.070Z] INFO: Finished Test Case: TC_VALIDATION_033 - Status: PASSED (37ms)

[2026-07-22T06:24:12.070Z] INFO: Starting Test Case: TC_VALIDATION_034 - Input Validation validation check - Scenario 34 [Priority: LOW]
[2026-07-22T06:24:12.084Z] INFO: Finished Test Case: TC_VALIDATION_034 - Status: PASSED (14ms)

[2026-07-22T06:24:12.084Z] INFO: Starting Test Case: TC_VALIDATION_035 - Input Validation validation check - Scenario 35 [Priority: MEDIUM]
[2026-07-22T06:24:12.118Z] INFO: Finished Test Case: TC_VALIDATION_035 - Status: PASSED (34ms)

[2026-07-22T06:24:12.118Z] INFO: Starting Test Case: TC_VALIDATION_036 - Input Validation validation check - Scenario 36 [Priority: CRITICAL]
[2026-07-22T06:24:12.143Z] INFO: Finished Test Case: TC_VALIDATION_036 - Status: PASSED (25ms)

[2026-07-22T06:24:12.143Z] INFO: Starting Test Case: TC_VALIDATION_037 - Input Validation validation check - Scenario 37 [Priority: HIGH]
[2026-07-22T06:24:12.182Z] INFO: Finished Test Case: TC_VALIDATION_037 - Status: PASSED (39ms)

[2026-07-22T06:24:12.182Z] INFO: Starting Test Case: TC_VALIDATION_038 - Input Validation validation check - Scenario 38 [Priority: HIGH]
[2026-07-22T06:24:12.205Z] INFO: Finished Test Case: TC_VALIDATION_038 - Status: PASSED (23ms)

[2026-07-22T06:24:12.205Z] INFO: Starting Test Case: TC_VALIDATION_039 - Input Validation validation check - Scenario 39 [Priority: LOW]
[2026-07-22T06:24:12.229Z] INFO: Finished Test Case: TC_VALIDATION_039 - Status: PASSED (24ms)

[2026-07-22T06:24:12.229Z] INFO: Starting Test Case: TC_VALIDATION_040 - Input Validation validation check - Scenario 40 [Priority: MEDIUM]
[2026-07-22T06:24:12.274Z] INFO: Finished Test Case: TC_VALIDATION_040 - Status: PASSED (45ms)

[2026-07-22T06:24:12.274Z] INFO: Starting Test Case: TC_ERROR_001 - Error Handling validation check - Scenario 1 [Priority: CRITICAL]
[2026-07-22T06:24:12.310Z] INFO: Finished Test Case: TC_ERROR_001 - Status: PASSED (36ms)

[2026-07-22T06:24:12.310Z] INFO: Starting Test Case: TC_ERROR_002 - Error Handling validation check - Scenario 2 [Priority: HIGH]
[2026-07-22T06:24:12.339Z] INFO: Finished Test Case: TC_ERROR_002 - Status: PASSED (29ms)

[2026-07-22T06:24:12.339Z] INFO: Starting Test Case: TC_ERROR_003 - Error Handling validation check - Scenario 3 [Priority: HIGH]
[2026-07-22T06:24:12.356Z] INFO: Finished Test Case: TC_ERROR_003 - Status: PASSED (17ms)

[2026-07-22T06:24:12.356Z] INFO: Starting Test Case: TC_ERROR_004 - Error Handling validation check - Scenario 4 [Priority: LOW]
[2026-07-22T06:24:12.399Z] INFO: Finished Test Case: TC_ERROR_004 - Status: PASSED (42ms)

[2026-07-22T06:24:12.399Z] INFO: Starting Test Case: TC_ERROR_005 - Error Handling validation check - Scenario 5 [Priority: MEDIUM]
[2026-07-22T06:24:12.430Z] INFO: Finished Test Case: TC_ERROR_005 - Status: PASSED (31ms)

[2026-07-22T06:24:12.430Z] INFO: Starting Test Case: TC_ERROR_006 - Error Handling validation check - Scenario 6 [Priority: CRITICAL]
[2026-07-22T06:24:12.435Z] INFO: Finished Test Case: TC_ERROR_006 - Status: PASSED (5ms)

[2026-07-22T06:24:12.435Z] INFO: Starting Test Case: TC_ERROR_007 - Error Handling validation check - Scenario 7 [Priority: HIGH]
[2026-07-22T06:24:12.479Z] INFO: Finished Test Case: TC_ERROR_007 - Status: PASSED (44ms)

[2026-07-22T06:24:12.479Z] INFO: Starting Test Case: TC_ERROR_008 - Error Handling validation check - Scenario 8 [Priority: HIGH]
[2026-07-22T06:24:12.512Z] INFO: Finished Test Case: TC_ERROR_008 - Status: PASSED (33ms)

[2026-07-22T06:24:12.512Z] INFO: Starting Test Case: TC_ERROR_009 - Error Handling validation check - Scenario 9 [Priority: LOW]
[2026-07-22T06:24:12.561Z] INFO: Finished Test Case: TC_ERROR_009 - Status: PASSED (49ms)

[2026-07-22T06:24:12.561Z] INFO: Starting Test Case: TC_ERROR_010 - Error Handling validation check - Scenario 10 [Priority: MEDIUM]
[2026-07-22T06:24:12.567Z] INFO: Finished Test Case: TC_ERROR_010 - Status: PASSED (6ms)

[2026-07-22T06:24:12.567Z] INFO: Starting Test Case: TC_ERROR_011 - Error Handling validation check - Scenario 11 [Priority: CRITICAL]
[2026-07-22T06:24:12.585Z] INFO: Finished Test Case: TC_ERROR_011 - Status: PASSED (18ms)

[2026-07-22T06:24:12.585Z] INFO: Starting Test Case: TC_ERROR_012 - Error Handling validation check - Scenario 12 [Priority: HIGH]
[2026-07-22T06:24:12.611Z] INFO: Finished Test Case: TC_ERROR_012 - Status: PASSED (26ms)

[2026-07-22T06:24:12.611Z] INFO: Starting Test Case: TC_ERROR_013 - Error Handling validation check - Scenario 13 [Priority: HIGH]
[2026-07-22T06:24:12.660Z] INFO: Finished Test Case: TC_ERROR_013 - Status: PASSED (49ms)

[2026-07-22T06:24:12.660Z] INFO: Starting Test Case: TC_ERROR_014 - Error Handling validation check - Scenario 14 [Priority: LOW]
[2026-07-22T06:24:12.709Z] INFO: Finished Test Case: TC_ERROR_014 - Status: PASSED (49ms)

[2026-07-22T06:24:12.709Z] INFO: Starting Test Case: TC_ERROR_015 - Error Handling validation check - Scenario 15 [Priority: MEDIUM]
[2026-07-22T06:24:12.715Z] INFO: Finished Test Case: TC_ERROR_015 - Status: PASSED (6ms)

[2026-07-22T06:24:12.715Z] INFO: Starting Test Case: TC_ERROR_016 - Error Handling validation check - Scenario 16 [Priority: CRITICAL]
[2026-07-22T06:24:12.721Z] INFO: Finished Test Case: TC_ERROR_016 - Status: PASSED (6ms)

[2026-07-22T06:24:12.721Z] INFO: Starting Test Case: TC_ERROR_017 - Error Handling validation check - Scenario 17 [Priority: HIGH]
[2026-07-22T06:24:12.729Z] INFO: Finished Test Case: TC_ERROR_017 - Status: PASSED (8ms)

[2026-07-22T06:24:12.729Z] INFO: Starting Test Case: TC_ERROR_018 - Error Handling validation check - Scenario 18 [Priority: HIGH]
[2026-07-22T06:24:12.748Z] INFO: Finished Test Case: TC_ERROR_018 - Status: PASSED (19ms)

[2026-07-22T06:24:12.748Z] INFO: Starting Test Case: TC_ERROR_019 - Error Handling validation check - Scenario 19 [Priority: LOW]
[2026-07-22T06:24:12.771Z] INFO: Finished Test Case: TC_ERROR_019 - Status: PASSED (23ms)

[2026-07-22T06:24:12.771Z] INFO: Starting Test Case: TC_ERROR_020 - Error Handling validation check - Scenario 20 [Priority: MEDIUM]
[2026-07-22T06:24:12.810Z] INFO: Finished Test Case: TC_ERROR_020 - Status: PASSED (39ms)

[2026-07-22T06:24:12.810Z] INFO: Starting Test Case: TC_SESSION_001 - Session Management validation check - Scenario 1 [Priority: CRITICAL]
[2026-07-22T06:24:12.834Z] INFO: Finished Test Case: TC_SESSION_001 - Status: PASSED (24ms)

[2026-07-22T06:24:12.834Z] INFO: Starting Test Case: TC_SESSION_002 - Session Management validation check - Scenario 2 [Priority: HIGH]
[2026-07-22T06:24:12.881Z] INFO: Finished Test Case: TC_SESSION_002 - Status: PASSED (47ms)

[2026-07-22T06:24:12.881Z] INFO: Starting Test Case: TC_SESSION_003 - Session Management validation check - Scenario 3 [Priority: HIGH]
[2026-07-22T06:24:12.902Z] INFO: Finished Test Case: TC_SESSION_003 - Status: PASSED (21ms)

[2026-07-22T06:24:12.903Z] INFO: Starting Test Case: TC_SESSION_004 - Session Management validation check - Scenario 4 [Priority: LOW]
[2026-07-22T06:24:12.908Z] INFO: Finished Test Case: TC_SESSION_004 - Status: PASSED (6ms)

[2026-07-22T06:24:12.908Z] INFO: Starting Test Case: TC_SESSION_005 - Session Management validation check - Scenario 5 [Priority: MEDIUM]
[2026-07-22T06:24:12.928Z] INFO: Finished Test Case: TC_SESSION_005 - Status: PASSED (20ms)

[2026-07-22T06:24:12.928Z] INFO: Starting Test Case: TC_SESSION_006 - Session Management validation check - Scenario 6 [Priority: CRITICAL]
[2026-07-22T06:24:12.948Z] INFO: Finished Test Case: TC_SESSION_006 - Status: PASSED (20ms)

[2026-07-22T06:24:12.949Z] INFO: Starting Test Case: TC_SESSION_007 - Session Management validation check - Scenario 7 [Priority: HIGH]
[2026-07-22T06:24:12.962Z] INFO: Finished Test Case: TC_SESSION_007 - Status: PASSED (13ms)

[2026-07-22T06:24:12.962Z] INFO: Starting Test Case: TC_SESSION_008 - Session Management validation check - Scenario 8 [Priority: HIGH]
[2026-07-22T06:24:12.977Z] INFO: Finished Test Case: TC_SESSION_008 - Status: PASSED (15ms)

[2026-07-22T06:24:12.977Z] INFO: Starting Test Case: TC_SESSION_009 - Session Management validation check - Scenario 9 [Priority: LOW]
[2026-07-22T06:24:13.005Z] INFO: Finished Test Case: TC_SESSION_009 - Status: PASSED (27ms)

[2026-07-22T06:24:13.005Z] INFO: Starting Test Case: TC_SESSION_010 - Session Management validation check - Scenario 10 [Priority: MEDIUM]
[2026-07-22T06:24:13.014Z] INFO: Finished Test Case: TC_SESSION_010 - Status: PASSED (9ms)

[2026-07-22T06:24:13.014Z] INFO: Starting Test Case: TC_SESSION_011 - Session Management validation check - Scenario 11 [Priority: CRITICAL]
[2026-07-22T06:24:13.054Z] INFO: Finished Test Case: TC_SESSION_011 - Status: PASSED (40ms)

[2026-07-22T06:24:13.054Z] INFO: Starting Test Case: TC_SESSION_012 - Session Management validation check - Scenario 12 [Priority: HIGH]
[2026-07-22T06:24:13.070Z] INFO: Finished Test Case: TC_SESSION_012 - Status: PASSED (16ms)

[2026-07-22T06:24:13.070Z] INFO: Starting Test Case: TC_SESSION_013 - Session Management validation check - Scenario 13 [Priority: HIGH]
[2026-07-22T06:24:13.086Z] INFO: Finished Test Case: TC_SESSION_013 - Status: PASSED (16ms)

[2026-07-22T06:24:13.086Z] INFO: Starting Test Case: TC_SESSION_014 - Session Management validation check - Scenario 14 [Priority: LOW]
[2026-07-22T06:24:13.125Z] INFO: Finished Test Case: TC_SESSION_014 - Status: PASSED (39ms)

[2026-07-22T06:24:13.125Z] INFO: Starting Test Case: TC_SESSION_015 - Session Management validation check - Scenario 15 [Priority: MEDIUM]
[2026-07-22T06:24:13.144Z] INFO: Finished Test Case: TC_SESSION_015 - Status: PASSED (19ms)

[2026-07-22T06:24:13.144Z] INFO: Starting Test Case: TC_SESSION_016 - Session Management validation check - Scenario 16 [Priority: CRITICAL]
[2026-07-22T06:24:13.155Z] INFO: Finished Test Case: TC_SESSION_016 - Status: PASSED (11ms)

[2026-07-22T06:24:13.155Z] INFO: Starting Test Case: TC_SESSION_017 - Session Management validation check - Scenario 17 [Priority: HIGH]
[2026-07-22T06:24:13.185Z] INFO: Finished Test Case: TC_SESSION_017 - Status: PASSED (30ms)

[2026-07-22T06:24:13.185Z] INFO: Starting Test Case: TC_SESSION_018 - Session Management validation check - Scenario 18 [Priority: HIGH]
[2026-07-22T06:24:13.221Z] INFO: Finished Test Case: TC_SESSION_018 - Status: PASSED (36ms)

[2026-07-22T06:24:13.221Z] INFO: Starting Test Case: TC_SESSION_019 - Session Management validation check - Scenario 19 [Priority: LOW]
[2026-07-22T06:24:13.270Z] INFO: Finished Test Case: TC_SESSION_019 - Status: PASSED (49ms)

[2026-07-22T06:24:13.270Z] INFO: Starting Test Case: TC_SESSION_020 - Session Management validation check - Scenario 20 [Priority: MEDIUM]
[2026-07-22T06:24:13.279Z] INFO: Finished Test Case: TC_SESSION_020 - Status: PASSED (9ms)

[2026-07-22T06:24:13.279Z] INFO: Starting Test Case: TC_FILE_001 - File Upload validation check - Scenario 1 [Priority: CRITICAL]
[2026-07-22T06:24:13.319Z] INFO: Finished Test Case: TC_FILE_001 - Status: PASSED (40ms)

[2026-07-22T06:24:13.319Z] INFO: Starting Test Case: TC_FILE_002 - File Upload validation check - Scenario 2 [Priority: HIGH]
[2026-07-22T06:24:13.319Z] INFO: Running E2E: Large File Upload...
[2026-07-22T06:24:13.319Z] INFO: Finished Test Case: TC_FILE_002 - Status: PASSED (0ms)

[2026-07-22T06:24:13.319Z] INFO: Starting Test Case: TC_FILE_003 - File Upload validation check - Scenario 3 [Priority: HIGH]
[2026-07-22T06:24:13.329Z] INFO: Finished Test Case: TC_FILE_003 - Status: PASSED (10ms)

[2026-07-22T06:24:13.329Z] INFO: Starting Test Case: TC_FILE_004 - File Upload validation check - Scenario 4 [Priority: LOW]
[2026-07-22T06:24:13.371Z] INFO: Finished Test Case: TC_FILE_004 - Status: PASSED (42ms)

[2026-07-22T06:24:13.372Z] INFO: Starting Test Case: TC_FILE_005 - File Upload validation check - Scenario 5 [Priority: MEDIUM]
[2026-07-22T06:24:13.409Z] INFO: Finished Test Case: TC_FILE_005 - Status: PASSED (37ms)

[2026-07-22T06:24:13.409Z] INFO: Starting Test Case: TC_FILE_006 - File Upload validation check - Scenario 6 [Priority: CRITICAL]
[2026-07-22T06:24:13.445Z] INFO: Finished Test Case: TC_FILE_006 - Status: PASSED (36ms)

[2026-07-22T06:24:13.445Z] INFO: Starting Test Case: TC_FILE_007 - File Upload validation check - Scenario 7 [Priority: HIGH]
[2026-07-22T06:24:13.465Z] INFO: Finished Test Case: TC_FILE_007 - Status: PASSED (20ms)

[2026-07-22T06:24:13.465Z] INFO: Starting Test Case: TC_FILE_008 - File Upload validation check - Scenario 8 [Priority: HIGH]
[2026-07-22T06:24:13.491Z] INFO: Finished Test Case: TC_FILE_008 - Status: PASSED (26ms)

[2026-07-22T06:24:13.491Z] INFO: Starting Test Case: TC_FILE_009 - File Upload validation check - Scenario 9 [Priority: LOW]
[2026-07-22T06:24:13.497Z] INFO: Finished Test Case: TC_FILE_009 - Status: PASSED (6ms)

[2026-07-22T06:24:13.497Z] INFO: Starting Test Case: TC_FILE_010 - File Upload validation check - Scenario 10 [Priority: MEDIUM]
[2026-07-22T06:24:13.543Z] INFO: Finished Test Case: TC_FILE_010 - Status: PASSED (46ms)

[2026-07-22T06:24:13.543Z] INFO: Starting Test Case: TC_FILE_011 - File Upload validation check - Scenario 11 [Priority: CRITICAL]
[2026-07-22T06:24:13.556Z] INFO: Finished Test Case: TC_FILE_011 - Status: PASSED (13ms)

[2026-07-22T06:24:13.556Z] INFO: Starting Test Case: TC_FILE_012 - File Upload validation check - Scenario 12 [Priority: HIGH]
[2026-07-22T06:24:13.564Z] INFO: Finished Test Case: TC_FILE_012 - Status: PASSED (8ms)

[2026-07-22T06:24:13.564Z] INFO: Starting Test Case: TC_FILE_013 - File Upload validation check - Scenario 13 [Priority: HIGH]
[2026-07-22T06:24:13.600Z] INFO: Finished Test Case: TC_FILE_013 - Status: PASSED (36ms)

[2026-07-22T06:24:13.600Z] INFO: Starting Test Case: TC_FILE_014 - File Upload validation check - Scenario 14 [Priority: LOW]
[2026-07-22T06:24:13.625Z] INFO: Finished Test Case: TC_FILE_014 - Status: PASSED (25ms)

[2026-07-22T06:24:13.625Z] INFO: Starting Test Case: TC_FILE_015 - File Upload validation check - Scenario 15 [Priority: MEDIUM]
[2026-07-22T06:24:13.652Z] INFO: Finished Test Case: TC_FILE_015 - Status: PASSED (27ms)

[2026-07-22T06:24:13.652Z] INFO: Starting Test Case: TC_FILE_016 - File Upload validation check - Scenario 16 [Priority: CRITICAL]
[2026-07-22T06:24:13.672Z] INFO: Finished Test Case: TC_FILE_016 - Status: PASSED (20ms)

[2026-07-22T06:24:13.672Z] INFO: Starting Test Case: TC_FILE_017 - File Upload validation check - Scenario 17 [Priority: HIGH]
[2026-07-22T06:24:13.691Z] INFO: Finished Test Case: TC_FILE_017 - Status: PASSED (19ms)

[2026-07-22T06:24:13.691Z] INFO: Starting Test Case: TC_FILE_018 - File Upload validation check - Scenario 18 [Priority: HIGH]
[2026-07-22T06:24:13.721Z] INFO: Finished Test Case: TC_FILE_018 - Status: PASSED (30ms)

[2026-07-22T06:24:13.721Z] INFO: Starting Test Case: TC_FILE_019 - File Upload validation check - Scenario 19 [Priority: LOW]
[2026-07-22T06:24:13.765Z] INFO: Finished Test Case: TC_FILE_019 - Status: PASSED (44ms)

[2026-07-22T06:24:13.765Z] INFO: Starting Test Case: TC_FILE_020 - File Upload validation check - Scenario 20 [Priority: MEDIUM]
[2026-07-22T06:24:13.779Z] INFO: Finished Test Case: TC_FILE_020 - Status: PASSED (14ms)

[2026-07-22T06:24:13.779Z] INFO: Starting Test Case: TC_A11Y_001 - Accessibility validation check - Scenario 1 [Priority: CRITICAL]
[2026-07-22T06:24:13.809Z] INFO: Finished Test Case: TC_A11Y_001 - Status: PASSED (30ms)

[2026-07-22T06:24:13.809Z] INFO: Starting Test Case: TC_A11Y_002 - Accessibility validation check - Scenario 2 [Priority: HIGH]
[2026-07-22T06:24:13.859Z] INFO: Finished Test Case: TC_A11Y_002 - Status: PASSED (50ms)

[2026-07-22T06:24:13.859Z] INFO: Starting Test Case: TC_A11Y_003 - Accessibility validation check - Scenario 3 [Priority: HIGH]
[2026-07-22T06:24:13.864Z] INFO: Finished Test Case: TC_A11Y_003 - Status: PASSED (5ms)

[2026-07-22T06:24:13.864Z] INFO: Starting Test Case: TC_A11Y_004 - Accessibility validation check - Scenario 4 [Priority: LOW]
[2026-07-22T06:24:13.896Z] INFO: Finished Test Case: TC_A11Y_004 - Status: PASSED (32ms)

[2026-07-22T06:24:13.896Z] INFO: Starting Test Case: TC_A11Y_005 - Accessibility validation check - Scenario 5 [Priority: MEDIUM]
[2026-07-22T06:24:13.912Z] INFO: Finished Test Case: TC_A11Y_005 - Status: PASSED (16ms)

[2026-07-22T06:24:13.912Z] INFO: Starting Test Case: TC_A11Y_006 - Accessibility validation check - Scenario 6 [Priority: CRITICAL]
[2026-07-22T06:24:13.925Z] INFO: Finished Test Case: TC_A11Y_006 - Status: PASSED (13ms)

[2026-07-22T06:24:13.925Z] INFO: Starting Test Case: TC_A11Y_007 - Accessibility validation check - Scenario 7 [Priority: HIGH]
[2026-07-22T06:24:13.941Z] INFO: Finished Test Case: TC_A11Y_007 - Status: PASSED (16ms)

[2026-07-22T06:24:13.942Z] INFO: Starting Test Case: TC_A11Y_008 - Accessibility validation check - Scenario 8 [Priority: HIGH]
[2026-07-22T06:24:13.980Z] INFO: Finished Test Case: TC_A11Y_008 - Status: PASSED (39ms)

[2026-07-22T06:24:13.980Z] INFO: Starting Test Case: TC_A11Y_009 - Accessibility validation check - Scenario 9 [Priority: LOW]
[2026-07-22T06:24:14.023Z] INFO: Finished Test Case: TC_A11Y_009 - Status: PASSED (43ms)

[2026-07-22T06:24:14.023Z] INFO: Starting Test Case: TC_A11Y_010 - Accessibility validation check - Scenario 10 [Priority: MEDIUM]
[2026-07-22T06:24:14.039Z] INFO: Finished Test Case: TC_A11Y_010 - Status: PASSED (16ms)

[2026-07-22T06:24:14.039Z] INFO: Starting Test Case: TC_A11Y_011 - Accessibility validation check - Scenario 11 [Priority: CRITICAL]
[2026-07-22T06:24:14.077Z] INFO: Finished Test Case: TC_A11Y_011 - Status: PASSED (38ms)

[2026-07-22T06:24:14.077Z] INFO: Starting Test Case: TC_A11Y_012 - Accessibility validation check - Scenario 12 [Priority: HIGH]
[2026-07-22T06:24:14.099Z] INFO: Finished Test Case: TC_A11Y_012 - Status: PASSED (22ms)

[2026-07-22T06:24:14.099Z] INFO: Starting Test Case: TC_A11Y_013 - Accessibility validation check - Scenario 13 [Priority: HIGH]
[2026-07-22T06:24:14.142Z] INFO: Finished Test Case: TC_A11Y_013 - Status: PASSED (43ms)

[2026-07-22T06:24:14.142Z] INFO: Starting Test Case: TC_A11Y_014 - Accessibility validation check - Scenario 14 [Priority: LOW]
[2026-07-22T06:24:14.191Z] INFO: Finished Test Case: TC_A11Y_014 - Status: PASSED (49ms)

[2026-07-22T06:24:14.191Z] INFO: Starting Test Case: TC_A11Y_015 - Accessibility validation check - Scenario 15 [Priority: MEDIUM]
[2026-07-22T06:24:14.217Z] INFO: Finished Test Case: TC_A11Y_015 - Status: PASSED (26ms)

[2026-07-22T06:24:14.217Z] INFO: Starting Test Case: TC_A11Y_016 - Accessibility validation check - Scenario 16 [Priority: CRITICAL]
[2026-07-22T06:24:14.237Z] INFO: Finished Test Case: TC_A11Y_016 - Status: PASSED (20ms)

[2026-07-22T06:24:14.237Z] INFO: Starting Test Case: TC_A11Y_017 - Accessibility validation check - Scenario 17 [Priority: HIGH]
[2026-07-22T06:24:14.270Z] INFO: Finished Test Case: TC_A11Y_017 - Status: PASSED (33ms)

[2026-07-22T06:24:14.270Z] INFO: Starting Test Case: TC_A11Y_018 - Accessibility validation check - Scenario 18 [Priority: HIGH]
[2026-07-22T06:24:14.276Z] INFO: Finished Test Case: TC_A11Y_018 - Status: PASSED (6ms)

[2026-07-22T06:24:14.276Z] INFO: Starting Test Case: TC_A11Y_019 - Accessibility validation check - Scenario 19 [Priority: LOW]
[2026-07-22T06:24:14.305Z] INFO: Finished Test Case: TC_A11Y_019 - Status: PASSED (29ms)

[2026-07-22T06:24:14.305Z] INFO: Starting Test Case: TC_A11Y_020 - Accessibility validation check - Scenario 20 [Priority: MEDIUM]
[2026-07-22T06:24:14.341Z] INFO: Finished Test Case: TC_A11Y_020 - Status: PASSED (36ms)

[2026-07-22T06:24:14.341Z] INFO: Starting Test Case: TC_RESPONSIVE_001 - Responsive Design validation check - Scenario 1 [Priority: CRITICAL]
[2026-07-22T06:24:14.350Z] INFO: Finished Test Case: TC_RESPONSIVE_001 - Status: PASSED (9ms)

[2026-07-22T06:24:14.350Z] INFO: Starting Test Case: TC_RESPONSIVE_002 - Responsive Design validation check - Scenario 2 [Priority: HIGH]
[2026-07-22T06:24:14.385Z] INFO: Finished Test Case: TC_RESPONSIVE_002 - Status: PASSED (35ms)

[2026-07-22T06:24:14.385Z] INFO: Starting Test Case: TC_RESPONSIVE_003 - Responsive Design validation check - Scenario 3 [Priority: HIGH]
[2026-07-22T06:24:14.414Z] INFO: Finished Test Case: TC_RESPONSIVE_003 - Status: PASSED (29ms)

[2026-07-22T06:24:14.414Z] INFO: Starting Test Case: TC_RESPONSIVE_004 - Responsive Design validation check - Scenario 4 [Priority: LOW]
[2026-07-22T06:24:14.422Z] INFO: Finished Test Case: TC_RESPONSIVE_004 - Status: PASSED (8ms)

[2026-07-22T06:24:14.422Z] INFO: Starting Test Case: TC_RESPONSIVE_005 - Responsive Design validation check - Scenario 5 [Priority: MEDIUM]
[2026-07-22T06:24:14.434Z] INFO: Finished Test Case: TC_RESPONSIVE_005 - Status: PASSED (12ms)

[2026-07-22T06:24:14.435Z] INFO: Starting Test Case: TC_RESPONSIVE_006 - Responsive Design validation check - Scenario 6 [Priority: CRITICAL]
[2026-07-22T06:24:14.482Z] INFO: Finished Test Case: TC_RESPONSIVE_006 - Status: PASSED (47ms)

[2026-07-22T06:24:14.482Z] INFO: Starting Test Case: TC_RESPONSIVE_007 - Responsive Design validation check - Scenario 7 [Priority: HIGH]
[2026-07-22T06:24:14.499Z] INFO: Finished Test Case: TC_RESPONSIVE_007 - Status: PASSED (17ms)

[2026-07-22T06:24:14.499Z] INFO: Starting Test Case: TC_RESPONSIVE_008 - Responsive Design validation check - Scenario 8 [Priority: HIGH]
[2026-07-22T06:24:14.526Z] INFO: Finished Test Case: TC_RESPONSIVE_008 - Status: PASSED (27ms)

[2026-07-22T06:24:14.527Z] INFO: Starting Test Case: TC_RESPONSIVE_009 - Responsive Design validation check - Scenario 9 [Priority: LOW]
[2026-07-22T06:24:14.545Z] INFO: Finished Test Case: TC_RESPONSIVE_009 - Status: PASSED (18ms)

[2026-07-22T06:24:14.545Z] INFO: Starting Test Case: TC_RESPONSIVE_010 - Responsive Design validation check - Scenario 10 [Priority: MEDIUM]
[2026-07-22T06:24:14.582Z] INFO: Finished Test Case: TC_RESPONSIVE_010 - Status: PASSED (37ms)

[2026-07-22T06:24:14.582Z] INFO: Starting Test Case: TC_RESPONSIVE_011 - Responsive Design validation check - Scenario 11 [Priority: CRITICAL]
[2026-07-22T06:24:14.623Z] INFO: Finished Test Case: TC_RESPONSIVE_011 - Status: PASSED (41ms)

[2026-07-22T06:24:14.623Z] INFO: Starting Test Case: TC_RESPONSIVE_012 - Responsive Design validation check - Scenario 12 [Priority: HIGH]
[2026-07-22T06:24:14.666Z] INFO: Finished Test Case: TC_RESPONSIVE_012 - Status: PASSED (43ms)

[2026-07-22T06:24:14.666Z] INFO: Starting Test Case: TC_RESPONSIVE_013 - Responsive Design validation check - Scenario 13 [Priority: HIGH]
[2026-07-22T06:24:14.709Z] INFO: Finished Test Case: TC_RESPONSIVE_013 - Status: PASSED (43ms)

[2026-07-22T06:24:14.709Z] INFO: Starting Test Case: TC_RESPONSIVE_014 - Responsive Design validation check - Scenario 14 [Priority: LOW]
[2026-07-22T06:24:14.725Z] INFO: Finished Test Case: TC_RESPONSIVE_014 - Status: PASSED (16ms)

[2026-07-22T06:24:14.725Z] INFO: Starting Test Case: TC_RESPONSIVE_015 - Responsive Design validation check - Scenario 15 [Priority: MEDIUM]
[2026-07-22T06:24:14.766Z] INFO: Finished Test Case: TC_RESPONSIVE_015 - Status: PASSED (41ms)

[2026-07-22T06:24:14.767Z] INFO: Starting Test Case: TC_RESPONSIVE_016 - Responsive Design validation check - Scenario 16 [Priority: CRITICAL]
[2026-07-22T06:24:14.782Z] INFO: Finished Test Case: TC_RESPONSIVE_016 - Status: PASSED (15ms)

[2026-07-22T06:24:14.782Z] INFO: Starting Test Case: TC_RESPONSIVE_017 - Responsive Design validation check - Scenario 17 [Priority: HIGH]
[2026-07-22T06:24:14.818Z] INFO: Finished Test Case: TC_RESPONSIVE_017 - Status: PASSED (36ms)

[2026-07-22T06:24:14.818Z] INFO: Starting Test Case: TC_RESPONSIVE_018 - Responsive Design validation check - Scenario 18 [Priority: HIGH]
[2026-07-22T06:24:14.843Z] INFO: Finished Test Case: TC_RESPONSIVE_018 - Status: PASSED (25ms)

[2026-07-22T06:24:14.844Z] INFO: Starting Test Case: TC_RESPONSIVE_019 - Responsive Design validation check - Scenario 19 [Priority: LOW]
[2026-07-22T06:24:14.878Z] INFO: Finished Test Case: TC_RESPONSIVE_019 - Status: PASSED (34ms)

[2026-07-22T06:24:14.878Z] INFO: Starting Test Case: TC_RESPONSIVE_020 - Responsive Design validation check - Scenario 20 [Priority: MEDIUM]
[2026-07-22T06:24:14.892Z] INFO: Finished Test Case: TC_RESPONSIVE_020 - Status: PASSED (14ms)

[2026-07-22T06:24:14.892Z] INFO: Starting Test Case: TC_PERF_001 - Performance Smoke validation check - Scenario 1 [Priority: CRITICAL]
[2026-07-22T06:24:14.917Z] INFO: Finished Test Case: TC_PERF_001 - Status: PASSED (25ms)

[2026-07-22T06:24:14.917Z] INFO: Starting Test Case: TC_PERF_002 - Performance Smoke validation check - Scenario 2 [Priority: HIGH]
[2026-07-22T06:24:14.941Z] INFO: Finished Test Case: TC_PERF_002 - Status: PASSED (24ms)

[2026-07-22T06:24:14.942Z] INFO: Starting Test Case: TC_PERF_003 - Performance Smoke validation check - Scenario 3 [Priority: HIGH]
[2026-07-22T06:24:14.974Z] INFO: Finished Test Case: TC_PERF_003 - Status: PASSED (33ms)

[2026-07-22T06:24:14.974Z] INFO: Starting Test Case: TC_PERF_004 - Performance Smoke validation check - Scenario 4 [Priority: LOW]
[2026-07-22T06:24:14.985Z] INFO: Finished Test Case: TC_PERF_004 - Status: PASSED (11ms)

[2026-07-22T06:24:14.985Z] INFO: Starting Test Case: TC_PERF_005 - Performance Smoke validation check - Scenario 5 [Priority: MEDIUM]
[2026-07-22T06:24:15.034Z] INFO: Finished Test Case: TC_PERF_005 - Status: PASSED (49ms)

[2026-07-22T06:24:15.035Z] INFO: Starting Test Case: TC_PERF_006 - Performance Smoke validation check - Scenario 6 [Priority: CRITICAL]
[2026-07-22T06:24:15.046Z] INFO: Finished Test Case: TC_PERF_006 - Status: PASSED (11ms)

[2026-07-22T06:24:15.046Z] INFO: Starting Test Case: TC_PERF_007 - Performance Smoke validation check - Scenario 7 [Priority: HIGH]
[2026-07-22T06:24:15.084Z] INFO: Finished Test Case: TC_PERF_007 - Status: PASSED (38ms)

[2026-07-22T06:24:15.084Z] INFO: Starting Test Case: TC_PERF_008 - Performance Smoke validation check - Scenario 8 [Priority: HIGH]
[2026-07-22T06:24:15.100Z] INFO: Finished Test Case: TC_PERF_008 - Status: PASSED (16ms)

[2026-07-22T06:24:15.101Z] INFO: Starting Test Case: TC_PERF_009 - Performance Smoke validation check - Scenario 9 [Priority: LOW]
[2026-07-22T06:24:15.107Z] INFO: Finished Test Case: TC_PERF_009 - Status: PASSED (6ms)

[2026-07-22T06:24:15.107Z] INFO: Starting Test Case: TC_PERF_010 - Performance Smoke validation check - Scenario 10 [Priority: MEDIUM]
[2026-07-22T06:24:15.147Z] INFO: Finished Test Case: TC_PERF_010 - Status: PASSED (40ms)

[2026-07-22T06:24:15.147Z] INFO: Starting Test Case: TC_PERF_011 - Performance Smoke validation check - Scenario 11 [Priority: CRITICAL]
[2026-07-22T06:24:15.153Z] INFO: Finished Test Case: TC_PERF_011 - Status: PASSED (6ms)

[2026-07-22T06:24:15.153Z] INFO: Starting Test Case: TC_PERF_012 - Performance Smoke validation check - Scenario 12 [Priority: HIGH]
[2026-07-22T06:24:15.195Z] INFO: Finished Test Case: TC_PERF_012 - Status: PASSED (42ms)

[2026-07-22T06:24:15.195Z] INFO: Starting Test Case: TC_PERF_013 - Performance Smoke validation check - Scenario 13 [Priority: HIGH]
[2026-07-22T06:24:15.215Z] INFO: Finished Test Case: TC_PERF_013 - Status: PASSED (20ms)

[2026-07-22T06:24:15.216Z] INFO: Starting Test Case: TC_PERF_014 - Performance Smoke validation check - Scenario 14 [Priority: LOW]
[2026-07-22T06:24:15.265Z] INFO: Finished Test Case: TC_PERF_014 - Status: PASSED (49ms)

[2026-07-22T06:24:15.265Z] INFO: Starting Test Case: TC_PERF_015 - Performance Smoke validation check - Scenario 15 [Priority: MEDIUM]
[2026-07-22T06:24:15.271Z] INFO: Finished Test Case: TC_PERF_015 - Status: PASSED (6ms)

[2026-07-22T06:24:15.271Z] INFO: Starting Test Case: TC_PERF_016 - Performance Smoke validation check - Scenario 16 [Priority: CRITICAL]
[2026-07-22T06:24:15.287Z] INFO: Finished Test Case: TC_PERF_016 - Status: PASSED (15ms)

[2026-07-22T06:24:15.287Z] INFO: Starting Test Case: TC_PERF_017 - Performance Smoke validation check - Scenario 17 [Priority: HIGH]
[2026-07-22T06:24:15.307Z] INFO: Finished Test Case: TC_PERF_017 - Status: PASSED (20ms)

[2026-07-22T06:24:15.307Z] INFO: Starting Test Case: TC_PERF_018 - Performance Smoke validation check - Scenario 18 [Priority: HIGH]
[2026-07-22T06:24:15.337Z] INFO: Finished Test Case: TC_PERF_018 - Status: PASSED (30ms)

[2026-07-22T06:24:15.337Z] INFO: Starting Test Case: TC_PERF_019 - Performance Smoke validation check - Scenario 19 [Priority: LOW]
[2026-07-22T06:24:15.383Z] INFO: Finished Test Case: TC_PERF_019 - Status: PASSED (46ms)

[2026-07-22T06:24:15.383Z] INFO: Starting Test Case: TC_PERF_020 - Performance Smoke validation check - Scenario 20 [Priority: MEDIUM]
[2026-07-22T06:24:15.428Z] INFO: Finished Test Case: TC_PERF_020 - Status: PASSED (45ms)

[2026-07-22T06:24:15.428Z] INFO: Starting Test Case: TC_REGR_001 - Regression validation check - Scenario 1 [Priority: CRITICAL]
[2026-07-22T06:24:15.476Z] INFO: Finished Test Case: TC_REGR_001 - Status: PASSED (48ms)

[2026-07-22T06:24:15.476Z] INFO: Starting Test Case: TC_REGR_002 - Regression validation check - Scenario 2 [Priority: HIGH]
[2026-07-22T06:24:15.489Z] INFO: Finished Test Case: TC_REGR_002 - Status: PASSED (13ms)

[2026-07-22T06:24:15.489Z] INFO: Starting Test Case: TC_REGR_003 - Regression validation check - Scenario 3 [Priority: HIGH]
[2026-07-22T06:24:15.537Z] INFO: Finished Test Case: TC_REGR_003 - Status: PASSED (48ms)

[2026-07-22T06:24:15.537Z] INFO: Starting Test Case: TC_REGR_004 - Regression validation check - Scenario 4 [Priority: LOW]
[2026-07-22T06:24:15.575Z] INFO: Finished Test Case: TC_REGR_004 - Status: PASSED (38ms)

[2026-07-22T06:24:15.575Z] INFO: Starting Test Case: TC_REGR_005 - Regression validation check - Scenario 5 [Priority: MEDIUM]
[2026-07-22T06:24:15.610Z] INFO: Finished Test Case: TC_REGR_005 - Status: PASSED (35ms)

[2026-07-22T06:24:15.610Z] INFO: Starting Test Case: TC_REGR_006 - Regression validation check - Scenario 6 [Priority: CRITICAL]
[2026-07-22T06:24:15.655Z] INFO: Finished Test Case: TC_REGR_006 - Status: PASSED (45ms)

[2026-07-22T06:24:15.655Z] INFO: Starting Test Case: TC_REGR_007 - Regression validation check - Scenario 7 [Priority: HIGH]
[2026-07-22T06:24:15.695Z] INFO: Finished Test Case: TC_REGR_007 - Status: PASSED (40ms)

[2026-07-22T06:24:15.696Z] INFO: Starting Test Case: TC_REGR_008 - Regression validation check - Scenario 8 [Priority: HIGH]
[2026-07-22T06:24:15.732Z] INFO: Finished Test Case: TC_REGR_008 - Status: PASSED (36ms)

[2026-07-22T06:24:15.732Z] INFO: Starting Test Case: TC_REGR_009 - Regression validation check - Scenario 9 [Priority: LOW]
[2026-07-22T06:24:15.751Z] INFO: Finished Test Case: TC_REGR_009 - Status: PASSED (19ms)

[2026-07-22T06:24:15.751Z] INFO: Starting Test Case: TC_REGR_010 - Regression validation check - Scenario 10 [Priority: MEDIUM]
[2026-07-22T06:24:15.793Z] INFO: Finished Test Case: TC_REGR_010 - Status: PASSED (42ms)

[2026-07-22T06:24:15.793Z] INFO: Starting Test Case: TC_REGR_011 - Regression validation check - Scenario 11 [Priority: CRITICAL]
[2026-07-22T06:24:15.830Z] INFO: Finished Test Case: TC_REGR_011 - Status: PASSED (37ms)

[2026-07-22T06:24:15.830Z] INFO: Starting Test Case: TC_REGR_012 - Regression validation check - Scenario 12 [Priority: HIGH]
[2026-07-22T06:24:15.843Z] INFO: Finished Test Case: TC_REGR_012 - Status: PASSED (13ms)

[2026-07-22T06:24:15.844Z] INFO: Starting Test Case: TC_REGR_013 - Regression validation check - Scenario 13 [Priority: HIGH]
[2026-07-22T06:24:15.884Z] INFO: Finished Test Case: TC_REGR_013 - Status: PASSED (41ms)

[2026-07-22T06:24:15.884Z] INFO: Starting Test Case: TC_REGR_014 - Regression validation check - Scenario 14 [Priority: LOW]
[2026-07-22T06:24:15.896Z] INFO: Finished Test Case: TC_REGR_014 - Status: PASSED (12ms)

[2026-07-22T06:24:15.896Z] INFO: Starting Test Case: TC_REGR_015 - Regression validation check - Scenario 15 [Priority: MEDIUM]
[2026-07-22T06:24:15.946Z] INFO: Finished Test Case: TC_REGR_015 - Status: PASSED (50ms)

[2026-07-22T06:24:15.946Z] INFO: Starting Test Case: TC_REGR_016 - Regression validation check - Scenario 16 [Priority: CRITICAL]
[2026-07-22T06:24:15.985Z] INFO: Finished Test Case: TC_REGR_016 - Status: PASSED (39ms)

[2026-07-22T06:24:15.985Z] INFO: Starting Test Case: TC_REGR_017 - Regression validation check - Scenario 17 [Priority: HIGH]
[2026-07-22T06:24:15.992Z] INFO: Finished Test Case: TC_REGR_017 - Status: PASSED (7ms)

[2026-07-22T06:24:15.993Z] INFO: Starting Test Case: TC_REGR_018 - Regression validation check - Scenario 18 [Priority: HIGH]
[2026-07-22T06:24:16.016Z] INFO: Finished Test Case: TC_REGR_018 - Status: PASSED (23ms)

[2026-07-22T06:24:16.016Z] INFO: Starting Test Case: TC_REGR_019 - Regression validation check - Scenario 19 [Priority: LOW]
[2026-07-22T06:24:16.048Z] INFO: Finished Test Case: TC_REGR_019 - Status: PASSED (32ms)

[2026-07-22T06:24:16.048Z] INFO: Starting Test Case: TC_REGR_020 - Regression validation check - Scenario 20 [Priority: MEDIUM]
[2026-07-22T06:24:16.077Z] INFO: Finished Test Case: TC_REGR_020 - Status: PASSED (29ms)

[2026-07-22T06:24:16.077Z] INFO: Starting Test Case: TC_REGR_021 - Regression validation check - Scenario 21 [Priority: CRITICAL]
[2026-07-22T06:24:16.085Z] INFO: Finished Test Case: TC_REGR_021 - Status: PASSED (8ms)

[2026-07-22T06:24:16.085Z] INFO: Starting Test Case: TC_REGR_022 - Regression validation check - Scenario 22 [Priority: HIGH]
[2026-07-22T06:24:16.107Z] INFO: Finished Test Case: TC_REGR_022 - Status: PASSED (22ms)

[2026-07-22T06:24:16.107Z] INFO: Starting Test Case: TC_REGR_023 - Regression validation check - Scenario 23 [Priority: HIGH]
[2026-07-22T06:24:16.122Z] INFO: Finished Test Case: TC_REGR_023 - Status: PASSED (15ms)

[2026-07-22T06:24:16.122Z] INFO: Starting Test Case: TC_REGR_024 - Regression validation check - Scenario 24 [Priority: LOW]
[2026-07-22T06:24:16.160Z] INFO: Finished Test Case: TC_REGR_024 - Status: PASSED (38ms)

[2026-07-22T06:24:16.160Z] INFO: Starting Test Case: TC_REGR_025 - Regression validation check - Scenario 25 [Priority: MEDIUM]
[2026-07-22T06:24:16.202Z] INFO: Finished Test Case: TC_REGR_025 - Status: PASSED (42ms)

[2026-07-22T06:24:16.202Z] INFO: Starting Test Case: TC_REGR_026 - Regression validation check - Scenario 26 [Priority: CRITICAL]
[2026-07-22T06:24:16.248Z] INFO: Finished Test Case: TC_REGR_026 - Status: PASSED (46ms)

[2026-07-22T06:24:16.248Z] INFO: Starting Test Case: TC_REGR_027 - Regression validation check - Scenario 27 [Priority: HIGH]
[2026-07-22T06:24:16.272Z] INFO: Finished Test Case: TC_REGR_027 - Status: PASSED (24ms)

[2026-07-22T06:24:16.272Z] INFO: Starting Test Case: TC_REGR_028 - Regression validation check - Scenario 28 [Priority: HIGH]
[2026-07-22T06:24:16.281Z] INFO: Finished Test Case: TC_REGR_028 - Status: PASSED (9ms)

[2026-07-22T06:24:16.281Z] INFO: Starting Test Case: TC_REGR_029 - Regression validation check - Scenario 29 [Priority: LOW]
[2026-07-22T06:24:16.308Z] INFO: Finished Test Case: TC_REGR_029 - Status: PASSED (27ms)

[2026-07-22T06:24:16.308Z] INFO: Starting Test Case: TC_REGR_030 - Regression validation check - Scenario 30 [Priority: MEDIUM]
[2026-07-22T06:24:16.345Z] INFO: Finished Test Case: TC_REGR_030 - Status: PASSED (37ms)

[2026-07-22T06:24:16.345Z] INFO: Starting Test Case: TC_REGR_031 - Regression validation check - Scenario 31 [Priority: CRITICAL]
[2026-07-22T06:24:16.388Z] INFO: Finished Test Case: TC_REGR_031 - Status: PASSED (43ms)

[2026-07-22T06:24:16.388Z] INFO: Starting Test Case: TC_REGR_032 - Regression validation check - Scenario 32 [Priority: HIGH]
[2026-07-22T06:24:16.406Z] INFO: Finished Test Case: TC_REGR_032 - Status: PASSED (18ms)

[2026-07-22T06:24:16.406Z] INFO: Starting Test Case: TC_REGR_033 - Regression validation check - Scenario 33 [Priority: HIGH]
[2026-07-22T06:24:16.444Z] INFO: Finished Test Case: TC_REGR_033 - Status: PASSED (38ms)

[2026-07-22T06:24:16.444Z] INFO: Starting Test Case: TC_REGR_034 - Regression validation check - Scenario 34 [Priority: LOW]
[2026-07-22T06:24:16.486Z] INFO: Finished Test Case: TC_REGR_034 - Status: PASSED (42ms)

[2026-07-22T06:24:16.487Z] INFO: Starting Test Case: TC_REGR_035 - Regression validation check - Scenario 35 [Priority: MEDIUM]
[2026-07-22T06:24:16.511Z] INFO: Finished Test Case: TC_REGR_035 - Status: PASSED (24ms)

[2026-07-22T06:24:16.511Z] INFO: Starting Test Case: TC_REGR_036 - Regression validation check - Scenario 36 [Priority: CRITICAL]
[2026-07-22T06:24:16.536Z] INFO: Finished Test Case: TC_REGR_036 - Status: PASSED (25ms)

[2026-07-22T06:24:16.536Z] INFO: Starting Test Case: TC_REGR_037 - Regression validation check - Scenario 37 [Priority: HIGH]
[2026-07-22T06:24:16.550Z] INFO: Finished Test Case: TC_REGR_037 - Status: PASSED (14ms)

[2026-07-22T06:24:16.551Z] INFO: Starting Test Case: TC_REGR_038 - Regression validation check - Scenario 38 [Priority: HIGH]
[2026-07-22T06:24:16.590Z] INFO: Finished Test Case: TC_REGR_038 - Status: PASSED (39ms)

[2026-07-22T06:24:16.590Z] INFO: Starting Test Case: TC_REGR_039 - Regression validation check - Scenario 39 [Priority: LOW]
[2026-07-22T06:24:16.620Z] INFO: Finished Test Case: TC_REGR_039 - Status: PASSED (30ms)

[2026-07-22T06:24:16.620Z] INFO: Starting Test Case: TC_REGR_040 - Regression validation check - Scenario 40 [Priority: MEDIUM]
[2026-07-22T06:24:16.630Z] INFO: Finished Test Case: TC_REGR_040 - Status: PASSED (10ms)

[2026-07-22T06:24:16.630Z] INFO: Starting Test Case: TC_REGR_041 - Regression validation check - Scenario 41 [Priority: CRITICAL]
[2026-07-22T06:24:16.654Z] INFO: Finished Test Case: TC_REGR_041 - Status: PASSED (24ms)

[2026-07-22T06:24:16.654Z] INFO: Starting Test Case: TC_REGR_042 - Regression validation check - Scenario 42 [Priority: HIGH]
[2026-07-22T06:24:16.671Z] INFO: Finished Test Case: TC_REGR_042 - Status: PASSED (17ms)

[2026-07-22T06:24:16.671Z] INFO: Starting Test Case: TC_REGR_043 - Regression validation check - Scenario 43 [Priority: HIGH]
[2026-07-22T06:24:16.678Z] INFO: Finished Test Case: TC_REGR_043 - Status: PASSED (7ms)

[2026-07-22T06:24:16.678Z] INFO: Starting Test Case: TC_REGR_044 - Regression validation check - Scenario 44 [Priority: LOW]
[2026-07-22T06:24:16.702Z] INFO: Finished Test Case: TC_REGR_044 - Status: PASSED (24ms)

[2026-07-22T06:24:16.702Z] INFO: Starting Test Case: TC_REGR_045 - Regression validation check - Scenario 45 [Priority: MEDIUM]
[2026-07-22T06:24:16.748Z] INFO: Finished Test Case: TC_REGR_045 - Status: PASSED (46ms)

[2026-07-22T06:24:16.748Z] INFO: Starting Test Case: TC_REGR_046 - Regression validation check - Scenario 46 [Priority: CRITICAL]
[2026-07-22T06:24:16.762Z] INFO: Finished Test Case: TC_REGR_046 - Status: PASSED (14ms)

[2026-07-22T06:24:16.762Z] INFO: Starting Test Case: TC_REGR_047 - Regression validation check - Scenario 47 [Priority: HIGH]
[2026-07-22T06:24:16.775Z] INFO: Finished Test Case: TC_REGR_047 - Status: PASSED (13ms)

[2026-07-22T06:24:16.775Z] INFO: Starting Test Case: TC_REGR_048 - Regression validation check - Scenario 48 [Priority: HIGH]
[2026-07-22T06:24:16.825Z] INFO: Finished Test Case: TC_REGR_048 - Status: PASSED (50ms)

[2026-07-22T06:24:16.825Z] INFO: Starting Test Case: TC_REGR_049 - Regression validation check - Scenario 49 [Priority: LOW]
[2026-07-22T06:24:16.863Z] INFO: Finished Test Case: TC_REGR_049 - Status: PASSED (38ms)

[2026-07-22T06:24:16.863Z] INFO: Starting Test Case: TC_REGR_050 - Regression validation check - Scenario 50 [Priority: MEDIUM]
[2026-07-22T06:24:16.877Z] INFO: Finished Test Case: TC_REGR_050 - Status: PASSED (14ms)

[2026-07-22T06:24:16.877Z] INFO: Closing Chrome driver session...
[2026-07-22T06:24:16.880Z] INFO: Browser logs saved successfully to: /home/runner/work/pddtesting/pddtesting/automation/reports/Logs/browser-console.log
[2026-07-22T06:24:16.932Z] INFO: Session closed.
[2026-07-22T06:24:16.932Z] INFO: E2E suite execution finished. Total duration: 42.30s
[2026-07-22T06:24:16.932Z] INFO: Generating Excel automation reports...
[2026-07-22T06:24:17.153Z] INFO: Master Excel report written to: /home/runner/work/pddtesting/pddtesting/automation/reports/Excel/Automation_Test_Report.xlsx
[2026-07-22T06:24:17.268Z] INFO: Excel report generation completed successfully!
[2026-07-22T06:24:17.268Z] INFO: Generating HTML automation reports...
[2026-07-22T06:24:17.275Z] INFO: HTML Reports successfully written to: /home/runner/work/pddtesting/pddtesting/automation/reports/HTML
[2026-07-22T06:24:17.277Z] INFO: JSON report generated at: /home/runner/work/pddtesting/pddtesting/automation/reports/JSON/execution-results.json
[2026-07-22T06:24:17.277Z] INFO: Markdown step summary generated at: /home/runner/work/pddtesting/pddtesting/automation/reports/Summary/summary.md
[2026-07-22T06:24:17.277Z] INFO: Final Metrics -> Total: 470, Passed: 467, Pass Rate: 99.36%
[2026-07-22T06:24:17.278Z] INFO: Critical Tests -> Total: 95, Failed: 1, Critical Fail Rate: 1.05%
[2026-07-22T06:24:17.278Z] INFO: Execution Passed: All criteria (Pass Rate >= 95% and Critical Fail Rate <= 5%) met successfully!
