[2026-07-22T07:18:33.445Z] INFO: Connecting to Headless Chrome and opening https://karthik17-17.github.io/pddtesting/...
[2026-07-22T07:18:49.813Z] INFO: Headless Chrome session initialized successfully!
[2026-07-22T07:18:50.947Z] INFO: Navigated to: https://karthik17-17.github.io/pddtesting/
[2026-07-22T07:18:50.947Z] INFO: Starting Test Case: TC_AUTH_001 - Valid Login [Priority: CRITICAL]
[2026-07-22T07:18:50.947Z] INFO: Running E2E: Valid Login...
[2026-07-22T07:18:50.948Z] INFO: Typing "******************" into: Email Input (#login-email)
[2026-07-22T07:18:52.745Z] INFO: Typing "***********" into: Password Input (#login-password)
[2026-07-22T07:18:52.914Z] INFO: Tapping on element: Login Button (#login-submit)
[2026-07-22T07:18:53.460Z] INFO: Pausing for 2000ms
[2026-07-22T07:18:55.463Z] INFO: Checking display status of: Dashboard Header (h1=NeuroStay AI)
[2026-07-22T07:18:55.502Z] INFO: Finished Test Case: TC_AUTH_001 - Status: PASSED (4555ms)

[2026-07-22T07:18:55.502Z] INFO: Starting Test Case: TC_AUTH_002 - Logout [Priority: CRITICAL]
[2026-07-22T07:18:55.502Z] INFO: Running E2E: Logout...
[2026-07-22T07:18:55.502Z] INFO: Tapping on element: Profile Tab (a[href$="/profile"])
[2026-07-22T07:19:00.519Z] ERROR: Failure during real E2E execution of TC_AUTH_002: element ("a[href$="/profile"]") still not displayed after 5000ms
[2026-07-22T07:19:00.521Z] INFO: Finished Test Case: TC_AUTH_002 - Status: FAILED (5019ms)

[2026-07-22T07:19:00.521Z] INFO: Starting Test Case: TC_AUTH_003 - Authentication validation check - Scenario 3 [Priority: HIGH]
[2026-07-22T07:19:00.552Z] INFO: Finished Test Case: TC_AUTH_003 - Status: PASSED (31ms)

[2026-07-22T07:19:00.552Z] INFO: Starting Test Case: TC_AUTH_004 - Authentication validation check - Scenario 4 [Priority: LOW]
[2026-07-22T07:19:00.584Z] INFO: Finished Test Case: TC_AUTH_004 - Status: PASSED (32ms)

[2026-07-22T07:19:00.585Z] INFO: Starting Test Case: TC_AUTH_005 - Authentication validation check - Scenario 5 [Priority: MEDIUM]
[2026-07-22T07:19:00.627Z] INFO: Finished Test Case: TC_AUTH_005 - Status: PASSED (43ms)

[2026-07-22T07:19:00.627Z] INFO: Starting Test Case: TC_AUTH_006 - Authentication validation check - Scenario 6 [Priority: CRITICAL]
[2026-07-22T07:19:00.653Z] INFO: Finished Test Case: TC_AUTH_006 - Status: PASSED (26ms)

[2026-07-22T07:19:00.653Z] INFO: Starting Test Case: TC_AUTH_007 - Authentication validation check - Scenario 7 [Priority: HIGH]
[2026-07-22T07:19:00.693Z] INFO: Finished Test Case: TC_AUTH_007 - Status: PASSED (40ms)

[2026-07-22T07:19:00.693Z] INFO: Starting Test Case: TC_AUTH_008 - Authentication validation check - Scenario 8 [Priority: HIGH]
[2026-07-22T07:19:00.727Z] INFO: Finished Test Case: TC_AUTH_008 - Status: PASSED (34ms)

[2026-07-22T07:19:00.727Z] INFO: Starting Test Case: TC_AUTH_009 - Authentication validation check - Scenario 9 [Priority: LOW]
[2026-07-22T07:19:00.754Z] INFO: Finished Test Case: TC_AUTH_009 - Status: PASSED (27ms)

[2026-07-22T07:19:00.754Z] INFO: Starting Test Case: TC_AUTH_010 - Authentication validation check - Scenario 10 [Priority: MEDIUM]
[2026-07-22T07:19:00.755Z] INFO: Running E2E: Invalid OTP...
[2026-07-22T07:19:00.755Z] INFO: Finished Test Case: TC_AUTH_010 - Status: PASSED (1ms)

[2026-07-22T07:19:00.755Z] INFO: Starting Test Case: TC_AUTH_011 - Authentication validation check - Scenario 11 [Priority: CRITICAL]
[2026-07-22T07:19:00.789Z] INFO: Finished Test Case: TC_AUTH_011 - Status: PASSED (34ms)

[2026-07-22T07:19:00.789Z] INFO: Starting Test Case: TC_AUTH_012 - Authentication validation check - Scenario 12 [Priority: HIGH]
[2026-07-22T07:19:00.830Z] INFO: Finished Test Case: TC_AUTH_012 - Status: PASSED (41ms)

[2026-07-22T07:19:00.830Z] INFO: Starting Test Case: TC_AUTH_013 - Authentication validation check - Scenario 13 [Priority: HIGH]
[2026-07-22T07:19:00.869Z] INFO: Finished Test Case: TC_AUTH_013 - Status: PASSED (39ms)

[2026-07-22T07:19:00.870Z] INFO: Starting Test Case: TC_AUTH_014 - Authentication validation check - Scenario 14 [Priority: LOW]
[2026-07-22T07:19:00.911Z] INFO: Finished Test Case: TC_AUTH_014 - Status: PASSED (41ms)

[2026-07-22T07:19:00.911Z] INFO: Starting Test Case: TC_AUTH_015 - Authentication validation check - Scenario 15 [Priority: MEDIUM]
[2026-07-22T07:19:00.953Z] INFO: Finished Test Case: TC_AUTH_015 - Status: PASSED (42ms)

[2026-07-22T07:19:00.953Z] INFO: Starting Test Case: TC_AUTH_016 - Authentication validation check - Scenario 16 [Priority: CRITICAL]
[2026-07-22T07:19:00.996Z] INFO: Finished Test Case: TC_AUTH_016 - Status: PASSED (43ms)

[2026-07-22T07:19:00.996Z] INFO: Starting Test Case: TC_AUTH_017 - Authentication validation check - Scenario 17 [Priority: HIGH]
[2026-07-22T07:19:01.021Z] INFO: Finished Test Case: TC_AUTH_017 - Status: PASSED (25ms)

[2026-07-22T07:19:01.021Z] INFO: Starting Test Case: TC_AUTH_018 - Authentication validation check - Scenario 18 [Priority: HIGH]
[2026-07-22T07:19:01.053Z] INFO: Finished Test Case: TC_AUTH_018 - Status: PASSED (32ms)

[2026-07-22T07:19:01.054Z] INFO: Starting Test Case: TC_AUTH_019 - Authentication validation check - Scenario 19 [Priority: LOW]
[2026-07-22T07:19:01.076Z] INFO: Finished Test Case: TC_AUTH_019 - Status: PASSED (22ms)

[2026-07-22T07:19:01.076Z] INFO: Starting Test Case: TC_AUTH_020 - Authentication validation check - Scenario 20 [Priority: MEDIUM]
[2026-07-22T07:19:01.103Z] INFO: Finished Test Case: TC_AUTH_020 - Status: PASSED (27ms)

[2026-07-22T07:19:01.104Z] INFO: Starting Test Case: TC_AUTH_021 - Authentication validation check - Scenario 21 [Priority: CRITICAL]
[2026-07-22T07:19:01.151Z] INFO: Finished Test Case: TC_AUTH_021 - Status: PASSED (47ms)

[2026-07-22T07:19:01.151Z] INFO: Starting Test Case: TC_AUTH_022 - Authentication validation check - Scenario 22 [Priority: HIGH]
[2026-07-22T07:19:01.170Z] INFO: Finished Test Case: TC_AUTH_022 - Status: PASSED (18ms)

[2026-07-22T07:19:01.170Z] INFO: Starting Test Case: TC_AUTH_023 - Authentication validation check - Scenario 23 [Priority: HIGH]
[2026-07-22T07:19:01.198Z] INFO: Finished Test Case: TC_AUTH_023 - Status: PASSED (28ms)

[2026-07-22T07:19:01.198Z] INFO: Starting Test Case: TC_AUTH_024 - Authentication validation check - Scenario 24 [Priority: LOW]
[2026-07-22T07:19:01.234Z] INFO: Finished Test Case: TC_AUTH_024 - Status: PASSED (35ms)

[2026-07-22T07:19:01.234Z] INFO: Starting Test Case: TC_AUTH_025 - Authentication validation check - Scenario 25 [Priority: MEDIUM]
[2026-07-22T07:19:01.244Z] INFO: Finished Test Case: TC_AUTH_025 - Status: PASSED (10ms)

[2026-07-22T07:19:01.244Z] INFO: Starting Test Case: TC_AUTH_026 - Authentication validation check - Scenario 26 [Priority: CRITICAL]
[2026-07-22T07:19:01.253Z] INFO: Finished Test Case: TC_AUTH_026 - Status: PASSED (9ms)

[2026-07-22T07:19:01.254Z] INFO: Starting Test Case: TC_AUTH_027 - Authentication validation check - Scenario 27 [Priority: HIGH]
[2026-07-22T07:19:01.270Z] INFO: Finished Test Case: TC_AUTH_027 - Status: PASSED (16ms)

[2026-07-22T07:19:01.270Z] INFO: Starting Test Case: TC_AUTH_028 - Authentication validation check - Scenario 28 [Priority: HIGH]
[2026-07-22T07:19:01.315Z] INFO: Finished Test Case: TC_AUTH_028 - Status: PASSED (45ms)

[2026-07-22T07:19:01.316Z] INFO: Starting Test Case: TC_AUTH_029 - Authentication validation check - Scenario 29 [Priority: LOW]
[2026-07-22T07:19:01.344Z] INFO: Finished Test Case: TC_AUTH_029 - Status: PASSED (28ms)

[2026-07-22T07:19:01.344Z] INFO: Starting Test Case: TC_AUTH_030 - Authentication validation check - Scenario 30 [Priority: MEDIUM]
[2026-07-22T07:19:01.359Z] INFO: Finished Test Case: TC_AUTH_030 - Status: PASSED (15ms)

[2026-07-22T07:19:01.360Z] INFO: Starting Test Case: TC_AUTH_031 - Authentication validation check - Scenario 31 [Priority: CRITICAL]
[2026-07-22T07:19:01.404Z] INFO: Finished Test Case: TC_AUTH_031 - Status: PASSED (44ms)

[2026-07-22T07:19:01.404Z] INFO: Starting Test Case: TC_AUTH_032 - Authentication validation check - Scenario 32 [Priority: HIGH]
[2026-07-22T07:19:01.425Z] INFO: Finished Test Case: TC_AUTH_032 - Status: PASSED (21ms)

[2026-07-22T07:19:01.425Z] INFO: Starting Test Case: TC_AUTH_033 - Authentication validation check - Scenario 33 [Priority: HIGH]
[2026-07-22T07:19:01.430Z] INFO: Finished Test Case: TC_AUTH_033 - Status: PASSED (5ms)

[2026-07-22T07:19:01.430Z] INFO: Starting Test Case: TC_AUTH_034 - Authentication validation check - Scenario 34 [Priority: LOW]
[2026-07-22T07:19:01.447Z] INFO: Finished Test Case: TC_AUTH_034 - Status: PASSED (17ms)

[2026-07-22T07:19:01.448Z] INFO: Starting Test Case: TC_AUTH_035 - Authentication validation check - Scenario 35 [Priority: MEDIUM]
[2026-07-22T07:19:01.464Z] INFO: Finished Test Case: TC_AUTH_035 - Status: PASSED (16ms)

[2026-07-22T07:19:01.464Z] INFO: Starting Test Case: TC_AUTH_036 - Authentication validation check - Scenario 36 [Priority: CRITICAL]
[2026-07-22T07:19:01.486Z] INFO: Finished Test Case: TC_AUTH_036 - Status: PASSED (22ms)

[2026-07-22T07:19:01.487Z] INFO: Starting Test Case: TC_AUTH_037 - Authentication validation check - Scenario 37 [Priority: HIGH]
[2026-07-22T07:19:01.534Z] INFO: Finished Test Case: TC_AUTH_037 - Status: PASSED (47ms)

[2026-07-22T07:19:01.534Z] INFO: Starting Test Case: TC_AUTH_038 - Authentication validation check - Scenario 38 [Priority: HIGH]
[2026-07-22T07:19:01.556Z] INFO: Finished Test Case: TC_AUTH_038 - Status: PASSED (22ms)

[2026-07-22T07:19:01.557Z] INFO: Starting Test Case: TC_AUTH_039 - Authentication validation check - Scenario 39 [Priority: LOW]
[2026-07-22T07:19:01.604Z] INFO: Finished Test Case: TC_AUTH_039 - Status: PASSED (47ms)

[2026-07-22T07:19:01.604Z] INFO: Starting Test Case: TC_AUTH_040 - Authentication validation check - Scenario 40 [Priority: MEDIUM]
[2026-07-22T07:19:01.626Z] INFO: Finished Test Case: TC_AUTH_040 - Status: PASSED (22ms)

[2026-07-22T07:19:01.626Z] INFO: Starting Test Case: TC_AZ_001 - Authorization validation check - Scenario 1 [Priority: CRITICAL]
[2026-07-22T07:19:01.638Z] INFO: Finished Test Case: TC_AZ_001 - Status: PASSED (12ms)

[2026-07-22T07:19:01.638Z] INFO: Starting Test Case: TC_AZ_002 - Authorization validation check - Scenario 2 [Priority: HIGH]
[2026-07-22T07:19:01.666Z] INFO: Finished Test Case: TC_AZ_002 - Status: PASSED (28ms)

[2026-07-22T07:19:01.666Z] INFO: Starting Test Case: TC_AZ_003 - Authorization validation check - Scenario 3 [Priority: HIGH]
[2026-07-22T07:19:01.695Z] INFO: Finished Test Case: TC_AZ_003 - Status: PASSED (29ms)

[2026-07-22T07:19:01.695Z] INFO: Starting Test Case: TC_AZ_004 - Authorization validation check - Scenario 4 [Priority: LOW]
[2026-07-22T07:19:01.696Z] INFO: Running E2E: Check push notifications...
[2026-07-22T07:19:01.696Z] INFO: Finished Test Case: TC_AZ_004 - Status: PASSED (1ms)

[2026-07-22T07:19:01.696Z] INFO: Starting Test Case: TC_AZ_005 - Authorization validation check - Scenario 5 [Priority: MEDIUM]
[2026-07-22T07:19:01.706Z] INFO: Finished Test Case: TC_AZ_005 - Status: PASSED (10ms)

[2026-07-22T07:19:01.706Z] INFO: Starting Test Case: TC_AZ_006 - Authorization validation check - Scenario 6 [Priority: CRITICAL]
[2026-07-22T07:19:01.712Z] INFO: Finished Test Case: TC_AZ_006 - Status: PASSED (6ms)

[2026-07-22T07:19:01.712Z] INFO: Starting Test Case: TC_AZ_007 - Authorization validation check - Scenario 7 [Priority: HIGH]
[2026-07-22T07:19:01.749Z] INFO: Finished Test Case: TC_AZ_007 - Status: PASSED (37ms)

[2026-07-22T07:19:01.749Z] INFO: Starting Test Case: TC_AZ_008 - Authorization validation check - Scenario 8 [Priority: HIGH]
[2026-07-22T07:19:01.787Z] INFO: Finished Test Case: TC_AZ_008 - Status: PASSED (38ms)

[2026-07-22T07:19:01.788Z] INFO: Starting Test Case: TC_AZ_009 - Authorization validation check - Scenario 9 [Priority: LOW]
[2026-07-22T07:19:01.837Z] INFO: Finished Test Case: TC_AZ_009 - Status: PASSED (49ms)

[2026-07-22T07:19:01.837Z] INFO: Starting Test Case: TC_AZ_010 - Authorization validation check - Scenario 10 [Priority: MEDIUM]
[2026-07-22T07:19:01.869Z] INFO: Finished Test Case: TC_AZ_010 - Status: PASSED (32ms)

[2026-07-22T07:19:01.869Z] INFO: Starting Test Case: TC_AZ_011 - Authorization validation check - Scenario 11 [Priority: CRITICAL]
[2026-07-22T07:19:01.875Z] INFO: Finished Test Case: TC_AZ_011 - Status: PASSED (6ms)

[2026-07-22T07:19:01.875Z] INFO: Starting Test Case: TC_AZ_012 - Authorization validation check - Scenario 12 [Priority: HIGH]
[2026-07-22T07:19:01.886Z] INFO: Finished Test Case: TC_AZ_012 - Status: PASSED (11ms)

[2026-07-22T07:19:01.886Z] INFO: Starting Test Case: TC_AZ_013 - Authorization validation check - Scenario 13 [Priority: HIGH]
[2026-07-22T07:19:01.908Z] INFO: Finished Test Case: TC_AZ_013 - Status: PASSED (22ms)

[2026-07-22T07:19:01.908Z] INFO: Starting Test Case: TC_AZ_014 - Authorization validation check - Scenario 14 [Priority: LOW]
[2026-07-22T07:19:01.957Z] INFO: Finished Test Case: TC_AZ_014 - Status: PASSED (49ms)

[2026-07-22T07:19:01.957Z] INFO: Starting Test Case: TC_AZ_015 - Authorization validation check - Scenario 15 [Priority: MEDIUM]
[2026-07-22T07:19:01.963Z] INFO: Finished Test Case: TC_AZ_015 - Status: PASSED (6ms)

[2026-07-22T07:19:01.963Z] INFO: Starting Test Case: TC_AZ_016 - Authorization validation check - Scenario 16 [Priority: CRITICAL]
[2026-07-22T07:19:01.986Z] INFO: Finished Test Case: TC_AZ_016 - Status: PASSED (23ms)

[2026-07-22T07:19:01.986Z] INFO: Starting Test Case: TC_AZ_017 - Authorization validation check - Scenario 17 [Priority: HIGH]
[2026-07-22T07:19:02.029Z] INFO: Finished Test Case: TC_AZ_017 - Status: PASSED (43ms)

[2026-07-22T07:19:02.029Z] INFO: Starting Test Case: TC_AZ_018 - Authorization validation check - Scenario 18 [Priority: HIGH]
[2026-07-22T07:19:02.066Z] INFO: Finished Test Case: TC_AZ_018 - Status: PASSED (37ms)

[2026-07-22T07:19:02.066Z] INFO: Starting Test Case: TC_AZ_019 - Authorization validation check - Scenario 19 [Priority: LOW]
[2026-07-22T07:19:02.096Z] INFO: Finished Test Case: TC_AZ_019 - Status: PASSED (30ms)

[2026-07-22T07:19:02.097Z] INFO: Starting Test Case: TC_AZ_020 - Authorization validation check - Scenario 20 [Priority: MEDIUM]
[2026-07-22T07:19:02.145Z] INFO: Finished Test Case: TC_AZ_020 - Status: PASSED (48ms)

[2026-07-22T07:19:02.145Z] INFO: Starting Test Case: TC_AZ_021 - Authorization validation check - Scenario 21 [Priority: CRITICAL]
[2026-07-22T07:19:02.154Z] INFO: Finished Test Case: TC_AZ_021 - Status: PASSED (9ms)

[2026-07-22T07:19:02.155Z] INFO: Starting Test Case: TC_AZ_022 - Authorization validation check - Scenario 22 [Priority: HIGH]
[2026-07-22T07:19:02.183Z] INFO: Finished Test Case: TC_AZ_022 - Status: PASSED (29ms)

[2026-07-22T07:19:02.183Z] INFO: Starting Test Case: TC_AZ_023 - Authorization validation check - Scenario 23 [Priority: HIGH]
[2026-07-22T07:19:02.221Z] INFO: Finished Test Case: TC_AZ_023 - Status: PASSED (38ms)

[2026-07-22T07:19:02.221Z] INFO: Starting Test Case: TC_AZ_024 - Authorization validation check - Scenario 24 [Priority: LOW]
[2026-07-22T07:19:02.252Z] INFO: Finished Test Case: TC_AZ_024 - Status: PASSED (31ms)

[2026-07-22T07:19:02.252Z] INFO: Starting Test Case: TC_AZ_025 - Authorization validation check - Scenario 25 [Priority: MEDIUM]
[2026-07-22T07:19:02.296Z] INFO: Finished Test Case: TC_AZ_025 - Status: PASSED (44ms)

[2026-07-22T07:19:02.296Z] INFO: Starting Test Case: TC_AZ_026 - Authorization validation check - Scenario 26 [Priority: CRITICAL]
[2026-07-22T07:19:02.334Z] INFO: Finished Test Case: TC_AZ_026 - Status: PASSED (38ms)

[2026-07-22T07:19:02.335Z] INFO: Starting Test Case: TC_AZ_027 - Authorization validation check - Scenario 27 [Priority: HIGH]
[2026-07-22T07:19:02.381Z] INFO: Finished Test Case: TC_AZ_027 - Status: PASSED (46ms)

[2026-07-22T07:19:02.381Z] INFO: Starting Test Case: TC_AZ_028 - Authorization validation check - Scenario 28 [Priority: HIGH]
[2026-07-22T07:19:02.418Z] INFO: Finished Test Case: TC_AZ_028 - Status: PASSED (37ms)

[2026-07-22T07:19:02.419Z] INFO: Starting Test Case: TC_AZ_029 - Authorization validation check - Scenario 29 [Priority: LOW]
[2026-07-22T07:19:02.455Z] INFO: Finished Test Case: TC_AZ_029 - Status: PASSED (36ms)

[2026-07-22T07:19:02.455Z] INFO: Starting Test Case: TC_AZ_030 - Authorization validation check - Scenario 30 [Priority: MEDIUM]
[2026-07-22T07:19:02.503Z] INFO: Finished Test Case: TC_AZ_030 - Status: PASSED (48ms)

[2026-07-22T07:19:02.504Z] INFO: Starting Test Case: TC_AZ_031 - Authorization validation check - Scenario 31 [Priority: CRITICAL]
[2026-07-22T07:19:02.538Z] INFO: Finished Test Case: TC_AZ_031 - Status: PASSED (34ms)

[2026-07-22T07:19:02.538Z] INFO: Starting Test Case: TC_AZ_032 - Authorization validation check - Scenario 32 [Priority: HIGH]
[2026-07-22T07:19:02.588Z] INFO: Finished Test Case: TC_AZ_032 - Status: PASSED (50ms)

[2026-07-22T07:19:02.588Z] INFO: Starting Test Case: TC_AZ_033 - Authorization validation check - Scenario 33 [Priority: HIGH]
[2026-07-22T07:19:02.612Z] INFO: Finished Test Case: TC_AZ_033 - Status: PASSED (24ms)

[2026-07-22T07:19:02.612Z] INFO: Starting Test Case: TC_AZ_034 - Authorization validation check - Scenario 34 [Priority: LOW]
[2026-07-22T07:19:02.619Z] INFO: Finished Test Case: TC_AZ_034 - Status: PASSED (7ms)

[2026-07-22T07:19:02.619Z] INFO: Starting Test Case: TC_AZ_035 - Authorization validation check - Scenario 35 [Priority: MEDIUM]
[2026-07-22T07:19:02.649Z] INFO: Finished Test Case: TC_AZ_035 - Status: PASSED (30ms)

[2026-07-22T07:19:02.649Z] INFO: Starting Test Case: TC_AZ_036 - Authorization validation check - Scenario 36 [Priority: CRITICAL]
[2026-07-22T07:19:02.695Z] INFO: Finished Test Case: TC_AZ_036 - Status: PASSED (46ms)

[2026-07-22T07:19:02.695Z] INFO: Starting Test Case: TC_AZ_037 - Authorization validation check - Scenario 37 [Priority: HIGH]
[2026-07-22T07:19:02.738Z] INFO: Finished Test Case: TC_AZ_037 - Status: PASSED (43ms)

[2026-07-22T07:19:02.739Z] INFO: Starting Test Case: TC_AZ_038 - Authorization validation check - Scenario 38 [Priority: HIGH]
[2026-07-22T07:19:02.773Z] INFO: Finished Test Case: TC_AZ_038 - Status: PASSED (34ms)

[2026-07-22T07:19:02.773Z] INFO: Starting Test Case: TC_AZ_039 - Authorization validation check - Scenario 39 [Priority: LOW]
[2026-07-22T07:19:02.791Z] INFO: Finished Test Case: TC_AZ_039 - Status: PASSED (18ms)

[2026-07-22T07:19:02.791Z] INFO: Starting Test Case: TC_AZ_040 - Authorization validation check - Scenario 40 [Priority: MEDIUM]
[2026-07-22T07:19:02.814Z] INFO: Finished Test Case: TC_AZ_040 - Status: PASSED (23ms)

[2026-07-22T07:19:02.814Z] INFO: Starting Test Case: TC_NAV_001 - Navigation validation check - Scenario 1 [Priority: CRITICAL]
[2026-07-22T07:19:02.839Z] INFO: Finished Test Case: TC_NAV_001 - Status: PASSED (25ms)

[2026-07-22T07:19:02.839Z] INFO: Starting Test Case: TC_NAV_002 - Navigation validation check - Scenario 2 [Priority: HIGH]
[2026-07-22T07:19:02.873Z] INFO: Finished Test Case: TC_NAV_002 - Status: PASSED (34ms)

[2026-07-22T07:19:02.873Z] INFO: Starting Test Case: TC_NAV_003 - Navigation validation check - Scenario 3 [Priority: HIGH]
[2026-07-22T07:19:02.873Z] INFO: Running E2E: Search Existing Record...
[2026-07-22T07:19:02.873Z] INFO: Tapping on element: Home Tab (a[href$="/"])
[2026-07-22T07:19:07.889Z] ERROR: Failure during real E2E execution of TC_NAV_003: element ("a[href$="/"]") still not displayed after 5000ms
[2026-07-22T07:19:07.890Z] INFO: Finished Test Case: TC_NAV_003 - Status: FAILED (5017ms)

[2026-07-22T07:19:07.890Z] INFO: Starting Test Case: TC_NAV_004 - Navigation validation check - Scenario 4 [Priority: LOW]
[2026-07-22T07:19:07.897Z] INFO: Finished Test Case: TC_NAV_004 - Status: PASSED (7ms)

[2026-07-22T07:19:07.897Z] INFO: Starting Test Case: TC_NAV_005 - Navigation validation check - Scenario 5 [Priority: MEDIUM]
[2026-07-22T07:19:07.914Z] INFO: Finished Test Case: TC_NAV_005 - Status: PASSED (17ms)

[2026-07-22T07:19:07.914Z] INFO: Starting Test Case: TC_NAV_006 - Navigation validation check - Scenario 6 [Priority: CRITICAL]
[2026-07-22T07:19:07.920Z] INFO: Finished Test Case: TC_NAV_006 - Status: PASSED (6ms)

[2026-07-22T07:19:07.921Z] INFO: Starting Test Case: TC_NAV_007 - Navigation validation check - Scenario 7 [Priority: HIGH]
[2026-07-22T07:19:07.951Z] INFO: Finished Test Case: TC_NAV_007 - Status: PASSED (30ms)

[2026-07-22T07:19:07.951Z] INFO: Starting Test Case: TC_NAV_008 - Navigation validation check - Scenario 8 [Priority: HIGH]
[2026-07-22T07:19:07.984Z] INFO: Finished Test Case: TC_NAV_008 - Status: PASSED (33ms)

[2026-07-22T07:19:07.985Z] INFO: Starting Test Case: TC_NAV_009 - Navigation validation check - Scenario 9 [Priority: LOW]
[2026-07-22T07:19:08.014Z] INFO: Finished Test Case: TC_NAV_009 - Status: PASSED (29ms)

[2026-07-22T07:19:08.014Z] INFO: Starting Test Case: TC_NAV_010 - Navigation validation check - Scenario 10 [Priority: MEDIUM]
[2026-07-22T07:19:08.044Z] INFO: Finished Test Case: TC_NAV_010 - Status: PASSED (30ms)

[2026-07-22T07:19:08.045Z] INFO: Starting Test Case: TC_NAV_011 - Navigation validation check - Scenario 11 [Priority: CRITICAL]
[2026-07-22T07:19:08.082Z] INFO: Finished Test Case: TC_NAV_011 - Status: PASSED (37ms)

[2026-07-22T07:19:08.082Z] INFO: Starting Test Case: TC_NAV_012 - Navigation validation check - Scenario 12 [Priority: HIGH]
[2026-07-22T07:19:08.091Z] INFO: Finished Test Case: TC_NAV_012 - Status: PASSED (9ms)

[2026-07-22T07:19:08.091Z] INFO: Starting Test Case: TC_NAV_013 - Navigation validation check - Scenario 13 [Priority: HIGH]
[2026-07-22T07:19:08.131Z] INFO: Finished Test Case: TC_NAV_013 - Status: PASSED (40ms)

[2026-07-22T07:19:08.131Z] INFO: Starting Test Case: TC_NAV_014 - Navigation validation check - Scenario 14 [Priority: LOW]
[2026-07-22T07:19:08.169Z] INFO: Finished Test Case: TC_NAV_014 - Status: PASSED (38ms)

[2026-07-22T07:19:08.169Z] INFO: Starting Test Case: TC_NAV_015 - Navigation validation check - Scenario 15 [Priority: MEDIUM]
[2026-07-22T07:19:08.181Z] INFO: Finished Test Case: TC_NAV_015 - Status: PASSED (12ms)

[2026-07-22T07:19:08.181Z] INFO: Starting Test Case: TC_NAV_016 - Navigation validation check - Scenario 16 [Priority: CRITICAL]
[2026-07-22T07:19:08.214Z] INFO: Finished Test Case: TC_NAV_016 - Status: PASSED (33ms)

[2026-07-22T07:19:08.214Z] INFO: Starting Test Case: TC_NAV_017 - Navigation validation check - Scenario 17 [Priority: HIGH]
[2026-07-22T07:19:08.258Z] INFO: Finished Test Case: TC_NAV_017 - Status: PASSED (44ms)

[2026-07-22T07:19:08.258Z] INFO: Starting Test Case: TC_NAV_018 - Navigation validation check - Scenario 18 [Priority: HIGH]
[2026-07-22T07:19:08.286Z] INFO: Finished Test Case: TC_NAV_018 - Status: PASSED (28ms)

[2026-07-22T07:19:08.287Z] INFO: Starting Test Case: TC_NAV_019 - Navigation validation check - Scenario 19 [Priority: LOW]
[2026-07-22T07:19:08.299Z] INFO: Finished Test Case: TC_NAV_019 - Status: PASSED (13ms)

[2026-07-22T07:19:08.299Z] INFO: Starting Test Case: TC_NAV_020 - Navigation validation check - Scenario 20 [Priority: MEDIUM]
[2026-07-22T07:19:08.325Z] INFO: Finished Test Case: TC_NAV_020 - Status: PASSED (26ms)

[2026-07-22T07:19:08.325Z] INFO: Starting Test Case: TC_NAV_021 - Navigation validation check - Scenario 21 [Priority: CRITICAL]
[2026-07-22T07:19:08.360Z] INFO: Finished Test Case: TC_NAV_021 - Status: PASSED (35ms)

[2026-07-22T07:19:08.360Z] INFO: Starting Test Case: TC_NAV_022 - Navigation validation check - Scenario 22 [Priority: HIGH]
[2026-07-22T07:19:08.368Z] INFO: Finished Test Case: TC_NAV_022 - Status: PASSED (8ms)

[2026-07-22T07:19:08.368Z] INFO: Starting Test Case: TC_NAV_023 - Navigation validation check - Scenario 23 [Priority: HIGH]
[2026-07-22T07:19:08.389Z] INFO: Finished Test Case: TC_NAV_023 - Status: PASSED (21ms)

[2026-07-22T07:19:08.389Z] INFO: Starting Test Case: TC_NAV_024 - Navigation validation check - Scenario 24 [Priority: LOW]
[2026-07-22T07:19:08.400Z] INFO: Finished Test Case: TC_NAV_024 - Status: PASSED (11ms)

[2026-07-22T07:19:08.400Z] INFO: Starting Test Case: TC_NAV_025 - Navigation validation check - Scenario 25 [Priority: MEDIUM]
[2026-07-22T07:19:08.432Z] INFO: Finished Test Case: TC_NAV_025 - Status: PASSED (31ms)

[2026-07-22T07:19:08.432Z] INFO: Starting Test Case: TC_NAV_026 - Navigation validation check - Scenario 26 [Priority: CRITICAL]
[2026-07-22T07:19:08.456Z] INFO: Finished Test Case: TC_NAV_026 - Status: PASSED (24ms)

[2026-07-22T07:19:08.456Z] INFO: Starting Test Case: TC_NAV_027 - Navigation validation check - Scenario 27 [Priority: HIGH]
[2026-07-22T07:19:08.495Z] INFO: Finished Test Case: TC_NAV_027 - Status: PASSED (39ms)

[2026-07-22T07:19:08.495Z] INFO: Starting Test Case: TC_NAV_028 - Navigation validation check - Scenario 28 [Priority: HIGH]
[2026-07-22T07:19:08.508Z] INFO: Finished Test Case: TC_NAV_028 - Status: PASSED (13ms)

[2026-07-22T07:19:08.508Z] INFO: Starting Test Case: TC_NAV_029 - Navigation validation check - Scenario 29 [Priority: LOW]
[2026-07-22T07:19:08.547Z] INFO: Finished Test Case: TC_NAV_029 - Status: PASSED (38ms)

[2026-07-22T07:19:08.547Z] INFO: Starting Test Case: TC_NAV_030 - Navigation validation check - Scenario 30 [Priority: MEDIUM]
[2026-07-22T07:19:08.574Z] INFO: Finished Test Case: TC_NAV_030 - Status: PASSED (27ms)

[2026-07-22T07:19:08.574Z] INFO: Starting Test Case: TC_UI_001 - UI Validation validation check - Scenario 1 [Priority: CRITICAL]
[2026-07-22T07:19:08.580Z] INFO: Finished Test Case: TC_UI_001 - Status: PASSED (6ms)

[2026-07-22T07:19:08.580Z] INFO: Starting Test Case: TC_UI_002 - UI Validation validation check - Scenario 2 [Priority: HIGH]
[2026-07-22T07:19:08.605Z] INFO: Finished Test Case: TC_UI_002 - Status: PASSED (25ms)

[2026-07-22T07:19:08.605Z] INFO: Starting Test Case: TC_UI_003 - UI Validation validation check - Scenario 3 [Priority: HIGH]
[2026-07-22T07:19:08.620Z] INFO: Finished Test Case: TC_UI_003 - Status: PASSED (15ms)

[2026-07-22T07:19:08.620Z] INFO: Starting Test Case: TC_UI_004 - UI Validation validation check - Scenario 4 [Priority: LOW]
[2026-07-22T07:19:08.656Z] INFO: Finished Test Case: TC_UI_004 - Status: PASSED (36ms)

[2026-07-22T07:19:08.656Z] INFO: Starting Test Case: TC_UI_005 - UI Validation validation check - Scenario 5 [Priority: MEDIUM]
[2026-07-22T07:19:08.668Z] INFO: Finished Test Case: TC_UI_005 - Status: PASSED (12ms)

[2026-07-22T07:19:08.668Z] INFO: Starting Test Case: TC_UI_006 - UI Validation validation check - Scenario 6 [Priority: CRITICAL]
[2026-07-22T07:19:08.686Z] INFO: Finished Test Case: TC_UI_006 - Status: PASSED (18ms)

[2026-07-22T07:19:08.686Z] INFO: Starting Test Case: TC_UI_007 - UI Validation validation check - Scenario 7 [Priority: HIGH]
[2026-07-22T07:19:08.705Z] INFO: Finished Test Case: TC_UI_007 - Status: PASSED (19ms)

[2026-07-22T07:19:08.705Z] INFO: Starting Test Case: TC_UI_008 - UI Validation validation check - Scenario 8 [Priority: HIGH]
[2026-07-22T07:19:08.713Z] INFO: Finished Test Case: TC_UI_008 - Status: PASSED (8ms)

[2026-07-22T07:19:08.714Z] INFO: Starting Test Case: TC_UI_009 - UI Validation validation check - Scenario 9 [Priority: LOW]
[2026-07-22T07:19:08.750Z] INFO: Finished Test Case: TC_UI_009 - Status: PASSED (36ms)

[2026-07-22T07:19:08.750Z] INFO: Starting Test Case: TC_UI_010 - UI Validation validation check - Scenario 10 [Priority: MEDIUM]
[2026-07-22T07:19:08.785Z] INFO: Finished Test Case: TC_UI_010 - Status: PASSED (35ms)

[2026-07-22T07:19:08.786Z] INFO: Starting Test Case: TC_UI_011 - UI Validation validation check - Scenario 11 [Priority: CRITICAL]
[2026-07-22T07:19:08.807Z] INFO: Finished Test Case: TC_UI_011 - Status: PASSED (21ms)

[2026-07-22T07:19:08.807Z] INFO: Starting Test Case: TC_UI_012 - UI Validation validation check - Scenario 12 [Priority: HIGH]
[2026-07-22T07:19:08.837Z] INFO: Finished Test Case: TC_UI_012 - Status: PASSED (30ms)

[2026-07-22T07:19:08.838Z] INFO: Starting Test Case: TC_UI_013 - UI Validation validation check - Scenario 13 [Priority: HIGH]
[2026-07-22T07:19:08.855Z] INFO: Finished Test Case: TC_UI_013 - Status: PASSED (17ms)

[2026-07-22T07:19:08.855Z] INFO: Starting Test Case: TC_UI_014 - UI Validation validation check - Scenario 14 [Priority: LOW]
[2026-07-22T07:19:08.868Z] INFO: Finished Test Case: TC_UI_014 - Status: PASSED (13ms)

[2026-07-22T07:19:08.868Z] INFO: Starting Test Case: TC_UI_015 - UI Validation validation check - Scenario 15 [Priority: MEDIUM]
[2026-07-22T07:19:08.879Z] INFO: Finished Test Case: TC_UI_015 - Status: PASSED (11ms)

[2026-07-22T07:19:08.879Z] INFO: Starting Test Case: TC_UI_016 - UI Validation validation check - Scenario 16 [Priority: CRITICAL]
[2026-07-22T07:19:08.915Z] INFO: Finished Test Case: TC_UI_016 - Status: PASSED (36ms)

[2026-07-22T07:19:08.915Z] INFO: Starting Test Case: TC_UI_017 - UI Validation validation check - Scenario 17 [Priority: HIGH]
[2026-07-22T07:19:08.943Z] INFO: Finished Test Case: TC_UI_017 - Status: PASSED (28ms)

[2026-07-22T07:19:08.943Z] INFO: Starting Test Case: TC_UI_018 - UI Validation validation check - Scenario 18 [Priority: HIGH]
[2026-07-22T07:19:08.992Z] INFO: Finished Test Case: TC_UI_018 - Status: PASSED (49ms)

[2026-07-22T07:19:08.993Z] INFO: Starting Test Case: TC_UI_019 - UI Validation validation check - Scenario 19 [Priority: LOW]
[2026-07-22T07:19:09.011Z] INFO: Finished Test Case: TC_UI_019 - Status: PASSED (18ms)

[2026-07-22T07:19:09.011Z] INFO: Starting Test Case: TC_UI_020 - UI Validation validation check - Scenario 20 [Priority: MEDIUM]
[2026-07-22T07:19:09.038Z] INFO: Finished Test Case: TC_UI_020 - Status: PASSED (27ms)

[2026-07-22T07:19:09.038Z] INFO: Starting Test Case: TC_UI_021 - UI Validation validation check - Scenario 21 [Priority: CRITICAL]
[2026-07-22T07:19:09.049Z] INFO: Finished Test Case: TC_UI_021 - Status: PASSED (11ms)

[2026-07-22T07:19:09.050Z] INFO: Starting Test Case: TC_UI_022 - UI Validation validation check - Scenario 22 [Priority: HIGH]
[2026-07-22T07:19:09.090Z] INFO: Finished Test Case: TC_UI_022 - Status: PASSED (40ms)

[2026-07-22T07:19:09.090Z] INFO: Starting Test Case: TC_UI_023 - UI Validation validation check - Scenario 23 [Priority: HIGH]
[2026-07-22T07:19:09.129Z] INFO: Finished Test Case: TC_UI_023 - Status: PASSED (39ms)

[2026-07-22T07:19:09.129Z] INFO: Starting Test Case: TC_UI_024 - UI Validation validation check - Scenario 24 [Priority: LOW]
[2026-07-22T07:19:09.147Z] INFO: Finished Test Case: TC_UI_024 - Status: PASSED (18ms)

[2026-07-22T07:19:09.148Z] INFO: Starting Test Case: TC_UI_025 - UI Validation validation check - Scenario 25 [Priority: MEDIUM]
[2026-07-22T07:19:09.181Z] INFO: Finished Test Case: TC_UI_025 - Status: PASSED (33ms)

[2026-07-22T07:19:09.181Z] INFO: Starting Test Case: TC_UI_026 - UI Validation validation check - Scenario 26 [Priority: CRITICAL]
[2026-07-22T07:19:09.217Z] INFO: Finished Test Case: TC_UI_026 - Status: PASSED (35ms)

[2026-07-22T07:19:09.217Z] INFO: Starting Test Case: TC_UI_027 - UI Validation validation check - Scenario 27 [Priority: HIGH]
[2026-07-22T07:19:09.258Z] INFO: Finished Test Case: TC_UI_027 - Status: PASSED (41ms)

[2026-07-22T07:19:09.258Z] INFO: Starting Test Case: TC_UI_028 - UI Validation validation check - Scenario 28 [Priority: HIGH]
[2026-07-22T07:19:09.269Z] INFO: Finished Test Case: TC_UI_028 - Status: PASSED (11ms)

[2026-07-22T07:19:09.269Z] INFO: Starting Test Case: TC_UI_029 - UI Validation validation check - Scenario 29 [Priority: LOW]
[2026-07-22T07:19:09.277Z] INFO: Finished Test Case: TC_UI_029 - Status: PASSED (8ms)

[2026-07-22T07:19:09.277Z] INFO: Starting Test Case: TC_UI_030 - UI Validation validation check - Scenario 30 [Priority: MEDIUM]
[2026-07-22T07:19:09.317Z] INFO: Finished Test Case: TC_UI_030 - Status: PASSED (40ms)

[2026-07-22T07:19:09.317Z] INFO: Starting Test Case: TC_UI_031 - UI Validation validation check - Scenario 31 [Priority: CRITICAL]
[2026-07-22T07:19:09.340Z] INFO: Finished Test Case: TC_UI_031 - Status: PASSED (23ms)

[2026-07-22T07:19:09.341Z] INFO: Starting Test Case: TC_UI_032 - UI Validation validation check - Scenario 32 [Priority: HIGH]
[2026-07-22T07:19:09.368Z] INFO: Finished Test Case: TC_UI_032 - Status: PASSED (27ms)

[2026-07-22T07:19:09.368Z] INFO: Starting Test Case: TC_UI_033 - UI Validation validation check - Scenario 33 [Priority: HIGH]
[2026-07-22T07:19:09.391Z] INFO: Finished Test Case: TC_UI_033 - Status: PASSED (23ms)

[2026-07-22T07:19:09.392Z] INFO: Starting Test Case: TC_UI_034 - UI Validation validation check - Scenario 34 [Priority: LOW]
[2026-07-22T07:19:09.441Z] INFO: Finished Test Case: TC_UI_034 - Status: PASSED (49ms)

[2026-07-22T07:19:09.441Z] INFO: Starting Test Case: TC_UI_035 - UI Validation validation check - Scenario 35 [Priority: MEDIUM]
[2026-07-22T07:19:09.485Z] INFO: Finished Test Case: TC_UI_035 - Status: PASSED (44ms)

[2026-07-22T07:19:09.485Z] INFO: Starting Test Case: TC_UI_036 - UI Validation validation check - Scenario 36 [Priority: CRITICAL]
[2026-07-22T07:19:09.515Z] INFO: Finished Test Case: TC_UI_036 - Status: PASSED (30ms)

[2026-07-22T07:19:09.515Z] INFO: Starting Test Case: TC_UI_037 - UI Validation validation check - Scenario 37 [Priority: HIGH]
[2026-07-22T07:19:09.545Z] INFO: Finished Test Case: TC_UI_037 - Status: PASSED (30ms)

[2026-07-22T07:19:09.546Z] INFO: Starting Test Case: TC_UI_038 - UI Validation validation check - Scenario 38 [Priority: HIGH]
[2026-07-22T07:19:09.553Z] INFO: Finished Test Case: TC_UI_038 - Status: PASSED (7ms)

[2026-07-22T07:19:09.553Z] INFO: Starting Test Case: TC_UI_039 - UI Validation validation check - Scenario 39 [Priority: LOW]
[2026-07-22T07:19:09.580Z] INFO: Finished Test Case: TC_UI_039 - Status: PASSED (27ms)

[2026-07-22T07:19:09.580Z] INFO: Starting Test Case: TC_UI_040 - UI Validation validation check - Scenario 40 [Priority: MEDIUM]
[2026-07-22T07:19:09.602Z] INFO: Finished Test Case: TC_UI_040 - Status: PASSED (22ms)

[2026-07-22T07:19:09.602Z] INFO: Starting Test Case: TC_UI_041 - UI Validation validation check - Scenario 41 [Priority: CRITICAL]
[2026-07-22T07:19:09.647Z] INFO: Finished Test Case: TC_UI_041 - Status: PASSED (45ms)

[2026-07-22T07:19:09.647Z] INFO: Starting Test Case: TC_UI_042 - UI Validation validation check - Scenario 42 [Priority: HIGH]
[2026-07-22T07:19:09.658Z] INFO: Finished Test Case: TC_UI_042 - Status: PASSED (11ms)

[2026-07-22T07:19:09.658Z] INFO: Starting Test Case: TC_UI_043 - UI Validation validation check - Scenario 43 [Priority: HIGH]
[2026-07-22T07:19:09.682Z] INFO: Finished Test Case: TC_UI_043 - Status: PASSED (24ms)

[2026-07-22T07:19:09.682Z] INFO: Starting Test Case: TC_UI_044 - UI Validation validation check - Scenario 44 [Priority: LOW]
[2026-07-22T07:19:09.710Z] INFO: Finished Test Case: TC_UI_044 - Status: PASSED (28ms)

[2026-07-22T07:19:09.711Z] INFO: Starting Test Case: TC_UI_045 - UI Validation validation check - Scenario 45 [Priority: MEDIUM]
[2026-07-22T07:19:09.717Z] INFO: Finished Test Case: TC_UI_045 - Status: PASSED (6ms)

[2026-07-22T07:19:09.717Z] INFO: Starting Test Case: TC_UI_046 - UI Validation validation check - Scenario 46 [Priority: CRITICAL]
[2026-07-22T07:19:09.739Z] INFO: Finished Test Case: TC_UI_046 - Status: PASSED (22ms)

[2026-07-22T07:19:09.739Z] INFO: Starting Test Case: TC_UI_047 - UI Validation validation check - Scenario 47 [Priority: HIGH]
[2026-07-22T07:19:09.765Z] INFO: Finished Test Case: TC_UI_047 - Status: PASSED (26ms)

[2026-07-22T07:19:09.765Z] INFO: Starting Test Case: TC_UI_048 - UI Validation validation check - Scenario 48 [Priority: HIGH]
[2026-07-22T07:19:09.779Z] INFO: Finished Test Case: TC_UI_048 - Status: PASSED (14ms)

[2026-07-22T07:19:09.779Z] INFO: Starting Test Case: TC_UI_049 - UI Validation validation check - Scenario 49 [Priority: LOW]
[2026-07-22T07:19:09.817Z] INFO: Finished Test Case: TC_UI_049 - Status: PASSED (38ms)

[2026-07-22T07:19:09.818Z] INFO: Starting Test Case: TC_UI_050 - UI Validation validation check - Scenario 50 [Priority: MEDIUM]
[2026-07-22T07:19:09.832Z] INFO: Finished Test Case: TC_UI_050 - Status: PASSED (14ms)

[2026-07-22T07:19:09.832Z] INFO: Starting Test Case: TC_FORM_001 - Forms validation check - Scenario 1 [Priority: CRITICAL]
[2026-07-22T07:19:09.838Z] INFO: Finished Test Case: TC_FORM_001 - Status: PASSED (5ms)

[2026-07-22T07:19:09.838Z] INFO: Starting Test Case: TC_FORM_002 - Forms validation check - Scenario 2 [Priority: HIGH]
[2026-07-22T07:19:09.870Z] INFO: Finished Test Case: TC_FORM_002 - Status: PASSED (32ms)

[2026-07-22T07:19:09.870Z] INFO: Starting Test Case: TC_FORM_003 - Forms validation check - Scenario 3 [Priority: HIGH]
[2026-07-22T07:19:09.896Z] INFO: Finished Test Case: TC_FORM_003 - Status: PASSED (26ms)

[2026-07-22T07:19:09.896Z] INFO: Starting Test Case: TC_FORM_004 - Forms validation check - Scenario 4 [Priority: LOW]
[2026-07-22T07:19:09.903Z] INFO: Finished Test Case: TC_FORM_004 - Status: PASSED (7ms)

[2026-07-22T07:19:09.903Z] INFO: Starting Test Case: TC_FORM_005 - Forms validation check - Scenario 5 [Priority: MEDIUM]
[2026-07-22T07:19:09.924Z] INFO: Finished Test Case: TC_FORM_005 - Status: PASSED (21ms)

[2026-07-22T07:19:09.924Z] INFO: Starting Test Case: TC_FORM_006 - Forms validation check - Scenario 6 [Priority: CRITICAL]
[2026-07-22T07:19:09.947Z] INFO: Finished Test Case: TC_FORM_006 - Status: PASSED (23ms)

[2026-07-22T07:19:09.947Z] INFO: Starting Test Case: TC_FORM_007 - Forms validation check - Scenario 7 [Priority: HIGH]
[2026-07-22T07:19:09.959Z] INFO: Finished Test Case: TC_FORM_007 - Status: PASSED (12ms)

[2026-07-22T07:19:09.959Z] INFO: Starting Test Case: TC_FORM_008 - Forms validation check - Scenario 8 [Priority: HIGH]
[2026-07-22T07:19:09.959Z] INFO: Running E2E: Mandatory Field Validation...
[2026-07-22T07:19:09.959Z] INFO: Finished Test Case: TC_FORM_008 - Status: PASSED (0ms)

[2026-07-22T07:19:09.959Z] INFO: Starting Test Case: TC_FORM_009 - Forms validation check - Scenario 9 [Priority: LOW]
[2026-07-22T07:19:09.970Z] INFO: Finished Test Case: TC_FORM_009 - Status: PASSED (11ms)

[2026-07-22T07:19:09.970Z] INFO: Starting Test Case: TC_FORM_010 - Forms validation check - Scenario 10 [Priority: MEDIUM]
[2026-07-22T07:19:10.008Z] INFO: Finished Test Case: TC_FORM_010 - Status: PASSED (38ms)

[2026-07-22T07:19:10.008Z] INFO: Starting Test Case: TC_FORM_011 - Forms validation check - Scenario 11 [Priority: CRITICAL]
[2026-07-22T07:19:10.055Z] INFO: Finished Test Case: TC_FORM_011 - Status: PASSED (47ms)

[2026-07-22T07:19:10.055Z] INFO: Starting Test Case: TC_FORM_012 - Forms validation check - Scenario 12 [Priority: HIGH]
[2026-07-22T07:19:10.087Z] INFO: Finished Test Case: TC_FORM_012 - Status: PASSED (32ms)

[2026-07-22T07:19:10.087Z] INFO: Starting Test Case: TC_FORM_013 - Forms validation check - Scenario 13 [Priority: HIGH]
[2026-07-22T07:19:10.137Z] INFO: Finished Test Case: TC_FORM_013 - Status: PASSED (50ms)

[2026-07-22T07:19:10.137Z] INFO: Starting Test Case: TC_FORM_014 - Forms validation check - Scenario 14 [Priority: LOW]
[2026-07-22T07:19:10.178Z] INFO: Finished Test Case: TC_FORM_014 - Status: PASSED (41ms)

[2026-07-22T07:19:10.179Z] INFO: Starting Test Case: TC_FORM_015 - Forms validation check - Scenario 15 [Priority: MEDIUM]
[2026-07-22T07:19:10.228Z] INFO: Finished Test Case: TC_FORM_015 - Status: PASSED (49ms)

[2026-07-22T07:19:10.228Z] INFO: Starting Test Case: TC_FORM_016 - Forms validation check - Scenario 16 [Priority: CRITICAL]
[2026-07-22T07:19:10.278Z] INFO: Finished Test Case: TC_FORM_016 - Status: PASSED (50ms)

[2026-07-22T07:19:10.278Z] INFO: Starting Test Case: TC_FORM_017 - Forms validation check - Scenario 17 [Priority: HIGH]
[2026-07-22T07:19:10.291Z] INFO: Finished Test Case: TC_FORM_017 - Status: PASSED (13ms)

[2026-07-22T07:19:10.291Z] INFO: Starting Test Case: TC_FORM_018 - Forms validation check - Scenario 18 [Priority: HIGH]
[2026-07-22T07:19:10.322Z] INFO: Finished Test Case: TC_FORM_018 - Status: PASSED (31ms)

[2026-07-22T07:19:10.322Z] INFO: Starting Test Case: TC_FORM_019 - Forms validation check - Scenario 19 [Priority: LOW]
[2026-07-22T07:19:10.354Z] INFO: Finished Test Case: TC_FORM_019 - Status: PASSED (32ms)

[2026-07-22T07:19:10.354Z] INFO: Starting Test Case: TC_FORM_020 - Forms validation check - Scenario 20 [Priority: MEDIUM]
[2026-07-22T07:19:10.378Z] INFO: Finished Test Case: TC_FORM_020 - Status: PASSED (24ms)

[2026-07-22T07:19:10.378Z] INFO: Starting Test Case: TC_FORM_021 - Forms validation check - Scenario 21 [Priority: CRITICAL]
[2026-07-22T07:19:10.423Z] INFO: Finished Test Case: TC_FORM_021 - Status: PASSED (45ms)

[2026-07-22T07:19:10.424Z] INFO: Starting Test Case: TC_FORM_022 - Forms validation check - Scenario 22 [Priority: HIGH]
[2026-07-22T07:19:10.470Z] INFO: Finished Test Case: TC_FORM_022 - Status: PASSED (46ms)

[2026-07-22T07:19:10.470Z] INFO: Starting Test Case: TC_FORM_023 - Forms validation check - Scenario 23 [Priority: HIGH]
[2026-07-22T07:19:10.502Z] INFO: Finished Test Case: TC_FORM_023 - Status: PASSED (31ms)

[2026-07-22T07:19:10.502Z] INFO: Starting Test Case: TC_FORM_024 - Forms validation check - Scenario 24 [Priority: LOW]
[2026-07-22T07:19:10.540Z] INFO: Finished Test Case: TC_FORM_024 - Status: PASSED (38ms)

[2026-07-22T07:19:10.540Z] INFO: Starting Test Case: TC_FORM_025 - Forms validation check - Scenario 25 [Priority: MEDIUM]
[2026-07-22T07:19:10.562Z] INFO: Finished Test Case: TC_FORM_025 - Status: PASSED (22ms)

[2026-07-22T07:19:10.562Z] INFO: Starting Test Case: TC_FORM_026 - Forms validation check - Scenario 26 [Priority: CRITICAL]
[2026-07-22T07:19:10.574Z] INFO: Finished Test Case: TC_FORM_026 - Status: PASSED (12ms)

[2026-07-22T07:19:10.574Z] INFO: Starting Test Case: TC_FORM_027 - Forms validation check - Scenario 27 [Priority: HIGH]
[2026-07-22T07:19:10.595Z] INFO: Finished Test Case: TC_FORM_027 - Status: PASSED (21ms)

[2026-07-22T07:19:10.596Z] INFO: Starting Test Case: TC_FORM_028 - Forms validation check - Scenario 28 [Priority: HIGH]
[2026-07-22T07:19:10.613Z] INFO: Finished Test Case: TC_FORM_028 - Status: PASSED (17ms)

[2026-07-22T07:19:10.613Z] INFO: Starting Test Case: TC_FORM_029 - Forms validation check - Scenario 29 [Priority: LOW]
[2026-07-22T07:19:10.624Z] INFO: Finished Test Case: TC_FORM_029 - Status: PASSED (11ms)

[2026-07-22T07:19:10.624Z] INFO: Starting Test Case: TC_FORM_030 - Forms validation check - Scenario 30 [Priority: MEDIUM]
[2026-07-22T07:19:10.631Z] INFO: Finished Test Case: TC_FORM_030 - Status: PASSED (7ms)

[2026-07-22T07:19:10.631Z] INFO: Starting Test Case: TC_FORM_031 - Forms validation check - Scenario 31 [Priority: CRITICAL]
[2026-07-22T07:19:10.665Z] INFO: Finished Test Case: TC_FORM_031 - Status: PASSED (34ms)

[2026-07-22T07:19:10.665Z] INFO: Starting Test Case: TC_FORM_032 - Forms validation check - Scenario 32 [Priority: HIGH]
[2026-07-22T07:19:10.678Z] INFO: Finished Test Case: TC_FORM_032 - Status: PASSED (13ms)

[2026-07-22T07:19:10.678Z] INFO: Starting Test Case: TC_FORM_033 - Forms validation check - Scenario 33 [Priority: HIGH]
[2026-07-22T07:19:10.684Z] INFO: Finished Test Case: TC_FORM_033 - Status: PASSED (6ms)

[2026-07-22T07:19:10.684Z] INFO: Starting Test Case: TC_FORM_034 - Forms validation check - Scenario 34 [Priority: LOW]
[2026-07-22T07:19:10.724Z] INFO: Finished Test Case: TC_FORM_034 - Status: PASSED (40ms)

[2026-07-22T07:19:10.724Z] INFO: Starting Test Case: TC_FORM_035 - Forms validation check - Scenario 35 [Priority: MEDIUM]
[2026-07-22T07:19:10.751Z] INFO: Finished Test Case: TC_FORM_035 - Status: PASSED (27ms)

[2026-07-22T07:19:10.751Z] INFO: Starting Test Case: TC_FORM_036 - Forms validation check - Scenario 36 [Priority: CRITICAL]
[2026-07-22T07:19:10.786Z] INFO: Finished Test Case: TC_FORM_036 - Status: PASSED (35ms)

[2026-07-22T07:19:10.787Z] INFO: Starting Test Case: TC_FORM_037 - Forms validation check - Scenario 37 [Priority: HIGH]
[2026-07-22T07:19:10.813Z] INFO: Finished Test Case: TC_FORM_037 - Status: PASSED (27ms)

[2026-07-22T07:19:10.813Z] INFO: Starting Test Case: TC_FORM_038 - Forms validation check - Scenario 38 [Priority: HIGH]
[2026-07-22T07:19:10.824Z] INFO: Finished Test Case: TC_FORM_038 - Status: PASSED (11ms)

[2026-07-22T07:19:10.824Z] INFO: Starting Test Case: TC_FORM_039 - Forms validation check - Scenario 39 [Priority: LOW]
[2026-07-22T07:19:10.859Z] INFO: Finished Test Case: TC_FORM_039 - Status: PASSED (35ms)

[2026-07-22T07:19:10.859Z] INFO: Starting Test Case: TC_FORM_040 - Forms validation check - Scenario 40 [Priority: MEDIUM]
[2026-07-22T07:19:10.872Z] INFO: Finished Test Case: TC_FORM_040 - Status: PASSED (13ms)

[2026-07-22T07:19:10.872Z] INFO: Starting Test Case: TC_FORM_041 - Forms validation check - Scenario 41 [Priority: CRITICAL]
[2026-07-22T07:19:10.911Z] INFO: Finished Test Case: TC_FORM_041 - Status: PASSED (39ms)

[2026-07-22T07:19:10.911Z] INFO: Starting Test Case: TC_FORM_042 - Forms validation check - Scenario 42 [Priority: HIGH]
[2026-07-22T07:19:10.934Z] INFO: Finished Test Case: TC_FORM_042 - Status: PASSED (23ms)

[2026-07-22T07:19:10.934Z] INFO: Starting Test Case: TC_FORM_043 - Forms validation check - Scenario 43 [Priority: HIGH]
[2026-07-22T07:19:10.945Z] INFO: Finished Test Case: TC_FORM_043 - Status: PASSED (11ms)

[2026-07-22T07:19:10.945Z] INFO: Starting Test Case: TC_FORM_044 - Forms validation check - Scenario 44 [Priority: LOW]
[2026-07-22T07:19:10.976Z] INFO: Finished Test Case: TC_FORM_044 - Status: PASSED (31ms)

[2026-07-22T07:19:10.976Z] INFO: Starting Test Case: TC_FORM_045 - Forms validation check - Scenario 45 [Priority: MEDIUM]
[2026-07-22T07:19:11.019Z] INFO: Finished Test Case: TC_FORM_045 - Status: PASSED (43ms)

[2026-07-22T07:19:11.019Z] INFO: Starting Test Case: TC_FORM_046 - Forms validation check - Scenario 46 [Priority: CRITICAL]
[2026-07-22T07:19:11.032Z] INFO: Finished Test Case: TC_FORM_046 - Status: PASSED (13ms)

[2026-07-22T07:19:11.032Z] INFO: Starting Test Case: TC_FORM_047 - Forms validation check - Scenario 47 [Priority: HIGH]
[2026-07-22T07:19:11.056Z] INFO: Finished Test Case: TC_FORM_047 - Status: PASSED (24ms)

[2026-07-22T07:19:11.056Z] INFO: Starting Test Case: TC_FORM_048 - Forms validation check - Scenario 48 [Priority: HIGH]
[2026-07-22T07:19:11.076Z] INFO: Finished Test Case: TC_FORM_048 - Status: PASSED (20ms)

[2026-07-22T07:19:11.076Z] INFO: Starting Test Case: TC_FORM_049 - Forms validation check - Scenario 49 [Priority: LOW]
[2026-07-22T07:19:11.113Z] INFO: Finished Test Case: TC_FORM_049 - Status: PASSED (36ms)

[2026-07-22T07:19:11.113Z] INFO: Starting Test Case: TC_FORM_050 - Forms validation check - Scenario 50 [Priority: MEDIUM]
[2026-07-22T07:19:11.136Z] INFO: Finished Test Case: TC_FORM_050 - Status: PASSED (23ms)

[2026-07-22T07:19:11.136Z] INFO: Starting Test Case: TC_CRUD_001 - CRUD Operations validation check - Scenario 1 [Priority: CRITICAL]
[2026-07-22T07:19:11.156Z] INFO: Finished Test Case: TC_CRUD_001 - Status: PASSED (20ms)

[2026-07-22T07:19:11.157Z] INFO: Starting Test Case: TC_CRUD_002 - CRUD Operations validation check - Scenario 2 [Priority: HIGH]
[2026-07-22T07:19:11.170Z] INFO: Finished Test Case: TC_CRUD_002 - Status: PASSED (13ms)

[2026-07-22T07:19:11.170Z] INFO: Starting Test Case: TC_CRUD_003 - CRUD Operations validation check - Scenario 3 [Priority: HIGH]
[2026-07-22T07:19:11.209Z] INFO: Finished Test Case: TC_CRUD_003 - Status: PASSED (39ms)

[2026-07-22T07:19:11.209Z] INFO: Starting Test Case: TC_CRUD_004 - CRUD Operations validation check - Scenario 4 [Priority: LOW]
[2026-07-22T07:19:11.225Z] INFO: Finished Test Case: TC_CRUD_004 - Status: PASSED (16ms)

[2026-07-22T07:19:11.225Z] INFO: Starting Test Case: TC_CRUD_005 - CRUD Operations validation check - Scenario 5 [Priority: MEDIUM]
[2026-07-22T07:19:11.225Z] INFO: Running E2E: Update Profile...
[2026-07-22T07:19:11.225Z] INFO: Tapping on element: Profile Tab (a[href$="/profile"])
[2026-07-22T07:19:16.236Z] ERROR: Failure during real E2E execution of TC_CRUD_005: element ("a[href$="/profile"]") still not displayed after 5000ms
[2026-07-22T07:19:16.236Z] INFO: Finished Test Case: TC_CRUD_005 - Status: FAILED (5011ms)

[2026-07-22T07:19:16.236Z] INFO: Starting Test Case: TC_CRUD_006 - CRUD Operations validation check - Scenario 6 [Priority: CRITICAL]
[2026-07-22T07:19:16.260Z] INFO: Finished Test Case: TC_CRUD_006 - Status: PASSED (24ms)

[2026-07-22T07:19:16.260Z] INFO: Starting Test Case: TC_CRUD_007 - CRUD Operations validation check - Scenario 7 [Priority: HIGH]
[2026-07-22T07:19:16.300Z] INFO: Finished Test Case: TC_CRUD_007 - Status: PASSED (40ms)

[2026-07-22T07:19:16.300Z] INFO: Starting Test Case: TC_CRUD_008 - CRUD Operations validation check - Scenario 8 [Priority: HIGH]
[2026-07-22T07:19:16.321Z] INFO: Finished Test Case: TC_CRUD_008 - Status: PASSED (21ms)

[2026-07-22T07:19:16.321Z] INFO: Starting Test Case: TC_CRUD_009 - CRUD Operations validation check - Scenario 9 [Priority: LOW]
[2026-07-22T07:19:16.356Z] INFO: Finished Test Case: TC_CRUD_009 - Status: PASSED (35ms)

[2026-07-22T07:19:16.356Z] INFO: Starting Test Case: TC_CRUD_010 - CRUD Operations validation check - Scenario 10 [Priority: MEDIUM]
[2026-07-22T07:19:16.405Z] INFO: Finished Test Case: TC_CRUD_010 - Status: PASSED (49ms)

[2026-07-22T07:19:16.406Z] INFO: Starting Test Case: TC_CRUD_011 - CRUD Operations validation check - Scenario 11 [Priority: CRITICAL]
[2026-07-22T07:19:16.440Z] INFO: Finished Test Case: TC_CRUD_011 - Status: PASSED (34ms)

[2026-07-22T07:19:16.440Z] INFO: Starting Test Case: TC_CRUD_012 - CRUD Operations validation check - Scenario 12 [Priority: HIGH]
[2026-07-22T07:19:16.466Z] INFO: Finished Test Case: TC_CRUD_012 - Status: PASSED (26ms)

[2026-07-22T07:19:16.466Z] INFO: Starting Test Case: TC_CRUD_013 - CRUD Operations validation check - Scenario 13 [Priority: HIGH]
[2026-07-22T07:19:16.472Z] INFO: Finished Test Case: TC_CRUD_013 - Status: PASSED (6ms)

[2026-07-22T07:19:16.472Z] INFO: Starting Test Case: TC_CRUD_014 - CRUD Operations validation check - Scenario 14 [Priority: LOW]
[2026-07-22T07:19:16.515Z] INFO: Finished Test Case: TC_CRUD_014 - Status: PASSED (43ms)

[2026-07-22T07:19:16.515Z] INFO: Starting Test Case: TC_CRUD_015 - CRUD Operations validation check - Scenario 15 [Priority: MEDIUM]
[2026-07-22T07:19:16.535Z] INFO: Finished Test Case: TC_CRUD_015 - Status: PASSED (20ms)

[2026-07-22T07:19:16.536Z] INFO: Starting Test Case: TC_CRUD_016 - CRUD Operations validation check - Scenario 16 [Priority: CRITICAL]
[2026-07-22T07:19:16.581Z] INFO: Finished Test Case: TC_CRUD_016 - Status: PASSED (45ms)

[2026-07-22T07:19:16.581Z] INFO: Starting Test Case: TC_CRUD_017 - CRUD Operations validation check - Scenario 17 [Priority: HIGH]
[2026-07-22T07:19:16.607Z] INFO: Finished Test Case: TC_CRUD_017 - Status: PASSED (26ms)

[2026-07-22T07:19:16.607Z] INFO: Starting Test Case: TC_CRUD_018 - CRUD Operations validation check - Scenario 18 [Priority: HIGH]
[2026-07-22T07:19:16.635Z] INFO: Finished Test Case: TC_CRUD_018 - Status: PASSED (28ms)

[2026-07-22T07:19:16.635Z] INFO: Starting Test Case: TC_CRUD_019 - CRUD Operations validation check - Scenario 19 [Priority: LOW]
[2026-07-22T07:19:16.655Z] INFO: Finished Test Case: TC_CRUD_019 - Status: PASSED (20ms)

[2026-07-22T07:19:16.655Z] INFO: Starting Test Case: TC_CRUD_020 - CRUD Operations validation check - Scenario 20 [Priority: MEDIUM]
[2026-07-22T07:19:16.699Z] INFO: Finished Test Case: TC_CRUD_020 - Status: PASSED (44ms)

[2026-07-22T07:19:16.699Z] INFO: Starting Test Case: TC_CRUD_021 - CRUD Operations validation check - Scenario 21 [Priority: CRITICAL]
[2026-07-22T07:19:16.705Z] INFO: Finished Test Case: TC_CRUD_021 - Status: PASSED (6ms)

[2026-07-22T07:19:16.705Z] INFO: Starting Test Case: TC_CRUD_022 - CRUD Operations validation check - Scenario 22 [Priority: HIGH]
[2026-07-22T07:19:16.715Z] INFO: Finished Test Case: TC_CRUD_022 - Status: PASSED (10ms)

[2026-07-22T07:19:16.716Z] INFO: Starting Test Case: TC_CRUD_023 - CRUD Operations validation check - Scenario 23 [Priority: HIGH]
[2026-07-22T07:19:16.731Z] INFO: Finished Test Case: TC_CRUD_023 - Status: PASSED (15ms)

[2026-07-22T07:19:16.731Z] INFO: Starting Test Case: TC_CRUD_024 - CRUD Operations validation check - Scenario 24 [Priority: LOW]
[2026-07-22T07:19:16.772Z] INFO: Finished Test Case: TC_CRUD_024 - Status: PASSED (41ms)

[2026-07-22T07:19:16.772Z] INFO: Starting Test Case: TC_CRUD_025 - CRUD Operations validation check - Scenario 25 [Priority: MEDIUM]
[2026-07-22T07:19:16.815Z] INFO: Finished Test Case: TC_CRUD_025 - Status: PASSED (43ms)

[2026-07-22T07:19:16.815Z] INFO: Starting Test Case: TC_CRUD_026 - CRUD Operations validation check - Scenario 26 [Priority: CRITICAL]
[2026-07-22T07:19:16.836Z] INFO: Finished Test Case: TC_CRUD_026 - Status: PASSED (21ms)

[2026-07-22T07:19:16.836Z] INFO: Starting Test Case: TC_CRUD_027 - CRUD Operations validation check - Scenario 27 [Priority: HIGH]
[2026-07-22T07:19:16.851Z] INFO: Finished Test Case: TC_CRUD_027 - Status: PASSED (15ms)

[2026-07-22T07:19:16.851Z] INFO: Starting Test Case: TC_CRUD_028 - CRUD Operations validation check - Scenario 28 [Priority: HIGH]
[2026-07-22T07:19:16.894Z] INFO: Finished Test Case: TC_CRUD_028 - Status: PASSED (43ms)

[2026-07-22T07:19:16.894Z] INFO: Starting Test Case: TC_CRUD_029 - CRUD Operations validation check - Scenario 29 [Priority: LOW]
[2026-07-22T07:19:16.933Z] INFO: Finished Test Case: TC_CRUD_029 - Status: PASSED (38ms)

[2026-07-22T07:19:16.933Z] INFO: Starting Test Case: TC_CRUD_030 - CRUD Operations validation check - Scenario 30 [Priority: MEDIUM]
[2026-07-22T07:19:16.951Z] INFO: Finished Test Case: TC_CRUD_030 - Status: PASSED (18ms)

[2026-07-22T07:19:16.951Z] INFO: Starting Test Case: TC_CRUD_031 - CRUD Operations validation check - Scenario 31 [Priority: CRITICAL]
[2026-07-22T07:19:16.958Z] INFO: Finished Test Case: TC_CRUD_031 - Status: PASSED (7ms)

[2026-07-22T07:19:16.958Z] INFO: Starting Test Case: TC_CRUD_032 - CRUD Operations validation check - Scenario 32 [Priority: HIGH]
[2026-07-22T07:19:16.974Z] INFO: Finished Test Case: TC_CRUD_032 - Status: PASSED (16ms)

[2026-07-22T07:19:16.974Z] INFO: Starting Test Case: TC_CRUD_033 - CRUD Operations validation check - Scenario 33 [Priority: HIGH]
[2026-07-22T07:19:17.003Z] INFO: Finished Test Case: TC_CRUD_033 - Status: PASSED (29ms)

[2026-07-22T07:19:17.003Z] INFO: Starting Test Case: TC_CRUD_034 - CRUD Operations validation check - Scenario 34 [Priority: LOW]
[2026-07-22T07:19:17.010Z] INFO: Finished Test Case: TC_CRUD_034 - Status: PASSED (7ms)

[2026-07-22T07:19:17.011Z] INFO: Starting Test Case: TC_CRUD_035 - CRUD Operations validation check - Scenario 35 [Priority: MEDIUM]
[2026-07-22T07:19:17.019Z] INFO: Finished Test Case: TC_CRUD_035 - Status: PASSED (8ms)

[2026-07-22T07:19:17.019Z] INFO: Starting Test Case: TC_CRUD_036 - CRUD Operations validation check - Scenario 36 [Priority: CRITICAL]
[2026-07-22T07:19:17.029Z] INFO: Finished Test Case: TC_CRUD_036 - Status: PASSED (10ms)

[2026-07-22T07:19:17.029Z] INFO: Starting Test Case: TC_CRUD_037 - CRUD Operations validation check - Scenario 37 [Priority: HIGH]
[2026-07-22T07:19:17.067Z] INFO: Finished Test Case: TC_CRUD_037 - Status: PASSED (38ms)

[2026-07-22T07:19:17.068Z] INFO: Starting Test Case: TC_CRUD_038 - CRUD Operations validation check - Scenario 38 [Priority: HIGH]
[2026-07-22T07:19:17.075Z] INFO: Finished Test Case: TC_CRUD_038 - Status: PASSED (7ms)

[2026-07-22T07:19:17.075Z] INFO: Starting Test Case: TC_CRUD_039 - CRUD Operations validation check - Scenario 39 [Priority: LOW]
[2026-07-22T07:19:17.083Z] INFO: Finished Test Case: TC_CRUD_039 - Status: PASSED (8ms)

[2026-07-22T07:19:17.083Z] INFO: Starting Test Case: TC_CRUD_040 - CRUD Operations validation check - Scenario 40 [Priority: MEDIUM]
[2026-07-22T07:19:17.127Z] INFO: Finished Test Case: TC_CRUD_040 - Status: PASSED (44ms)

[2026-07-22T07:19:17.127Z] INFO: Starting Test Case: TC_CRUD_041 - CRUD Operations validation check - Scenario 41 [Priority: CRITICAL]
[2026-07-22T07:19:17.153Z] INFO: Finished Test Case: TC_CRUD_041 - Status: PASSED (26ms)

[2026-07-22T07:19:17.153Z] INFO: Starting Test Case: TC_CRUD_042 - CRUD Operations validation check - Scenario 42 [Priority: HIGH]
[2026-07-22T07:19:17.182Z] INFO: Finished Test Case: TC_CRUD_042 - Status: PASSED (29ms)

[2026-07-22T07:19:17.182Z] INFO: Starting Test Case: TC_CRUD_043 - CRUD Operations validation check - Scenario 43 [Priority: HIGH]
[2026-07-22T07:19:17.220Z] INFO: Finished Test Case: TC_CRUD_043 - Status: PASSED (38ms)

[2026-07-22T07:19:17.220Z] INFO: Starting Test Case: TC_CRUD_044 - CRUD Operations validation check - Scenario 44 [Priority: LOW]
[2026-07-22T07:19:17.243Z] INFO: Finished Test Case: TC_CRUD_044 - Status: PASSED (23ms)

[2026-07-22T07:19:17.244Z] INFO: Starting Test Case: TC_CRUD_045 - CRUD Operations validation check - Scenario 45 [Priority: MEDIUM]
[2026-07-22T07:19:17.276Z] INFO: Finished Test Case: TC_CRUD_045 - Status: PASSED (32ms)

[2026-07-22T07:19:17.276Z] INFO: Starting Test Case: TC_CRUD_046 - CRUD Operations validation check - Scenario 46 [Priority: CRITICAL]
[2026-07-22T07:19:17.291Z] INFO: Finished Test Case: TC_CRUD_046 - Status: PASSED (15ms)

[2026-07-22T07:19:17.291Z] INFO: Starting Test Case: TC_CRUD_047 - CRUD Operations validation check - Scenario 47 [Priority: HIGH]
[2026-07-22T07:19:17.336Z] INFO: Finished Test Case: TC_CRUD_047 - Status: PASSED (45ms)

[2026-07-22T07:19:17.336Z] INFO: Starting Test Case: TC_CRUD_048 - CRUD Operations validation check - Scenario 48 [Priority: HIGH]
[2026-07-22T07:19:17.368Z] INFO: Finished Test Case: TC_CRUD_048 - Status: PASSED (32ms)

[2026-07-22T07:19:17.369Z] INFO: Starting Test Case: TC_CRUD_049 - CRUD Operations validation check - Scenario 49 [Priority: LOW]
[2026-07-22T07:19:17.397Z] INFO: Finished Test Case: TC_CRUD_049 - Status: PASSED (29ms)

[2026-07-22T07:19:17.397Z] INFO: Starting Test Case: TC_CRUD_050 - CRUD Operations validation check - Scenario 50 [Priority: MEDIUM]
[2026-07-22T07:19:17.443Z] INFO: Finished Test Case: TC_CRUD_050 - Status: PASSED (46ms)

[2026-07-22T07:19:17.443Z] INFO: Starting Test Case: TC_VALIDATION_001 - Input Validation validation check - Scenario 1 [Priority: CRITICAL]
[2026-07-22T07:19:17.479Z] INFO: Finished Test Case: TC_VALIDATION_001 - Status: PASSED (36ms)

[2026-07-22T07:19:17.479Z] INFO: Starting Test Case: TC_VALIDATION_002 - Input Validation validation check - Scenario 2 [Priority: HIGH]
[2026-07-22T07:19:17.490Z] INFO: Finished Test Case: TC_VALIDATION_002 - Status: PASSED (11ms)

[2026-07-22T07:19:17.490Z] INFO: Starting Test Case: TC_VALIDATION_003 - Input Validation validation check - Scenario 3 [Priority: HIGH]
[2026-07-22T07:19:17.537Z] INFO: Finished Test Case: TC_VALIDATION_003 - Status: PASSED (47ms)

[2026-07-22T07:19:17.538Z] INFO: Starting Test Case: TC_VALIDATION_004 - Input Validation validation check - Scenario 4 [Priority: LOW]
[2026-07-22T07:19:17.568Z] INFO: Finished Test Case: TC_VALIDATION_004 - Status: PASSED (30ms)

[2026-07-22T07:19:17.568Z] INFO: Starting Test Case: TC_VALIDATION_005 - Input Validation validation check - Scenario 5 [Priority: MEDIUM]
[2026-07-22T07:19:17.591Z] INFO: Finished Test Case: TC_VALIDATION_005 - Status: PASSED (23ms)

[2026-07-22T07:19:17.591Z] INFO: Starting Test Case: TC_VALIDATION_006 - Input Validation validation check - Scenario 6 [Priority: CRITICAL]
[2026-07-22T07:19:17.613Z] INFO: Finished Test Case: TC_VALIDATION_006 - Status: PASSED (22ms)

[2026-07-22T07:19:17.614Z] INFO: Starting Test Case: TC_VALIDATION_007 - Input Validation validation check - Scenario 7 [Priority: HIGH]
[2026-07-22T07:19:17.663Z] INFO: Finished Test Case: TC_VALIDATION_007 - Status: PASSED (49ms)

[2026-07-22T07:19:17.663Z] INFO: Starting Test Case: TC_VALIDATION_008 - Input Validation validation check - Scenario 8 [Priority: HIGH]
[2026-07-22T07:19:17.673Z] INFO: Finished Test Case: TC_VALIDATION_008 - Status: PASSED (10ms)

[2026-07-22T07:19:17.673Z] INFO: Starting Test Case: TC_VALIDATION_009 - Input Validation validation check - Scenario 9 [Priority: LOW]
[2026-07-22T07:19:17.703Z] INFO: Finished Test Case: TC_VALIDATION_009 - Status: PASSED (30ms)

[2026-07-22T07:19:17.703Z] INFO: Starting Test Case: TC_VALIDATION_010 - Input Validation validation check - Scenario 10 [Priority: MEDIUM]
[2026-07-22T07:19:17.714Z] INFO: Finished Test Case: TC_VALIDATION_010 - Status: PASSED (11ms)

[2026-07-22T07:19:17.714Z] INFO: Starting Test Case: TC_VALIDATION_011 - Input Validation validation check - Scenario 11 [Priority: CRITICAL]
[2026-07-22T07:19:17.736Z] INFO: Finished Test Case: TC_VALIDATION_011 - Status: PASSED (22ms)

[2026-07-22T07:19:17.737Z] INFO: Starting Test Case: TC_VALIDATION_012 - Input Validation validation check - Scenario 12 [Priority: HIGH]
[2026-07-22T07:19:17.770Z] INFO: Finished Test Case: TC_VALIDATION_012 - Status: PASSED (33ms)

[2026-07-22T07:19:17.770Z] INFO: Starting Test Case: TC_VALIDATION_013 - Input Validation validation check - Scenario 13 [Priority: HIGH]
[2026-07-22T07:19:17.791Z] INFO: Finished Test Case: TC_VALIDATION_013 - Status: PASSED (21ms)

[2026-07-22T07:19:17.791Z] INFO: Starting Test Case: TC_VALIDATION_014 - Input Validation validation check - Scenario 14 [Priority: LOW]
[2026-07-22T07:19:17.805Z] INFO: Finished Test Case: TC_VALIDATION_014 - Status: PASSED (14ms)

[2026-07-22T07:19:17.806Z] INFO: Starting Test Case: TC_VALIDATION_015 - Input Validation validation check - Scenario 15 [Priority: MEDIUM]
[2026-07-22T07:19:17.838Z] INFO: Finished Test Case: TC_VALIDATION_015 - Status: PASSED (33ms)

[2026-07-22T07:19:17.838Z] INFO: Starting Test Case: TC_VALIDATION_016 - Input Validation validation check - Scenario 16 [Priority: CRITICAL]
[2026-07-22T07:19:17.883Z] INFO: Finished Test Case: TC_VALIDATION_016 - Status: PASSED (45ms)

[2026-07-22T07:19:17.884Z] INFO: Starting Test Case: TC_VALIDATION_017 - Input Validation validation check - Scenario 17 [Priority: HIGH]
[2026-07-22T07:19:17.893Z] INFO: Finished Test Case: TC_VALIDATION_017 - Status: PASSED (9ms)

[2026-07-22T07:19:17.893Z] INFO: Starting Test Case: TC_VALIDATION_018 - Input Validation validation check - Scenario 18 [Priority: HIGH]
[2026-07-22T07:19:17.938Z] INFO: Finished Test Case: TC_VALIDATION_018 - Status: PASSED (45ms)

[2026-07-22T07:19:17.938Z] INFO: Starting Test Case: TC_VALIDATION_019 - Input Validation validation check - Scenario 19 [Priority: LOW]
[2026-07-22T07:19:17.956Z] INFO: Finished Test Case: TC_VALIDATION_019 - Status: PASSED (18ms)

[2026-07-22T07:19:17.957Z] INFO: Starting Test Case: TC_VALIDATION_020 - Input Validation validation check - Scenario 20 [Priority: MEDIUM]
[2026-07-22T07:19:17.976Z] INFO: Finished Test Case: TC_VALIDATION_020 - Status: PASSED (20ms)

[2026-07-22T07:19:17.976Z] INFO: Starting Test Case: TC_VALIDATION_021 - Input Validation validation check - Scenario 21 [Priority: CRITICAL]
[2026-07-22T07:19:17.991Z] INFO: Finished Test Case: TC_VALIDATION_021 - Status: PASSED (14ms)

[2026-07-22T07:19:17.991Z] INFO: Starting Test Case: TC_VALIDATION_022 - Input Validation validation check - Scenario 22 [Priority: HIGH]
[2026-07-22T07:19:18.040Z] INFO: Finished Test Case: TC_VALIDATION_022 - Status: PASSED (49ms)

[2026-07-22T07:19:18.040Z] INFO: Starting Test Case: TC_VALIDATION_023 - Input Validation validation check - Scenario 23 [Priority: HIGH]
[2026-07-22T07:19:18.053Z] INFO: Finished Test Case: TC_VALIDATION_023 - Status: PASSED (13ms)

[2026-07-22T07:19:18.054Z] INFO: Starting Test Case: TC_VALIDATION_024 - Input Validation validation check - Scenario 24 [Priority: LOW]
[2026-07-22T07:19:18.099Z] INFO: Finished Test Case: TC_VALIDATION_024 - Status: PASSED (46ms)

[2026-07-22T07:19:18.100Z] INFO: Starting Test Case: TC_VALIDATION_025 - Input Validation validation check - Scenario 25 [Priority: MEDIUM]
[2026-07-22T07:19:18.118Z] INFO: Finished Test Case: TC_VALIDATION_025 - Status: PASSED (19ms)

[2026-07-22T07:19:18.118Z] INFO: Starting Test Case: TC_VALIDATION_026 - Input Validation validation check - Scenario 26 [Priority: CRITICAL]
[2026-07-22T07:19:18.123Z] INFO: Finished Test Case: TC_VALIDATION_026 - Status: PASSED (5ms)

[2026-07-22T07:19:18.123Z] INFO: Starting Test Case: TC_VALIDATION_027 - Input Validation validation check - Scenario 27 [Priority: HIGH]
[2026-07-22T07:19:18.165Z] INFO: Finished Test Case: TC_VALIDATION_027 - Status: PASSED (42ms)

[2026-07-22T07:19:18.165Z] INFO: Starting Test Case: TC_VALIDATION_028 - Input Validation validation check - Scenario 28 [Priority: HIGH]
[2026-07-22T07:19:18.200Z] INFO: Finished Test Case: TC_VALIDATION_028 - Status: PASSED (35ms)

[2026-07-22T07:19:18.200Z] INFO: Starting Test Case: TC_VALIDATION_029 - Input Validation validation check - Scenario 29 [Priority: LOW]
[2026-07-22T07:19:18.218Z] INFO: Finished Test Case: TC_VALIDATION_029 - Status: PASSED (18ms)

[2026-07-22T07:19:18.218Z] INFO: Starting Test Case: TC_VALIDATION_030 - Input Validation validation check - Scenario 30 [Priority: MEDIUM]
[2026-07-22T07:19:18.262Z] INFO: Finished Test Case: TC_VALIDATION_030 - Status: PASSED (44ms)

[2026-07-22T07:19:18.262Z] INFO: Starting Test Case: TC_VALIDATION_031 - Input Validation validation check - Scenario 31 [Priority: CRITICAL]
[2026-07-22T07:19:18.270Z] INFO: Finished Test Case: TC_VALIDATION_031 - Status: PASSED (8ms)

[2026-07-22T07:19:18.270Z] INFO: Starting Test Case: TC_VALIDATION_032 - Input Validation validation check - Scenario 32 [Priority: HIGH]
[2026-07-22T07:19:18.308Z] INFO: Finished Test Case: TC_VALIDATION_032 - Status: PASSED (38ms)

[2026-07-22T07:19:18.308Z] INFO: Starting Test Case: TC_VALIDATION_033 - Input Validation validation check - Scenario 33 [Priority: HIGH]
[2026-07-22T07:19:18.344Z] INFO: Finished Test Case: TC_VALIDATION_033 - Status: PASSED (36ms)

[2026-07-22T07:19:18.344Z] INFO: Starting Test Case: TC_VALIDATION_034 - Input Validation validation check - Scenario 34 [Priority: LOW]
[2026-07-22T07:19:18.370Z] INFO: Finished Test Case: TC_VALIDATION_034 - Status: PASSED (26ms)

[2026-07-22T07:19:18.370Z] INFO: Starting Test Case: TC_VALIDATION_035 - Input Validation validation check - Scenario 35 [Priority: MEDIUM]
[2026-07-22T07:19:18.393Z] INFO: Finished Test Case: TC_VALIDATION_035 - Status: PASSED (23ms)

[2026-07-22T07:19:18.393Z] INFO: Starting Test Case: TC_VALIDATION_036 - Input Validation validation check - Scenario 36 [Priority: CRITICAL]
[2026-07-22T07:19:18.435Z] INFO: Finished Test Case: TC_VALIDATION_036 - Status: PASSED (42ms)

[2026-07-22T07:19:18.436Z] INFO: Starting Test Case: TC_VALIDATION_037 - Input Validation validation check - Scenario 37 [Priority: HIGH]
[2026-07-22T07:19:18.481Z] INFO: Finished Test Case: TC_VALIDATION_037 - Status: PASSED (45ms)

[2026-07-22T07:19:18.481Z] INFO: Starting Test Case: TC_VALIDATION_038 - Input Validation validation check - Scenario 38 [Priority: HIGH]
[2026-07-22T07:19:18.513Z] INFO: Finished Test Case: TC_VALIDATION_038 - Status: PASSED (32ms)

[2026-07-22T07:19:18.513Z] INFO: Starting Test Case: TC_VALIDATION_039 - Input Validation validation check - Scenario 39 [Priority: LOW]
[2026-07-22T07:19:18.520Z] INFO: Finished Test Case: TC_VALIDATION_039 - Status: PASSED (7ms)

[2026-07-22T07:19:18.521Z] INFO: Starting Test Case: TC_VALIDATION_040 - Input Validation validation check - Scenario 40 [Priority: MEDIUM]
[2026-07-22T07:19:18.550Z] INFO: Finished Test Case: TC_VALIDATION_040 - Status: PASSED (29ms)

[2026-07-22T07:19:18.550Z] INFO: Starting Test Case: TC_ERROR_001 - Error Handling validation check - Scenario 1 [Priority: CRITICAL]
[2026-07-22T07:19:18.587Z] INFO: Finished Test Case: TC_ERROR_001 - Status: PASSED (37ms)

[2026-07-22T07:19:18.587Z] INFO: Starting Test Case: TC_ERROR_002 - Error Handling validation check - Scenario 2 [Priority: HIGH]
[2026-07-22T07:19:18.599Z] INFO: Finished Test Case: TC_ERROR_002 - Status: PASSED (12ms)

[2026-07-22T07:19:18.600Z] INFO: Starting Test Case: TC_ERROR_003 - Error Handling validation check - Scenario 3 [Priority: HIGH]
[2026-07-22T07:19:18.616Z] INFO: Finished Test Case: TC_ERROR_003 - Status: PASSED (16ms)

[2026-07-22T07:19:18.616Z] INFO: Starting Test Case: TC_ERROR_004 - Error Handling validation check - Scenario 4 [Priority: LOW]
[2026-07-22T07:19:18.645Z] INFO: Finished Test Case: TC_ERROR_004 - Status: PASSED (29ms)

[2026-07-22T07:19:18.645Z] INFO: Starting Test Case: TC_ERROR_005 - Error Handling validation check - Scenario 5 [Priority: MEDIUM]
[2026-07-22T07:19:18.668Z] INFO: Finished Test Case: TC_ERROR_005 - Status: PASSED (23ms)

[2026-07-22T07:19:18.668Z] INFO: Starting Test Case: TC_ERROR_006 - Error Handling validation check - Scenario 6 [Priority: CRITICAL]
[2026-07-22T07:19:18.713Z] INFO: Finished Test Case: TC_ERROR_006 - Status: PASSED (45ms)

[2026-07-22T07:19:18.713Z] INFO: Starting Test Case: TC_ERROR_007 - Error Handling validation check - Scenario 7 [Priority: HIGH]
[2026-07-22T07:19:18.746Z] INFO: Finished Test Case: TC_ERROR_007 - Status: PASSED (33ms)

[2026-07-22T07:19:18.746Z] INFO: Starting Test Case: TC_ERROR_008 - Error Handling validation check - Scenario 8 [Priority: HIGH]
[2026-07-22T07:19:18.780Z] INFO: Finished Test Case: TC_ERROR_008 - Status: PASSED (34ms)

[2026-07-22T07:19:18.780Z] INFO: Starting Test Case: TC_ERROR_009 - Error Handling validation check - Scenario 9 [Priority: LOW]
[2026-07-22T07:19:18.794Z] INFO: Finished Test Case: TC_ERROR_009 - Status: PASSED (14ms)

[2026-07-22T07:19:18.794Z] INFO: Starting Test Case: TC_ERROR_010 - Error Handling validation check - Scenario 10 [Priority: MEDIUM]
[2026-07-22T07:19:18.805Z] INFO: Finished Test Case: TC_ERROR_010 - Status: PASSED (11ms)

[2026-07-22T07:19:18.806Z] INFO: Starting Test Case: TC_ERROR_011 - Error Handling validation check - Scenario 11 [Priority: CRITICAL]
[2026-07-22T07:19:18.816Z] INFO: Finished Test Case: TC_ERROR_011 - Status: PASSED (10ms)

[2026-07-22T07:19:18.816Z] INFO: Starting Test Case: TC_ERROR_012 - Error Handling validation check - Scenario 12 [Priority: HIGH]
[2026-07-22T07:19:18.831Z] INFO: Finished Test Case: TC_ERROR_012 - Status: PASSED (15ms)

[2026-07-22T07:19:18.831Z] INFO: Starting Test Case: TC_ERROR_013 - Error Handling validation check - Scenario 13 [Priority: HIGH]
[2026-07-22T07:19:18.843Z] INFO: Finished Test Case: TC_ERROR_013 - Status: PASSED (12ms)

[2026-07-22T07:19:18.843Z] INFO: Starting Test Case: TC_ERROR_014 - Error Handling validation check - Scenario 14 [Priority: LOW]
[2026-07-22T07:19:18.890Z] INFO: Finished Test Case: TC_ERROR_014 - Status: PASSED (47ms)

[2026-07-22T07:19:18.890Z] INFO: Starting Test Case: TC_ERROR_015 - Error Handling validation check - Scenario 15 [Priority: MEDIUM]
[2026-07-22T07:19:18.939Z] INFO: Finished Test Case: TC_ERROR_015 - Status: PASSED (49ms)

[2026-07-22T07:19:18.939Z] INFO: Starting Test Case: TC_ERROR_016 - Error Handling validation check - Scenario 16 [Priority: CRITICAL]
[2026-07-22T07:19:18.959Z] INFO: Finished Test Case: TC_ERROR_016 - Status: PASSED (20ms)

[2026-07-22T07:19:18.959Z] INFO: Starting Test Case: TC_ERROR_017 - Error Handling validation check - Scenario 17 [Priority: HIGH]
[2026-07-22T07:19:19.006Z] INFO: Finished Test Case: TC_ERROR_017 - Status: PASSED (47ms)

[2026-07-22T07:19:19.006Z] INFO: Starting Test Case: TC_ERROR_018 - Error Handling validation check - Scenario 18 [Priority: HIGH]
[2026-07-22T07:19:19.052Z] INFO: Finished Test Case: TC_ERROR_018 - Status: PASSED (46ms)

[2026-07-22T07:19:19.052Z] INFO: Starting Test Case: TC_ERROR_019 - Error Handling validation check - Scenario 19 [Priority: LOW]
[2026-07-22T07:19:19.082Z] INFO: Finished Test Case: TC_ERROR_019 - Status: PASSED (30ms)

[2026-07-22T07:19:19.082Z] INFO: Starting Test Case: TC_ERROR_020 - Error Handling validation check - Scenario 20 [Priority: MEDIUM]
[2026-07-22T07:19:19.088Z] INFO: Finished Test Case: TC_ERROR_020 - Status: PASSED (6ms)

[2026-07-22T07:19:19.088Z] INFO: Starting Test Case: TC_SESSION_001 - Session Management validation check - Scenario 1 [Priority: CRITICAL]
[2026-07-22T07:19:19.137Z] INFO: Finished Test Case: TC_SESSION_001 - Status: PASSED (49ms)

[2026-07-22T07:19:19.137Z] INFO: Starting Test Case: TC_SESSION_002 - Session Management validation check - Scenario 2 [Priority: HIGH]
[2026-07-22T07:19:19.181Z] INFO: Finished Test Case: TC_SESSION_002 - Status: PASSED (44ms)

[2026-07-22T07:19:19.182Z] INFO: Starting Test Case: TC_SESSION_003 - Session Management validation check - Scenario 3 [Priority: HIGH]
[2026-07-22T07:19:19.208Z] INFO: Finished Test Case: TC_SESSION_003 - Status: PASSED (26ms)

[2026-07-22T07:19:19.208Z] INFO: Starting Test Case: TC_SESSION_004 - Session Management validation check - Scenario 4 [Priority: LOW]
[2026-07-22T07:19:19.219Z] INFO: Finished Test Case: TC_SESSION_004 - Status: PASSED (11ms)

[2026-07-22T07:19:19.219Z] INFO: Starting Test Case: TC_SESSION_005 - Session Management validation check - Scenario 5 [Priority: MEDIUM]
[2026-07-22T07:19:19.232Z] INFO: Finished Test Case: TC_SESSION_005 - Status: PASSED (13ms)

[2026-07-22T07:19:19.232Z] INFO: Starting Test Case: TC_SESSION_006 - Session Management validation check - Scenario 6 [Priority: CRITICAL]
[2026-07-22T07:19:19.247Z] INFO: Finished Test Case: TC_SESSION_006 - Status: PASSED (15ms)

[2026-07-22T07:19:19.247Z] INFO: Starting Test Case: TC_SESSION_007 - Session Management validation check - Scenario 7 [Priority: HIGH]
[2026-07-22T07:19:19.259Z] INFO: Finished Test Case: TC_SESSION_007 - Status: PASSED (12ms)

[2026-07-22T07:19:19.259Z] INFO: Starting Test Case: TC_SESSION_008 - Session Management validation check - Scenario 8 [Priority: HIGH]
[2026-07-22T07:19:19.276Z] INFO: Finished Test Case: TC_SESSION_008 - Status: PASSED (17ms)

[2026-07-22T07:19:19.276Z] INFO: Starting Test Case: TC_SESSION_009 - Session Management validation check - Scenario 9 [Priority: LOW]
[2026-07-22T07:19:19.304Z] INFO: Finished Test Case: TC_SESSION_009 - Status: PASSED (28ms)

[2026-07-22T07:19:19.304Z] INFO: Starting Test Case: TC_SESSION_010 - Session Management validation check - Scenario 10 [Priority: MEDIUM]
[2026-07-22T07:19:19.310Z] INFO: Finished Test Case: TC_SESSION_010 - Status: PASSED (6ms)

[2026-07-22T07:19:19.311Z] INFO: Starting Test Case: TC_SESSION_011 - Session Management validation check - Scenario 11 [Priority: CRITICAL]
[2026-07-22T07:19:19.325Z] INFO: Finished Test Case: TC_SESSION_011 - Status: PASSED (14ms)

[2026-07-22T07:19:19.325Z] INFO: Starting Test Case: TC_SESSION_012 - Session Management validation check - Scenario 12 [Priority: HIGH]
[2026-07-22T07:19:19.353Z] INFO: Finished Test Case: TC_SESSION_012 - Status: PASSED (28ms)

[2026-07-22T07:19:19.353Z] INFO: Starting Test Case: TC_SESSION_013 - Session Management validation check - Scenario 13 [Priority: HIGH]
[2026-07-22T07:19:19.402Z] INFO: Finished Test Case: TC_SESSION_013 - Status: PASSED (48ms)

[2026-07-22T07:19:19.402Z] INFO: Starting Test Case: TC_SESSION_014 - Session Management validation check - Scenario 14 [Priority: LOW]
[2026-07-22T07:19:19.440Z] INFO: Finished Test Case: TC_SESSION_014 - Status: PASSED (38ms)

[2026-07-22T07:19:19.440Z] INFO: Starting Test Case: TC_SESSION_015 - Session Management validation check - Scenario 15 [Priority: MEDIUM]
[2026-07-22T07:19:19.483Z] INFO: Finished Test Case: TC_SESSION_015 - Status: PASSED (43ms)

[2026-07-22T07:19:19.484Z] INFO: Starting Test Case: TC_SESSION_016 - Session Management validation check - Scenario 16 [Priority: CRITICAL]
[2026-07-22T07:19:19.507Z] INFO: Finished Test Case: TC_SESSION_016 - Status: PASSED (23ms)

[2026-07-22T07:19:19.507Z] INFO: Starting Test Case: TC_SESSION_017 - Session Management validation check - Scenario 17 [Priority: HIGH]
[2026-07-22T07:19:19.535Z] INFO: Finished Test Case: TC_SESSION_017 - Status: PASSED (28ms)

[2026-07-22T07:19:19.535Z] INFO: Starting Test Case: TC_SESSION_018 - Session Management validation check - Scenario 18 [Priority: HIGH]
[2026-07-22T07:19:19.555Z] INFO: Finished Test Case: TC_SESSION_018 - Status: PASSED (20ms)

[2026-07-22T07:19:19.555Z] INFO: Starting Test Case: TC_SESSION_019 - Session Management validation check - Scenario 19 [Priority: LOW]
[2026-07-22T07:19:19.564Z] INFO: Finished Test Case: TC_SESSION_019 - Status: PASSED (9ms)

[2026-07-22T07:19:19.564Z] INFO: Starting Test Case: TC_SESSION_020 - Session Management validation check - Scenario 20 [Priority: MEDIUM]
[2026-07-22T07:19:19.583Z] INFO: Finished Test Case: TC_SESSION_020 - Status: PASSED (19ms)

[2026-07-22T07:19:19.583Z] INFO: Starting Test Case: TC_FILE_001 - File Upload validation check - Scenario 1 [Priority: CRITICAL]
[2026-07-22T07:19:19.633Z] INFO: Finished Test Case: TC_FILE_001 - Status: PASSED (50ms)

[2026-07-22T07:19:19.633Z] INFO: Starting Test Case: TC_FILE_002 - File Upload validation check - Scenario 2 [Priority: HIGH]
[2026-07-22T07:19:19.633Z] INFO: Running E2E: Large File Upload...
[2026-07-22T07:19:19.633Z] INFO: Finished Test Case: TC_FILE_002 - Status: PASSED (0ms)

[2026-07-22T07:19:19.633Z] INFO: Starting Test Case: TC_FILE_003 - File Upload validation check - Scenario 3 [Priority: HIGH]
[2026-07-22T07:19:19.673Z] INFO: Finished Test Case: TC_FILE_003 - Status: PASSED (40ms)

[2026-07-22T07:19:19.673Z] INFO: Starting Test Case: TC_FILE_004 - File Upload validation check - Scenario 4 [Priority: LOW]
[2026-07-22T07:19:19.720Z] INFO: Finished Test Case: TC_FILE_004 - Status: PASSED (47ms)

[2026-07-22T07:19:19.720Z] INFO: Starting Test Case: TC_FILE_005 - File Upload validation check - Scenario 5 [Priority: MEDIUM]
[2026-07-22T07:19:19.739Z] INFO: Finished Test Case: TC_FILE_005 - Status: PASSED (19ms)

[2026-07-22T07:19:19.739Z] INFO: Starting Test Case: TC_FILE_006 - File Upload validation check - Scenario 6 [Priority: CRITICAL]
[2026-07-22T07:19:19.785Z] INFO: Finished Test Case: TC_FILE_006 - Status: PASSED (46ms)

[2026-07-22T07:19:19.786Z] INFO: Starting Test Case: TC_FILE_007 - File Upload validation check - Scenario 7 [Priority: HIGH]
[2026-07-22T07:19:19.821Z] INFO: Finished Test Case: TC_FILE_007 - Status: PASSED (35ms)

[2026-07-22T07:19:19.821Z] INFO: Starting Test Case: TC_FILE_008 - File Upload validation check - Scenario 8 [Priority: HIGH]
[2026-07-22T07:19:19.862Z] INFO: Finished Test Case: TC_FILE_008 - Status: PASSED (41ms)

[2026-07-22T07:19:19.863Z] INFO: Starting Test Case: TC_FILE_009 - File Upload validation check - Scenario 9 [Priority: LOW]
[2026-07-22T07:19:19.875Z] INFO: Finished Test Case: TC_FILE_009 - Status: PASSED (13ms)

[2026-07-22T07:19:19.875Z] INFO: Starting Test Case: TC_FILE_010 - File Upload validation check - Scenario 10 [Priority: MEDIUM]
[2026-07-22T07:19:19.883Z] INFO: Finished Test Case: TC_FILE_010 - Status: PASSED (8ms)

[2026-07-22T07:19:19.883Z] INFO: Starting Test Case: TC_FILE_011 - File Upload validation check - Scenario 11 [Priority: CRITICAL]
[2026-07-22T07:19:19.902Z] INFO: Finished Test Case: TC_FILE_011 - Status: PASSED (19ms)

[2026-07-22T07:19:19.903Z] INFO: Starting Test Case: TC_FILE_012 - File Upload validation check - Scenario 12 [Priority: HIGH]
[2026-07-22T07:19:19.912Z] INFO: Finished Test Case: TC_FILE_012 - Status: PASSED (9ms)

[2026-07-22T07:19:19.912Z] INFO: Starting Test Case: TC_FILE_013 - File Upload validation check - Scenario 13 [Priority: HIGH]
[2026-07-22T07:19:19.961Z] INFO: Finished Test Case: TC_FILE_013 - Status: PASSED (49ms)

[2026-07-22T07:19:19.961Z] INFO: Starting Test Case: TC_FILE_014 - File Upload validation check - Scenario 14 [Priority: LOW]
[2026-07-22T07:19:19.990Z] INFO: Finished Test Case: TC_FILE_014 - Status: PASSED (29ms)

[2026-07-22T07:19:19.990Z] INFO: Starting Test Case: TC_FILE_015 - File Upload validation check - Scenario 15 [Priority: MEDIUM]
[2026-07-22T07:19:20.005Z] INFO: Finished Test Case: TC_FILE_015 - Status: PASSED (15ms)

[2026-07-22T07:19:20.005Z] INFO: Starting Test Case: TC_FILE_016 - File Upload validation check - Scenario 16 [Priority: CRITICAL]
[2026-07-22T07:19:20.042Z] INFO: Finished Test Case: TC_FILE_016 - Status: PASSED (37ms)

[2026-07-22T07:19:20.042Z] INFO: Starting Test Case: TC_FILE_017 - File Upload validation check - Scenario 17 [Priority: HIGH]
[2026-07-22T07:19:20.079Z] INFO: Finished Test Case: TC_FILE_017 - Status: PASSED (37ms)

[2026-07-22T07:19:20.079Z] INFO: Starting Test Case: TC_FILE_018 - File Upload validation check - Scenario 18 [Priority: HIGH]
[2026-07-22T07:19:20.085Z] INFO: Finished Test Case: TC_FILE_018 - Status: PASSED (6ms)

[2026-07-22T07:19:20.085Z] INFO: Starting Test Case: TC_FILE_019 - File Upload validation check - Scenario 19 [Priority: LOW]
[2026-07-22T07:19:20.118Z] INFO: Finished Test Case: TC_FILE_019 - Status: PASSED (33ms)

[2026-07-22T07:19:20.118Z] INFO: Starting Test Case: TC_FILE_020 - File Upload validation check - Scenario 20 [Priority: MEDIUM]
[2026-07-22T07:19:20.156Z] INFO: Finished Test Case: TC_FILE_020 - Status: PASSED (38ms)

[2026-07-22T07:19:20.156Z] INFO: Starting Test Case: TC_A11Y_001 - Accessibility validation check - Scenario 1 [Priority: CRITICAL]
[2026-07-22T07:19:20.169Z] INFO: Finished Test Case: TC_A11Y_001 - Status: PASSED (13ms)

[2026-07-22T07:19:20.169Z] INFO: Starting Test Case: TC_A11Y_002 - Accessibility validation check - Scenario 2 [Priority: HIGH]
[2026-07-22T07:19:20.177Z] INFO: Finished Test Case: TC_A11Y_002 - Status: PASSED (8ms)

[2026-07-22T07:19:20.177Z] INFO: Starting Test Case: TC_A11Y_003 - Accessibility validation check - Scenario 3 [Priority: HIGH]
[2026-07-22T07:19:20.187Z] INFO: Finished Test Case: TC_A11Y_003 - Status: PASSED (10ms)

[2026-07-22T07:19:20.187Z] INFO: Starting Test Case: TC_A11Y_004 - Accessibility validation check - Scenario 4 [Priority: LOW]
[2026-07-22T07:19:20.224Z] INFO: Finished Test Case: TC_A11Y_004 - Status: PASSED (37ms)

[2026-07-22T07:19:20.224Z] INFO: Starting Test Case: TC_A11Y_005 - Accessibility validation check - Scenario 5 [Priority: MEDIUM]
[2026-07-22T07:19:20.268Z] INFO: Finished Test Case: TC_A11Y_005 - Status: PASSED (44ms)

[2026-07-22T07:19:20.268Z] INFO: Starting Test Case: TC_A11Y_006 - Accessibility validation check - Scenario 6 [Priority: CRITICAL]
[2026-07-22T07:19:20.274Z] INFO: Finished Test Case: TC_A11Y_006 - Status: PASSED (6ms)

[2026-07-22T07:19:20.274Z] INFO: Starting Test Case: TC_A11Y_007 - Accessibility validation check - Scenario 7 [Priority: HIGH]
[2026-07-22T07:19:20.286Z] INFO: Finished Test Case: TC_A11Y_007 - Status: PASSED (12ms)

[2026-07-22T07:19:20.287Z] INFO: Starting Test Case: TC_A11Y_008 - Accessibility validation check - Scenario 8 [Priority: HIGH]
[2026-07-22T07:19:20.312Z] INFO: Finished Test Case: TC_A11Y_008 - Status: PASSED (25ms)

[2026-07-22T07:19:20.312Z] INFO: Starting Test Case: TC_A11Y_009 - Accessibility validation check - Scenario 9 [Priority: LOW]
[2026-07-22T07:19:20.354Z] INFO: Finished Test Case: TC_A11Y_009 - Status: PASSED (42ms)

[2026-07-22T07:19:20.354Z] INFO: Starting Test Case: TC_A11Y_010 - Accessibility validation check - Scenario 10 [Priority: MEDIUM]
[2026-07-22T07:19:20.387Z] INFO: Finished Test Case: TC_A11Y_010 - Status: PASSED (33ms)

[2026-07-22T07:19:20.387Z] INFO: Starting Test Case: TC_A11Y_011 - Accessibility validation check - Scenario 11 [Priority: CRITICAL]
[2026-07-22T07:19:20.428Z] INFO: Finished Test Case: TC_A11Y_011 - Status: PASSED (41ms)

[2026-07-22T07:19:20.428Z] INFO: Starting Test Case: TC_A11Y_012 - Accessibility validation check - Scenario 12 [Priority: HIGH]
[2026-07-22T07:19:20.446Z] INFO: Finished Test Case: TC_A11Y_012 - Status: PASSED (18ms)

[2026-07-22T07:19:20.446Z] INFO: Starting Test Case: TC_A11Y_013 - Accessibility validation check - Scenario 13 [Priority: HIGH]
[2026-07-22T07:19:20.472Z] INFO: Finished Test Case: TC_A11Y_013 - Status: PASSED (26ms)

[2026-07-22T07:19:20.472Z] INFO: Starting Test Case: TC_A11Y_014 - Accessibility validation check - Scenario 14 [Priority: LOW]
[2026-07-22T07:19:20.517Z] INFO: Finished Test Case: TC_A11Y_014 - Status: PASSED (45ms)

[2026-07-22T07:19:20.517Z] INFO: Starting Test Case: TC_A11Y_015 - Accessibility validation check - Scenario 15 [Priority: MEDIUM]
[2026-07-22T07:19:20.557Z] INFO: Finished Test Case: TC_A11Y_015 - Status: PASSED (40ms)

[2026-07-22T07:19:20.557Z] INFO: Starting Test Case: TC_A11Y_016 - Accessibility validation check - Scenario 16 [Priority: CRITICAL]
[2026-07-22T07:19:20.576Z] INFO: Finished Test Case: TC_A11Y_016 - Status: PASSED (19ms)

[2026-07-22T07:19:20.576Z] INFO: Starting Test Case: TC_A11Y_017 - Accessibility validation check - Scenario 17 [Priority: HIGH]
[2026-07-22T07:19:20.606Z] INFO: Finished Test Case: TC_A11Y_017 - Status: PASSED (30ms)

[2026-07-22T07:19:20.606Z] INFO: Starting Test Case: TC_A11Y_018 - Accessibility validation check - Scenario 18 [Priority: HIGH]
[2026-07-22T07:19:20.641Z] INFO: Finished Test Case: TC_A11Y_018 - Status: PASSED (35ms)

[2026-07-22T07:19:20.642Z] INFO: Starting Test Case: TC_A11Y_019 - Accessibility validation check - Scenario 19 [Priority: LOW]
[2026-07-22T07:19:20.667Z] INFO: Finished Test Case: TC_A11Y_019 - Status: PASSED (25ms)

[2026-07-22T07:19:20.667Z] INFO: Starting Test Case: TC_A11Y_020 - Accessibility validation check - Scenario 20 [Priority: MEDIUM]
[2026-07-22T07:19:20.694Z] INFO: Finished Test Case: TC_A11Y_020 - Status: PASSED (27ms)

[2026-07-22T07:19:20.694Z] INFO: Starting Test Case: TC_RESPONSIVE_001 - Responsive Design validation check - Scenario 1 [Priority: CRITICAL]
[2026-07-22T07:19:20.722Z] INFO: Finished Test Case: TC_RESPONSIVE_001 - Status: PASSED (28ms)

[2026-07-22T07:19:20.722Z] INFO: Starting Test Case: TC_RESPONSIVE_002 - Responsive Design validation check - Scenario 2 [Priority: HIGH]
[2026-07-22T07:19:20.740Z] INFO: Finished Test Case: TC_RESPONSIVE_002 - Status: PASSED (18ms)

[2026-07-22T07:19:20.740Z] INFO: Starting Test Case: TC_RESPONSIVE_003 - Responsive Design validation check - Scenario 3 [Priority: HIGH]
[2026-07-22T07:19:20.770Z] INFO: Finished Test Case: TC_RESPONSIVE_003 - Status: PASSED (29ms)

[2026-07-22T07:19:20.770Z] INFO: Starting Test Case: TC_RESPONSIVE_004 - Responsive Design validation check - Scenario 4 [Priority: LOW]
[2026-07-22T07:19:20.775Z] INFO: Finished Test Case: TC_RESPONSIVE_004 - Status: PASSED (5ms)

[2026-07-22T07:19:20.775Z] INFO: Starting Test Case: TC_RESPONSIVE_005 - Responsive Design validation check - Scenario 5 [Priority: MEDIUM]
[2026-07-22T07:19:20.793Z] INFO: Finished Test Case: TC_RESPONSIVE_005 - Status: PASSED (18ms)

[2026-07-22T07:19:20.793Z] INFO: Starting Test Case: TC_RESPONSIVE_006 - Responsive Design validation check - Scenario 6 [Priority: CRITICAL]
[2026-07-22T07:19:20.803Z] INFO: Finished Test Case: TC_RESPONSIVE_006 - Status: PASSED (10ms)

[2026-07-22T07:19:20.803Z] INFO: Starting Test Case: TC_RESPONSIVE_007 - Responsive Design validation check - Scenario 7 [Priority: HIGH]
[2026-07-22T07:19:20.819Z] INFO: Finished Test Case: TC_RESPONSIVE_007 - Status: PASSED (16ms)

[2026-07-22T07:19:20.819Z] INFO: Starting Test Case: TC_RESPONSIVE_008 - Responsive Design validation check - Scenario 8 [Priority: HIGH]
[2026-07-22T07:19:20.867Z] INFO: Finished Test Case: TC_RESPONSIVE_008 - Status: PASSED (48ms)

[2026-07-22T07:19:20.867Z] INFO: Starting Test Case: TC_RESPONSIVE_009 - Responsive Design validation check - Scenario 9 [Priority: LOW]
[2026-07-22T07:19:20.877Z] INFO: Finished Test Case: TC_RESPONSIVE_009 - Status: PASSED (10ms)

[2026-07-22T07:19:20.877Z] INFO: Starting Test Case: TC_RESPONSIVE_010 - Responsive Design validation check - Scenario 10 [Priority: MEDIUM]
[2026-07-22T07:19:20.883Z] INFO: Finished Test Case: TC_RESPONSIVE_010 - Status: PASSED (6ms)

[2026-07-22T07:19:20.884Z] INFO: Starting Test Case: TC_RESPONSIVE_011 - Responsive Design validation check - Scenario 11 [Priority: CRITICAL]
[2026-07-22T07:19:20.901Z] INFO: Finished Test Case: TC_RESPONSIVE_011 - Status: PASSED (17ms)

[2026-07-22T07:19:20.901Z] INFO: Starting Test Case: TC_RESPONSIVE_012 - Responsive Design validation check - Scenario 12 [Priority: HIGH]
[2026-07-22T07:19:20.938Z] INFO: Finished Test Case: TC_RESPONSIVE_012 - Status: PASSED (37ms)

[2026-07-22T07:19:20.939Z] INFO: Starting Test Case: TC_RESPONSIVE_013 - Responsive Design validation check - Scenario 13 [Priority: HIGH]
[2026-07-22T07:19:20.971Z] INFO: Finished Test Case: TC_RESPONSIVE_013 - Status: PASSED (32ms)

[2026-07-22T07:19:20.971Z] INFO: Starting Test Case: TC_RESPONSIVE_014 - Responsive Design validation check - Scenario 14 [Priority: LOW]
[2026-07-22T07:19:20.986Z] INFO: Finished Test Case: TC_RESPONSIVE_014 - Status: PASSED (15ms)

[2026-07-22T07:19:20.986Z] INFO: Starting Test Case: TC_RESPONSIVE_015 - Responsive Design validation check - Scenario 15 [Priority: MEDIUM]
[2026-07-22T07:19:21.032Z] INFO: Finished Test Case: TC_RESPONSIVE_015 - Status: PASSED (46ms)

[2026-07-22T07:19:21.032Z] INFO: Starting Test Case: TC_RESPONSIVE_016 - Responsive Design validation check - Scenario 16 [Priority: CRITICAL]
[2026-07-22T07:19:21.058Z] INFO: Finished Test Case: TC_RESPONSIVE_016 - Status: PASSED (26ms)

[2026-07-22T07:19:21.059Z] INFO: Starting Test Case: TC_RESPONSIVE_017 - Responsive Design validation check - Scenario 17 [Priority: HIGH]
[2026-07-22T07:19:21.077Z] INFO: Finished Test Case: TC_RESPONSIVE_017 - Status: PASSED (18ms)

[2026-07-22T07:19:21.077Z] INFO: Starting Test Case: TC_RESPONSIVE_018 - Responsive Design validation check - Scenario 18 [Priority: HIGH]
[2026-07-22T07:19:21.090Z] INFO: Finished Test Case: TC_RESPONSIVE_018 - Status: PASSED (13ms)

[2026-07-22T07:19:21.090Z] INFO: Starting Test Case: TC_RESPONSIVE_019 - Responsive Design validation check - Scenario 19 [Priority: LOW]
[2026-07-22T07:19:21.126Z] INFO: Finished Test Case: TC_RESPONSIVE_019 - Status: PASSED (36ms)

[2026-07-22T07:19:21.126Z] INFO: Starting Test Case: TC_RESPONSIVE_020 - Responsive Design validation check - Scenario 20 [Priority: MEDIUM]
[2026-07-22T07:19:21.135Z] INFO: Finished Test Case: TC_RESPONSIVE_020 - Status: PASSED (9ms)

[2026-07-22T07:19:21.135Z] INFO: Starting Test Case: TC_PERF_001 - Performance Smoke validation check - Scenario 1 [Priority: CRITICAL]
[2026-07-22T07:19:21.156Z] INFO: Finished Test Case: TC_PERF_001 - Status: PASSED (21ms)

[2026-07-22T07:19:21.156Z] INFO: Starting Test Case: TC_PERF_002 - Performance Smoke validation check - Scenario 2 [Priority: HIGH]
[2026-07-22T07:19:21.163Z] INFO: Finished Test Case: TC_PERF_002 - Status: PASSED (7ms)

[2026-07-22T07:19:21.163Z] INFO: Starting Test Case: TC_PERF_003 - Performance Smoke validation check - Scenario 3 [Priority: HIGH]
[2026-07-22T07:19:21.174Z] INFO: Finished Test Case: TC_PERF_003 - Status: PASSED (11ms)

[2026-07-22T07:19:21.174Z] INFO: Starting Test Case: TC_PERF_004 - Performance Smoke validation check - Scenario 4 [Priority: LOW]
[2026-07-22T07:19:21.198Z] INFO: Finished Test Case: TC_PERF_004 - Status: PASSED (24ms)

[2026-07-22T07:19:21.198Z] INFO: Starting Test Case: TC_PERF_005 - Performance Smoke validation check - Scenario 5 [Priority: MEDIUM]
[2026-07-22T07:19:21.215Z] INFO: Finished Test Case: TC_PERF_005 - Status: PASSED (17ms)

[2026-07-22T07:19:21.215Z] INFO: Starting Test Case: TC_PERF_006 - Performance Smoke validation check - Scenario 6 [Priority: CRITICAL]
[2026-07-22T07:19:21.221Z] INFO: Finished Test Case: TC_PERF_006 - Status: PASSED (6ms)

[2026-07-22T07:19:21.221Z] INFO: Starting Test Case: TC_PERF_007 - Performance Smoke validation check - Scenario 7 [Priority: HIGH]
[2026-07-22T07:19:21.249Z] INFO: Finished Test Case: TC_PERF_007 - Status: PASSED (28ms)

[2026-07-22T07:19:21.249Z] INFO: Starting Test Case: TC_PERF_008 - Performance Smoke validation check - Scenario 8 [Priority: HIGH]
[2026-07-22T07:19:21.274Z] INFO: Finished Test Case: TC_PERF_008 - Status: PASSED (25ms)

[2026-07-22T07:19:21.274Z] INFO: Starting Test Case: TC_PERF_009 - Performance Smoke validation check - Scenario 9 [Priority: LOW]
[2026-07-22T07:19:21.305Z] INFO: Finished Test Case: TC_PERF_009 - Status: PASSED (31ms)

[2026-07-22T07:19:21.305Z] INFO: Starting Test Case: TC_PERF_010 - Performance Smoke validation check - Scenario 10 [Priority: MEDIUM]
[2026-07-22T07:19:21.340Z] INFO: Finished Test Case: TC_PERF_010 - Status: PASSED (35ms)

[2026-07-22T07:19:21.340Z] INFO: Starting Test Case: TC_PERF_011 - Performance Smoke validation check - Scenario 11 [Priority: CRITICAL]
[2026-07-22T07:19:21.354Z] INFO: Finished Test Case: TC_PERF_011 - Status: PASSED (14ms)

[2026-07-22T07:19:21.354Z] INFO: Starting Test Case: TC_PERF_012 - Performance Smoke validation check - Scenario 12 [Priority: HIGH]
[2026-07-22T07:19:21.389Z] INFO: Finished Test Case: TC_PERF_012 - Status: PASSED (35ms)

[2026-07-22T07:19:21.389Z] INFO: Starting Test Case: TC_PERF_013 - Performance Smoke validation check - Scenario 13 [Priority: HIGH]
[2026-07-22T07:19:21.398Z] INFO: Finished Test Case: TC_PERF_013 - Status: PASSED (9ms)

[2026-07-22T07:19:21.398Z] INFO: Starting Test Case: TC_PERF_014 - Performance Smoke validation check - Scenario 14 [Priority: LOW]
[2026-07-22T07:19:21.432Z] INFO: Finished Test Case: TC_PERF_014 - Status: PASSED (34ms)

[2026-07-22T07:19:21.432Z] INFO: Starting Test Case: TC_PERF_015 - Performance Smoke validation check - Scenario 15 [Priority: MEDIUM]
[2026-07-22T07:19:21.451Z] INFO: Finished Test Case: TC_PERF_015 - Status: PASSED (19ms)

[2026-07-22T07:19:21.451Z] INFO: Starting Test Case: TC_PERF_016 - Performance Smoke validation check - Scenario 16 [Priority: CRITICAL]
[2026-07-22T07:19:21.493Z] INFO: Finished Test Case: TC_PERF_016 - Status: PASSED (42ms)

[2026-07-22T07:19:21.493Z] INFO: Starting Test Case: TC_PERF_017 - Performance Smoke validation check - Scenario 17 [Priority: HIGH]
[2026-07-22T07:19:21.504Z] INFO: Finished Test Case: TC_PERF_017 - Status: PASSED (11ms)

[2026-07-22T07:19:21.504Z] INFO: Starting Test Case: TC_PERF_018 - Performance Smoke validation check - Scenario 18 [Priority: HIGH]
[2026-07-22T07:19:21.549Z] INFO: Finished Test Case: TC_PERF_018 - Status: PASSED (45ms)

[2026-07-22T07:19:21.549Z] INFO: Starting Test Case: TC_PERF_019 - Performance Smoke validation check - Scenario 19 [Priority: LOW]
[2026-07-22T07:19:21.571Z] INFO: Finished Test Case: TC_PERF_019 - Status: PASSED (22ms)

[2026-07-22T07:19:21.572Z] INFO: Starting Test Case: TC_PERF_020 - Performance Smoke validation check - Scenario 20 [Priority: MEDIUM]
[2026-07-22T07:19:21.609Z] INFO: Finished Test Case: TC_PERF_020 - Status: PASSED (37ms)

[2026-07-22T07:19:21.609Z] INFO: Starting Test Case: TC_REGR_001 - Regression validation check - Scenario 1 [Priority: CRITICAL]
[2026-07-22T07:19:21.633Z] INFO: Finished Test Case: TC_REGR_001 - Status: PASSED (24ms)

[2026-07-22T07:19:21.633Z] INFO: Starting Test Case: TC_REGR_002 - Regression validation check - Scenario 2 [Priority: HIGH]
[2026-07-22T07:19:21.649Z] INFO: Finished Test Case: TC_REGR_002 - Status: PASSED (16ms)

[2026-07-22T07:19:21.649Z] INFO: Starting Test Case: TC_REGR_003 - Regression validation check - Scenario 3 [Priority: HIGH]
[2026-07-22T07:19:21.684Z] INFO: Finished Test Case: TC_REGR_003 - Status: PASSED (35ms)

[2026-07-22T07:19:21.684Z] INFO: Starting Test Case: TC_REGR_004 - Regression validation check - Scenario 4 [Priority: LOW]
[2026-07-22T07:19:21.705Z] INFO: Finished Test Case: TC_REGR_004 - Status: PASSED (21ms)

[2026-07-22T07:19:21.705Z] INFO: Starting Test Case: TC_REGR_005 - Regression validation check - Scenario 5 [Priority: MEDIUM]
[2026-07-22T07:19:21.755Z] INFO: Finished Test Case: TC_REGR_005 - Status: PASSED (50ms)

[2026-07-22T07:19:21.755Z] INFO: Starting Test Case: TC_REGR_006 - Regression validation check - Scenario 6 [Priority: CRITICAL]
[2026-07-22T07:19:21.788Z] INFO: Finished Test Case: TC_REGR_006 - Status: PASSED (33ms)

[2026-07-22T07:19:21.788Z] INFO: Starting Test Case: TC_REGR_007 - Regression validation check - Scenario 7 [Priority: HIGH]
[2026-07-22T07:19:21.814Z] INFO: Finished Test Case: TC_REGR_007 - Status: PASSED (26ms)

[2026-07-22T07:19:21.814Z] INFO: Starting Test Case: TC_REGR_008 - Regression validation check - Scenario 8 [Priority: HIGH]
[2026-07-22T07:19:21.863Z] INFO: Finished Test Case: TC_REGR_008 - Status: PASSED (49ms)

[2026-07-22T07:19:21.864Z] INFO: Starting Test Case: TC_REGR_009 - Regression validation check - Scenario 9 [Priority: LOW]
[2026-07-22T07:19:21.884Z] INFO: Finished Test Case: TC_REGR_009 - Status: PASSED (20ms)

[2026-07-22T07:19:21.884Z] INFO: Starting Test Case: TC_REGR_010 - Regression validation check - Scenario 10 [Priority: MEDIUM]
[2026-07-22T07:19:21.889Z] INFO: Finished Test Case: TC_REGR_010 - Status: PASSED (5ms)

[2026-07-22T07:19:21.889Z] INFO: Starting Test Case: TC_REGR_011 - Regression validation check - Scenario 11 [Priority: CRITICAL]
[2026-07-22T07:19:21.898Z] INFO: Finished Test Case: TC_REGR_011 - Status: PASSED (9ms)

[2026-07-22T07:19:21.898Z] INFO: Starting Test Case: TC_REGR_012 - Regression validation check - Scenario 12 [Priority: HIGH]
[2026-07-22T07:19:21.945Z] INFO: Finished Test Case: TC_REGR_012 - Status: PASSED (47ms)

[2026-07-22T07:19:21.945Z] INFO: Starting Test Case: TC_REGR_013 - Regression validation check - Scenario 13 [Priority: HIGH]
[2026-07-22T07:19:21.962Z] INFO: Finished Test Case: TC_REGR_013 - Status: PASSED (17ms)

[2026-07-22T07:19:21.963Z] INFO: Starting Test Case: TC_REGR_014 - Regression validation check - Scenario 14 [Priority: LOW]
[2026-07-22T07:19:22.008Z] INFO: Finished Test Case: TC_REGR_014 - Status: PASSED (45ms)

[2026-07-22T07:19:22.008Z] INFO: Starting Test Case: TC_REGR_015 - Regression validation check - Scenario 15 [Priority: MEDIUM]
[2026-07-22T07:19:22.022Z] INFO: Finished Test Case: TC_REGR_015 - Status: PASSED (14ms)

[2026-07-22T07:19:22.022Z] INFO: Starting Test Case: TC_REGR_016 - Regression validation check - Scenario 16 [Priority: CRITICAL]
[2026-07-22T07:19:22.028Z] INFO: Finished Test Case: TC_REGR_016 - Status: PASSED (6ms)

[2026-07-22T07:19:22.028Z] INFO: Starting Test Case: TC_REGR_017 - Regression validation check - Scenario 17 [Priority: HIGH]
[2026-07-22T07:19:22.040Z] INFO: Finished Test Case: TC_REGR_017 - Status: PASSED (12ms)

[2026-07-22T07:19:22.040Z] INFO: Starting Test Case: TC_REGR_018 - Regression validation check - Scenario 18 [Priority: HIGH]
[2026-07-22T07:19:22.048Z] INFO: Finished Test Case: TC_REGR_018 - Status: PASSED (8ms)

[2026-07-22T07:19:22.048Z] INFO: Starting Test Case: TC_REGR_019 - Regression validation check - Scenario 19 [Priority: LOW]
[2026-07-22T07:19:22.080Z] INFO: Finished Test Case: TC_REGR_019 - Status: PASSED (32ms)

[2026-07-22T07:19:22.080Z] INFO: Starting Test Case: TC_REGR_020 - Regression validation check - Scenario 20 [Priority: MEDIUM]
[2026-07-22T07:19:22.106Z] INFO: Finished Test Case: TC_REGR_020 - Status: PASSED (26ms)

[2026-07-22T07:19:22.106Z] INFO: Starting Test Case: TC_REGR_021 - Regression validation check - Scenario 21 [Priority: CRITICAL]
[2026-07-22T07:19:22.115Z] INFO: Finished Test Case: TC_REGR_021 - Status: PASSED (9ms)

[2026-07-22T07:19:22.115Z] INFO: Starting Test Case: TC_REGR_022 - Regression validation check - Scenario 22 [Priority: HIGH]
[2026-07-22T07:19:22.140Z] INFO: Finished Test Case: TC_REGR_022 - Status: PASSED (25ms)

[2026-07-22T07:19:22.141Z] INFO: Starting Test Case: TC_REGR_023 - Regression validation check - Scenario 23 [Priority: HIGH]
[2026-07-22T07:19:22.187Z] INFO: Finished Test Case: TC_REGR_023 - Status: PASSED (46ms)

[2026-07-22T07:19:22.187Z] INFO: Starting Test Case: TC_REGR_024 - Regression validation check - Scenario 24 [Priority: LOW]
[2026-07-22T07:19:22.234Z] INFO: Finished Test Case: TC_REGR_024 - Status: PASSED (47ms)

[2026-07-22T07:19:22.234Z] INFO: Starting Test Case: TC_REGR_025 - Regression validation check - Scenario 25 [Priority: MEDIUM]
[2026-07-22T07:19:22.281Z] INFO: Finished Test Case: TC_REGR_025 - Status: PASSED (47ms)

[2026-07-22T07:19:22.281Z] INFO: Starting Test Case: TC_REGR_026 - Regression validation check - Scenario 26 [Priority: CRITICAL]
[2026-07-22T07:19:22.330Z] INFO: Finished Test Case: TC_REGR_026 - Status: PASSED (49ms)

[2026-07-22T07:19:22.330Z] INFO: Starting Test Case: TC_REGR_027 - Regression validation check - Scenario 27 [Priority: HIGH]
[2026-07-22T07:19:22.367Z] INFO: Finished Test Case: TC_REGR_027 - Status: PASSED (37ms)

[2026-07-22T07:19:22.367Z] INFO: Starting Test Case: TC_REGR_028 - Regression validation check - Scenario 28 [Priority: HIGH]
[2026-07-22T07:19:22.394Z] INFO: Finished Test Case: TC_REGR_028 - Status: PASSED (27ms)

[2026-07-22T07:19:22.394Z] INFO: Starting Test Case: TC_REGR_029 - Regression validation check - Scenario 29 [Priority: LOW]
[2026-07-22T07:19:22.400Z] INFO: Finished Test Case: TC_REGR_029 - Status: PASSED (6ms)

[2026-07-22T07:19:22.400Z] INFO: Starting Test Case: TC_REGR_030 - Regression validation check - Scenario 30 [Priority: MEDIUM]
[2026-07-22T07:19:22.430Z] INFO: Finished Test Case: TC_REGR_030 - Status: PASSED (29ms)

[2026-07-22T07:19:22.430Z] INFO: Starting Test Case: TC_REGR_031 - Regression validation check - Scenario 31 [Priority: CRITICAL]
[2026-07-22T07:19:22.444Z] INFO: Finished Test Case: TC_REGR_031 - Status: PASSED (14ms)

[2026-07-22T07:19:22.444Z] INFO: Starting Test Case: TC_REGR_032 - Regression validation check - Scenario 32 [Priority: HIGH]
[2026-07-22T07:19:22.466Z] INFO: Finished Test Case: TC_REGR_032 - Status: PASSED (22ms)

[2026-07-22T07:19:22.466Z] INFO: Starting Test Case: TC_REGR_033 - Regression validation check - Scenario 33 [Priority: HIGH]
[2026-07-22T07:19:22.476Z] INFO: Finished Test Case: TC_REGR_033 - Status: PASSED (10ms)

[2026-07-22T07:19:22.476Z] INFO: Starting Test Case: TC_REGR_034 - Regression validation check - Scenario 34 [Priority: LOW]
[2026-07-22T07:19:22.489Z] INFO: Finished Test Case: TC_REGR_034 - Status: PASSED (13ms)

[2026-07-22T07:19:22.489Z] INFO: Starting Test Case: TC_REGR_035 - Regression validation check - Scenario 35 [Priority: MEDIUM]
[2026-07-22T07:19:22.530Z] INFO: Finished Test Case: TC_REGR_035 - Status: PASSED (41ms)

[2026-07-22T07:19:22.530Z] INFO: Starting Test Case: TC_REGR_036 - Regression validation check - Scenario 36 [Priority: CRITICAL]
[2026-07-22T07:19:22.553Z] INFO: Finished Test Case: TC_REGR_036 - Status: PASSED (23ms)

[2026-07-22T07:19:22.553Z] INFO: Starting Test Case: TC_REGR_037 - Regression validation check - Scenario 37 [Priority: HIGH]
[2026-07-22T07:19:22.566Z] INFO: Finished Test Case: TC_REGR_037 - Status: PASSED (13ms)

[2026-07-22T07:19:22.566Z] INFO: Starting Test Case: TC_REGR_038 - Regression validation check - Scenario 38 [Priority: HIGH]
[2026-07-22T07:19:22.578Z] INFO: Finished Test Case: TC_REGR_038 - Status: PASSED (12ms)

[2026-07-22T07:19:22.578Z] INFO: Starting Test Case: TC_REGR_039 - Regression validation check - Scenario 39 [Priority: LOW]
[2026-07-22T07:19:22.619Z] INFO: Finished Test Case: TC_REGR_039 - Status: PASSED (41ms)

[2026-07-22T07:19:22.619Z] INFO: Starting Test Case: TC_REGR_040 - Regression validation check - Scenario 40 [Priority: MEDIUM]
[2026-07-22T07:19:22.653Z] INFO: Finished Test Case: TC_REGR_040 - Status: PASSED (34ms)

[2026-07-22T07:19:22.653Z] INFO: Starting Test Case: TC_REGR_041 - Regression validation check - Scenario 41 [Priority: CRITICAL]
[2026-07-22T07:19:22.671Z] INFO: Finished Test Case: TC_REGR_041 - Status: PASSED (18ms)

[2026-07-22T07:19:22.671Z] INFO: Starting Test Case: TC_REGR_042 - Regression validation check - Scenario 42 [Priority: HIGH]
[2026-07-22T07:19:22.720Z] INFO: Finished Test Case: TC_REGR_042 - Status: PASSED (49ms)

[2026-07-22T07:19:22.720Z] INFO: Starting Test Case: TC_REGR_043 - Regression validation check - Scenario 43 [Priority: HIGH]
[2026-07-22T07:19:22.727Z] INFO: Finished Test Case: TC_REGR_043 - Status: PASSED (7ms)

[2026-07-22T07:19:22.727Z] INFO: Starting Test Case: TC_REGR_044 - Regression validation check - Scenario 44 [Priority: LOW]
[2026-07-22T07:19:22.743Z] INFO: Finished Test Case: TC_REGR_044 - Status: PASSED (15ms)

[2026-07-22T07:19:22.743Z] INFO: Starting Test Case: TC_REGR_045 - Regression validation check - Scenario 45 [Priority: MEDIUM]
[2026-07-22T07:19:22.773Z] INFO: Finished Test Case: TC_REGR_045 - Status: PASSED (30ms)

[2026-07-22T07:19:22.773Z] INFO: Starting Test Case: TC_REGR_046 - Regression validation check - Scenario 46 [Priority: CRITICAL]
[2026-07-22T07:19:22.795Z] INFO: Finished Test Case: TC_REGR_046 - Status: PASSED (22ms)

[2026-07-22T07:19:22.796Z] INFO: Starting Test Case: TC_REGR_047 - Regression validation check - Scenario 47 [Priority: HIGH]
[2026-07-22T07:19:22.801Z] INFO: Finished Test Case: TC_REGR_047 - Status: PASSED (5ms)

[2026-07-22T07:19:22.801Z] INFO: Starting Test Case: TC_REGR_048 - Regression validation check - Scenario 48 [Priority: HIGH]
[2026-07-22T07:19:22.836Z] INFO: Finished Test Case: TC_REGR_048 - Status: PASSED (35ms)

[2026-07-22T07:19:22.837Z] INFO: Starting Test Case: TC_REGR_049 - Regression validation check - Scenario 49 [Priority: LOW]
[2026-07-22T07:19:22.877Z] INFO: Finished Test Case: TC_REGR_049 - Status: PASSED (40ms)

[2026-07-22T07:19:22.877Z] INFO: Starting Test Case: TC_REGR_050 - Regression validation check - Scenario 50 [Priority: MEDIUM]
[2026-07-22T07:19:22.914Z] INFO: Finished Test Case: TC_REGR_050 - Status: PASSED (37ms)

[2026-07-22T07:19:22.915Z] INFO: Closing Chrome driver session...
[2026-07-22T07:19:22.918Z] INFO: Browser logs saved successfully to: /home/runner/work/pddtesting/pddtesting/automation/reports/Logs/browser-console.log
[2026-07-22T07:19:22.970Z] INFO: Session closed.
[2026-07-22T07:19:22.970Z] INFO: E2E suite execution finished. Total duration: 49.53s
[2026-07-22T07:19:22.970Z] INFO: Generating Excel automation reports...
[2026-07-22T07:19:23.196Z] INFO: Master Excel report written to: /home/runner/work/pddtesting/pddtesting/automation/reports/Excel/Automation_Test_Report.xlsx
[2026-07-22T07:19:23.284Z] INFO: Excel report generation completed successfully!
[2026-07-22T07:19:23.285Z] INFO: Generating HTML automation reports...
[2026-07-22T07:19:23.289Z] INFO: HTML Reports successfully written to: /home/runner/work/pddtesting/pddtesting/automation/reports/HTML
[2026-07-22T07:19:23.290Z] INFO: JSON report generated at: /home/runner/work/pddtesting/pddtesting/automation/reports/JSON/execution-results.json
[2026-07-22T07:19:23.290Z] INFO: Markdown step summary generated at: /home/runner/work/pddtesting/pddtesting/automation/reports/Summary/summary.md
[2026-07-22T07:19:23.291Z] INFO: Final Metrics -> Total: 470, Passed: 467, Pass Rate: 99.36%
[2026-07-22T07:19:23.291Z] INFO: Critical Tests -> Total: 95, Failed: 1, Critical Fail Rate: 1.05%
[2026-07-22T07:19:23.291Z] INFO: Execution Passed: All criteria (Pass Rate >= 95% and Critical Fail Rate <= 5%) met successfully!
