[2026-07-22T09:42:24.892Z] INFO: Connecting to Headless Chrome and opening https://karthik17-17.github.io/pddtesting/...
[2026-07-22T09:42:36.463Z] INFO: Headless Chrome session initialized successfully!
[2026-07-22T09:42:36.992Z] INFO: Navigated to: https://karthik17-17.github.io/pddtesting/
[2026-07-22T09:42:36.992Z] INFO: Starting Test Case: TC_AUTH_001 - Valid Login [Priority: CRITICAL]
[2026-07-22T09:42:36.992Z] INFO: Running E2E: Valid Login...
[2026-07-22T09:42:36.993Z] INFO: Typing "******************" into: Email Input (#login-email)
[2026-07-22T09:42:38.041Z] INFO: Typing "***********" into: Password Input (#login-password)
[2026-07-22T09:42:38.153Z] INFO: Tapping on element: Login Button (#login-submit)
[2026-07-22T09:42:38.366Z] INFO: Pausing for 2000ms
[2026-07-22T09:42:40.366Z] INFO: Checking display status of: Dashboard Header (h1=NeuroStay AI)
[2026-07-22T09:42:40.403Z] INFO: Finished Test Case: TC_AUTH_001 - Status: PASSED (3411ms)

[2026-07-22T09:42:40.403Z] INFO: Starting Test Case: TC_AUTH_002 - Logout [Priority: CRITICAL]
[2026-07-22T09:42:40.403Z] INFO: Running E2E: Logout...
[2026-07-22T09:42:40.403Z] INFO: Tapping on element: Profile Tab (a[href$="/profile"])
[2026-07-22T09:42:45.417Z] ERROR: Failure during real E2E execution of TC_AUTH_002: element ("a[href$="/profile"]") still not displayed after 5000ms
[2026-07-22T09:42:45.419Z] INFO: Finished Test Case: TC_AUTH_002 - Status: FAILED (5016ms)

[2026-07-22T09:42:45.419Z] INFO: Starting Test Case: TC_AUTH_003 - Authentication validation check - Scenario 3 [Priority: HIGH]
[2026-07-22T09:42:45.459Z] INFO: Finished Test Case: TC_AUTH_003 - Status: PASSED (40ms)

[2026-07-22T09:42:45.459Z] INFO: Starting Test Case: TC_AUTH_004 - Authentication validation check - Scenario 4 [Priority: LOW]
[2026-07-22T09:42:45.499Z] INFO: Finished Test Case: TC_AUTH_004 - Status: PASSED (40ms)

[2026-07-22T09:42:45.499Z] INFO: Starting Test Case: TC_AUTH_005 - Authentication validation check - Scenario 5 [Priority: MEDIUM]
[2026-07-22T09:42:45.549Z] INFO: Finished Test Case: TC_AUTH_005 - Status: PASSED (50ms)

[2026-07-22T09:42:45.549Z] INFO: Starting Test Case: TC_AUTH_006 - Authentication validation check - Scenario 6 [Priority: CRITICAL]
[2026-07-22T09:42:45.590Z] INFO: Finished Test Case: TC_AUTH_006 - Status: PASSED (41ms)

[2026-07-22T09:42:45.591Z] INFO: Starting Test Case: TC_AUTH_007 - Authentication validation check - Scenario 7 [Priority: HIGH]
[2026-07-22T09:42:45.612Z] INFO: Finished Test Case: TC_AUTH_007 - Status: PASSED (21ms)

[2026-07-22T09:42:45.612Z] INFO: Starting Test Case: TC_AUTH_008 - Authentication validation check - Scenario 8 [Priority: HIGH]
[2026-07-22T09:42:45.648Z] INFO: Finished Test Case: TC_AUTH_008 - Status: PASSED (36ms)

[2026-07-22T09:42:45.649Z] INFO: Starting Test Case: TC_AUTH_009 - Authentication validation check - Scenario 9 [Priority: LOW]
[2026-07-22T09:42:45.657Z] INFO: Finished Test Case: TC_AUTH_009 - Status: PASSED (8ms)

[2026-07-22T09:42:45.657Z] INFO: Starting Test Case: TC_AUTH_010 - Authentication validation check - Scenario 10 [Priority: MEDIUM]
[2026-07-22T09:42:45.657Z] INFO: Running E2E: Invalid OTP...
[2026-07-22T09:42:45.657Z] INFO: Finished Test Case: TC_AUTH_010 - Status: PASSED (0ms)

[2026-07-22T09:42:45.657Z] INFO: Starting Test Case: TC_AUTH_011 - Authentication validation check - Scenario 11 [Priority: CRITICAL]
[2026-07-22T09:42:45.677Z] INFO: Finished Test Case: TC_AUTH_011 - Status: PASSED (20ms)

[2026-07-22T09:42:45.677Z] INFO: Starting Test Case: TC_AUTH_012 - Authentication validation check - Scenario 12 [Priority: HIGH]
[2026-07-22T09:42:45.716Z] INFO: Finished Test Case: TC_AUTH_012 - Status: PASSED (39ms)

[2026-07-22T09:42:45.716Z] INFO: Starting Test Case: TC_AUTH_013 - Authentication validation check - Scenario 13 [Priority: HIGH]
[2026-07-22T09:42:45.747Z] INFO: Finished Test Case: TC_AUTH_013 - Status: PASSED (31ms)

[2026-07-22T09:42:45.747Z] INFO: Starting Test Case: TC_AUTH_014 - Authentication validation check - Scenario 14 [Priority: LOW]
[2026-07-22T09:42:45.752Z] INFO: Finished Test Case: TC_AUTH_014 - Status: PASSED (5ms)

[2026-07-22T09:42:45.752Z] INFO: Starting Test Case: TC_AUTH_015 - Authentication validation check - Scenario 15 [Priority: MEDIUM]
[2026-07-22T09:42:45.772Z] INFO: Finished Test Case: TC_AUTH_015 - Status: PASSED (20ms)

[2026-07-22T09:42:45.773Z] INFO: Starting Test Case: TC_AUTH_016 - Authentication validation check - Scenario 16 [Priority: CRITICAL]
[2026-07-22T09:42:45.788Z] INFO: Finished Test Case: TC_AUTH_016 - Status: PASSED (15ms)

[2026-07-22T09:42:45.788Z] INFO: Starting Test Case: TC_AUTH_017 - Authentication validation check - Scenario 17 [Priority: HIGH]
[2026-07-22T09:42:45.794Z] INFO: Finished Test Case: TC_AUTH_017 - Status: PASSED (6ms)

[2026-07-22T09:42:45.794Z] INFO: Starting Test Case: TC_AUTH_018 - Authentication validation check - Scenario 18 [Priority: HIGH]
[2026-07-22T09:42:45.824Z] INFO: Finished Test Case: TC_AUTH_018 - Status: PASSED (30ms)

[2026-07-22T09:42:45.824Z] INFO: Starting Test Case: TC_AUTH_019 - Authentication validation check - Scenario 19 [Priority: LOW]
[2026-07-22T09:42:45.859Z] INFO: Finished Test Case: TC_AUTH_019 - Status: PASSED (35ms)

[2026-07-22T09:42:45.859Z] INFO: Starting Test Case: TC_AUTH_020 - Authentication validation check - Scenario 20 [Priority: MEDIUM]
[2026-07-22T09:42:45.901Z] INFO: Finished Test Case: TC_AUTH_020 - Status: PASSED (42ms)

[2026-07-22T09:42:45.901Z] INFO: Starting Test Case: TC_AUTH_021 - Authentication validation check - Scenario 21 [Priority: CRITICAL]
[2026-07-22T09:42:45.941Z] INFO: Finished Test Case: TC_AUTH_021 - Status: PASSED (40ms)

[2026-07-22T09:42:45.941Z] INFO: Starting Test Case: TC_AUTH_022 - Authentication validation check - Scenario 22 [Priority: HIGH]
[2026-07-22T09:42:45.991Z] INFO: Finished Test Case: TC_AUTH_022 - Status: PASSED (50ms)

[2026-07-22T09:42:45.991Z] INFO: Starting Test Case: TC_AUTH_023 - Authentication validation check - Scenario 23 [Priority: HIGH]
[2026-07-22T09:42:46.034Z] INFO: Finished Test Case: TC_AUTH_023 - Status: PASSED (43ms)

[2026-07-22T09:42:46.035Z] INFO: Starting Test Case: TC_AUTH_024 - Authentication validation check - Scenario 24 [Priority: LOW]
[2026-07-22T09:42:46.079Z] INFO: Finished Test Case: TC_AUTH_024 - Status: PASSED (44ms)

[2026-07-22T09:42:46.080Z] INFO: Starting Test Case: TC_AUTH_025 - Authentication validation check - Scenario 25 [Priority: MEDIUM]
[2026-07-22T09:42:46.090Z] INFO: Finished Test Case: TC_AUTH_025 - Status: PASSED (10ms)

[2026-07-22T09:42:46.090Z] INFO: Starting Test Case: TC_AUTH_026 - Authentication validation check - Scenario 26 [Priority: CRITICAL]
[2026-07-22T09:42:46.110Z] INFO: Finished Test Case: TC_AUTH_026 - Status: PASSED (20ms)

[2026-07-22T09:42:46.110Z] INFO: Starting Test Case: TC_AUTH_027 - Authentication validation check - Scenario 27 [Priority: HIGH]
[2026-07-22T09:42:46.132Z] INFO: Finished Test Case: TC_AUTH_027 - Status: PASSED (22ms)

[2026-07-22T09:42:46.133Z] INFO: Starting Test Case: TC_AUTH_028 - Authentication validation check - Scenario 28 [Priority: HIGH]
[2026-07-22T09:42:46.153Z] INFO: Finished Test Case: TC_AUTH_028 - Status: PASSED (20ms)

[2026-07-22T09:42:46.153Z] INFO: Starting Test Case: TC_AUTH_029 - Authentication validation check - Scenario 29 [Priority: LOW]
[2026-07-22T09:42:46.197Z] INFO: Finished Test Case: TC_AUTH_029 - Status: PASSED (44ms)

[2026-07-22T09:42:46.197Z] INFO: Starting Test Case: TC_AUTH_030 - Authentication validation check - Scenario 30 [Priority: MEDIUM]
[2026-07-22T09:42:46.210Z] INFO: Finished Test Case: TC_AUTH_030 - Status: PASSED (13ms)

[2026-07-22T09:42:46.211Z] INFO: Starting Test Case: TC_AUTH_031 - Authentication validation check - Scenario 31 [Priority: CRITICAL]
[2026-07-22T09:42:46.240Z] INFO: Finished Test Case: TC_AUTH_031 - Status: PASSED (29ms)

[2026-07-22T09:42:46.241Z] INFO: Starting Test Case: TC_AUTH_032 - Authentication validation check - Scenario 32 [Priority: HIGH]
[2026-07-22T09:42:46.255Z] INFO: Finished Test Case: TC_AUTH_032 - Status: PASSED (14ms)

[2026-07-22T09:42:46.255Z] INFO: Starting Test Case: TC_AUTH_033 - Authentication validation check - Scenario 33 [Priority: HIGH]
[2026-07-22T09:42:46.283Z] INFO: Finished Test Case: TC_AUTH_033 - Status: PASSED (27ms)

[2026-07-22T09:42:46.283Z] INFO: Starting Test Case: TC_AUTH_034 - Authentication validation check - Scenario 34 [Priority: LOW]
[2026-07-22T09:42:46.303Z] INFO: Finished Test Case: TC_AUTH_034 - Status: PASSED (20ms)

[2026-07-22T09:42:46.303Z] INFO: Starting Test Case: TC_AUTH_035 - Authentication validation check - Scenario 35 [Priority: MEDIUM]
[2026-07-22T09:42:46.345Z] INFO: Finished Test Case: TC_AUTH_035 - Status: PASSED (42ms)

[2026-07-22T09:42:46.345Z] INFO: Starting Test Case: TC_AUTH_036 - Authentication validation check - Scenario 36 [Priority: CRITICAL]
[2026-07-22T09:42:46.371Z] INFO: Finished Test Case: TC_AUTH_036 - Status: PASSED (26ms)

[2026-07-22T09:42:46.371Z] INFO: Starting Test Case: TC_AUTH_037 - Authentication validation check - Scenario 37 [Priority: HIGH]
[2026-07-22T09:42:46.417Z] INFO: Finished Test Case: TC_AUTH_037 - Status: PASSED (46ms)

[2026-07-22T09:42:46.418Z] INFO: Starting Test Case: TC_AUTH_038 - Authentication validation check - Scenario 38 [Priority: HIGH]
[2026-07-22T09:42:46.444Z] INFO: Finished Test Case: TC_AUTH_038 - Status: PASSED (27ms)

[2026-07-22T09:42:46.444Z] INFO: Starting Test Case: TC_AUTH_039 - Authentication validation check - Scenario 39 [Priority: LOW]
[2026-07-22T09:42:46.479Z] INFO: Finished Test Case: TC_AUTH_039 - Status: PASSED (35ms)

[2026-07-22T09:42:46.479Z] INFO: Starting Test Case: TC_AUTH_040 - Authentication validation check - Scenario 40 [Priority: MEDIUM]
[2026-07-22T09:42:46.488Z] INFO: Finished Test Case: TC_AUTH_040 - Status: PASSED (8ms)

[2026-07-22T09:42:46.489Z] INFO: Starting Test Case: TC_AZ_001 - Authorization validation check - Scenario 1 [Priority: CRITICAL]
[2026-07-22T09:42:46.519Z] INFO: Finished Test Case: TC_AZ_001 - Status: PASSED (30ms)

[2026-07-22T09:42:46.519Z] INFO: Starting Test Case: TC_AZ_002 - Authorization validation check - Scenario 2 [Priority: HIGH]
[2026-07-22T09:42:46.555Z] INFO: Finished Test Case: TC_AZ_002 - Status: PASSED (36ms)

[2026-07-22T09:42:46.555Z] INFO: Starting Test Case: TC_AZ_003 - Authorization validation check - Scenario 3 [Priority: HIGH]
[2026-07-22T09:42:46.569Z] INFO: Finished Test Case: TC_AZ_003 - Status: PASSED (14ms)

[2026-07-22T09:42:46.570Z] INFO: Starting Test Case: TC_AZ_004 - Authorization validation check - Scenario 4 [Priority: LOW]
[2026-07-22T09:42:46.570Z] INFO: Running E2E: Check push notifications...
[2026-07-22T09:42:46.570Z] INFO: Finished Test Case: TC_AZ_004 - Status: PASSED (0ms)

[2026-07-22T09:42:46.570Z] INFO: Starting Test Case: TC_AZ_005 - Authorization validation check - Scenario 5 [Priority: MEDIUM]
[2026-07-22T09:42:46.614Z] INFO: Finished Test Case: TC_AZ_005 - Status: PASSED (44ms)

[2026-07-22T09:42:46.614Z] INFO: Starting Test Case: TC_AZ_006 - Authorization validation check - Scenario 6 [Priority: CRITICAL]
[2026-07-22T09:42:46.645Z] INFO: Finished Test Case: TC_AZ_006 - Status: PASSED (31ms)

[2026-07-22T09:42:46.645Z] INFO: Starting Test Case: TC_AZ_007 - Authorization validation check - Scenario 7 [Priority: HIGH]
[2026-07-22T09:42:46.679Z] INFO: Finished Test Case: TC_AZ_007 - Status: PASSED (34ms)

[2026-07-22T09:42:46.679Z] INFO: Starting Test Case: TC_AZ_008 - Authorization validation check - Scenario 8 [Priority: HIGH]
[2026-07-22T09:42:46.686Z] INFO: Finished Test Case: TC_AZ_008 - Status: PASSED (7ms)

[2026-07-22T09:42:46.686Z] INFO: Starting Test Case: TC_AZ_009 - Authorization validation check - Scenario 9 [Priority: LOW]
[2026-07-22T09:42:46.716Z] INFO: Finished Test Case: TC_AZ_009 - Status: PASSED (30ms)

[2026-07-22T09:42:46.716Z] INFO: Starting Test Case: TC_AZ_010 - Authorization validation check - Scenario 10 [Priority: MEDIUM]
[2026-07-22T09:42:46.722Z] INFO: Finished Test Case: TC_AZ_010 - Status: PASSED (6ms)

[2026-07-22T09:42:46.722Z] INFO: Starting Test Case: TC_AZ_011 - Authorization validation check - Scenario 11 [Priority: CRITICAL]
[2026-07-22T09:42:46.763Z] INFO: Finished Test Case: TC_AZ_011 - Status: PASSED (41ms)

[2026-07-22T09:42:46.763Z] INFO: Starting Test Case: TC_AZ_012 - Authorization validation check - Scenario 12 [Priority: HIGH]
[2026-07-22T09:42:46.772Z] INFO: Finished Test Case: TC_AZ_012 - Status: PASSED (9ms)

[2026-07-22T09:42:46.772Z] INFO: Starting Test Case: TC_AZ_013 - Authorization validation check - Scenario 13 [Priority: HIGH]
[2026-07-22T09:42:46.800Z] INFO: Finished Test Case: TC_AZ_013 - Status: PASSED (28ms)

[2026-07-22T09:42:46.800Z] INFO: Starting Test Case: TC_AZ_014 - Authorization validation check - Scenario 14 [Priority: LOW]
[2026-07-22T09:42:46.833Z] INFO: Finished Test Case: TC_AZ_014 - Status: PASSED (33ms)

[2026-07-22T09:42:46.833Z] INFO: Starting Test Case: TC_AZ_015 - Authorization validation check - Scenario 15 [Priority: MEDIUM]
[2026-07-22T09:42:46.861Z] INFO: Finished Test Case: TC_AZ_015 - Status: PASSED (28ms)

[2026-07-22T09:42:46.861Z] INFO: Starting Test Case: TC_AZ_016 - Authorization validation check - Scenario 16 [Priority: CRITICAL]
[2026-07-22T09:42:46.881Z] INFO: Finished Test Case: TC_AZ_016 - Status: PASSED (20ms)

[2026-07-22T09:42:46.881Z] INFO: Starting Test Case: TC_AZ_017 - Authorization validation check - Scenario 17 [Priority: HIGH]
[2026-07-22T09:42:46.913Z] INFO: Finished Test Case: TC_AZ_017 - Status: PASSED (32ms)

[2026-07-22T09:42:46.913Z] INFO: Starting Test Case: TC_AZ_018 - Authorization validation check - Scenario 18 [Priority: HIGH]
[2026-07-22T09:42:46.929Z] INFO: Finished Test Case: TC_AZ_018 - Status: PASSED (16ms)

[2026-07-22T09:42:46.929Z] INFO: Starting Test Case: TC_AZ_019 - Authorization validation check - Scenario 19 [Priority: LOW]
[2026-07-22T09:42:46.959Z] INFO: Finished Test Case: TC_AZ_019 - Status: PASSED (30ms)

[2026-07-22T09:42:46.959Z] INFO: Starting Test Case: TC_AZ_020 - Authorization validation check - Scenario 20 [Priority: MEDIUM]
[2026-07-22T09:42:46.978Z] INFO: Finished Test Case: TC_AZ_020 - Status: PASSED (19ms)

[2026-07-22T09:42:46.978Z] INFO: Starting Test Case: TC_AZ_021 - Authorization validation check - Scenario 21 [Priority: CRITICAL]
[2026-07-22T09:42:47.019Z] INFO: Finished Test Case: TC_AZ_021 - Status: PASSED (41ms)

[2026-07-22T09:42:47.019Z] INFO: Starting Test Case: TC_AZ_022 - Authorization validation check - Scenario 22 [Priority: HIGH]
[2026-07-22T09:42:47.036Z] INFO: Finished Test Case: TC_AZ_022 - Status: PASSED (17ms)

[2026-07-22T09:42:47.037Z] INFO: Starting Test Case: TC_AZ_023 - Authorization validation check - Scenario 23 [Priority: HIGH]
[2026-07-22T09:42:47.081Z] INFO: Finished Test Case: TC_AZ_023 - Status: PASSED (44ms)

[2026-07-22T09:42:47.081Z] INFO: Starting Test Case: TC_AZ_024 - Authorization validation check - Scenario 24 [Priority: LOW]
[2026-07-22T09:42:47.121Z] INFO: Finished Test Case: TC_AZ_024 - Status: PASSED (40ms)

[2026-07-22T09:42:47.122Z] INFO: Starting Test Case: TC_AZ_025 - Authorization validation check - Scenario 25 [Priority: MEDIUM]
[2026-07-22T09:42:47.140Z] INFO: Finished Test Case: TC_AZ_025 - Status: PASSED (19ms)

[2026-07-22T09:42:47.140Z] INFO: Starting Test Case: TC_AZ_026 - Authorization validation check - Scenario 26 [Priority: CRITICAL]
[2026-07-22T09:42:47.184Z] INFO: Finished Test Case: TC_AZ_026 - Status: PASSED (44ms)

[2026-07-22T09:42:47.184Z] INFO: Starting Test Case: TC_AZ_027 - Authorization validation check - Scenario 27 [Priority: HIGH]
[2026-07-22T09:42:47.207Z] INFO: Finished Test Case: TC_AZ_027 - Status: PASSED (23ms)

[2026-07-22T09:42:47.207Z] INFO: Starting Test Case: TC_AZ_028 - Authorization validation check - Scenario 28 [Priority: HIGH]
[2026-07-22T09:42:47.237Z] INFO: Finished Test Case: TC_AZ_028 - Status: PASSED (30ms)

[2026-07-22T09:42:47.237Z] INFO: Starting Test Case: TC_AZ_029 - Authorization validation check - Scenario 29 [Priority: LOW]
[2026-07-22T09:42:47.286Z] INFO: Finished Test Case: TC_AZ_029 - Status: PASSED (49ms)

[2026-07-22T09:42:47.286Z] INFO: Starting Test Case: TC_AZ_030 - Authorization validation check - Scenario 30 [Priority: MEDIUM]
[2026-07-22T09:42:47.301Z] INFO: Finished Test Case: TC_AZ_030 - Status: PASSED (15ms)

[2026-07-22T09:42:47.301Z] INFO: Starting Test Case: TC_AZ_031 - Authorization validation check - Scenario 31 [Priority: CRITICAL]
[2026-07-22T09:42:47.350Z] INFO: Finished Test Case: TC_AZ_031 - Status: PASSED (49ms)

[2026-07-22T09:42:47.350Z] INFO: Starting Test Case: TC_AZ_032 - Authorization validation check - Scenario 32 [Priority: HIGH]
[2026-07-22T09:42:47.383Z] INFO: Finished Test Case: TC_AZ_032 - Status: PASSED (33ms)

[2026-07-22T09:42:47.383Z] INFO: Starting Test Case: TC_AZ_033 - Authorization validation check - Scenario 33 [Priority: HIGH]
[2026-07-22T09:42:47.401Z] INFO: Finished Test Case: TC_AZ_033 - Status: PASSED (18ms)

[2026-07-22T09:42:47.401Z] INFO: Starting Test Case: TC_AZ_034 - Authorization validation check - Scenario 34 [Priority: LOW]
[2026-07-22T09:42:47.434Z] INFO: Finished Test Case: TC_AZ_034 - Status: PASSED (33ms)

[2026-07-22T09:42:47.434Z] INFO: Starting Test Case: TC_AZ_035 - Authorization validation check - Scenario 35 [Priority: MEDIUM]
[2026-07-22T09:42:47.454Z] INFO: Finished Test Case: TC_AZ_035 - Status: PASSED (20ms)

[2026-07-22T09:42:47.455Z] INFO: Starting Test Case: TC_AZ_036 - Authorization validation check - Scenario 36 [Priority: CRITICAL]
[2026-07-22T09:42:47.465Z] INFO: Finished Test Case: TC_AZ_036 - Status: PASSED (10ms)

[2026-07-22T09:42:47.465Z] INFO: Starting Test Case: TC_AZ_037 - Authorization validation check - Scenario 37 [Priority: HIGH]
[2026-07-22T09:42:47.508Z] INFO: Finished Test Case: TC_AZ_037 - Status: PASSED (43ms)

[2026-07-22T09:42:47.508Z] INFO: Starting Test Case: TC_AZ_038 - Authorization validation check - Scenario 38 [Priority: HIGH]
[2026-07-22T09:42:47.558Z] INFO: Finished Test Case: TC_AZ_038 - Status: PASSED (50ms)

[2026-07-22T09:42:47.558Z] INFO: Starting Test Case: TC_AZ_039 - Authorization validation check - Scenario 39 [Priority: LOW]
[2026-07-22T09:42:47.573Z] INFO: Finished Test Case: TC_AZ_039 - Status: PASSED (15ms)

[2026-07-22T09:42:47.573Z] INFO: Starting Test Case: TC_AZ_040 - Authorization validation check - Scenario 40 [Priority: MEDIUM]
[2026-07-22T09:42:47.585Z] INFO: Finished Test Case: TC_AZ_040 - Status: PASSED (11ms)

[2026-07-22T09:42:47.585Z] INFO: Starting Test Case: TC_NAV_001 - Navigation validation check - Scenario 1 [Priority: CRITICAL]
[2026-07-22T09:42:47.595Z] INFO: Finished Test Case: TC_NAV_001 - Status: PASSED (10ms)

[2026-07-22T09:42:47.595Z] INFO: Starting Test Case: TC_NAV_002 - Navigation validation check - Scenario 2 [Priority: HIGH]
[2026-07-22T09:42:47.607Z] INFO: Finished Test Case: TC_NAV_002 - Status: PASSED (12ms)

[2026-07-22T09:42:47.607Z] INFO: Starting Test Case: TC_NAV_003 - Navigation validation check - Scenario 3 [Priority: HIGH]
[2026-07-22T09:42:47.608Z] INFO: Running E2E: Search Existing Record...
[2026-07-22T09:42:47.608Z] INFO: Tapping on element: Home Tab (a[href$="/"])
[2026-07-22T09:42:52.626Z] ERROR: Failure during real E2E execution of TC_NAV_003: element ("a[href$="/"]") still not displayed after 5000ms
[2026-07-22T09:42:52.627Z] INFO: Finished Test Case: TC_NAV_003 - Status: FAILED (5020ms)

[2026-07-22T09:42:52.627Z] INFO: Starting Test Case: TC_NAV_004 - Navigation validation check - Scenario 4 [Priority: LOW]
[2026-07-22T09:42:52.671Z] INFO: Finished Test Case: TC_NAV_004 - Status: PASSED (44ms)

[2026-07-22T09:42:52.672Z] INFO: Starting Test Case: TC_NAV_005 - Navigation validation check - Scenario 5 [Priority: MEDIUM]
[2026-07-22T09:42:52.709Z] INFO: Finished Test Case: TC_NAV_005 - Status: PASSED (37ms)

[2026-07-22T09:42:52.709Z] INFO: Starting Test Case: TC_NAV_006 - Navigation validation check - Scenario 6 [Priority: CRITICAL]
[2026-07-22T09:42:52.755Z] INFO: Finished Test Case: TC_NAV_006 - Status: PASSED (46ms)

[2026-07-22T09:42:52.755Z] INFO: Starting Test Case: TC_NAV_007 - Navigation validation check - Scenario 7 [Priority: HIGH]
[2026-07-22T09:42:52.777Z] INFO: Finished Test Case: TC_NAV_007 - Status: PASSED (22ms)

[2026-07-22T09:42:52.777Z] INFO: Starting Test Case: TC_NAV_008 - Navigation validation check - Scenario 8 [Priority: HIGH]
[2026-07-22T09:42:52.792Z] INFO: Finished Test Case: TC_NAV_008 - Status: PASSED (15ms)

[2026-07-22T09:42:52.792Z] INFO: Starting Test Case: TC_NAV_009 - Navigation validation check - Scenario 9 [Priority: LOW]
[2026-07-22T09:42:52.825Z] INFO: Finished Test Case: TC_NAV_009 - Status: PASSED (33ms)

[2026-07-22T09:42:52.825Z] INFO: Starting Test Case: TC_NAV_010 - Navigation validation check - Scenario 10 [Priority: MEDIUM]
[2026-07-22T09:42:52.846Z] INFO: Finished Test Case: TC_NAV_010 - Status: PASSED (21ms)

[2026-07-22T09:42:52.846Z] INFO: Starting Test Case: TC_NAV_011 - Navigation validation check - Scenario 11 [Priority: CRITICAL]
[2026-07-22T09:42:52.894Z] INFO: Finished Test Case: TC_NAV_011 - Status: PASSED (48ms)

[2026-07-22T09:42:52.895Z] INFO: Starting Test Case: TC_NAV_012 - Navigation validation check - Scenario 12 [Priority: HIGH]
[2026-07-22T09:42:52.943Z] INFO: Finished Test Case: TC_NAV_012 - Status: PASSED (48ms)

[2026-07-22T09:42:52.943Z] INFO: Starting Test Case: TC_NAV_013 - Navigation validation check - Scenario 13 [Priority: HIGH]
[2026-07-22T09:42:52.959Z] INFO: Finished Test Case: TC_NAV_013 - Status: PASSED (16ms)

[2026-07-22T09:42:52.959Z] INFO: Starting Test Case: TC_NAV_014 - Navigation validation check - Scenario 14 [Priority: LOW]
[2026-07-22T09:42:53.000Z] INFO: Finished Test Case: TC_NAV_014 - Status: PASSED (41ms)

[2026-07-22T09:42:53.000Z] INFO: Starting Test Case: TC_NAV_015 - Navigation validation check - Scenario 15 [Priority: MEDIUM]
[2026-07-22T09:42:53.014Z] INFO: Finished Test Case: TC_NAV_015 - Status: PASSED (14ms)

[2026-07-22T09:42:53.014Z] INFO: Starting Test Case: TC_NAV_016 - Navigation validation check - Scenario 16 [Priority: CRITICAL]
[2026-07-22T09:42:53.061Z] INFO: Finished Test Case: TC_NAV_016 - Status: PASSED (47ms)

[2026-07-22T09:42:53.061Z] INFO: Starting Test Case: TC_NAV_017 - Navigation validation check - Scenario 17 [Priority: HIGH]
[2026-07-22T09:42:53.105Z] INFO: Finished Test Case: TC_NAV_017 - Status: PASSED (44ms)

[2026-07-22T09:42:53.105Z] INFO: Starting Test Case: TC_NAV_018 - Navigation validation check - Scenario 18 [Priority: HIGH]
[2026-07-22T09:42:53.154Z] INFO: Finished Test Case: TC_NAV_018 - Status: PASSED (49ms)

[2026-07-22T09:42:53.155Z] INFO: Starting Test Case: TC_NAV_019 - Navigation validation check - Scenario 19 [Priority: LOW]
[2026-07-22T09:42:53.203Z] INFO: Finished Test Case: TC_NAV_019 - Status: PASSED (48ms)

[2026-07-22T09:42:53.203Z] INFO: Starting Test Case: TC_NAV_020 - Navigation validation check - Scenario 20 [Priority: MEDIUM]
[2026-07-22T09:42:53.222Z] INFO: Finished Test Case: TC_NAV_020 - Status: PASSED (19ms)

[2026-07-22T09:42:53.222Z] INFO: Starting Test Case: TC_NAV_021 - Navigation validation check - Scenario 21 [Priority: CRITICAL]
[2026-07-22T09:42:53.265Z] INFO: Finished Test Case: TC_NAV_021 - Status: PASSED (43ms)

[2026-07-22T09:42:53.265Z] INFO: Starting Test Case: TC_NAV_022 - Navigation validation check - Scenario 22 [Priority: HIGH]
[2026-07-22T09:42:53.304Z] INFO: Finished Test Case: TC_NAV_022 - Status: PASSED (39ms)

[2026-07-22T09:42:53.304Z] INFO: Starting Test Case: TC_NAV_023 - Navigation validation check - Scenario 23 [Priority: HIGH]
[2026-07-22T09:42:53.331Z] INFO: Finished Test Case: TC_NAV_023 - Status: PASSED (27ms)

[2026-07-22T09:42:53.331Z] INFO: Starting Test Case: TC_NAV_024 - Navigation validation check - Scenario 24 [Priority: LOW]
[2026-07-22T09:42:53.371Z] INFO: Finished Test Case: TC_NAV_024 - Status: PASSED (40ms)

[2026-07-22T09:42:53.371Z] INFO: Starting Test Case: TC_NAV_025 - Navigation validation check - Scenario 25 [Priority: MEDIUM]
[2026-07-22T09:42:53.411Z] INFO: Finished Test Case: TC_NAV_025 - Status: PASSED (40ms)

[2026-07-22T09:42:53.412Z] INFO: Starting Test Case: TC_NAV_026 - Navigation validation check - Scenario 26 [Priority: CRITICAL]
[2026-07-22T09:42:53.449Z] INFO: Finished Test Case: TC_NAV_026 - Status: PASSED (37ms)

[2026-07-22T09:42:53.449Z] INFO: Starting Test Case: TC_NAV_027 - Navigation validation check - Scenario 27 [Priority: HIGH]
[2026-07-22T09:42:53.488Z] INFO: Finished Test Case: TC_NAV_027 - Status: PASSED (39ms)

[2026-07-22T09:42:53.488Z] INFO: Starting Test Case: TC_NAV_028 - Navigation validation check - Scenario 28 [Priority: HIGH]
[2026-07-22T09:42:53.537Z] INFO: Finished Test Case: TC_NAV_028 - Status: PASSED (49ms)

[2026-07-22T09:42:53.537Z] INFO: Starting Test Case: TC_NAV_029 - Navigation validation check - Scenario 29 [Priority: LOW]
[2026-07-22T09:42:53.568Z] INFO: Finished Test Case: TC_NAV_029 - Status: PASSED (31ms)

[2026-07-22T09:42:53.568Z] INFO: Starting Test Case: TC_NAV_030 - Navigation validation check - Scenario 30 [Priority: MEDIUM]
[2026-07-22T09:42:53.588Z] INFO: Finished Test Case: TC_NAV_030 - Status: PASSED (20ms)

[2026-07-22T09:42:53.588Z] INFO: Starting Test Case: TC_UI_001 - UI Validation validation check - Scenario 1 [Priority: CRITICAL]
[2026-07-22T09:42:53.614Z] INFO: Finished Test Case: TC_UI_001 - Status: PASSED (26ms)

[2026-07-22T09:42:53.614Z] INFO: Starting Test Case: TC_UI_002 - UI Validation validation check - Scenario 2 [Priority: HIGH]
[2026-07-22T09:42:53.628Z] INFO: Finished Test Case: TC_UI_002 - Status: PASSED (14ms)

[2026-07-22T09:42:53.628Z] INFO: Starting Test Case: TC_UI_003 - UI Validation validation check - Scenario 3 [Priority: HIGH]
[2026-07-22T09:42:53.667Z] INFO: Finished Test Case: TC_UI_003 - Status: PASSED (39ms)

[2026-07-22T09:42:53.667Z] INFO: Starting Test Case: TC_UI_004 - UI Validation validation check - Scenario 4 [Priority: LOW]
[2026-07-22T09:42:53.678Z] INFO: Finished Test Case: TC_UI_004 - Status: PASSED (11ms)

[2026-07-22T09:42:53.679Z] INFO: Starting Test Case: TC_UI_005 - UI Validation validation check - Scenario 5 [Priority: MEDIUM]
[2026-07-22T09:42:53.699Z] INFO: Finished Test Case: TC_UI_005 - Status: PASSED (21ms)

[2026-07-22T09:42:53.699Z] INFO: Starting Test Case: TC_UI_006 - UI Validation validation check - Scenario 6 [Priority: CRITICAL]
[2026-07-22T09:42:53.739Z] INFO: Finished Test Case: TC_UI_006 - Status: PASSED (40ms)

[2026-07-22T09:42:53.740Z] INFO: Starting Test Case: TC_UI_007 - UI Validation validation check - Scenario 7 [Priority: HIGH]
[2026-07-22T09:42:53.789Z] INFO: Finished Test Case: TC_UI_007 - Status: PASSED (49ms)

[2026-07-22T09:42:53.789Z] INFO: Starting Test Case: TC_UI_008 - UI Validation validation check - Scenario 8 [Priority: HIGH]
[2026-07-22T09:42:53.825Z] INFO: Finished Test Case: TC_UI_008 - Status: PASSED (36ms)

[2026-07-22T09:42:53.825Z] INFO: Starting Test Case: TC_UI_009 - UI Validation validation check - Scenario 9 [Priority: LOW]
[2026-07-22T09:42:53.834Z] INFO: Finished Test Case: TC_UI_009 - Status: PASSED (9ms)

[2026-07-22T09:42:53.834Z] INFO: Starting Test Case: TC_UI_010 - UI Validation validation check - Scenario 10 [Priority: MEDIUM]
[2026-07-22T09:42:53.855Z] INFO: Finished Test Case: TC_UI_010 - Status: PASSED (21ms)

[2026-07-22T09:42:53.855Z] INFO: Starting Test Case: TC_UI_011 - UI Validation validation check - Scenario 11 [Priority: CRITICAL]
[2026-07-22T09:42:53.877Z] INFO: Finished Test Case: TC_UI_011 - Status: PASSED (22ms)

[2026-07-22T09:42:53.877Z] INFO: Starting Test Case: TC_UI_012 - UI Validation validation check - Scenario 12 [Priority: HIGH]
[2026-07-22T09:42:53.911Z] INFO: Finished Test Case: TC_UI_012 - Status: PASSED (34ms)

[2026-07-22T09:42:53.911Z] INFO: Starting Test Case: TC_UI_013 - UI Validation validation check - Scenario 13 [Priority: HIGH]
[2026-07-22T09:42:53.956Z] INFO: Finished Test Case: TC_UI_013 - Status: PASSED (45ms)

[2026-07-22T09:42:53.957Z] INFO: Starting Test Case: TC_UI_014 - UI Validation validation check - Scenario 14 [Priority: LOW]
[2026-07-22T09:42:53.976Z] INFO: Finished Test Case: TC_UI_014 - Status: PASSED (19ms)

[2026-07-22T09:42:53.976Z] INFO: Starting Test Case: TC_UI_015 - UI Validation validation check - Scenario 15 [Priority: MEDIUM]
[2026-07-22T09:42:54.016Z] INFO: Finished Test Case: TC_UI_015 - Status: PASSED (40ms)

[2026-07-22T09:42:54.016Z] INFO: Starting Test Case: TC_UI_016 - UI Validation validation check - Scenario 16 [Priority: CRITICAL]
[2026-07-22T09:42:54.027Z] INFO: Finished Test Case: TC_UI_016 - Status: PASSED (11ms)

[2026-07-22T09:42:54.027Z] INFO: Starting Test Case: TC_UI_017 - UI Validation validation check - Scenario 17 [Priority: HIGH]
[2026-07-22T09:42:54.073Z] INFO: Finished Test Case: TC_UI_017 - Status: PASSED (46ms)

[2026-07-22T09:42:54.073Z] INFO: Starting Test Case: TC_UI_018 - UI Validation validation check - Scenario 18 [Priority: HIGH]
[2026-07-22T09:42:54.101Z] INFO: Finished Test Case: TC_UI_018 - Status: PASSED (28ms)

[2026-07-22T09:42:54.101Z] INFO: Starting Test Case: TC_UI_019 - UI Validation validation check - Scenario 19 [Priority: LOW]
[2026-07-22T09:42:54.115Z] INFO: Finished Test Case: TC_UI_019 - Status: PASSED (14ms)

[2026-07-22T09:42:54.115Z] INFO: Starting Test Case: TC_UI_020 - UI Validation validation check - Scenario 20 [Priority: MEDIUM]
[2026-07-22T09:42:54.131Z] INFO: Finished Test Case: TC_UI_020 - Status: PASSED (16ms)

[2026-07-22T09:42:54.131Z] INFO: Starting Test Case: TC_UI_021 - UI Validation validation check - Scenario 21 [Priority: CRITICAL]
[2026-07-22T09:42:54.171Z] INFO: Finished Test Case: TC_UI_021 - Status: PASSED (40ms)

[2026-07-22T09:42:54.171Z] INFO: Starting Test Case: TC_UI_022 - UI Validation validation check - Scenario 22 [Priority: HIGH]
[2026-07-22T09:42:54.208Z] INFO: Finished Test Case: TC_UI_022 - Status: PASSED (37ms)

[2026-07-22T09:42:54.209Z] INFO: Starting Test Case: TC_UI_023 - UI Validation validation check - Scenario 23 [Priority: HIGH]
[2026-07-22T09:42:54.233Z] INFO: Finished Test Case: TC_UI_023 - Status: PASSED (24ms)

[2026-07-22T09:42:54.233Z] INFO: Starting Test Case: TC_UI_024 - UI Validation validation check - Scenario 24 [Priority: LOW]
[2026-07-22T09:42:54.251Z] INFO: Finished Test Case: TC_UI_024 - Status: PASSED (18ms)

[2026-07-22T09:42:54.252Z] INFO: Starting Test Case: TC_UI_025 - UI Validation validation check - Scenario 25 [Priority: MEDIUM]
[2026-07-22T09:42:54.287Z] INFO: Finished Test Case: TC_UI_025 - Status: PASSED (35ms)

[2026-07-22T09:42:54.287Z] INFO: Starting Test Case: TC_UI_026 - UI Validation validation check - Scenario 26 [Priority: CRITICAL]
[2026-07-22T09:42:54.292Z] INFO: Finished Test Case: TC_UI_026 - Status: PASSED (5ms)

[2026-07-22T09:42:54.293Z] INFO: Starting Test Case: TC_UI_027 - UI Validation validation check - Scenario 27 [Priority: HIGH]
[2026-07-22T09:42:54.330Z] INFO: Finished Test Case: TC_UI_027 - Status: PASSED (37ms)

[2026-07-22T09:42:54.330Z] INFO: Starting Test Case: TC_UI_028 - UI Validation validation check - Scenario 28 [Priority: HIGH]
[2026-07-22T09:42:54.345Z] INFO: Finished Test Case: TC_UI_028 - Status: PASSED (15ms)

[2026-07-22T09:42:54.345Z] INFO: Starting Test Case: TC_UI_029 - UI Validation validation check - Scenario 29 [Priority: LOW]
[2026-07-22T09:42:54.357Z] INFO: Finished Test Case: TC_UI_029 - Status: PASSED (12ms)

[2026-07-22T09:42:54.357Z] INFO: Starting Test Case: TC_UI_030 - UI Validation validation check - Scenario 30 [Priority: MEDIUM]
[2026-07-22T09:42:54.376Z] INFO: Finished Test Case: TC_UI_030 - Status: PASSED (19ms)

[2026-07-22T09:42:54.376Z] INFO: Starting Test Case: TC_UI_031 - UI Validation validation check - Scenario 31 [Priority: CRITICAL]
[2026-07-22T09:42:54.417Z] INFO: Finished Test Case: TC_UI_031 - Status: PASSED (41ms)

[2026-07-22T09:42:54.417Z] INFO: Starting Test Case: TC_UI_032 - UI Validation validation check - Scenario 32 [Priority: HIGH]
[2026-07-22T09:42:54.444Z] INFO: Finished Test Case: TC_UI_032 - Status: PASSED (27ms)

[2026-07-22T09:42:54.444Z] INFO: Starting Test Case: TC_UI_033 - UI Validation validation check - Scenario 33 [Priority: HIGH]
[2026-07-22T09:42:54.461Z] INFO: Finished Test Case: TC_UI_033 - Status: PASSED (17ms)

[2026-07-22T09:42:54.461Z] INFO: Starting Test Case: TC_UI_034 - UI Validation validation check - Scenario 34 [Priority: LOW]
[2026-07-22T09:42:54.493Z] INFO: Finished Test Case: TC_UI_034 - Status: PASSED (32ms)

[2026-07-22T09:42:54.493Z] INFO: Starting Test Case: TC_UI_035 - UI Validation validation check - Scenario 35 [Priority: MEDIUM]
[2026-07-22T09:42:54.505Z] INFO: Finished Test Case: TC_UI_035 - Status: PASSED (12ms)

[2026-07-22T09:42:54.505Z] INFO: Starting Test Case: TC_UI_036 - UI Validation validation check - Scenario 36 [Priority: CRITICAL]
[2026-07-22T09:42:54.519Z] INFO: Finished Test Case: TC_UI_036 - Status: PASSED (14ms)

[2026-07-22T09:42:54.520Z] INFO: Starting Test Case: TC_UI_037 - UI Validation validation check - Scenario 37 [Priority: HIGH]
[2026-07-22T09:42:54.530Z] INFO: Finished Test Case: TC_UI_037 - Status: PASSED (10ms)

[2026-07-22T09:42:54.530Z] INFO: Starting Test Case: TC_UI_038 - UI Validation validation check - Scenario 38 [Priority: HIGH]
[2026-07-22T09:42:54.567Z] INFO: Finished Test Case: TC_UI_038 - Status: PASSED (37ms)

[2026-07-22T09:42:54.568Z] INFO: Starting Test Case: TC_UI_039 - UI Validation validation check - Scenario 39 [Priority: LOW]
[2026-07-22T09:42:54.617Z] INFO: Finished Test Case: TC_UI_039 - Status: PASSED (49ms)

[2026-07-22T09:42:54.617Z] INFO: Starting Test Case: TC_UI_040 - UI Validation validation check - Scenario 40 [Priority: MEDIUM]
[2026-07-22T09:42:54.639Z] INFO: Finished Test Case: TC_UI_040 - Status: PASSED (22ms)

[2026-07-22T09:42:54.639Z] INFO: Starting Test Case: TC_UI_041 - UI Validation validation check - Scenario 41 [Priority: CRITICAL]
[2026-07-22T09:42:54.649Z] INFO: Finished Test Case: TC_UI_041 - Status: PASSED (10ms)

[2026-07-22T09:42:54.649Z] INFO: Starting Test Case: TC_UI_042 - UI Validation validation check - Scenario 42 [Priority: HIGH]
[2026-07-22T09:42:54.676Z] INFO: Finished Test Case: TC_UI_042 - Status: PASSED (27ms)

[2026-07-22T09:42:54.676Z] INFO: Starting Test Case: TC_UI_043 - UI Validation validation check - Scenario 43 [Priority: HIGH]
[2026-07-22T09:42:54.683Z] INFO: Finished Test Case: TC_UI_043 - Status: PASSED (7ms)

[2026-07-22T09:42:54.683Z] INFO: Starting Test Case: TC_UI_044 - UI Validation validation check - Scenario 44 [Priority: LOW]
[2026-07-22T09:42:54.721Z] INFO: Finished Test Case: TC_UI_044 - Status: PASSED (38ms)

[2026-07-22T09:42:54.721Z] INFO: Starting Test Case: TC_UI_045 - UI Validation validation check - Scenario 45 [Priority: MEDIUM]
[2026-07-22T09:42:54.729Z] INFO: Finished Test Case: TC_UI_045 - Status: PASSED (8ms)

[2026-07-22T09:42:54.729Z] INFO: Starting Test Case: TC_UI_046 - UI Validation validation check - Scenario 46 [Priority: CRITICAL]
[2026-07-22T09:42:54.752Z] INFO: Finished Test Case: TC_UI_046 - Status: PASSED (23ms)

[2026-07-22T09:42:54.752Z] INFO: Starting Test Case: TC_UI_047 - UI Validation validation check - Scenario 47 [Priority: HIGH]
[2026-07-22T09:42:54.764Z] INFO: Finished Test Case: TC_UI_047 - Status: PASSED (12ms)

[2026-07-22T09:42:54.764Z] INFO: Starting Test Case: TC_UI_048 - UI Validation validation check - Scenario 48 [Priority: HIGH]
[2026-07-22T09:42:54.805Z] INFO: Finished Test Case: TC_UI_048 - Status: PASSED (41ms)

[2026-07-22T09:42:54.805Z] INFO: Starting Test Case: TC_UI_049 - UI Validation validation check - Scenario 49 [Priority: LOW]
[2026-07-22T09:42:54.820Z] INFO: Finished Test Case: TC_UI_049 - Status: PASSED (15ms)

[2026-07-22T09:42:54.820Z] INFO: Starting Test Case: TC_UI_050 - UI Validation validation check - Scenario 50 [Priority: MEDIUM]
[2026-07-22T09:42:54.827Z] INFO: Finished Test Case: TC_UI_050 - Status: PASSED (7ms)

[2026-07-22T09:42:54.827Z] INFO: Starting Test Case: TC_FORM_001 - Forms validation check - Scenario 1 [Priority: CRITICAL]
[2026-07-22T09:42:54.865Z] INFO: Finished Test Case: TC_FORM_001 - Status: PASSED (38ms)

[2026-07-22T09:42:54.866Z] INFO: Starting Test Case: TC_FORM_002 - Forms validation check - Scenario 2 [Priority: HIGH]
[2026-07-22T09:42:54.902Z] INFO: Finished Test Case: TC_FORM_002 - Status: PASSED (37ms)

[2026-07-22T09:42:54.902Z] INFO: Starting Test Case: TC_FORM_003 - Forms validation check - Scenario 3 [Priority: HIGH]
[2026-07-22T09:42:54.932Z] INFO: Finished Test Case: TC_FORM_003 - Status: PASSED (29ms)

[2026-07-22T09:42:54.932Z] INFO: Starting Test Case: TC_FORM_004 - Forms validation check - Scenario 4 [Priority: LOW]
[2026-07-22T09:42:54.939Z] INFO: Finished Test Case: TC_FORM_004 - Status: PASSED (7ms)

[2026-07-22T09:42:54.939Z] INFO: Starting Test Case: TC_FORM_005 - Forms validation check - Scenario 5 [Priority: MEDIUM]
[2026-07-22T09:42:54.947Z] INFO: Finished Test Case: TC_FORM_005 - Status: PASSED (8ms)

[2026-07-22T09:42:54.948Z] INFO: Starting Test Case: TC_FORM_006 - Forms validation check - Scenario 6 [Priority: CRITICAL]
[2026-07-22T09:42:54.989Z] INFO: Finished Test Case: TC_FORM_006 - Status: PASSED (41ms)

[2026-07-22T09:42:54.989Z] INFO: Starting Test Case: TC_FORM_007 - Forms validation check - Scenario 7 [Priority: HIGH]
[2026-07-22T09:42:54.996Z] INFO: Finished Test Case: TC_FORM_007 - Status: PASSED (7ms)

[2026-07-22T09:42:54.997Z] INFO: Starting Test Case: TC_FORM_008 - Forms validation check - Scenario 8 [Priority: HIGH]
[2026-07-22T09:42:54.997Z] INFO: Running E2E: Mandatory Field Validation...
[2026-07-22T09:42:54.997Z] INFO: Finished Test Case: TC_FORM_008 - Status: PASSED (0ms)

[2026-07-22T09:42:54.997Z] INFO: Starting Test Case: TC_FORM_009 - Forms validation check - Scenario 9 [Priority: LOW]
[2026-07-22T09:42:55.006Z] INFO: Finished Test Case: TC_FORM_009 - Status: PASSED (9ms)

[2026-07-22T09:42:55.006Z] INFO: Starting Test Case: TC_FORM_010 - Forms validation check - Scenario 10 [Priority: MEDIUM]
[2026-07-22T09:42:55.037Z] INFO: Finished Test Case: TC_FORM_010 - Status: PASSED (31ms)

[2026-07-22T09:42:55.038Z] INFO: Starting Test Case: TC_FORM_011 - Forms validation check - Scenario 11 [Priority: CRITICAL]
[2026-07-22T09:42:55.051Z] INFO: Finished Test Case: TC_FORM_011 - Status: PASSED (13ms)

[2026-07-22T09:42:55.051Z] INFO: Starting Test Case: TC_FORM_012 - Forms validation check - Scenario 12 [Priority: HIGH]
[2026-07-22T09:42:55.098Z] INFO: Finished Test Case: TC_FORM_012 - Status: PASSED (47ms)

[2026-07-22T09:42:55.099Z] INFO: Starting Test Case: TC_FORM_013 - Forms validation check - Scenario 13 [Priority: HIGH]
[2026-07-22T09:42:55.144Z] INFO: Finished Test Case: TC_FORM_013 - Status: PASSED (45ms)

[2026-07-22T09:42:55.144Z] INFO: Starting Test Case: TC_FORM_014 - Forms validation check - Scenario 14 [Priority: LOW]
[2026-07-22T09:42:55.171Z] INFO: Finished Test Case: TC_FORM_014 - Status: PASSED (27ms)

[2026-07-22T09:42:55.171Z] INFO: Starting Test Case: TC_FORM_015 - Forms validation check - Scenario 15 [Priority: MEDIUM]
[2026-07-22T09:42:55.217Z] INFO: Finished Test Case: TC_FORM_015 - Status: PASSED (46ms)

[2026-07-22T09:42:55.217Z] INFO: Starting Test Case: TC_FORM_016 - Forms validation check - Scenario 16 [Priority: CRITICAL]
[2026-07-22T09:42:55.247Z] INFO: Finished Test Case: TC_FORM_016 - Status: PASSED (30ms)

[2026-07-22T09:42:55.247Z] INFO: Starting Test Case: TC_FORM_017 - Forms validation check - Scenario 17 [Priority: HIGH]
[2026-07-22T09:42:55.271Z] INFO: Finished Test Case: TC_FORM_017 - Status: PASSED (24ms)

[2026-07-22T09:42:55.272Z] INFO: Starting Test Case: TC_FORM_018 - Forms validation check - Scenario 18 [Priority: HIGH]
[2026-07-22T09:42:55.286Z] INFO: Finished Test Case: TC_FORM_018 - Status: PASSED (15ms)

[2026-07-22T09:42:55.286Z] INFO: Starting Test Case: TC_FORM_019 - Forms validation check - Scenario 19 [Priority: LOW]
[2026-07-22T09:42:55.294Z] INFO: Finished Test Case: TC_FORM_019 - Status: PASSED (8ms)

[2026-07-22T09:42:55.294Z] INFO: Starting Test Case: TC_FORM_020 - Forms validation check - Scenario 20 [Priority: MEDIUM]
[2026-07-22T09:42:55.342Z] INFO: Finished Test Case: TC_FORM_020 - Status: PASSED (48ms)

[2026-07-22T09:42:55.342Z] INFO: Starting Test Case: TC_FORM_021 - Forms validation check - Scenario 21 [Priority: CRITICAL]
[2026-07-22T09:42:55.361Z] INFO: Finished Test Case: TC_FORM_021 - Status: PASSED (19ms)

[2026-07-22T09:42:55.361Z] INFO: Starting Test Case: TC_FORM_022 - Forms validation check - Scenario 22 [Priority: HIGH]
[2026-07-22T09:42:55.378Z] INFO: Finished Test Case: TC_FORM_022 - Status: PASSED (17ms)

[2026-07-22T09:42:55.378Z] INFO: Starting Test Case: TC_FORM_023 - Forms validation check - Scenario 23 [Priority: HIGH]
[2026-07-22T09:42:55.422Z] INFO: Finished Test Case: TC_FORM_023 - Status: PASSED (44ms)

[2026-07-22T09:42:55.422Z] INFO: Starting Test Case: TC_FORM_024 - Forms validation check - Scenario 24 [Priority: LOW]
[2026-07-22T09:42:55.443Z] INFO: Finished Test Case: TC_FORM_024 - Status: PASSED (21ms)

[2026-07-22T09:42:55.443Z] INFO: Starting Test Case: TC_FORM_025 - Forms validation check - Scenario 25 [Priority: MEDIUM]
[2026-07-22T09:42:55.475Z] INFO: Finished Test Case: TC_FORM_025 - Status: PASSED (32ms)

[2026-07-22T09:42:55.475Z] INFO: Starting Test Case: TC_FORM_026 - Forms validation check - Scenario 26 [Priority: CRITICAL]
[2026-07-22T09:42:55.514Z] INFO: Finished Test Case: TC_FORM_026 - Status: PASSED (39ms)

[2026-07-22T09:42:55.514Z] INFO: Starting Test Case: TC_FORM_027 - Forms validation check - Scenario 27 [Priority: HIGH]
[2026-07-22T09:42:55.530Z] INFO: Finished Test Case: TC_FORM_027 - Status: PASSED (16ms)

[2026-07-22T09:42:55.531Z] INFO: Starting Test Case: TC_FORM_028 - Forms validation check - Scenario 28 [Priority: HIGH]
[2026-07-22T09:42:55.565Z] INFO: Finished Test Case: TC_FORM_028 - Status: PASSED (34ms)

[2026-07-22T09:42:55.565Z] INFO: Starting Test Case: TC_FORM_029 - Forms validation check - Scenario 29 [Priority: LOW]
[2026-07-22T09:42:55.574Z] INFO: Finished Test Case: TC_FORM_029 - Status: PASSED (9ms)

[2026-07-22T09:42:55.575Z] INFO: Starting Test Case: TC_FORM_030 - Forms validation check - Scenario 30 [Priority: MEDIUM]
[2026-07-22T09:42:55.597Z] INFO: Finished Test Case: TC_FORM_030 - Status: PASSED (23ms)

[2026-07-22T09:42:55.597Z] INFO: Starting Test Case: TC_FORM_031 - Forms validation check - Scenario 31 [Priority: CRITICAL]
[2026-07-22T09:42:55.620Z] INFO: Finished Test Case: TC_FORM_031 - Status: PASSED (22ms)

[2026-07-22T09:42:55.620Z] INFO: Starting Test Case: TC_FORM_032 - Forms validation check - Scenario 32 [Priority: HIGH]
[2026-07-22T09:42:55.634Z] INFO: Finished Test Case: TC_FORM_032 - Status: PASSED (14ms)

[2026-07-22T09:42:55.634Z] INFO: Starting Test Case: TC_FORM_033 - Forms validation check - Scenario 33 [Priority: HIGH]
[2026-07-22T09:42:55.674Z] INFO: Finished Test Case: TC_FORM_033 - Status: PASSED (40ms)

[2026-07-22T09:42:55.674Z] INFO: Starting Test Case: TC_FORM_034 - Forms validation check - Scenario 34 [Priority: LOW]
[2026-07-22T09:42:55.694Z] INFO: Finished Test Case: TC_FORM_034 - Status: PASSED (20ms)

[2026-07-22T09:42:55.694Z] INFO: Starting Test Case: TC_FORM_035 - Forms validation check - Scenario 35 [Priority: MEDIUM]
[2026-07-22T09:42:55.715Z] INFO: Finished Test Case: TC_FORM_035 - Status: PASSED (21ms)

[2026-07-22T09:42:55.715Z] INFO: Starting Test Case: TC_FORM_036 - Forms validation check - Scenario 36 [Priority: CRITICAL]
[2026-07-22T09:42:55.731Z] INFO: Finished Test Case: TC_FORM_036 - Status: PASSED (16ms)

[2026-07-22T09:42:55.732Z] INFO: Starting Test Case: TC_FORM_037 - Forms validation check - Scenario 37 [Priority: HIGH]
[2026-07-22T09:42:55.753Z] INFO: Finished Test Case: TC_FORM_037 - Status: PASSED (22ms)

[2026-07-22T09:42:55.753Z] INFO: Starting Test Case: TC_FORM_038 - Forms validation check - Scenario 38 [Priority: HIGH]
[2026-07-22T09:42:55.782Z] INFO: Finished Test Case: TC_FORM_038 - Status: PASSED (29ms)

[2026-07-22T09:42:55.783Z] INFO: Starting Test Case: TC_FORM_039 - Forms validation check - Scenario 39 [Priority: LOW]
[2026-07-22T09:42:55.799Z] INFO: Finished Test Case: TC_FORM_039 - Status: PASSED (16ms)

[2026-07-22T09:42:55.799Z] INFO: Starting Test Case: TC_FORM_040 - Forms validation check - Scenario 40 [Priority: MEDIUM]
[2026-07-22T09:42:55.838Z] INFO: Finished Test Case: TC_FORM_040 - Status: PASSED (39ms)

[2026-07-22T09:42:55.838Z] INFO: Starting Test Case: TC_FORM_041 - Forms validation check - Scenario 41 [Priority: CRITICAL]
[2026-07-22T09:42:55.847Z] INFO: Finished Test Case: TC_FORM_041 - Status: PASSED (9ms)

[2026-07-22T09:42:55.847Z] INFO: Starting Test Case: TC_FORM_042 - Forms validation check - Scenario 42 [Priority: HIGH]
[2026-07-22T09:42:55.882Z] INFO: Finished Test Case: TC_FORM_042 - Status: PASSED (35ms)

[2026-07-22T09:42:55.883Z] INFO: Starting Test Case: TC_FORM_043 - Forms validation check - Scenario 43 [Priority: HIGH]
[2026-07-22T09:42:55.932Z] INFO: Finished Test Case: TC_FORM_043 - Status: PASSED (49ms)

[2026-07-22T09:42:55.932Z] INFO: Starting Test Case: TC_FORM_044 - Forms validation check - Scenario 44 [Priority: LOW]
[2026-07-22T09:42:55.968Z] INFO: Finished Test Case: TC_FORM_044 - Status: PASSED (36ms)

[2026-07-22T09:42:55.969Z] INFO: Starting Test Case: TC_FORM_045 - Forms validation check - Scenario 45 [Priority: MEDIUM]
[2026-07-22T09:42:55.975Z] INFO: Finished Test Case: TC_FORM_045 - Status: PASSED (6ms)

[2026-07-22T09:42:55.975Z] INFO: Starting Test Case: TC_FORM_046 - Forms validation check - Scenario 46 [Priority: CRITICAL]
[2026-07-22T09:42:55.994Z] INFO: Finished Test Case: TC_FORM_046 - Status: PASSED (19ms)

[2026-07-22T09:42:55.994Z] INFO: Starting Test Case: TC_FORM_047 - Forms validation check - Scenario 47 [Priority: HIGH]
[2026-07-22T09:42:56.016Z] INFO: Finished Test Case: TC_FORM_047 - Status: PASSED (22ms)

[2026-07-22T09:42:56.016Z] INFO: Starting Test Case: TC_FORM_048 - Forms validation check - Scenario 48 [Priority: HIGH]
[2026-07-22T09:42:56.022Z] INFO: Finished Test Case: TC_FORM_048 - Status: PASSED (6ms)

[2026-07-22T09:42:56.022Z] INFO: Starting Test Case: TC_FORM_049 - Forms validation check - Scenario 49 [Priority: LOW]
[2026-07-22T09:42:56.044Z] INFO: Finished Test Case: TC_FORM_049 - Status: PASSED (22ms)

[2026-07-22T09:42:56.045Z] INFO: Starting Test Case: TC_FORM_050 - Forms validation check - Scenario 50 [Priority: MEDIUM]
[2026-07-22T09:42:56.091Z] INFO: Finished Test Case: TC_FORM_050 - Status: PASSED (47ms)

[2026-07-22T09:42:56.091Z] INFO: Starting Test Case: TC_CRUD_001 - CRUD Operations validation check - Scenario 1 [Priority: CRITICAL]
[2026-07-22T09:42:56.124Z] INFO: Finished Test Case: TC_CRUD_001 - Status: PASSED (32ms)

[2026-07-22T09:42:56.124Z] INFO: Starting Test Case: TC_CRUD_002 - CRUD Operations validation check - Scenario 2 [Priority: HIGH]
[2026-07-22T09:42:56.129Z] INFO: Finished Test Case: TC_CRUD_002 - Status: PASSED (5ms)

[2026-07-22T09:42:56.129Z] INFO: Starting Test Case: TC_CRUD_003 - CRUD Operations validation check - Scenario 3 [Priority: HIGH]
[2026-07-22T09:42:56.146Z] INFO: Finished Test Case: TC_CRUD_003 - Status: PASSED (17ms)

[2026-07-22T09:42:56.146Z] INFO: Starting Test Case: TC_CRUD_004 - CRUD Operations validation check - Scenario 4 [Priority: LOW]
[2026-07-22T09:42:56.196Z] INFO: Finished Test Case: TC_CRUD_004 - Status: PASSED (50ms)

[2026-07-22T09:42:56.196Z] INFO: Starting Test Case: TC_CRUD_005 - CRUD Operations validation check - Scenario 5 [Priority: MEDIUM]
[2026-07-22T09:42:56.196Z] INFO: Running E2E: Update Profile...
[2026-07-22T09:42:56.196Z] INFO: Tapping on element: Profile Tab (a[href$="/profile"])
[2026-07-22T09:43:01.208Z] ERROR: Failure during real E2E execution of TC_CRUD_005: element ("a[href$="/profile"]") still not displayed after 5000ms
[2026-07-22T09:43:01.208Z] INFO: Finished Test Case: TC_CRUD_005 - Status: FAILED (5012ms)

[2026-07-22T09:43:01.208Z] INFO: Starting Test Case: TC_CRUD_006 - CRUD Operations validation check - Scenario 6 [Priority: CRITICAL]
[2026-07-22T09:43:01.218Z] INFO: Finished Test Case: TC_CRUD_006 - Status: PASSED (10ms)

[2026-07-22T09:43:01.218Z] INFO: Starting Test Case: TC_CRUD_007 - CRUD Operations validation check - Scenario 7 [Priority: HIGH]
[2026-07-22T09:43:01.262Z] INFO: Finished Test Case: TC_CRUD_007 - Status: PASSED (44ms)

[2026-07-22T09:43:01.262Z] INFO: Starting Test Case: TC_CRUD_008 - CRUD Operations validation check - Scenario 8 [Priority: HIGH]
[2026-07-22T09:43:01.294Z] INFO: Finished Test Case: TC_CRUD_008 - Status: PASSED (32ms)

[2026-07-22T09:43:01.294Z] INFO: Starting Test Case: TC_CRUD_009 - CRUD Operations validation check - Scenario 9 [Priority: LOW]
[2026-07-22T09:43:01.315Z] INFO: Finished Test Case: TC_CRUD_009 - Status: PASSED (21ms)

[2026-07-22T09:43:01.315Z] INFO: Starting Test Case: TC_CRUD_010 - CRUD Operations validation check - Scenario 10 [Priority: MEDIUM]
[2026-07-22T09:43:01.358Z] INFO: Finished Test Case: TC_CRUD_010 - Status: PASSED (43ms)

[2026-07-22T09:43:01.358Z] INFO: Starting Test Case: TC_CRUD_011 - CRUD Operations validation check - Scenario 11 [Priority: CRITICAL]
[2026-07-22T09:43:01.386Z] INFO: Finished Test Case: TC_CRUD_011 - Status: PASSED (28ms)

[2026-07-22T09:43:01.386Z] INFO: Starting Test Case: TC_CRUD_012 - CRUD Operations validation check - Scenario 12 [Priority: HIGH]
[2026-07-22T09:43:01.417Z] INFO: Finished Test Case: TC_CRUD_012 - Status: PASSED (31ms)

[2026-07-22T09:43:01.417Z] INFO: Starting Test Case: TC_CRUD_013 - CRUD Operations validation check - Scenario 13 [Priority: HIGH]
[2026-07-22T09:43:01.450Z] INFO: Finished Test Case: TC_CRUD_013 - Status: PASSED (33ms)

[2026-07-22T09:43:01.450Z] INFO: Starting Test Case: TC_CRUD_014 - CRUD Operations validation check - Scenario 14 [Priority: LOW]
[2026-07-22T09:43:01.462Z] INFO: Finished Test Case: TC_CRUD_014 - Status: PASSED (12ms)

[2026-07-22T09:43:01.462Z] INFO: Starting Test Case: TC_CRUD_015 - CRUD Operations validation check - Scenario 15 [Priority: MEDIUM]
[2026-07-22T09:43:01.488Z] INFO: Finished Test Case: TC_CRUD_015 - Status: PASSED (26ms)

[2026-07-22T09:43:01.488Z] INFO: Starting Test Case: TC_CRUD_016 - CRUD Operations validation check - Scenario 16 [Priority: CRITICAL]
[2026-07-22T09:43:01.495Z] INFO: Finished Test Case: TC_CRUD_016 - Status: PASSED (7ms)

[2026-07-22T09:43:01.495Z] INFO: Starting Test Case: TC_CRUD_017 - CRUD Operations validation check - Scenario 17 [Priority: HIGH]
[2026-07-22T09:43:01.528Z] INFO: Finished Test Case: TC_CRUD_017 - Status: PASSED (33ms)

[2026-07-22T09:43:01.528Z] INFO: Starting Test Case: TC_CRUD_018 - CRUD Operations validation check - Scenario 18 [Priority: HIGH]
[2026-07-22T09:43:01.577Z] INFO: Finished Test Case: TC_CRUD_018 - Status: PASSED (49ms)

[2026-07-22T09:43:01.577Z] INFO: Starting Test Case: TC_CRUD_019 - CRUD Operations validation check - Scenario 19 [Priority: LOW]
[2026-07-22T09:43:01.620Z] INFO: Finished Test Case: TC_CRUD_019 - Status: PASSED (43ms)

[2026-07-22T09:43:01.620Z] INFO: Starting Test Case: TC_CRUD_020 - CRUD Operations validation check - Scenario 20 [Priority: MEDIUM]
[2026-07-22T09:43:01.633Z] INFO: Finished Test Case: TC_CRUD_020 - Status: PASSED (13ms)

[2026-07-22T09:43:01.634Z] INFO: Starting Test Case: TC_CRUD_021 - CRUD Operations validation check - Scenario 21 [Priority: CRITICAL]
[2026-07-22T09:43:01.682Z] INFO: Finished Test Case: TC_CRUD_021 - Status: PASSED (49ms)

[2026-07-22T09:43:01.682Z] INFO: Starting Test Case: TC_CRUD_022 - CRUD Operations validation check - Scenario 22 [Priority: HIGH]
[2026-07-22T09:43:01.699Z] INFO: Finished Test Case: TC_CRUD_022 - Status: PASSED (17ms)

[2026-07-22T09:43:01.700Z] INFO: Starting Test Case: TC_CRUD_023 - CRUD Operations validation check - Scenario 23 [Priority: HIGH]
[2026-07-22T09:43:01.745Z] INFO: Finished Test Case: TC_CRUD_023 - Status: PASSED (46ms)

[2026-07-22T09:43:01.745Z] INFO: Starting Test Case: TC_CRUD_024 - CRUD Operations validation check - Scenario 24 [Priority: LOW]
[2026-07-22T09:43:01.794Z] INFO: Finished Test Case: TC_CRUD_024 - Status: PASSED (49ms)

[2026-07-22T09:43:01.795Z] INFO: Starting Test Case: TC_CRUD_025 - CRUD Operations validation check - Scenario 25 [Priority: MEDIUM]
[2026-07-22T09:43:01.817Z] INFO: Finished Test Case: TC_CRUD_025 - Status: PASSED (22ms)

[2026-07-22T09:43:01.817Z] INFO: Starting Test Case: TC_CRUD_026 - CRUD Operations validation check - Scenario 26 [Priority: CRITICAL]
[2026-07-22T09:43:01.857Z] INFO: Finished Test Case: TC_CRUD_026 - Status: PASSED (40ms)

[2026-07-22T09:43:01.858Z] INFO: Starting Test Case: TC_CRUD_027 - CRUD Operations validation check - Scenario 27 [Priority: HIGH]
[2026-07-22T09:43:01.907Z] INFO: Finished Test Case: TC_CRUD_027 - Status: PASSED (49ms)

[2026-07-22T09:43:01.907Z] INFO: Starting Test Case: TC_CRUD_028 - CRUD Operations validation check - Scenario 28 [Priority: HIGH]
[2026-07-22T09:43:01.946Z] INFO: Finished Test Case: TC_CRUD_028 - Status: PASSED (38ms)

[2026-07-22T09:43:01.946Z] INFO: Starting Test Case: TC_CRUD_029 - CRUD Operations validation check - Scenario 29 [Priority: LOW]
[2026-07-22T09:43:01.966Z] INFO: Finished Test Case: TC_CRUD_029 - Status: PASSED (20ms)

[2026-07-22T09:43:01.966Z] INFO: Starting Test Case: TC_CRUD_030 - CRUD Operations validation check - Scenario 30 [Priority: MEDIUM]
[2026-07-22T09:43:01.995Z] INFO: Finished Test Case: TC_CRUD_030 - Status: PASSED (29ms)

[2026-07-22T09:43:01.996Z] INFO: Starting Test Case: TC_CRUD_031 - CRUD Operations validation check - Scenario 31 [Priority: CRITICAL]
[2026-07-22T09:43:02.019Z] INFO: Finished Test Case: TC_CRUD_031 - Status: PASSED (24ms)

[2026-07-22T09:43:02.019Z] INFO: Starting Test Case: TC_CRUD_032 - CRUD Operations validation check - Scenario 32 [Priority: HIGH]
[2026-07-22T09:43:02.033Z] INFO: Finished Test Case: TC_CRUD_032 - Status: PASSED (14ms)

[2026-07-22T09:43:02.033Z] INFO: Starting Test Case: TC_CRUD_033 - CRUD Operations validation check - Scenario 33 [Priority: HIGH]
[2026-07-22T09:43:02.063Z] INFO: Finished Test Case: TC_CRUD_033 - Status: PASSED (30ms)

[2026-07-22T09:43:02.063Z] INFO: Starting Test Case: TC_CRUD_034 - CRUD Operations validation check - Scenario 34 [Priority: LOW]
[2026-07-22T09:43:02.077Z] INFO: Finished Test Case: TC_CRUD_034 - Status: PASSED (14ms)

[2026-07-22T09:43:02.077Z] INFO: Starting Test Case: TC_CRUD_035 - CRUD Operations validation check - Scenario 35 [Priority: MEDIUM]
[2026-07-22T09:43:02.120Z] INFO: Finished Test Case: TC_CRUD_035 - Status: PASSED (43ms)

[2026-07-22T09:43:02.120Z] INFO: Starting Test Case: TC_CRUD_036 - CRUD Operations validation check - Scenario 36 [Priority: CRITICAL]
[2026-07-22T09:43:02.164Z] INFO: Finished Test Case: TC_CRUD_036 - Status: PASSED (44ms)

[2026-07-22T09:43:02.164Z] INFO: Starting Test Case: TC_CRUD_037 - CRUD Operations validation check - Scenario 37 [Priority: HIGH]
[2026-07-22T09:43:02.197Z] INFO: Finished Test Case: TC_CRUD_037 - Status: PASSED (33ms)

[2026-07-22T09:43:02.197Z] INFO: Starting Test Case: TC_CRUD_038 - CRUD Operations validation check - Scenario 38 [Priority: HIGH]
[2026-07-22T09:43:02.232Z] INFO: Finished Test Case: TC_CRUD_038 - Status: PASSED (35ms)

[2026-07-22T09:43:02.233Z] INFO: Starting Test Case: TC_CRUD_039 - CRUD Operations validation check - Scenario 39 [Priority: LOW]
[2026-07-22T09:43:02.280Z] INFO: Finished Test Case: TC_CRUD_039 - Status: PASSED (47ms)

[2026-07-22T09:43:02.280Z] INFO: Starting Test Case: TC_CRUD_040 - CRUD Operations validation check - Scenario 40 [Priority: MEDIUM]
[2026-07-22T09:43:02.327Z] INFO: Finished Test Case: TC_CRUD_040 - Status: PASSED (46ms)

[2026-07-22T09:43:02.327Z] INFO: Starting Test Case: TC_CRUD_041 - CRUD Operations validation check - Scenario 41 [Priority: CRITICAL]
[2026-07-22T09:43:02.352Z] INFO: Finished Test Case: TC_CRUD_041 - Status: PASSED (25ms)

[2026-07-22T09:43:02.352Z] INFO: Starting Test Case: TC_CRUD_042 - CRUD Operations validation check - Scenario 42 [Priority: HIGH]
[2026-07-22T09:43:02.366Z] INFO: Finished Test Case: TC_CRUD_042 - Status: PASSED (14ms)

[2026-07-22T09:43:02.366Z] INFO: Starting Test Case: TC_CRUD_043 - CRUD Operations validation check - Scenario 43 [Priority: HIGH]
[2026-07-22T09:43:02.382Z] INFO: Finished Test Case: TC_CRUD_043 - Status: PASSED (16ms)

[2026-07-22T09:43:02.382Z] INFO: Starting Test Case: TC_CRUD_044 - CRUD Operations validation check - Scenario 44 [Priority: LOW]
[2026-07-22T09:43:02.428Z] INFO: Finished Test Case: TC_CRUD_044 - Status: PASSED (46ms)

[2026-07-22T09:43:02.428Z] INFO: Starting Test Case: TC_CRUD_045 - CRUD Operations validation check - Scenario 45 [Priority: MEDIUM]
[2026-07-22T09:43:02.442Z] INFO: Finished Test Case: TC_CRUD_045 - Status: PASSED (14ms)

[2026-07-22T09:43:02.443Z] INFO: Starting Test Case: TC_CRUD_046 - CRUD Operations validation check - Scenario 46 [Priority: CRITICAL]
[2026-07-22T09:43:02.452Z] INFO: Finished Test Case: TC_CRUD_046 - Status: PASSED (9ms)

[2026-07-22T09:43:02.452Z] INFO: Starting Test Case: TC_CRUD_047 - CRUD Operations validation check - Scenario 47 [Priority: HIGH]
[2026-07-22T09:43:02.473Z] INFO: Finished Test Case: TC_CRUD_047 - Status: PASSED (21ms)

[2026-07-22T09:43:02.473Z] INFO: Starting Test Case: TC_CRUD_048 - CRUD Operations validation check - Scenario 48 [Priority: HIGH]
[2026-07-22T09:43:02.512Z] INFO: Finished Test Case: TC_CRUD_048 - Status: PASSED (39ms)

[2026-07-22T09:43:02.512Z] INFO: Starting Test Case: TC_CRUD_049 - CRUD Operations validation check - Scenario 49 [Priority: LOW]
[2026-07-22T09:43:02.558Z] INFO: Finished Test Case: TC_CRUD_049 - Status: PASSED (46ms)

[2026-07-22T09:43:02.558Z] INFO: Starting Test Case: TC_CRUD_050 - CRUD Operations validation check - Scenario 50 [Priority: MEDIUM]
[2026-07-22T09:43:02.582Z] INFO: Finished Test Case: TC_CRUD_050 - Status: PASSED (24ms)

[2026-07-22T09:43:02.583Z] INFO: Starting Test Case: TC_VALIDATION_001 - Input Validation validation check - Scenario 1 [Priority: CRITICAL]
[2026-07-22T09:43:02.621Z] INFO: Finished Test Case: TC_VALIDATION_001 - Status: PASSED (38ms)

[2026-07-22T09:43:02.621Z] INFO: Starting Test Case: TC_VALIDATION_002 - Input Validation validation check - Scenario 2 [Priority: HIGH]
[2026-07-22T09:43:02.659Z] INFO: Finished Test Case: TC_VALIDATION_002 - Status: PASSED (38ms)

[2026-07-22T09:43:02.659Z] INFO: Starting Test Case: TC_VALIDATION_003 - Input Validation validation check - Scenario 3 [Priority: HIGH]
[2026-07-22T09:43:02.701Z] INFO: Finished Test Case: TC_VALIDATION_003 - Status: PASSED (42ms)

[2026-07-22T09:43:02.701Z] INFO: Starting Test Case: TC_VALIDATION_004 - Input Validation validation check - Scenario 4 [Priority: LOW]
[2026-07-22T09:43:02.738Z] INFO: Finished Test Case: TC_VALIDATION_004 - Status: PASSED (36ms)

[2026-07-22T09:43:02.738Z] INFO: Starting Test Case: TC_VALIDATION_005 - Input Validation validation check - Scenario 5 [Priority: MEDIUM]
[2026-07-22T09:43:02.760Z] INFO: Finished Test Case: TC_VALIDATION_005 - Status: PASSED (22ms)

[2026-07-22T09:43:02.760Z] INFO: Starting Test Case: TC_VALIDATION_006 - Input Validation validation check - Scenario 6 [Priority: CRITICAL]
[2026-07-22T09:43:02.805Z] INFO: Finished Test Case: TC_VALIDATION_006 - Status: PASSED (45ms)

[2026-07-22T09:43:02.805Z] INFO: Starting Test Case: TC_VALIDATION_007 - Input Validation validation check - Scenario 7 [Priority: HIGH]
[2026-07-22T09:43:02.832Z] INFO: Finished Test Case: TC_VALIDATION_007 - Status: PASSED (27ms)

[2026-07-22T09:43:02.832Z] INFO: Starting Test Case: TC_VALIDATION_008 - Input Validation validation check - Scenario 8 [Priority: HIGH]
[2026-07-22T09:43:02.881Z] INFO: Finished Test Case: TC_VALIDATION_008 - Status: PASSED (49ms)

[2026-07-22T09:43:02.882Z] INFO: Starting Test Case: TC_VALIDATION_009 - Input Validation validation check - Scenario 9 [Priority: LOW]
[2026-07-22T09:43:02.920Z] INFO: Finished Test Case: TC_VALIDATION_009 - Status: PASSED (38ms)

[2026-07-22T09:43:02.920Z] INFO: Starting Test Case: TC_VALIDATION_010 - Input Validation validation check - Scenario 10 [Priority: MEDIUM]
[2026-07-22T09:43:02.954Z] INFO: Finished Test Case: TC_VALIDATION_010 - Status: PASSED (34ms)

[2026-07-22T09:43:02.954Z] INFO: Starting Test Case: TC_VALIDATION_011 - Input Validation validation check - Scenario 11 [Priority: CRITICAL]
[2026-07-22T09:43:02.996Z] INFO: Finished Test Case: TC_VALIDATION_011 - Status: PASSED (42ms)

[2026-07-22T09:43:02.996Z] INFO: Starting Test Case: TC_VALIDATION_012 - Input Validation validation check - Scenario 12 [Priority: HIGH]
[2026-07-22T09:43:03.032Z] INFO: Finished Test Case: TC_VALIDATION_012 - Status: PASSED (36ms)

[2026-07-22T09:43:03.032Z] INFO: Starting Test Case: TC_VALIDATION_013 - Input Validation validation check - Scenario 13 [Priority: HIGH]
[2026-07-22T09:43:03.052Z] INFO: Finished Test Case: TC_VALIDATION_013 - Status: PASSED (20ms)

[2026-07-22T09:43:03.052Z] INFO: Starting Test Case: TC_VALIDATION_014 - Input Validation validation check - Scenario 14 [Priority: LOW]
[2026-07-22T09:43:03.097Z] INFO: Finished Test Case: TC_VALIDATION_014 - Status: PASSED (45ms)

[2026-07-22T09:43:03.098Z] INFO: Starting Test Case: TC_VALIDATION_015 - Input Validation validation check - Scenario 15 [Priority: MEDIUM]
[2026-07-22T09:43:03.130Z] INFO: Finished Test Case: TC_VALIDATION_015 - Status: PASSED (32ms)

[2026-07-22T09:43:03.130Z] INFO: Starting Test Case: TC_VALIDATION_016 - Input Validation validation check - Scenario 16 [Priority: CRITICAL]
[2026-07-22T09:43:03.135Z] INFO: Finished Test Case: TC_VALIDATION_016 - Status: PASSED (5ms)

[2026-07-22T09:43:03.136Z] INFO: Starting Test Case: TC_VALIDATION_017 - Input Validation validation check - Scenario 17 [Priority: HIGH]
[2026-07-22T09:43:03.170Z] INFO: Finished Test Case: TC_VALIDATION_017 - Status: PASSED (34ms)

[2026-07-22T09:43:03.170Z] INFO: Starting Test Case: TC_VALIDATION_018 - Input Validation validation check - Scenario 18 [Priority: HIGH]
[2026-07-22T09:43:03.199Z] INFO: Finished Test Case: TC_VALIDATION_018 - Status: PASSED (29ms)

[2026-07-22T09:43:03.200Z] INFO: Starting Test Case: TC_VALIDATION_019 - Input Validation validation check - Scenario 19 [Priority: LOW]
[2026-07-22T09:43:03.236Z] INFO: Finished Test Case: TC_VALIDATION_019 - Status: PASSED (36ms)

[2026-07-22T09:43:03.236Z] INFO: Starting Test Case: TC_VALIDATION_020 - Input Validation validation check - Scenario 20 [Priority: MEDIUM]
[2026-07-22T09:43:03.243Z] INFO: Finished Test Case: TC_VALIDATION_020 - Status: PASSED (7ms)

[2026-07-22T09:43:03.243Z] INFO: Starting Test Case: TC_VALIDATION_021 - Input Validation validation check - Scenario 21 [Priority: CRITICAL]
[2026-07-22T09:43:03.260Z] INFO: Finished Test Case: TC_VALIDATION_021 - Status: PASSED (17ms)

[2026-07-22T09:43:03.260Z] INFO: Starting Test Case: TC_VALIDATION_022 - Input Validation validation check - Scenario 22 [Priority: HIGH]
[2026-07-22T09:43:03.273Z] INFO: Finished Test Case: TC_VALIDATION_022 - Status: PASSED (13ms)

[2026-07-22T09:43:03.273Z] INFO: Starting Test Case: TC_VALIDATION_023 - Input Validation validation check - Scenario 23 [Priority: HIGH]
[2026-07-22T09:43:03.310Z] INFO: Finished Test Case: TC_VALIDATION_023 - Status: PASSED (37ms)

[2026-07-22T09:43:03.311Z] INFO: Starting Test Case: TC_VALIDATION_024 - Input Validation validation check - Scenario 24 [Priority: LOW]
[2026-07-22T09:43:03.349Z] INFO: Finished Test Case: TC_VALIDATION_024 - Status: PASSED (38ms)

[2026-07-22T09:43:03.349Z] INFO: Starting Test Case: TC_VALIDATION_025 - Input Validation validation check - Scenario 25 [Priority: MEDIUM]
[2026-07-22T09:43:03.393Z] INFO: Finished Test Case: TC_VALIDATION_025 - Status: PASSED (44ms)

[2026-07-22T09:43:03.394Z] INFO: Starting Test Case: TC_VALIDATION_026 - Input Validation validation check - Scenario 26 [Priority: CRITICAL]
[2026-07-22T09:43:03.425Z] INFO: Finished Test Case: TC_VALIDATION_026 - Status: PASSED (31ms)

[2026-07-22T09:43:03.425Z] INFO: Starting Test Case: TC_VALIDATION_027 - Input Validation validation check - Scenario 27 [Priority: HIGH]
[2026-07-22T09:43:03.437Z] INFO: Finished Test Case: TC_VALIDATION_027 - Status: PASSED (12ms)

[2026-07-22T09:43:03.438Z] INFO: Starting Test Case: TC_VALIDATION_028 - Input Validation validation check - Scenario 28 [Priority: HIGH]
[2026-07-22T09:43:03.481Z] INFO: Finished Test Case: TC_VALIDATION_028 - Status: PASSED (43ms)

[2026-07-22T09:43:03.481Z] INFO: Starting Test Case: TC_VALIDATION_029 - Input Validation validation check - Scenario 29 [Priority: LOW]
[2026-07-22T09:43:03.500Z] INFO: Finished Test Case: TC_VALIDATION_029 - Status: PASSED (19ms)

[2026-07-22T09:43:03.500Z] INFO: Starting Test Case: TC_VALIDATION_030 - Input Validation validation check - Scenario 30 [Priority: MEDIUM]
[2026-07-22T09:43:03.524Z] INFO: Finished Test Case: TC_VALIDATION_030 - Status: PASSED (24ms)

[2026-07-22T09:43:03.524Z] INFO: Starting Test Case: TC_VALIDATION_031 - Input Validation validation check - Scenario 31 [Priority: CRITICAL]
[2026-07-22T09:43:03.530Z] INFO: Finished Test Case: TC_VALIDATION_031 - Status: PASSED (6ms)

[2026-07-22T09:43:03.530Z] INFO: Starting Test Case: TC_VALIDATION_032 - Input Validation validation check - Scenario 32 [Priority: HIGH]
[2026-07-22T09:43:03.570Z] INFO: Finished Test Case: TC_VALIDATION_032 - Status: PASSED (40ms)

[2026-07-22T09:43:03.570Z] INFO: Starting Test Case: TC_VALIDATION_033 - Input Validation validation check - Scenario 33 [Priority: HIGH]
[2026-07-22T09:43:03.595Z] INFO: Finished Test Case: TC_VALIDATION_033 - Status: PASSED (25ms)

[2026-07-22T09:43:03.596Z] INFO: Starting Test Case: TC_VALIDATION_034 - Input Validation validation check - Scenario 34 [Priority: LOW]
[2026-07-22T09:43:03.603Z] INFO: Finished Test Case: TC_VALIDATION_034 - Status: PASSED (7ms)

[2026-07-22T09:43:03.603Z] INFO: Starting Test Case: TC_VALIDATION_035 - Input Validation validation check - Scenario 35 [Priority: MEDIUM]
[2026-07-22T09:43:03.616Z] INFO: Finished Test Case: TC_VALIDATION_035 - Status: PASSED (13ms)

[2026-07-22T09:43:03.616Z] INFO: Starting Test Case: TC_VALIDATION_036 - Input Validation validation check - Scenario 36 [Priority: CRITICAL]
[2026-07-22T09:43:03.647Z] INFO: Finished Test Case: TC_VALIDATION_036 - Status: PASSED (31ms)

[2026-07-22T09:43:03.647Z] INFO: Starting Test Case: TC_VALIDATION_037 - Input Validation validation check - Scenario 37 [Priority: HIGH]
[2026-07-22T09:43:03.660Z] INFO: Finished Test Case: TC_VALIDATION_037 - Status: PASSED (13ms)

[2026-07-22T09:43:03.660Z] INFO: Starting Test Case: TC_VALIDATION_038 - Input Validation validation check - Scenario 38 [Priority: HIGH]
[2026-07-22T09:43:03.672Z] INFO: Finished Test Case: TC_VALIDATION_038 - Status: PASSED (12ms)

[2026-07-22T09:43:03.672Z] INFO: Starting Test Case: TC_VALIDATION_039 - Input Validation validation check - Scenario 39 [Priority: LOW]
[2026-07-22T09:43:03.707Z] INFO: Finished Test Case: TC_VALIDATION_039 - Status: PASSED (35ms)

[2026-07-22T09:43:03.707Z] INFO: Starting Test Case: TC_VALIDATION_040 - Input Validation validation check - Scenario 40 [Priority: MEDIUM]
[2026-07-22T09:43:03.736Z] INFO: Finished Test Case: TC_VALIDATION_040 - Status: PASSED (29ms)

[2026-07-22T09:43:03.736Z] INFO: Starting Test Case: TC_ERROR_001 - Error Handling validation check - Scenario 1 [Priority: CRITICAL]
[2026-07-22T09:43:03.771Z] INFO: Finished Test Case: TC_ERROR_001 - Status: PASSED (35ms)

[2026-07-22T09:43:03.771Z] INFO: Starting Test Case: TC_ERROR_002 - Error Handling validation check - Scenario 2 [Priority: HIGH]
[2026-07-22T09:43:03.804Z] INFO: Finished Test Case: TC_ERROR_002 - Status: PASSED (33ms)

[2026-07-22T09:43:03.804Z] INFO: Starting Test Case: TC_ERROR_003 - Error Handling validation check - Scenario 3 [Priority: HIGH]
[2026-07-22T09:43:03.814Z] INFO: Finished Test Case: TC_ERROR_003 - Status: PASSED (10ms)

[2026-07-22T09:43:03.815Z] INFO: Starting Test Case: TC_ERROR_004 - Error Handling validation check - Scenario 4 [Priority: LOW]
[2026-07-22T09:43:03.830Z] INFO: Finished Test Case: TC_ERROR_004 - Status: PASSED (15ms)

[2026-07-22T09:43:03.830Z] INFO: Starting Test Case: TC_ERROR_005 - Error Handling validation check - Scenario 5 [Priority: MEDIUM]
[2026-07-22T09:43:03.866Z] INFO: Finished Test Case: TC_ERROR_005 - Status: PASSED (36ms)

[2026-07-22T09:43:03.866Z] INFO: Starting Test Case: TC_ERROR_006 - Error Handling validation check - Scenario 6 [Priority: CRITICAL]
[2026-07-22T09:43:03.874Z] INFO: Finished Test Case: TC_ERROR_006 - Status: PASSED (8ms)

[2026-07-22T09:43:03.874Z] INFO: Starting Test Case: TC_ERROR_007 - Error Handling validation check - Scenario 7 [Priority: HIGH]
[2026-07-22T09:43:03.903Z] INFO: Finished Test Case: TC_ERROR_007 - Status: PASSED (29ms)

[2026-07-22T09:43:03.903Z] INFO: Starting Test Case: TC_ERROR_008 - Error Handling validation check - Scenario 8 [Priority: HIGH]
[2026-07-22T09:43:03.925Z] INFO: Finished Test Case: TC_ERROR_008 - Status: PASSED (22ms)

[2026-07-22T09:43:03.926Z] INFO: Starting Test Case: TC_ERROR_009 - Error Handling validation check - Scenario 9 [Priority: LOW]
[2026-07-22T09:43:03.963Z] INFO: Finished Test Case: TC_ERROR_009 - Status: PASSED (37ms)

[2026-07-22T09:43:03.963Z] INFO: Starting Test Case: TC_ERROR_010 - Error Handling validation check - Scenario 10 [Priority: MEDIUM]
[2026-07-22T09:43:03.977Z] INFO: Finished Test Case: TC_ERROR_010 - Status: PASSED (14ms)

[2026-07-22T09:43:03.978Z] INFO: Starting Test Case: TC_ERROR_011 - Error Handling validation check - Scenario 11 [Priority: CRITICAL]
[2026-07-22T09:43:04.011Z] INFO: Finished Test Case: TC_ERROR_011 - Status: PASSED (33ms)

[2026-07-22T09:43:04.011Z] INFO: Starting Test Case: TC_ERROR_012 - Error Handling validation check - Scenario 12 [Priority: HIGH]
[2026-07-22T09:43:04.026Z] INFO: Finished Test Case: TC_ERROR_012 - Status: PASSED (15ms)

[2026-07-22T09:43:04.027Z] INFO: Starting Test Case: TC_ERROR_013 - Error Handling validation check - Scenario 13 [Priority: HIGH]
[2026-07-22T09:43:04.054Z] INFO: Finished Test Case: TC_ERROR_013 - Status: PASSED (27ms)

[2026-07-22T09:43:04.054Z] INFO: Starting Test Case: TC_ERROR_014 - Error Handling validation check - Scenario 14 [Priority: LOW]
[2026-07-22T09:43:04.077Z] INFO: Finished Test Case: TC_ERROR_014 - Status: PASSED (23ms)

[2026-07-22T09:43:04.077Z] INFO: Starting Test Case: TC_ERROR_015 - Error Handling validation check - Scenario 15 [Priority: MEDIUM]
[2026-07-22T09:43:04.124Z] INFO: Finished Test Case: TC_ERROR_015 - Status: PASSED (47ms)

[2026-07-22T09:43:04.124Z] INFO: Starting Test Case: TC_ERROR_016 - Error Handling validation check - Scenario 16 [Priority: CRITICAL]
[2026-07-22T09:43:04.142Z] INFO: Finished Test Case: TC_ERROR_016 - Status: PASSED (18ms)

[2026-07-22T09:43:04.142Z] INFO: Starting Test Case: TC_ERROR_017 - Error Handling validation check - Scenario 17 [Priority: HIGH]
[2026-07-22T09:43:04.149Z] INFO: Finished Test Case: TC_ERROR_017 - Status: PASSED (7ms)

[2026-07-22T09:43:04.149Z] INFO: Starting Test Case: TC_ERROR_018 - Error Handling validation check - Scenario 18 [Priority: HIGH]
[2026-07-22T09:43:04.168Z] INFO: Finished Test Case: TC_ERROR_018 - Status: PASSED (19ms)

[2026-07-22T09:43:04.168Z] INFO: Starting Test Case: TC_ERROR_019 - Error Handling validation check - Scenario 19 [Priority: LOW]
[2026-07-22T09:43:04.183Z] INFO: Finished Test Case: TC_ERROR_019 - Status: PASSED (15ms)

[2026-07-22T09:43:04.184Z] INFO: Starting Test Case: TC_ERROR_020 - Error Handling validation check - Scenario 20 [Priority: MEDIUM]
[2026-07-22T09:43:04.231Z] INFO: Finished Test Case: TC_ERROR_020 - Status: PASSED (47ms)

[2026-07-22T09:43:04.231Z] INFO: Starting Test Case: TC_SESSION_001 - Session Management validation check - Scenario 1 [Priority: CRITICAL]
[2026-07-22T09:43:04.248Z] INFO: Finished Test Case: TC_SESSION_001 - Status: PASSED (17ms)

[2026-07-22T09:43:04.248Z] INFO: Starting Test Case: TC_SESSION_002 - Session Management validation check - Scenario 2 [Priority: HIGH]
[2026-07-22T09:43:04.263Z] INFO: Finished Test Case: TC_SESSION_002 - Status: PASSED (15ms)

[2026-07-22T09:43:04.263Z] INFO: Starting Test Case: TC_SESSION_003 - Session Management validation check - Scenario 3 [Priority: HIGH]
[2026-07-22T09:43:04.293Z] INFO: Finished Test Case: TC_SESSION_003 - Status: PASSED (30ms)

[2026-07-22T09:43:04.294Z] INFO: Starting Test Case: TC_SESSION_004 - Session Management validation check - Scenario 4 [Priority: LOW]
[2026-07-22T09:43:04.321Z] INFO: Finished Test Case: TC_SESSION_004 - Status: PASSED (27ms)

[2026-07-22T09:43:04.321Z] INFO: Starting Test Case: TC_SESSION_005 - Session Management validation check - Scenario 5 [Priority: MEDIUM]
[2026-07-22T09:43:04.331Z] INFO: Finished Test Case: TC_SESSION_005 - Status: PASSED (10ms)

[2026-07-22T09:43:04.332Z] INFO: Starting Test Case: TC_SESSION_006 - Session Management validation check - Scenario 6 [Priority: CRITICAL]
[2026-07-22T09:43:04.355Z] INFO: Finished Test Case: TC_SESSION_006 - Status: PASSED (24ms)

[2026-07-22T09:43:04.355Z] INFO: Starting Test Case: TC_SESSION_007 - Session Management validation check - Scenario 7 [Priority: HIGH]
[2026-07-22T09:43:04.366Z] INFO: Finished Test Case: TC_SESSION_007 - Status: PASSED (11ms)

[2026-07-22T09:43:04.366Z] INFO: Starting Test Case: TC_SESSION_008 - Session Management validation check - Scenario 8 [Priority: HIGH]
[2026-07-22T09:43:04.376Z] INFO: Finished Test Case: TC_SESSION_008 - Status: PASSED (10ms)

[2026-07-22T09:43:04.376Z] INFO: Starting Test Case: TC_SESSION_009 - Session Management validation check - Scenario 9 [Priority: LOW]
[2026-07-22T09:43:04.407Z] INFO: Finished Test Case: TC_SESSION_009 - Status: PASSED (31ms)

[2026-07-22T09:43:04.407Z] INFO: Starting Test Case: TC_SESSION_010 - Session Management validation check - Scenario 10 [Priority: MEDIUM]
[2026-07-22T09:43:04.449Z] INFO: Finished Test Case: TC_SESSION_010 - Status: PASSED (42ms)

[2026-07-22T09:43:04.449Z] INFO: Starting Test Case: TC_SESSION_011 - Session Management validation check - Scenario 11 [Priority: CRITICAL]
[2026-07-22T09:43:04.462Z] INFO: Finished Test Case: TC_SESSION_011 - Status: PASSED (13ms)

[2026-07-22T09:43:04.462Z] INFO: Starting Test Case: TC_SESSION_012 - Session Management validation check - Scenario 12 [Priority: HIGH]
[2026-07-22T09:43:04.506Z] INFO: Finished Test Case: TC_SESSION_012 - Status: PASSED (44ms)

[2026-07-22T09:43:04.506Z] INFO: Starting Test Case: TC_SESSION_013 - Session Management validation check - Scenario 13 [Priority: HIGH]
[2026-07-22T09:43:04.544Z] INFO: Finished Test Case: TC_SESSION_013 - Status: PASSED (38ms)

[2026-07-22T09:43:04.544Z] INFO: Starting Test Case: TC_SESSION_014 - Session Management validation check - Scenario 14 [Priority: LOW]
[2026-07-22T09:43:04.576Z] INFO: Finished Test Case: TC_SESSION_014 - Status: PASSED (32ms)

[2026-07-22T09:43:04.576Z] INFO: Starting Test Case: TC_SESSION_015 - Session Management validation check - Scenario 15 [Priority: MEDIUM]
[2026-07-22T09:43:04.609Z] INFO: Finished Test Case: TC_SESSION_015 - Status: PASSED (33ms)

[2026-07-22T09:43:04.609Z] INFO: Starting Test Case: TC_SESSION_016 - Session Management validation check - Scenario 16 [Priority: CRITICAL]
[2026-07-22T09:43:04.654Z] INFO: Finished Test Case: TC_SESSION_016 - Status: PASSED (45ms)

[2026-07-22T09:43:04.654Z] INFO: Starting Test Case: TC_SESSION_017 - Session Management validation check - Scenario 17 [Priority: HIGH]
[2026-07-22T09:43:04.686Z] INFO: Finished Test Case: TC_SESSION_017 - Status: PASSED (32ms)

[2026-07-22T09:43:04.686Z] INFO: Starting Test Case: TC_SESSION_018 - Session Management validation check - Scenario 18 [Priority: HIGH]
[2026-07-22T09:43:04.705Z] INFO: Finished Test Case: TC_SESSION_018 - Status: PASSED (19ms)

[2026-07-22T09:43:04.705Z] INFO: Starting Test Case: TC_SESSION_019 - Session Management validation check - Scenario 19 [Priority: LOW]
[2026-07-22T09:43:04.747Z] INFO: Finished Test Case: TC_SESSION_019 - Status: PASSED (42ms)

[2026-07-22T09:43:04.747Z] INFO: Starting Test Case: TC_SESSION_020 - Session Management validation check - Scenario 20 [Priority: MEDIUM]
[2026-07-22T09:43:04.788Z] INFO: Finished Test Case: TC_SESSION_020 - Status: PASSED (41ms)

[2026-07-22T09:43:04.788Z] INFO: Starting Test Case: TC_FILE_001 - File Upload validation check - Scenario 1 [Priority: CRITICAL]
[2026-07-22T09:43:04.823Z] INFO: Finished Test Case: TC_FILE_001 - Status: PASSED (35ms)

[2026-07-22T09:43:04.824Z] INFO: Starting Test Case: TC_FILE_002 - File Upload validation check - Scenario 2 [Priority: HIGH]
[2026-07-22T09:43:04.824Z] INFO: Running E2E: Large File Upload...
[2026-07-22T09:43:04.824Z] INFO: Finished Test Case: TC_FILE_002 - Status: PASSED (0ms)

[2026-07-22T09:43:04.824Z] INFO: Starting Test Case: TC_FILE_003 - File Upload validation check - Scenario 3 [Priority: HIGH]
[2026-07-22T09:43:04.832Z] INFO: Finished Test Case: TC_FILE_003 - Status: PASSED (8ms)

[2026-07-22T09:43:04.832Z] INFO: Starting Test Case: TC_FILE_004 - File Upload validation check - Scenario 4 [Priority: LOW]
[2026-07-22T09:43:04.869Z] INFO: Finished Test Case: TC_FILE_004 - Status: PASSED (37ms)

[2026-07-22T09:43:04.870Z] INFO: Starting Test Case: TC_FILE_005 - File Upload validation check - Scenario 5 [Priority: MEDIUM]
[2026-07-22T09:43:04.914Z] INFO: Finished Test Case: TC_FILE_005 - Status: PASSED (44ms)

[2026-07-22T09:43:04.914Z] INFO: Starting Test Case: TC_FILE_006 - File Upload validation check - Scenario 6 [Priority: CRITICAL]
[2026-07-22T09:43:04.924Z] INFO: Finished Test Case: TC_FILE_006 - Status: PASSED (10ms)

[2026-07-22T09:43:04.924Z] INFO: Starting Test Case: TC_FILE_007 - File Upload validation check - Scenario 7 [Priority: HIGH]
[2026-07-22T09:43:04.950Z] INFO: Finished Test Case: TC_FILE_007 - Status: PASSED (26ms)

[2026-07-22T09:43:04.950Z] INFO: Starting Test Case: TC_FILE_008 - File Upload validation check - Scenario 8 [Priority: HIGH]
[2026-07-22T09:43:04.994Z] INFO: Finished Test Case: TC_FILE_008 - Status: PASSED (44ms)

[2026-07-22T09:43:04.994Z] INFO: Starting Test Case: TC_FILE_009 - File Upload validation check - Scenario 9 [Priority: LOW]
[2026-07-22T09:43:05.015Z] INFO: Finished Test Case: TC_FILE_009 - Status: PASSED (21ms)

[2026-07-22T09:43:05.015Z] INFO: Starting Test Case: TC_FILE_010 - File Upload validation check - Scenario 10 [Priority: MEDIUM]
[2026-07-22T09:43:05.023Z] INFO: Finished Test Case: TC_FILE_010 - Status: PASSED (8ms)

[2026-07-22T09:43:05.023Z] INFO: Starting Test Case: TC_FILE_011 - File Upload validation check - Scenario 11 [Priority: CRITICAL]
[2026-07-22T09:43:05.049Z] INFO: Finished Test Case: TC_FILE_011 - Status: PASSED (26ms)

[2026-07-22T09:43:05.049Z] INFO: Starting Test Case: TC_FILE_012 - File Upload validation check - Scenario 12 [Priority: HIGH]
[2026-07-22T09:43:05.055Z] INFO: Finished Test Case: TC_FILE_012 - Status: PASSED (6ms)

[2026-07-22T09:43:05.055Z] INFO: Starting Test Case: TC_FILE_013 - File Upload validation check - Scenario 13 [Priority: HIGH]
[2026-07-22T09:43:05.091Z] INFO: Finished Test Case: TC_FILE_013 - Status: PASSED (36ms)

[2026-07-22T09:43:05.091Z] INFO: Starting Test Case: TC_FILE_014 - File Upload validation check - Scenario 14 [Priority: LOW]
[2026-07-22T09:43:05.101Z] INFO: Finished Test Case: TC_FILE_014 - Status: PASSED (10ms)

[2026-07-22T09:43:05.101Z] INFO: Starting Test Case: TC_FILE_015 - File Upload validation check - Scenario 15 [Priority: MEDIUM]
[2026-07-22T09:43:05.132Z] INFO: Finished Test Case: TC_FILE_015 - Status: PASSED (31ms)

[2026-07-22T09:43:05.132Z] INFO: Starting Test Case: TC_FILE_016 - File Upload validation check - Scenario 16 [Priority: CRITICAL]
[2026-07-22T09:43:05.177Z] INFO: Finished Test Case: TC_FILE_016 - Status: PASSED (45ms)

[2026-07-22T09:43:05.177Z] INFO: Starting Test Case: TC_FILE_017 - File Upload validation check - Scenario 17 [Priority: HIGH]
[2026-07-22T09:43:05.206Z] INFO: Finished Test Case: TC_FILE_017 - Status: PASSED (29ms)

[2026-07-22T09:43:05.206Z] INFO: Starting Test Case: TC_FILE_018 - File Upload validation check - Scenario 18 [Priority: HIGH]
[2026-07-22T09:43:05.252Z] INFO: Finished Test Case: TC_FILE_018 - Status: PASSED (46ms)

[2026-07-22T09:43:05.252Z] INFO: Starting Test Case: TC_FILE_019 - File Upload validation check - Scenario 19 [Priority: LOW]
[2026-07-22T09:43:05.274Z] INFO: Finished Test Case: TC_FILE_019 - Status: PASSED (22ms)

[2026-07-22T09:43:05.274Z] INFO: Starting Test Case: TC_FILE_020 - File Upload validation check - Scenario 20 [Priority: MEDIUM]
[2026-07-22T09:43:05.283Z] INFO: Finished Test Case: TC_FILE_020 - Status: PASSED (9ms)

[2026-07-22T09:43:05.283Z] INFO: Starting Test Case: TC_A11Y_001 - Accessibility validation check - Scenario 1 [Priority: CRITICAL]
[2026-07-22T09:43:05.330Z] INFO: Finished Test Case: TC_A11Y_001 - Status: PASSED (47ms)

[2026-07-22T09:43:05.330Z] INFO: Starting Test Case: TC_A11Y_002 - Accessibility validation check - Scenario 2 [Priority: HIGH]
[2026-07-22T09:43:05.376Z] INFO: Finished Test Case: TC_A11Y_002 - Status: PASSED (46ms)

[2026-07-22T09:43:05.376Z] INFO: Starting Test Case: TC_A11Y_003 - Accessibility validation check - Scenario 3 [Priority: HIGH]
[2026-07-22T09:43:05.390Z] INFO: Finished Test Case: TC_A11Y_003 - Status: PASSED (14ms)

[2026-07-22T09:43:05.390Z] INFO: Starting Test Case: TC_A11Y_004 - Accessibility validation check - Scenario 4 [Priority: LOW]
[2026-07-22T09:43:05.434Z] INFO: Finished Test Case: TC_A11Y_004 - Status: PASSED (44ms)

[2026-07-22T09:43:05.434Z] INFO: Starting Test Case: TC_A11Y_005 - Accessibility validation check - Scenario 5 [Priority: MEDIUM]
[2026-07-22T09:43:05.455Z] INFO: Finished Test Case: TC_A11Y_005 - Status: PASSED (21ms)

[2026-07-22T09:43:05.455Z] INFO: Starting Test Case: TC_A11Y_006 - Accessibility validation check - Scenario 6 [Priority: CRITICAL]
[2026-07-22T09:43:05.488Z] INFO: Finished Test Case: TC_A11Y_006 - Status: PASSED (33ms)

[2026-07-22T09:43:05.488Z] INFO: Starting Test Case: TC_A11Y_007 - Accessibility validation check - Scenario 7 [Priority: HIGH]
[2026-07-22T09:43:05.502Z] INFO: Finished Test Case: TC_A11Y_007 - Status: PASSED (14ms)

[2026-07-22T09:43:05.502Z] INFO: Starting Test Case: TC_A11Y_008 - Accessibility validation check - Scenario 8 [Priority: HIGH]
[2026-07-22T09:43:05.539Z] INFO: Finished Test Case: TC_A11Y_008 - Status: PASSED (37ms)

[2026-07-22T09:43:05.539Z] INFO: Starting Test Case: TC_A11Y_009 - Accessibility validation check - Scenario 9 [Priority: LOW]
[2026-07-22T09:43:05.571Z] INFO: Finished Test Case: TC_A11Y_009 - Status: PASSED (32ms)

[2026-07-22T09:43:05.571Z] INFO: Starting Test Case: TC_A11Y_010 - Accessibility validation check - Scenario 10 [Priority: MEDIUM]
[2026-07-22T09:43:05.598Z] INFO: Finished Test Case: TC_A11Y_010 - Status: PASSED (27ms)

[2026-07-22T09:43:05.598Z] INFO: Starting Test Case: TC_A11Y_011 - Accessibility validation check - Scenario 11 [Priority: CRITICAL]
[2026-07-22T09:43:05.614Z] INFO: Finished Test Case: TC_A11Y_011 - Status: PASSED (16ms)

[2026-07-22T09:43:05.614Z] INFO: Starting Test Case: TC_A11Y_012 - Accessibility validation check - Scenario 12 [Priority: HIGH]
[2026-07-22T09:43:05.655Z] INFO: Finished Test Case: TC_A11Y_012 - Status: PASSED (41ms)

[2026-07-22T09:43:05.655Z] INFO: Starting Test Case: TC_A11Y_013 - Accessibility validation check - Scenario 13 [Priority: HIGH]
[2026-07-22T09:43:05.692Z] INFO: Finished Test Case: TC_A11Y_013 - Status: PASSED (37ms)

[2026-07-22T09:43:05.692Z] INFO: Starting Test Case: TC_A11Y_014 - Accessibility validation check - Scenario 14 [Priority: LOW]
[2026-07-22T09:43:05.732Z] INFO: Finished Test Case: TC_A11Y_014 - Status: PASSED (40ms)

[2026-07-22T09:43:05.733Z] INFO: Starting Test Case: TC_A11Y_015 - Accessibility validation check - Scenario 15 [Priority: MEDIUM]
[2026-07-22T09:43:05.746Z] INFO: Finished Test Case: TC_A11Y_015 - Status: PASSED (14ms)

[2026-07-22T09:43:05.746Z] INFO: Starting Test Case: TC_A11Y_016 - Accessibility validation check - Scenario 16 [Priority: CRITICAL]
[2026-07-22T09:43:05.775Z] INFO: Finished Test Case: TC_A11Y_016 - Status: PASSED (29ms)

[2026-07-22T09:43:05.775Z] INFO: Starting Test Case: TC_A11Y_017 - Accessibility validation check - Scenario 17 [Priority: HIGH]
[2026-07-22T09:43:05.819Z] INFO: Finished Test Case: TC_A11Y_017 - Status: PASSED (43ms)

[2026-07-22T09:43:05.819Z] INFO: Starting Test Case: TC_A11Y_018 - Accessibility validation check - Scenario 18 [Priority: HIGH]
[2026-07-22T09:43:05.857Z] INFO: Finished Test Case: TC_A11Y_018 - Status: PASSED (38ms)

[2026-07-22T09:43:05.857Z] INFO: Starting Test Case: TC_A11Y_019 - Accessibility validation check - Scenario 19 [Priority: LOW]
[2026-07-22T09:43:05.906Z] INFO: Finished Test Case: TC_A11Y_019 - Status: PASSED (48ms)

[2026-07-22T09:43:05.906Z] INFO: Starting Test Case: TC_A11Y_020 - Accessibility validation check - Scenario 20 [Priority: MEDIUM]
[2026-07-22T09:43:05.947Z] INFO: Finished Test Case: TC_A11Y_020 - Status: PASSED (41ms)

[2026-07-22T09:43:05.947Z] INFO: Starting Test Case: TC_RESPONSIVE_001 - Responsive Design validation check - Scenario 1 [Priority: CRITICAL]
[2026-07-22T09:43:05.956Z] INFO: Finished Test Case: TC_RESPONSIVE_001 - Status: PASSED (9ms)

[2026-07-22T09:43:05.956Z] INFO: Starting Test Case: TC_RESPONSIVE_002 - Responsive Design validation check - Scenario 2 [Priority: HIGH]
[2026-07-22T09:43:05.982Z] INFO: Finished Test Case: TC_RESPONSIVE_002 - Status: PASSED (26ms)

[2026-07-22T09:43:05.982Z] INFO: Starting Test Case: TC_RESPONSIVE_003 - Responsive Design validation check - Scenario 3 [Priority: HIGH]
[2026-07-22T09:43:06.029Z] INFO: Finished Test Case: TC_RESPONSIVE_003 - Status: PASSED (47ms)

[2026-07-22T09:43:06.029Z] INFO: Starting Test Case: TC_RESPONSIVE_004 - Responsive Design validation check - Scenario 4 [Priority: LOW]
[2026-07-22T09:43:06.068Z] INFO: Finished Test Case: TC_RESPONSIVE_004 - Status: PASSED (39ms)

[2026-07-22T09:43:06.069Z] INFO: Starting Test Case: TC_RESPONSIVE_005 - Responsive Design validation check - Scenario 5 [Priority: MEDIUM]
[2026-07-22T09:43:06.115Z] INFO: Finished Test Case: TC_RESPONSIVE_005 - Status: PASSED (47ms)

[2026-07-22T09:43:06.115Z] INFO: Starting Test Case: TC_RESPONSIVE_006 - Responsive Design validation check - Scenario 6 [Priority: CRITICAL]
[2026-07-22T09:43:06.128Z] INFO: Finished Test Case: TC_RESPONSIVE_006 - Status: PASSED (13ms)

[2026-07-22T09:43:06.128Z] INFO: Starting Test Case: TC_RESPONSIVE_007 - Responsive Design validation check - Scenario 7 [Priority: HIGH]
[2026-07-22T09:43:06.140Z] INFO: Finished Test Case: TC_RESPONSIVE_007 - Status: PASSED (12ms)

[2026-07-22T09:43:06.141Z] INFO: Starting Test Case: TC_RESPONSIVE_008 - Responsive Design validation check - Scenario 8 [Priority: HIGH]
[2026-07-22T09:43:06.172Z] INFO: Finished Test Case: TC_RESPONSIVE_008 - Status: PASSED (31ms)

[2026-07-22T09:43:06.172Z] INFO: Starting Test Case: TC_RESPONSIVE_009 - Responsive Design validation check - Scenario 9 [Priority: LOW]
[2026-07-22T09:43:06.215Z] INFO: Finished Test Case: TC_RESPONSIVE_009 - Status: PASSED (43ms)

[2026-07-22T09:43:06.216Z] INFO: Starting Test Case: TC_RESPONSIVE_010 - Responsive Design validation check - Scenario 10 [Priority: MEDIUM]
[2026-07-22T09:43:06.248Z] INFO: Finished Test Case: TC_RESPONSIVE_010 - Status: PASSED (32ms)

[2026-07-22T09:43:06.248Z] INFO: Starting Test Case: TC_RESPONSIVE_011 - Responsive Design validation check - Scenario 11 [Priority: CRITICAL]
[2026-07-22T09:43:06.277Z] INFO: Finished Test Case: TC_RESPONSIVE_011 - Status: PASSED (29ms)

[2026-07-22T09:43:06.277Z] INFO: Starting Test Case: TC_RESPONSIVE_012 - Responsive Design validation check - Scenario 12 [Priority: HIGH]
[2026-07-22T09:43:06.325Z] INFO: Finished Test Case: TC_RESPONSIVE_012 - Status: PASSED (48ms)

[2026-07-22T09:43:06.325Z] INFO: Starting Test Case: TC_RESPONSIVE_013 - Responsive Design validation check - Scenario 13 [Priority: HIGH]
[2026-07-22T09:43:06.353Z] INFO: Finished Test Case: TC_RESPONSIVE_013 - Status: PASSED (28ms)

[2026-07-22T09:43:06.353Z] INFO: Starting Test Case: TC_RESPONSIVE_014 - Responsive Design validation check - Scenario 14 [Priority: LOW]
[2026-07-22T09:43:06.389Z] INFO: Finished Test Case: TC_RESPONSIVE_014 - Status: PASSED (36ms)

[2026-07-22T09:43:06.389Z] INFO: Starting Test Case: TC_RESPONSIVE_015 - Responsive Design validation check - Scenario 15 [Priority: MEDIUM]
[2026-07-22T09:43:06.430Z] INFO: Finished Test Case: TC_RESPONSIVE_015 - Status: PASSED (41ms)

[2026-07-22T09:43:06.430Z] INFO: Starting Test Case: TC_RESPONSIVE_016 - Responsive Design validation check - Scenario 16 [Priority: CRITICAL]
[2026-07-22T09:43:06.454Z] INFO: Finished Test Case: TC_RESPONSIVE_016 - Status: PASSED (24ms)

[2026-07-22T09:43:06.454Z] INFO: Starting Test Case: TC_RESPONSIVE_017 - Responsive Design validation check - Scenario 17 [Priority: HIGH]
[2026-07-22T09:43:06.494Z] INFO: Finished Test Case: TC_RESPONSIVE_017 - Status: PASSED (40ms)

[2026-07-22T09:43:06.494Z] INFO: Starting Test Case: TC_RESPONSIVE_018 - Responsive Design validation check - Scenario 18 [Priority: HIGH]
[2026-07-22T09:43:06.507Z] INFO: Finished Test Case: TC_RESPONSIVE_018 - Status: PASSED (13ms)

[2026-07-22T09:43:06.507Z] INFO: Starting Test Case: TC_RESPONSIVE_019 - Responsive Design validation check - Scenario 19 [Priority: LOW]
[2026-07-22T09:43:06.542Z] INFO: Finished Test Case: TC_RESPONSIVE_019 - Status: PASSED (35ms)

[2026-07-22T09:43:06.543Z] INFO: Starting Test Case: TC_RESPONSIVE_020 - Responsive Design validation check - Scenario 20 [Priority: MEDIUM]
[2026-07-22T09:43:06.551Z] INFO: Finished Test Case: TC_RESPONSIVE_020 - Status: PASSED (8ms)

[2026-07-22T09:43:06.551Z] INFO: Starting Test Case: TC_PERF_001 - Performance Smoke validation check - Scenario 1 [Priority: CRITICAL]
[2026-07-22T09:43:06.577Z] INFO: Finished Test Case: TC_PERF_001 - Status: PASSED (26ms)

[2026-07-22T09:43:06.577Z] INFO: Starting Test Case: TC_PERF_002 - Performance Smoke validation check - Scenario 2 [Priority: HIGH]
[2026-07-22T09:43:06.594Z] INFO: Finished Test Case: TC_PERF_002 - Status: PASSED (17ms)

[2026-07-22T09:43:06.595Z] INFO: Starting Test Case: TC_PERF_003 - Performance Smoke validation check - Scenario 3 [Priority: HIGH]
[2026-07-22T09:43:06.617Z] INFO: Finished Test Case: TC_PERF_003 - Status: PASSED (22ms)

[2026-07-22T09:43:06.617Z] INFO: Starting Test Case: TC_PERF_004 - Performance Smoke validation check - Scenario 4 [Priority: LOW]
[2026-07-22T09:43:06.665Z] INFO: Finished Test Case: TC_PERF_004 - Status: PASSED (48ms)

[2026-07-22T09:43:06.665Z] INFO: Starting Test Case: TC_PERF_005 - Performance Smoke validation check - Scenario 5 [Priority: MEDIUM]
[2026-07-22T09:43:06.706Z] INFO: Finished Test Case: TC_PERF_005 - Status: PASSED (41ms)

[2026-07-22T09:43:06.706Z] INFO: Starting Test Case: TC_PERF_006 - Performance Smoke validation check - Scenario 6 [Priority: CRITICAL]
[2026-07-22T09:43:06.747Z] INFO: Finished Test Case: TC_PERF_006 - Status: PASSED (41ms)

[2026-07-22T09:43:06.747Z] INFO: Starting Test Case: TC_PERF_007 - Performance Smoke validation check - Scenario 7 [Priority: HIGH]
[2026-07-22T09:43:06.776Z] INFO: Finished Test Case: TC_PERF_007 - Status: PASSED (29ms)

[2026-07-22T09:43:06.777Z] INFO: Starting Test Case: TC_PERF_008 - Performance Smoke validation check - Scenario 8 [Priority: HIGH]
[2026-07-22T09:43:06.784Z] INFO: Finished Test Case: TC_PERF_008 - Status: PASSED (7ms)

[2026-07-22T09:43:06.784Z] INFO: Starting Test Case: TC_PERF_009 - Performance Smoke validation check - Scenario 9 [Priority: LOW]
[2026-07-22T09:43:06.793Z] INFO: Finished Test Case: TC_PERF_009 - Status: PASSED (9ms)

[2026-07-22T09:43:06.793Z] INFO: Starting Test Case: TC_PERF_010 - Performance Smoke validation check - Scenario 10 [Priority: MEDIUM]
[2026-07-22T09:43:06.835Z] INFO: Finished Test Case: TC_PERF_010 - Status: PASSED (42ms)

[2026-07-22T09:43:06.835Z] INFO: Starting Test Case: TC_PERF_011 - Performance Smoke validation check - Scenario 11 [Priority: CRITICAL]
[2026-07-22T09:43:06.863Z] INFO: Finished Test Case: TC_PERF_011 - Status: PASSED (28ms)

[2026-07-22T09:43:06.863Z] INFO: Starting Test Case: TC_PERF_012 - Performance Smoke validation check - Scenario 12 [Priority: HIGH]
[2026-07-22T09:43:06.896Z] INFO: Finished Test Case: TC_PERF_012 - Status: PASSED (33ms)

[2026-07-22T09:43:06.897Z] INFO: Starting Test Case: TC_PERF_013 - Performance Smoke validation check - Scenario 13 [Priority: HIGH]
[2026-07-22T09:43:06.942Z] INFO: Finished Test Case: TC_PERF_013 - Status: PASSED (45ms)

[2026-07-22T09:43:06.942Z] INFO: Starting Test Case: TC_PERF_014 - Performance Smoke validation check - Scenario 14 [Priority: LOW]
[2026-07-22T09:43:06.988Z] INFO: Finished Test Case: TC_PERF_014 - Status: PASSED (46ms)

[2026-07-22T09:43:06.988Z] INFO: Starting Test Case: TC_PERF_015 - Performance Smoke validation check - Scenario 15 [Priority: MEDIUM]
[2026-07-22T09:43:07.010Z] INFO: Finished Test Case: TC_PERF_015 - Status: PASSED (22ms)

[2026-07-22T09:43:07.010Z] INFO: Starting Test Case: TC_PERF_016 - Performance Smoke validation check - Scenario 16 [Priority: CRITICAL]
[2026-07-22T09:43:07.043Z] INFO: Finished Test Case: TC_PERF_016 - Status: PASSED (33ms)

[2026-07-22T09:43:07.043Z] INFO: Starting Test Case: TC_PERF_017 - Performance Smoke validation check - Scenario 17 [Priority: HIGH]
[2026-07-22T09:43:07.054Z] INFO: Finished Test Case: TC_PERF_017 - Status: PASSED (11ms)

[2026-07-22T09:43:07.055Z] INFO: Starting Test Case: TC_PERF_018 - Performance Smoke validation check - Scenario 18 [Priority: HIGH]
[2026-07-22T09:43:07.070Z] INFO: Finished Test Case: TC_PERF_018 - Status: PASSED (15ms)

[2026-07-22T09:43:07.070Z] INFO: Starting Test Case: TC_PERF_019 - Performance Smoke validation check - Scenario 19 [Priority: LOW]
[2026-07-22T09:43:07.100Z] INFO: Finished Test Case: TC_PERF_019 - Status: PASSED (30ms)

[2026-07-22T09:43:07.100Z] INFO: Starting Test Case: TC_PERF_020 - Performance Smoke validation check - Scenario 20 [Priority: MEDIUM]
[2026-07-22T09:43:07.106Z] INFO: Finished Test Case: TC_PERF_020 - Status: PASSED (6ms)

[2026-07-22T09:43:07.106Z] INFO: Starting Test Case: TC_REGR_001 - Regression validation check - Scenario 1 [Priority: CRITICAL]
[2026-07-22T09:43:07.152Z] INFO: Finished Test Case: TC_REGR_001 - Status: PASSED (46ms)

[2026-07-22T09:43:07.152Z] INFO: Starting Test Case: TC_REGR_002 - Regression validation check - Scenario 2 [Priority: HIGH]
[2026-07-22T09:43:07.188Z] INFO: Finished Test Case: TC_REGR_002 - Status: PASSED (36ms)

[2026-07-22T09:43:07.189Z] INFO: Starting Test Case: TC_REGR_003 - Regression validation check - Scenario 3 [Priority: HIGH]
[2026-07-22T09:43:07.233Z] INFO: Finished Test Case: TC_REGR_003 - Status: PASSED (44ms)

[2026-07-22T09:43:07.233Z] INFO: Starting Test Case: TC_REGR_004 - Regression validation check - Scenario 4 [Priority: LOW]
[2026-07-22T09:43:07.268Z] INFO: Finished Test Case: TC_REGR_004 - Status: PASSED (35ms)

[2026-07-22T09:43:07.268Z] INFO: Starting Test Case: TC_REGR_005 - Regression validation check - Scenario 5 [Priority: MEDIUM]
[2026-07-22T09:43:07.276Z] INFO: Finished Test Case: TC_REGR_005 - Status: PASSED (8ms)

[2026-07-22T09:43:07.276Z] INFO: Starting Test Case: TC_REGR_006 - Regression validation check - Scenario 6 [Priority: CRITICAL]
[2026-07-22T09:43:07.305Z] INFO: Finished Test Case: TC_REGR_006 - Status: PASSED (29ms)

[2026-07-22T09:43:07.305Z] INFO: Starting Test Case: TC_REGR_007 - Regression validation check - Scenario 7 [Priority: HIGH]
[2026-07-22T09:43:07.325Z] INFO: Finished Test Case: TC_REGR_007 - Status: PASSED (20ms)

[2026-07-22T09:43:07.326Z] INFO: Starting Test Case: TC_REGR_008 - Regression validation check - Scenario 8 [Priority: HIGH]
[2026-07-22T09:43:07.358Z] INFO: Finished Test Case: TC_REGR_008 - Status: PASSED (32ms)

[2026-07-22T09:43:07.358Z] INFO: Starting Test Case: TC_REGR_009 - Regression validation check - Scenario 9 [Priority: LOW]
[2026-07-22T09:43:07.398Z] INFO: Finished Test Case: TC_REGR_009 - Status: PASSED (40ms)

[2026-07-22T09:43:07.398Z] INFO: Starting Test Case: TC_REGR_010 - Regression validation check - Scenario 10 [Priority: MEDIUM]
[2026-07-22T09:43:07.407Z] INFO: Finished Test Case: TC_REGR_010 - Status: PASSED (9ms)

[2026-07-22T09:43:07.407Z] INFO: Starting Test Case: TC_REGR_011 - Regression validation check - Scenario 11 [Priority: CRITICAL]
[2026-07-22T09:43:07.427Z] INFO: Finished Test Case: TC_REGR_011 - Status: PASSED (20ms)

[2026-07-22T09:43:07.427Z] INFO: Starting Test Case: TC_REGR_012 - Regression validation check - Scenario 12 [Priority: HIGH]
[2026-07-22T09:43:07.442Z] INFO: Finished Test Case: TC_REGR_012 - Status: PASSED (14ms)

[2026-07-22T09:43:07.442Z] INFO: Starting Test Case: TC_REGR_013 - Regression validation check - Scenario 13 [Priority: HIGH]
[2026-07-22T09:43:07.462Z] INFO: Finished Test Case: TC_REGR_013 - Status: PASSED (20ms)

[2026-07-22T09:43:07.462Z] INFO: Starting Test Case: TC_REGR_014 - Regression validation check - Scenario 14 [Priority: LOW]
[2026-07-22T09:43:07.511Z] INFO: Finished Test Case: TC_REGR_014 - Status: PASSED (49ms)

[2026-07-22T09:43:07.512Z] INFO: Starting Test Case: TC_REGR_015 - Regression validation check - Scenario 15 [Priority: MEDIUM]
[2026-07-22T09:43:07.517Z] INFO: Finished Test Case: TC_REGR_015 - Status: PASSED (5ms)

[2026-07-22T09:43:07.517Z] INFO: Starting Test Case: TC_REGR_016 - Regression validation check - Scenario 16 [Priority: CRITICAL]
[2026-07-22T09:43:07.537Z] INFO: Finished Test Case: TC_REGR_016 - Status: PASSED (20ms)

[2026-07-22T09:43:07.537Z] INFO: Starting Test Case: TC_REGR_017 - Regression validation check - Scenario 17 [Priority: HIGH]
[2026-07-22T09:43:07.586Z] INFO: Finished Test Case: TC_REGR_017 - Status: PASSED (49ms)

[2026-07-22T09:43:07.586Z] INFO: Starting Test Case: TC_REGR_018 - Regression validation check - Scenario 18 [Priority: HIGH]
[2026-07-22T09:43:07.604Z] INFO: Finished Test Case: TC_REGR_018 - Status: PASSED (18ms)

[2026-07-22T09:43:07.604Z] INFO: Starting Test Case: TC_REGR_019 - Regression validation check - Scenario 19 [Priority: LOW]
[2026-07-22T09:43:07.631Z] INFO: Finished Test Case: TC_REGR_019 - Status: PASSED (27ms)

[2026-07-22T09:43:07.632Z] INFO: Starting Test Case: TC_REGR_020 - Regression validation check - Scenario 20 [Priority: MEDIUM]
[2026-07-22T09:43:07.666Z] INFO: Finished Test Case: TC_REGR_020 - Status: PASSED (35ms)

[2026-07-22T09:43:07.666Z] INFO: Starting Test Case: TC_REGR_021 - Regression validation check - Scenario 21 [Priority: CRITICAL]
[2026-07-22T09:43:07.714Z] INFO: Finished Test Case: TC_REGR_021 - Status: PASSED (48ms)

[2026-07-22T09:43:07.714Z] INFO: Starting Test Case: TC_REGR_022 - Regression validation check - Scenario 22 [Priority: HIGH]
[2026-07-22T09:43:07.738Z] INFO: Finished Test Case: TC_REGR_022 - Status: PASSED (24ms)

[2026-07-22T09:43:07.738Z] INFO: Starting Test Case: TC_REGR_023 - Regression validation check - Scenario 23 [Priority: HIGH]
[2026-07-22T09:43:07.751Z] INFO: Finished Test Case: TC_REGR_023 - Status: PASSED (13ms)

[2026-07-22T09:43:07.751Z] INFO: Starting Test Case: TC_REGR_024 - Regression validation check - Scenario 24 [Priority: LOW]
[2026-07-22T09:43:07.778Z] INFO: Finished Test Case: TC_REGR_024 - Status: PASSED (27ms)

[2026-07-22T09:43:07.778Z] INFO: Starting Test Case: TC_REGR_025 - Regression validation check - Scenario 25 [Priority: MEDIUM]
[2026-07-22T09:43:07.811Z] INFO: Finished Test Case: TC_REGR_025 - Status: PASSED (33ms)

[2026-07-22T09:43:07.811Z] INFO: Starting Test Case: TC_REGR_026 - Regression validation check - Scenario 26 [Priority: CRITICAL]
[2026-07-22T09:43:07.837Z] INFO: Finished Test Case: TC_REGR_026 - Status: PASSED (26ms)

[2026-07-22T09:43:07.837Z] INFO: Starting Test Case: TC_REGR_027 - Regression validation check - Scenario 27 [Priority: HIGH]
[2026-07-22T09:43:07.842Z] INFO: Finished Test Case: TC_REGR_027 - Status: PASSED (5ms)

[2026-07-22T09:43:07.843Z] INFO: Starting Test Case: TC_REGR_028 - Regression validation check - Scenario 28 [Priority: HIGH]
[2026-07-22T09:43:07.861Z] INFO: Finished Test Case: TC_REGR_028 - Status: PASSED (18ms)

[2026-07-22T09:43:07.861Z] INFO: Starting Test Case: TC_REGR_029 - Regression validation check - Scenario 29 [Priority: LOW]
[2026-07-22T09:43:07.874Z] INFO: Finished Test Case: TC_REGR_029 - Status: PASSED (13ms)

[2026-07-22T09:43:07.874Z] INFO: Starting Test Case: TC_REGR_030 - Regression validation check - Scenario 30 [Priority: MEDIUM]
[2026-07-22T09:43:07.902Z] INFO: Finished Test Case: TC_REGR_030 - Status: PASSED (28ms)

[2026-07-22T09:43:07.902Z] INFO: Starting Test Case: TC_REGR_031 - Regression validation check - Scenario 31 [Priority: CRITICAL]
[2026-07-22T09:43:07.932Z] INFO: Finished Test Case: TC_REGR_031 - Status: PASSED (30ms)

[2026-07-22T09:43:07.932Z] INFO: Starting Test Case: TC_REGR_032 - Regression validation check - Scenario 32 [Priority: HIGH]
[2026-07-22T09:43:07.973Z] INFO: Finished Test Case: TC_REGR_032 - Status: PASSED (41ms)

[2026-07-22T09:43:07.974Z] INFO: Starting Test Case: TC_REGR_033 - Regression validation check - Scenario 33 [Priority: HIGH]
[2026-07-22T09:43:07.998Z] INFO: Finished Test Case: TC_REGR_033 - Status: PASSED (24ms)

[2026-07-22T09:43:07.998Z] INFO: Starting Test Case: TC_REGR_034 - Regression validation check - Scenario 34 [Priority: LOW]
[2026-07-22T09:43:08.021Z] INFO: Finished Test Case: TC_REGR_034 - Status: PASSED (23ms)

[2026-07-22T09:43:08.021Z] INFO: Starting Test Case: TC_REGR_035 - Regression validation check - Scenario 35 [Priority: MEDIUM]
[2026-07-22T09:43:08.029Z] INFO: Finished Test Case: TC_REGR_035 - Status: PASSED (8ms)

[2026-07-22T09:43:08.030Z] INFO: Starting Test Case: TC_REGR_036 - Regression validation check - Scenario 36 [Priority: CRITICAL]
[2026-07-22T09:43:08.067Z] INFO: Finished Test Case: TC_REGR_036 - Status: PASSED (37ms)

[2026-07-22T09:43:08.067Z] INFO: Starting Test Case: TC_REGR_037 - Regression validation check - Scenario 37 [Priority: HIGH]
[2026-07-22T09:43:08.090Z] INFO: Finished Test Case: TC_REGR_037 - Status: PASSED (23ms)

[2026-07-22T09:43:08.090Z] INFO: Starting Test Case: TC_REGR_038 - Regression validation check - Scenario 38 [Priority: HIGH]
[2026-07-22T09:43:08.102Z] INFO: Finished Test Case: TC_REGR_038 - Status: PASSED (12ms)

[2026-07-22T09:43:08.102Z] INFO: Starting Test Case: TC_REGR_039 - Regression validation check - Scenario 39 [Priority: LOW]
[2026-07-22T09:43:08.126Z] INFO: Finished Test Case: TC_REGR_039 - Status: PASSED (24ms)

[2026-07-22T09:43:08.126Z] INFO: Starting Test Case: TC_REGR_040 - Regression validation check - Scenario 40 [Priority: MEDIUM]
[2026-07-22T09:43:08.136Z] INFO: Finished Test Case: TC_REGR_040 - Status: PASSED (10ms)

[2026-07-22T09:43:08.136Z] INFO: Starting Test Case: TC_REGR_041 - Regression validation check - Scenario 41 [Priority: CRITICAL]
[2026-07-22T09:43:08.181Z] INFO: Finished Test Case: TC_REGR_041 - Status: PASSED (45ms)

[2026-07-22T09:43:08.182Z] INFO: Starting Test Case: TC_REGR_042 - Regression validation check - Scenario 42 [Priority: HIGH]
[2026-07-22T09:43:08.205Z] INFO: Finished Test Case: TC_REGR_042 - Status: PASSED (23ms)

[2026-07-22T09:43:08.205Z] INFO: Starting Test Case: TC_REGR_043 - Regression validation check - Scenario 43 [Priority: HIGH]
[2026-07-22T09:43:08.217Z] INFO: Finished Test Case: TC_REGR_043 - Status: PASSED (12ms)

[2026-07-22T09:43:08.217Z] INFO: Starting Test Case: TC_REGR_044 - Regression validation check - Scenario 44 [Priority: LOW]
[2026-07-22T09:43:08.225Z] INFO: Finished Test Case: TC_REGR_044 - Status: PASSED (7ms)

[2026-07-22T09:43:08.225Z] INFO: Starting Test Case: TC_REGR_045 - Regression validation check - Scenario 45 [Priority: MEDIUM]
[2026-07-22T09:43:08.242Z] INFO: Finished Test Case: TC_REGR_045 - Status: PASSED (17ms)

[2026-07-22T09:43:08.242Z] INFO: Starting Test Case: TC_REGR_046 - Regression validation check - Scenario 46 [Priority: CRITICAL]
[2026-07-22T09:43:08.259Z] INFO: Finished Test Case: TC_REGR_046 - Status: PASSED (17ms)

[2026-07-22T09:43:08.259Z] INFO: Starting Test Case: TC_REGR_047 - Regression validation check - Scenario 47 [Priority: HIGH]
[2026-07-22T09:43:08.281Z] INFO: Finished Test Case: TC_REGR_047 - Status: PASSED (22ms)

[2026-07-22T09:43:08.282Z] INFO: Starting Test Case: TC_REGR_048 - Regression validation check - Scenario 48 [Priority: HIGH]
[2026-07-22T09:43:08.302Z] INFO: Finished Test Case: TC_REGR_048 - Status: PASSED (20ms)

[2026-07-22T09:43:08.302Z] INFO: Starting Test Case: TC_REGR_049 - Regression validation check - Scenario 49 [Priority: LOW]
[2026-07-22T09:43:08.312Z] INFO: Finished Test Case: TC_REGR_049 - Status: PASSED (10ms)

[2026-07-22T09:43:08.313Z] INFO: Starting Test Case: TC_REGR_050 - Regression validation check - Scenario 50 [Priority: MEDIUM]
[2026-07-22T09:43:08.348Z] INFO: Finished Test Case: TC_REGR_050 - Status: PASSED (35ms)

[2026-07-22T09:43:08.348Z] INFO: Closing Chrome driver session...
[2026-07-22T09:43:08.351Z] INFO: Browser logs saved successfully to: /home/runner/work/pddtesting/pddtesting/automation/reports/Logs/browser-console.log
[2026-07-22T09:43:08.403Z] INFO: Session closed.
[2026-07-22T09:43:08.403Z] INFO: E2E suite execution finished. Total duration: 43.51s
[2026-07-22T09:43:08.403Z] INFO: Generating Excel automation reports...
[2026-07-22T09:43:08.621Z] INFO: Master Excel report written to: /home/runner/work/pddtesting/pddtesting/automation/reports/Excel/Automation_Test_Report.xlsx
[2026-07-22T09:43:08.772Z] INFO: Excel report generation completed successfully!
[2026-07-22T09:43:08.773Z] INFO: Generating HTML automation reports...
[2026-07-22T09:43:08.776Z] INFO: HTML Reports successfully written to: /home/runner/work/pddtesting/pddtesting/automation/reports/HTML
[2026-07-22T09:43:08.777Z] INFO: JSON report generated at: /home/runner/work/pddtesting/pddtesting/automation/reports/JSON/execution-results.json
[2026-07-22T09:43:08.778Z] INFO: Markdown step summary generated at: /home/runner/work/pddtesting/pddtesting/automation/reports/Summary/summary.md
[2026-07-22T09:43:08.778Z] INFO: Final Metrics -> Total: 470, Passed: 467, Pass Rate: 99.36%
[2026-07-22T09:43:08.778Z] INFO: Critical Tests -> Total: 95, Failed: 1, Critical Fail Rate: 1.05%
[2026-07-22T09:43:08.778Z] INFO: Execution Passed: All criteria (Pass Rate >= 95% and Critical Fail Rate <= 5%) met successfully!
