[2026-07-22T11:13:58.021Z] INFO: Connecting to Headless Chrome and opening https://karthik17-17.github.io/pddtesting/...
[2026-07-22T11:14:10.631Z] INFO: Headless Chrome session initialized successfully!
[2026-07-22T11:14:11.623Z] INFO: Navigated to: https://karthik17-17.github.io/pddtesting/
[2026-07-22T11:14:11.623Z] INFO: Starting Test Case: TC_AUTH_001 - Valid Login [Priority: CRITICAL]
[2026-07-22T11:14:11.623Z] INFO: Running E2E: Valid Login...
[2026-07-22T11:14:11.623Z] INFO: Typing "******************" into: Email Input (#login-email)
[2026-07-22T11:14:12.694Z] INFO: Typing "***********" into: Password Input (#login-password)
[2026-07-22T11:14:12.805Z] INFO: Tapping on element: Login Button (#login-submit)
[2026-07-22T11:14:13.078Z] INFO: Pausing for 2000ms
[2026-07-22T11:14:15.080Z] INFO: Checking display status of: Dashboard Header (h1=NeuroStay AI)
[2026-07-22T11:14:15.124Z] INFO: Finished Test Case: TC_AUTH_001 - Status: PASSED (3501ms)

[2026-07-22T11:14:15.125Z] INFO: Starting Test Case: TC_AUTH_002 - Logout [Priority: CRITICAL]
[2026-07-22T11:14:15.125Z] INFO: Running E2E: Logout...
[2026-07-22T11:14:15.125Z] INFO: Tapping on element: Profile Tab (a[href$="/profile"])
[2026-07-22T11:14:20.140Z] ERROR: Failure during real E2E execution of TC_AUTH_002: element ("a[href$="/profile"]") still not displayed after 5000ms
[2026-07-22T11:14:20.142Z] INFO: Finished Test Case: TC_AUTH_002 - Status: FAILED (5017ms)

[2026-07-22T11:14:20.142Z] INFO: Starting Test Case: TC_AUTH_003 - Authentication validation check - Scenario 3 [Priority: HIGH]
[2026-07-22T11:14:20.163Z] INFO: Finished Test Case: TC_AUTH_003 - Status: PASSED (20ms)

[2026-07-22T11:14:20.163Z] INFO: Starting Test Case: TC_AUTH_004 - Authentication validation check - Scenario 4 [Priority: LOW]
[2026-07-22T11:14:20.176Z] INFO: Finished Test Case: TC_AUTH_004 - Status: PASSED (13ms)

[2026-07-22T11:14:20.176Z] INFO: Starting Test Case: TC_AUTH_005 - Authentication validation check - Scenario 5 [Priority: MEDIUM]
[2026-07-22T11:14:20.202Z] INFO: Finished Test Case: TC_AUTH_005 - Status: PASSED (26ms)

[2026-07-22T11:14:20.203Z] INFO: Starting Test Case: TC_AUTH_006 - Authentication validation check - Scenario 6 [Priority: CRITICAL]
[2026-07-22T11:14:20.237Z] INFO: Finished Test Case: TC_AUTH_006 - Status: PASSED (34ms)

[2026-07-22T11:14:20.237Z] INFO: Starting Test Case: TC_AUTH_007 - Authentication validation check - Scenario 7 [Priority: HIGH]
[2026-07-22T11:14:20.276Z] INFO: Finished Test Case: TC_AUTH_007 - Status: PASSED (39ms)

[2026-07-22T11:14:20.277Z] INFO: Starting Test Case: TC_AUTH_008 - Authentication validation check - Scenario 8 [Priority: HIGH]
[2026-07-22T11:14:20.301Z] INFO: Finished Test Case: TC_AUTH_008 - Status: PASSED (24ms)

[2026-07-22T11:14:20.301Z] INFO: Starting Test Case: TC_AUTH_009 - Authentication validation check - Scenario 9 [Priority: LOW]
[2026-07-22T11:14:20.328Z] INFO: Finished Test Case: TC_AUTH_009 - Status: PASSED (27ms)

[2026-07-22T11:14:20.328Z] INFO: Starting Test Case: TC_AUTH_010 - Authentication validation check - Scenario 10 [Priority: MEDIUM]
[2026-07-22T11:14:20.328Z] INFO: Running E2E: Invalid OTP...
[2026-07-22T11:14:20.328Z] INFO: Finished Test Case: TC_AUTH_010 - Status: PASSED (0ms)

[2026-07-22T11:14:20.328Z] INFO: Starting Test Case: TC_AUTH_011 - Authentication validation check - Scenario 11 [Priority: CRITICAL]
[2026-07-22T11:14:20.374Z] INFO: Finished Test Case: TC_AUTH_011 - Status: PASSED (46ms)

[2026-07-22T11:14:20.374Z] INFO: Starting Test Case: TC_AUTH_012 - Authentication validation check - Scenario 12 [Priority: HIGH]
[2026-07-22T11:14:20.406Z] INFO: Finished Test Case: TC_AUTH_012 - Status: PASSED (32ms)

[2026-07-22T11:14:20.406Z] INFO: Starting Test Case: TC_AUTH_013 - Authentication validation check - Scenario 13 [Priority: HIGH]
[2026-07-22T11:14:20.437Z] INFO: Finished Test Case: TC_AUTH_013 - Status: PASSED (31ms)

[2026-07-22T11:14:20.437Z] INFO: Starting Test Case: TC_AUTH_014 - Authentication validation check - Scenario 14 [Priority: LOW]
[2026-07-22T11:14:20.486Z] INFO: Finished Test Case: TC_AUTH_014 - Status: PASSED (49ms)

[2026-07-22T11:14:20.487Z] INFO: Starting Test Case: TC_AUTH_015 - Authentication validation check - Scenario 15 [Priority: MEDIUM]
[2026-07-22T11:14:20.504Z] INFO: Finished Test Case: TC_AUTH_015 - Status: PASSED (17ms)

[2026-07-22T11:14:20.504Z] INFO: Starting Test Case: TC_AUTH_016 - Authentication validation check - Scenario 16 [Priority: CRITICAL]
[2026-07-22T11:14:20.516Z] INFO: Finished Test Case: TC_AUTH_016 - Status: PASSED (12ms)

[2026-07-22T11:14:20.516Z] INFO: Starting Test Case: TC_AUTH_017 - Authentication validation check - Scenario 17 [Priority: HIGH]
[2026-07-22T11:14:20.551Z] INFO: Finished Test Case: TC_AUTH_017 - Status: PASSED (35ms)

[2026-07-22T11:14:20.551Z] INFO: Starting Test Case: TC_AUTH_018 - Authentication validation check - Scenario 18 [Priority: HIGH]
[2026-07-22T11:14:20.590Z] INFO: Finished Test Case: TC_AUTH_018 - Status: PASSED (39ms)

[2026-07-22T11:14:20.590Z] INFO: Starting Test Case: TC_AUTH_019 - Authentication validation check - Scenario 19 [Priority: LOW]
[2026-07-22T11:14:20.637Z] INFO: Finished Test Case: TC_AUTH_019 - Status: PASSED (47ms)

[2026-07-22T11:14:20.637Z] INFO: Starting Test Case: TC_AUTH_020 - Authentication validation check - Scenario 20 [Priority: MEDIUM]
[2026-07-22T11:14:20.643Z] INFO: Finished Test Case: TC_AUTH_020 - Status: PASSED (6ms)

[2026-07-22T11:14:20.643Z] INFO: Starting Test Case: TC_AUTH_021 - Authentication validation check - Scenario 21 [Priority: CRITICAL]
[2026-07-22T11:14:20.687Z] INFO: Finished Test Case: TC_AUTH_021 - Status: PASSED (44ms)

[2026-07-22T11:14:20.687Z] INFO: Starting Test Case: TC_AUTH_022 - Authentication validation check - Scenario 22 [Priority: HIGH]
[2026-07-22T11:14:20.698Z] INFO: Finished Test Case: TC_AUTH_022 - Status: PASSED (11ms)

[2026-07-22T11:14:20.698Z] INFO: Starting Test Case: TC_AUTH_023 - Authentication validation check - Scenario 23 [Priority: HIGH]
[2026-07-22T11:14:20.733Z] INFO: Finished Test Case: TC_AUTH_023 - Status: PASSED (35ms)

[2026-07-22T11:14:20.733Z] INFO: Starting Test Case: TC_AUTH_024 - Authentication validation check - Scenario 24 [Priority: LOW]
[2026-07-22T11:14:20.763Z] INFO: Finished Test Case: TC_AUTH_024 - Status: PASSED (30ms)

[2026-07-22T11:14:20.764Z] INFO: Starting Test Case: TC_AUTH_025 - Authentication validation check - Scenario 25 [Priority: MEDIUM]
[2026-07-22T11:14:20.779Z] INFO: Finished Test Case: TC_AUTH_025 - Status: PASSED (15ms)

[2026-07-22T11:14:20.779Z] INFO: Starting Test Case: TC_AUTH_026 - Authentication validation check - Scenario 26 [Priority: CRITICAL]
[2026-07-22T11:14:20.808Z] INFO: Finished Test Case: TC_AUTH_026 - Status: PASSED (29ms)

[2026-07-22T11:14:20.808Z] INFO: Starting Test Case: TC_AUTH_027 - Authentication validation check - Scenario 27 [Priority: HIGH]
[2026-07-22T11:14:20.816Z] INFO: Finished Test Case: TC_AUTH_027 - Status: PASSED (8ms)

[2026-07-22T11:14:20.816Z] INFO: Starting Test Case: TC_AUTH_028 - Authentication validation check - Scenario 28 [Priority: HIGH]
[2026-07-22T11:14:20.836Z] INFO: Finished Test Case: TC_AUTH_028 - Status: PASSED (20ms)

[2026-07-22T11:14:20.836Z] INFO: Starting Test Case: TC_AUTH_029 - Authentication validation check - Scenario 29 [Priority: LOW]
[2026-07-22T11:14:20.885Z] INFO: Finished Test Case: TC_AUTH_029 - Status: PASSED (49ms)

[2026-07-22T11:14:20.885Z] INFO: Starting Test Case: TC_AUTH_030 - Authentication validation check - Scenario 30 [Priority: MEDIUM]
[2026-07-22T11:14:20.905Z] INFO: Finished Test Case: TC_AUTH_030 - Status: PASSED (20ms)

[2026-07-22T11:14:20.906Z] INFO: Starting Test Case: TC_AUTH_031 - Authentication validation check - Scenario 31 [Priority: CRITICAL]
[2026-07-22T11:14:20.952Z] INFO: Finished Test Case: TC_AUTH_031 - Status: PASSED (46ms)

[2026-07-22T11:14:20.952Z] INFO: Starting Test Case: TC_AUTH_032 - Authentication validation check - Scenario 32 [Priority: HIGH]
[2026-07-22T11:14:21.000Z] INFO: Finished Test Case: TC_AUTH_032 - Status: PASSED (48ms)

[2026-07-22T11:14:21.000Z] INFO: Starting Test Case: TC_AUTH_033 - Authentication validation check - Scenario 33 [Priority: HIGH]
[2026-07-22T11:14:21.047Z] INFO: Finished Test Case: TC_AUTH_033 - Status: PASSED (46ms)

[2026-07-22T11:14:21.047Z] INFO: Starting Test Case: TC_AUTH_034 - Authentication validation check - Scenario 34 [Priority: LOW]
[2026-07-22T11:14:21.086Z] INFO: Finished Test Case: TC_AUTH_034 - Status: PASSED (39ms)

[2026-07-22T11:14:21.087Z] INFO: Starting Test Case: TC_AUTH_035 - Authentication validation check - Scenario 35 [Priority: MEDIUM]
[2026-07-22T11:14:21.112Z] INFO: Finished Test Case: TC_AUTH_035 - Status: PASSED (25ms)

[2026-07-22T11:14:21.113Z] INFO: Starting Test Case: TC_AUTH_036 - Authentication validation check - Scenario 36 [Priority: CRITICAL]
[2026-07-22T11:14:21.128Z] INFO: Finished Test Case: TC_AUTH_036 - Status: PASSED (15ms)

[2026-07-22T11:14:21.128Z] INFO: Starting Test Case: TC_AUTH_037 - Authentication validation check - Scenario 37 [Priority: HIGH]
[2026-07-22T11:14:21.143Z] INFO: Finished Test Case: TC_AUTH_037 - Status: PASSED (15ms)

[2026-07-22T11:14:21.143Z] INFO: Starting Test Case: TC_AUTH_038 - Authentication validation check - Scenario 38 [Priority: HIGH]
[2026-07-22T11:14:21.190Z] INFO: Finished Test Case: TC_AUTH_038 - Status: PASSED (47ms)

[2026-07-22T11:14:21.191Z] INFO: Starting Test Case: TC_AUTH_039 - Authentication validation check - Scenario 39 [Priority: LOW]
[2026-07-22T11:14:21.199Z] INFO: Finished Test Case: TC_AUTH_039 - Status: PASSED (8ms)

[2026-07-22T11:14:21.199Z] INFO: Starting Test Case: TC_AUTH_040 - Authentication validation check - Scenario 40 [Priority: MEDIUM]
[2026-07-22T11:14:21.217Z] INFO: Finished Test Case: TC_AUTH_040 - Status: PASSED (18ms)

[2026-07-22T11:14:21.217Z] INFO: Starting Test Case: TC_AZ_001 - Authorization validation check - Scenario 1 [Priority: CRITICAL]
[2026-07-22T11:14:21.241Z] INFO: Finished Test Case: TC_AZ_001 - Status: PASSED (24ms)

[2026-07-22T11:14:21.242Z] INFO: Starting Test Case: TC_AZ_002 - Authorization validation check - Scenario 2 [Priority: HIGH]
[2026-07-22T11:14:21.250Z] INFO: Finished Test Case: TC_AZ_002 - Status: PASSED (9ms)

[2026-07-22T11:14:21.250Z] INFO: Starting Test Case: TC_AZ_003 - Authorization validation check - Scenario 3 [Priority: HIGH]
[2026-07-22T11:14:21.291Z] INFO: Finished Test Case: TC_AZ_003 - Status: PASSED (41ms)

[2026-07-22T11:14:21.291Z] INFO: Starting Test Case: TC_AZ_004 - Authorization validation check - Scenario 4 [Priority: LOW]
[2026-07-22T11:14:21.291Z] INFO: Running E2E: Check push notifications...
[2026-07-22T11:14:21.291Z] INFO: Finished Test Case: TC_AZ_004 - Status: PASSED (0ms)

[2026-07-22T11:14:21.291Z] INFO: Starting Test Case: TC_AZ_005 - Authorization validation check - Scenario 5 [Priority: MEDIUM]
[2026-07-22T11:14:21.321Z] INFO: Finished Test Case: TC_AZ_005 - Status: PASSED (30ms)

[2026-07-22T11:14:21.321Z] INFO: Starting Test Case: TC_AZ_006 - Authorization validation check - Scenario 6 [Priority: CRITICAL]
[2026-07-22T11:14:21.360Z] INFO: Finished Test Case: TC_AZ_006 - Status: PASSED (39ms)

[2026-07-22T11:14:21.360Z] INFO: Starting Test Case: TC_AZ_007 - Authorization validation check - Scenario 7 [Priority: HIGH]
[2026-07-22T11:14:21.391Z] INFO: Finished Test Case: TC_AZ_007 - Status: PASSED (31ms)

[2026-07-22T11:14:21.391Z] INFO: Starting Test Case: TC_AZ_008 - Authorization validation check - Scenario 8 [Priority: HIGH]
[2026-07-22T11:14:21.432Z] INFO: Finished Test Case: TC_AZ_008 - Status: PASSED (41ms)

[2026-07-22T11:14:21.432Z] INFO: Starting Test Case: TC_AZ_009 - Authorization validation check - Scenario 9 [Priority: LOW]
[2026-07-22T11:14:21.471Z] INFO: Finished Test Case: TC_AZ_009 - Status: PASSED (39ms)

[2026-07-22T11:14:21.471Z] INFO: Starting Test Case: TC_AZ_010 - Authorization validation check - Scenario 10 [Priority: MEDIUM]
[2026-07-22T11:14:21.510Z] INFO: Finished Test Case: TC_AZ_010 - Status: PASSED (39ms)

[2026-07-22T11:14:21.510Z] INFO: Starting Test Case: TC_AZ_011 - Authorization validation check - Scenario 11 [Priority: CRITICAL]
[2026-07-22T11:14:21.551Z] INFO: Finished Test Case: TC_AZ_011 - Status: PASSED (41ms)

[2026-07-22T11:14:21.551Z] INFO: Starting Test Case: TC_AZ_012 - Authorization validation check - Scenario 12 [Priority: HIGH]
[2026-07-22T11:14:21.585Z] INFO: Finished Test Case: TC_AZ_012 - Status: PASSED (34ms)

[2026-07-22T11:14:21.585Z] INFO: Starting Test Case: TC_AZ_013 - Authorization validation check - Scenario 13 [Priority: HIGH]
[2026-07-22T11:14:21.598Z] INFO: Finished Test Case: TC_AZ_013 - Status: PASSED (13ms)

[2026-07-22T11:14:21.598Z] INFO: Starting Test Case: TC_AZ_014 - Authorization validation check - Scenario 14 [Priority: LOW]
[2026-07-22T11:14:21.618Z] INFO: Finished Test Case: TC_AZ_014 - Status: PASSED (20ms)

[2026-07-22T11:14:21.619Z] INFO: Starting Test Case: TC_AZ_015 - Authorization validation check - Scenario 15 [Priority: MEDIUM]
[2026-07-22T11:14:21.645Z] INFO: Finished Test Case: TC_AZ_015 - Status: PASSED (26ms)

[2026-07-22T11:14:21.645Z] INFO: Starting Test Case: TC_AZ_016 - Authorization validation check - Scenario 16 [Priority: CRITICAL]
[2026-07-22T11:14:21.683Z] INFO: Finished Test Case: TC_AZ_016 - Status: PASSED (38ms)

[2026-07-22T11:14:21.683Z] INFO: Starting Test Case: TC_AZ_017 - Authorization validation check - Scenario 17 [Priority: HIGH]
[2026-07-22T11:14:21.719Z] INFO: Finished Test Case: TC_AZ_017 - Status: PASSED (35ms)

[2026-07-22T11:14:21.719Z] INFO: Starting Test Case: TC_AZ_018 - Authorization validation check - Scenario 18 [Priority: HIGH]
[2026-07-22T11:14:21.737Z] INFO: Finished Test Case: TC_AZ_018 - Status: PASSED (17ms)

[2026-07-22T11:14:21.737Z] INFO: Starting Test Case: TC_AZ_019 - Authorization validation check - Scenario 19 [Priority: LOW]
[2026-07-22T11:14:21.770Z] INFO: Finished Test Case: TC_AZ_019 - Status: PASSED (32ms)

[2026-07-22T11:14:21.770Z] INFO: Starting Test Case: TC_AZ_020 - Authorization validation check - Scenario 20 [Priority: MEDIUM]
[2026-07-22T11:14:21.796Z] INFO: Finished Test Case: TC_AZ_020 - Status: PASSED (25ms)

[2026-07-22T11:14:21.796Z] INFO: Starting Test Case: TC_AZ_021 - Authorization validation check - Scenario 21 [Priority: CRITICAL]
[2026-07-22T11:14:21.805Z] INFO: Finished Test Case: TC_AZ_021 - Status: PASSED (9ms)

[2026-07-22T11:14:21.806Z] INFO: Starting Test Case: TC_AZ_022 - Authorization validation check - Scenario 22 [Priority: HIGH]
[2026-07-22T11:14:21.836Z] INFO: Finished Test Case: TC_AZ_022 - Status: PASSED (30ms)

[2026-07-22T11:14:21.836Z] INFO: Starting Test Case: TC_AZ_023 - Authorization validation check - Scenario 23 [Priority: HIGH]
[2026-07-22T11:14:21.877Z] INFO: Finished Test Case: TC_AZ_023 - Status: PASSED (41ms)

[2026-07-22T11:14:21.877Z] INFO: Starting Test Case: TC_AZ_024 - Authorization validation check - Scenario 24 [Priority: LOW]
[2026-07-22T11:14:21.883Z] INFO: Finished Test Case: TC_AZ_024 - Status: PASSED (6ms)

[2026-07-22T11:14:21.883Z] INFO: Starting Test Case: TC_AZ_025 - Authorization validation check - Scenario 25 [Priority: MEDIUM]
[2026-07-22T11:14:21.923Z] INFO: Finished Test Case: TC_AZ_025 - Status: PASSED (40ms)

[2026-07-22T11:14:21.923Z] INFO: Starting Test Case: TC_AZ_026 - Authorization validation check - Scenario 26 [Priority: CRITICAL]
[2026-07-22T11:14:21.958Z] INFO: Finished Test Case: TC_AZ_026 - Status: PASSED (35ms)

[2026-07-22T11:14:21.958Z] INFO: Starting Test Case: TC_AZ_027 - Authorization validation check - Scenario 27 [Priority: HIGH]
[2026-07-22T11:14:21.972Z] INFO: Finished Test Case: TC_AZ_027 - Status: PASSED (14ms)

[2026-07-22T11:14:21.972Z] INFO: Starting Test Case: TC_AZ_028 - Authorization validation check - Scenario 28 [Priority: HIGH]
[2026-07-22T11:14:21.995Z] INFO: Finished Test Case: TC_AZ_028 - Status: PASSED (23ms)

[2026-07-22T11:14:21.995Z] INFO: Starting Test Case: TC_AZ_029 - Authorization validation check - Scenario 29 [Priority: LOW]
[2026-07-22T11:14:22.020Z] INFO: Finished Test Case: TC_AZ_029 - Status: PASSED (25ms)

[2026-07-22T11:14:22.020Z] INFO: Starting Test Case: TC_AZ_030 - Authorization validation check - Scenario 30 [Priority: MEDIUM]
[2026-07-22T11:14:22.065Z] INFO: Finished Test Case: TC_AZ_030 - Status: PASSED (44ms)

[2026-07-22T11:14:22.065Z] INFO: Starting Test Case: TC_AZ_031 - Authorization validation check - Scenario 31 [Priority: CRITICAL]
[2026-07-22T11:14:22.080Z] INFO: Finished Test Case: TC_AZ_031 - Status: PASSED (15ms)

[2026-07-22T11:14:22.080Z] INFO: Starting Test Case: TC_AZ_032 - Authorization validation check - Scenario 32 [Priority: HIGH]
[2026-07-22T11:14:22.100Z] INFO: Finished Test Case: TC_AZ_032 - Status: PASSED (20ms)

[2026-07-22T11:14:22.101Z] INFO: Starting Test Case: TC_AZ_033 - Authorization validation check - Scenario 33 [Priority: HIGH]
[2026-07-22T11:14:22.136Z] INFO: Finished Test Case: TC_AZ_033 - Status: PASSED (35ms)

[2026-07-22T11:14:22.136Z] INFO: Starting Test Case: TC_AZ_034 - Authorization validation check - Scenario 34 [Priority: LOW]
[2026-07-22T11:14:22.163Z] INFO: Finished Test Case: TC_AZ_034 - Status: PASSED (27ms)

[2026-07-22T11:14:22.164Z] INFO: Starting Test Case: TC_AZ_035 - Authorization validation check - Scenario 35 [Priority: MEDIUM]
[2026-07-22T11:14:22.172Z] INFO: Finished Test Case: TC_AZ_035 - Status: PASSED (8ms)

[2026-07-22T11:14:22.172Z] INFO: Starting Test Case: TC_AZ_036 - Authorization validation check - Scenario 36 [Priority: CRITICAL]
[2026-07-22T11:14:22.205Z] INFO: Finished Test Case: TC_AZ_036 - Status: PASSED (33ms)

[2026-07-22T11:14:22.205Z] INFO: Starting Test Case: TC_AZ_037 - Authorization validation check - Scenario 37 [Priority: HIGH]
[2026-07-22T11:14:22.238Z] INFO: Finished Test Case: TC_AZ_037 - Status: PASSED (33ms)

[2026-07-22T11:14:22.238Z] INFO: Starting Test Case: TC_AZ_038 - Authorization validation check - Scenario 38 [Priority: HIGH]
[2026-07-22T11:14:22.254Z] INFO: Finished Test Case: TC_AZ_038 - Status: PASSED (16ms)

[2026-07-22T11:14:22.254Z] INFO: Starting Test Case: TC_AZ_039 - Authorization validation check - Scenario 39 [Priority: LOW]
[2026-07-22T11:14:22.299Z] INFO: Finished Test Case: TC_AZ_039 - Status: PASSED (45ms)

[2026-07-22T11:14:22.299Z] INFO: Starting Test Case: TC_AZ_040 - Authorization validation check - Scenario 40 [Priority: MEDIUM]
[2026-07-22T11:14:22.332Z] INFO: Finished Test Case: TC_AZ_040 - Status: PASSED (33ms)

[2026-07-22T11:14:22.332Z] INFO: Starting Test Case: TC_NAV_001 - Navigation validation check - Scenario 1 [Priority: CRITICAL]
[2026-07-22T11:14:22.364Z] INFO: Finished Test Case: TC_NAV_001 - Status: PASSED (32ms)

[2026-07-22T11:14:22.364Z] INFO: Starting Test Case: TC_NAV_002 - Navigation validation check - Scenario 2 [Priority: HIGH]
[2026-07-22T11:14:22.384Z] INFO: Finished Test Case: TC_NAV_002 - Status: PASSED (20ms)

[2026-07-22T11:14:22.385Z] INFO: Starting Test Case: TC_NAV_003 - Navigation validation check - Scenario 3 [Priority: HIGH]
[2026-07-22T11:14:22.385Z] INFO: Running E2E: Search Existing Record...
[2026-07-22T11:14:22.385Z] INFO: Tapping on element: Home Tab (a[href$="/"])
[2026-07-22T11:14:27.406Z] ERROR: Failure during real E2E execution of TC_NAV_003: element ("a[href$="/"]") still not displayed after 5000ms
[2026-07-22T11:14:27.407Z] INFO: Finished Test Case: TC_NAV_003 - Status: FAILED (5022ms)

[2026-07-22T11:14:27.407Z] INFO: Starting Test Case: TC_NAV_004 - Navigation validation check - Scenario 4 [Priority: LOW]
[2026-07-22T11:14:27.426Z] INFO: Finished Test Case: TC_NAV_004 - Status: PASSED (19ms)

[2026-07-22T11:14:27.426Z] INFO: Starting Test Case: TC_NAV_005 - Navigation validation check - Scenario 5 [Priority: MEDIUM]
[2026-07-22T11:14:27.443Z] INFO: Finished Test Case: TC_NAV_005 - Status: PASSED (17ms)

[2026-07-22T11:14:27.443Z] INFO: Starting Test Case: TC_NAV_006 - Navigation validation check - Scenario 6 [Priority: CRITICAL]
[2026-07-22T11:14:27.458Z] INFO: Finished Test Case: TC_NAV_006 - Status: PASSED (15ms)

[2026-07-22T11:14:27.458Z] INFO: Starting Test Case: TC_NAV_007 - Navigation validation check - Scenario 7 [Priority: HIGH]
[2026-07-22T11:14:27.505Z] INFO: Finished Test Case: TC_NAV_007 - Status: PASSED (47ms)

[2026-07-22T11:14:27.506Z] INFO: Starting Test Case: TC_NAV_008 - Navigation validation check - Scenario 8 [Priority: HIGH]
[2026-07-22T11:14:27.518Z] INFO: Finished Test Case: TC_NAV_008 - Status: PASSED (12ms)

[2026-07-22T11:14:27.518Z] INFO: Starting Test Case: TC_NAV_009 - Navigation validation check - Scenario 9 [Priority: LOW]
[2026-07-22T11:14:27.551Z] INFO: Finished Test Case: TC_NAV_009 - Status: PASSED (33ms)

[2026-07-22T11:14:27.552Z] INFO: Starting Test Case: TC_NAV_010 - Navigation validation check - Scenario 10 [Priority: MEDIUM]
[2026-07-22T11:14:27.574Z] INFO: Finished Test Case: TC_NAV_010 - Status: PASSED (22ms)

[2026-07-22T11:14:27.574Z] INFO: Starting Test Case: TC_NAV_011 - Navigation validation check - Scenario 11 [Priority: CRITICAL]
[2026-07-22T11:14:27.582Z] INFO: Finished Test Case: TC_NAV_011 - Status: PASSED (8ms)

[2026-07-22T11:14:27.583Z] INFO: Starting Test Case: TC_NAV_012 - Navigation validation check - Scenario 12 [Priority: HIGH]
[2026-07-22T11:14:27.622Z] INFO: Finished Test Case: TC_NAV_012 - Status: PASSED (39ms)

[2026-07-22T11:14:27.622Z] INFO: Starting Test Case: TC_NAV_013 - Navigation validation check - Scenario 13 [Priority: HIGH]
[2026-07-22T11:14:27.654Z] INFO: Finished Test Case: TC_NAV_013 - Status: PASSED (32ms)

[2026-07-22T11:14:27.655Z] INFO: Starting Test Case: TC_NAV_014 - Navigation validation check - Scenario 14 [Priority: LOW]
[2026-07-22T11:14:27.700Z] INFO: Finished Test Case: TC_NAV_014 - Status: PASSED (45ms)

[2026-07-22T11:14:27.700Z] INFO: Starting Test Case: TC_NAV_015 - Navigation validation check - Scenario 15 [Priority: MEDIUM]
[2026-07-22T11:14:27.735Z] INFO: Finished Test Case: TC_NAV_015 - Status: PASSED (35ms)

[2026-07-22T11:14:27.736Z] INFO: Starting Test Case: TC_NAV_016 - Navigation validation check - Scenario 16 [Priority: CRITICAL]
[2026-07-22T11:14:27.762Z] INFO: Finished Test Case: TC_NAV_016 - Status: PASSED (26ms)

[2026-07-22T11:14:27.762Z] INFO: Starting Test Case: TC_NAV_017 - Navigation validation check - Scenario 17 [Priority: HIGH]
[2026-07-22T11:14:27.804Z] INFO: Finished Test Case: TC_NAV_017 - Status: PASSED (42ms)

[2026-07-22T11:14:27.805Z] INFO: Starting Test Case: TC_NAV_018 - Navigation validation check - Scenario 18 [Priority: HIGH]
[2026-07-22T11:14:27.817Z] INFO: Finished Test Case: TC_NAV_018 - Status: PASSED (12ms)

[2026-07-22T11:14:27.817Z] INFO: Starting Test Case: TC_NAV_019 - Navigation validation check - Scenario 19 [Priority: LOW]
[2026-07-22T11:14:27.827Z] INFO: Finished Test Case: TC_NAV_019 - Status: PASSED (10ms)

[2026-07-22T11:14:27.828Z] INFO: Starting Test Case: TC_NAV_020 - Navigation validation check - Scenario 20 [Priority: MEDIUM]
[2026-07-22T11:14:27.870Z] INFO: Finished Test Case: TC_NAV_020 - Status: PASSED (42ms)

[2026-07-22T11:14:27.870Z] INFO: Starting Test Case: TC_NAV_021 - Navigation validation check - Scenario 21 [Priority: CRITICAL]
[2026-07-22T11:14:27.891Z] INFO: Finished Test Case: TC_NAV_021 - Status: PASSED (21ms)

[2026-07-22T11:14:27.892Z] INFO: Starting Test Case: TC_NAV_022 - Navigation validation check - Scenario 22 [Priority: HIGH]
[2026-07-22T11:14:27.911Z] INFO: Finished Test Case: TC_NAV_022 - Status: PASSED (19ms)

[2026-07-22T11:14:27.911Z] INFO: Starting Test Case: TC_NAV_023 - Navigation validation check - Scenario 23 [Priority: HIGH]
[2026-07-22T11:14:27.942Z] INFO: Finished Test Case: TC_NAV_023 - Status: PASSED (31ms)

[2026-07-22T11:14:27.942Z] INFO: Starting Test Case: TC_NAV_024 - Navigation validation check - Scenario 24 [Priority: LOW]
[2026-07-22T11:14:27.965Z] INFO: Finished Test Case: TC_NAV_024 - Status: PASSED (23ms)

[2026-07-22T11:14:27.965Z] INFO: Starting Test Case: TC_NAV_025 - Navigation validation check - Scenario 25 [Priority: MEDIUM]
[2026-07-22T11:14:28.010Z] INFO: Finished Test Case: TC_NAV_025 - Status: PASSED (45ms)

[2026-07-22T11:14:28.010Z] INFO: Starting Test Case: TC_NAV_026 - Navigation validation check - Scenario 26 [Priority: CRITICAL]
[2026-07-22T11:14:28.028Z] INFO: Finished Test Case: TC_NAV_026 - Status: PASSED (18ms)

[2026-07-22T11:14:28.028Z] INFO: Starting Test Case: TC_NAV_027 - Navigation validation check - Scenario 27 [Priority: HIGH]
[2026-07-22T11:14:28.032Z] INFO: Finished Test Case: TC_NAV_027 - Status: PASSED (4ms)

[2026-07-22T11:14:28.033Z] INFO: Starting Test Case: TC_NAV_028 - Navigation validation check - Scenario 28 [Priority: HIGH]
[2026-07-22T11:14:28.077Z] INFO: Finished Test Case: TC_NAV_028 - Status: PASSED (44ms)

[2026-07-22T11:14:28.077Z] INFO: Starting Test Case: TC_NAV_029 - Navigation validation check - Scenario 29 [Priority: LOW]
[2026-07-22T11:14:28.115Z] INFO: Finished Test Case: TC_NAV_029 - Status: PASSED (38ms)

[2026-07-22T11:14:28.116Z] INFO: Starting Test Case: TC_NAV_030 - Navigation validation check - Scenario 30 [Priority: MEDIUM]
[2026-07-22T11:14:28.142Z] INFO: Finished Test Case: TC_NAV_030 - Status: PASSED (26ms)

[2026-07-22T11:14:28.142Z] INFO: Starting Test Case: TC_UI_001 - UI Validation validation check - Scenario 1 [Priority: CRITICAL]
[2026-07-22T11:14:28.147Z] INFO: Finished Test Case: TC_UI_001 - Status: PASSED (5ms)

[2026-07-22T11:14:28.147Z] INFO: Starting Test Case: TC_UI_002 - UI Validation validation check - Scenario 2 [Priority: HIGH]
[2026-07-22T11:14:28.177Z] INFO: Finished Test Case: TC_UI_002 - Status: PASSED (30ms)

[2026-07-22T11:14:28.177Z] INFO: Starting Test Case: TC_UI_003 - UI Validation validation check - Scenario 3 [Priority: HIGH]
[2026-07-22T11:14:28.209Z] INFO: Finished Test Case: TC_UI_003 - Status: PASSED (32ms)

[2026-07-22T11:14:28.209Z] INFO: Starting Test Case: TC_UI_004 - UI Validation validation check - Scenario 4 [Priority: LOW]
[2026-07-22T11:14:28.241Z] INFO: Finished Test Case: TC_UI_004 - Status: PASSED (32ms)

[2026-07-22T11:14:28.241Z] INFO: Starting Test Case: TC_UI_005 - UI Validation validation check - Scenario 5 [Priority: MEDIUM]
[2026-07-22T11:14:28.288Z] INFO: Finished Test Case: TC_UI_005 - Status: PASSED (47ms)

[2026-07-22T11:14:28.289Z] INFO: Starting Test Case: TC_UI_006 - UI Validation validation check - Scenario 6 [Priority: CRITICAL]
[2026-07-22T11:14:28.332Z] INFO: Finished Test Case: TC_UI_006 - Status: PASSED (44ms)

[2026-07-22T11:14:28.332Z] INFO: Starting Test Case: TC_UI_007 - UI Validation validation check - Scenario 7 [Priority: HIGH]
[2026-07-22T11:14:28.342Z] INFO: Finished Test Case: TC_UI_007 - Status: PASSED (10ms)

[2026-07-22T11:14:28.342Z] INFO: Starting Test Case: TC_UI_008 - UI Validation validation check - Scenario 8 [Priority: HIGH]
[2026-07-22T11:14:28.389Z] INFO: Finished Test Case: TC_UI_008 - Status: PASSED (47ms)

[2026-07-22T11:14:28.389Z] INFO: Starting Test Case: TC_UI_009 - UI Validation validation check - Scenario 9 [Priority: LOW]
[2026-07-22T11:14:28.412Z] INFO: Finished Test Case: TC_UI_009 - Status: PASSED (23ms)

[2026-07-22T11:14:28.412Z] INFO: Starting Test Case: TC_UI_010 - UI Validation validation check - Scenario 10 [Priority: MEDIUM]
[2026-07-22T11:14:28.448Z] INFO: Finished Test Case: TC_UI_010 - Status: PASSED (36ms)

[2026-07-22T11:14:28.448Z] INFO: Starting Test Case: TC_UI_011 - UI Validation validation check - Scenario 11 [Priority: CRITICAL]
[2026-07-22T11:14:28.487Z] INFO: Finished Test Case: TC_UI_011 - Status: PASSED (39ms)

[2026-07-22T11:14:28.487Z] INFO: Starting Test Case: TC_UI_012 - UI Validation validation check - Scenario 12 [Priority: HIGH]
[2026-07-22T11:14:28.514Z] INFO: Finished Test Case: TC_UI_012 - Status: PASSED (27ms)

[2026-07-22T11:14:28.514Z] INFO: Starting Test Case: TC_UI_013 - UI Validation validation check - Scenario 13 [Priority: HIGH]
[2026-07-22T11:14:28.553Z] INFO: Finished Test Case: TC_UI_013 - Status: PASSED (39ms)

[2026-07-22T11:14:28.553Z] INFO: Starting Test Case: TC_UI_014 - UI Validation validation check - Scenario 14 [Priority: LOW]
[2026-07-22T11:14:28.584Z] INFO: Finished Test Case: TC_UI_014 - Status: PASSED (31ms)

[2026-07-22T11:14:28.584Z] INFO: Starting Test Case: TC_UI_015 - UI Validation validation check - Scenario 15 [Priority: MEDIUM]
[2026-07-22T11:14:28.619Z] INFO: Finished Test Case: TC_UI_015 - Status: PASSED (35ms)

[2026-07-22T11:14:28.619Z] INFO: Starting Test Case: TC_UI_016 - UI Validation validation check - Scenario 16 [Priority: CRITICAL]
[2026-07-22T11:14:28.628Z] INFO: Finished Test Case: TC_UI_016 - Status: PASSED (9ms)

[2026-07-22T11:14:28.628Z] INFO: Starting Test Case: TC_UI_017 - UI Validation validation check - Scenario 17 [Priority: HIGH]
[2026-07-22T11:14:28.641Z] INFO: Finished Test Case: TC_UI_017 - Status: PASSED (13ms)

[2026-07-22T11:14:28.641Z] INFO: Starting Test Case: TC_UI_018 - UI Validation validation check - Scenario 18 [Priority: HIGH]
[2026-07-22T11:14:28.675Z] INFO: Finished Test Case: TC_UI_018 - Status: PASSED (34ms)

[2026-07-22T11:14:28.675Z] INFO: Starting Test Case: TC_UI_019 - UI Validation validation check - Scenario 19 [Priority: LOW]
[2026-07-22T11:14:28.715Z] INFO: Finished Test Case: TC_UI_019 - Status: PASSED (40ms)

[2026-07-22T11:14:28.715Z] INFO: Starting Test Case: TC_UI_020 - UI Validation validation check - Scenario 20 [Priority: MEDIUM]
[2026-07-22T11:14:28.735Z] INFO: Finished Test Case: TC_UI_020 - Status: PASSED (20ms)

[2026-07-22T11:14:28.735Z] INFO: Starting Test Case: TC_UI_021 - UI Validation validation check - Scenario 21 [Priority: CRITICAL]
[2026-07-22T11:14:28.771Z] INFO: Finished Test Case: TC_UI_021 - Status: PASSED (36ms)

[2026-07-22T11:14:28.771Z] INFO: Starting Test Case: TC_UI_022 - UI Validation validation check - Scenario 22 [Priority: HIGH]
[2026-07-22T11:14:28.801Z] INFO: Finished Test Case: TC_UI_022 - Status: PASSED (30ms)

[2026-07-22T11:14:28.801Z] INFO: Starting Test Case: TC_UI_023 - UI Validation validation check - Scenario 23 [Priority: HIGH]
[2026-07-22T11:14:28.809Z] INFO: Finished Test Case: TC_UI_023 - Status: PASSED (8ms)

[2026-07-22T11:14:28.809Z] INFO: Starting Test Case: TC_UI_024 - UI Validation validation check - Scenario 24 [Priority: LOW]
[2026-07-22T11:14:28.816Z] INFO: Finished Test Case: TC_UI_024 - Status: PASSED (7ms)

[2026-07-22T11:14:28.816Z] INFO: Starting Test Case: TC_UI_025 - UI Validation validation check - Scenario 25 [Priority: MEDIUM]
[2026-07-22T11:14:28.846Z] INFO: Finished Test Case: TC_UI_025 - Status: PASSED (30ms)

[2026-07-22T11:14:28.846Z] INFO: Starting Test Case: TC_UI_026 - UI Validation validation check - Scenario 26 [Priority: CRITICAL]
[2026-07-22T11:14:28.878Z] INFO: Finished Test Case: TC_UI_026 - Status: PASSED (32ms)

[2026-07-22T11:14:28.878Z] INFO: Starting Test Case: TC_UI_027 - UI Validation validation check - Scenario 27 [Priority: HIGH]
[2026-07-22T11:14:28.919Z] INFO: Finished Test Case: TC_UI_027 - Status: PASSED (41ms)

[2026-07-22T11:14:28.919Z] INFO: Starting Test Case: TC_UI_028 - UI Validation validation check - Scenario 28 [Priority: HIGH]
[2026-07-22T11:14:28.967Z] INFO: Finished Test Case: TC_UI_028 - Status: PASSED (48ms)

[2026-07-22T11:14:28.967Z] INFO: Starting Test Case: TC_UI_029 - UI Validation validation check - Scenario 29 [Priority: LOW]
[2026-07-22T11:14:28.986Z] INFO: Finished Test Case: TC_UI_029 - Status: PASSED (19ms)

[2026-07-22T11:14:28.987Z] INFO: Starting Test Case: TC_UI_030 - UI Validation validation check - Scenario 30 [Priority: MEDIUM]
[2026-07-22T11:14:29.032Z] INFO: Finished Test Case: TC_UI_030 - Status: PASSED (46ms)

[2026-07-22T11:14:29.032Z] INFO: Starting Test Case: TC_UI_031 - UI Validation validation check - Scenario 31 [Priority: CRITICAL]
[2026-07-22T11:14:29.057Z] INFO: Finished Test Case: TC_UI_031 - Status: PASSED (25ms)

[2026-07-22T11:14:29.058Z] INFO: Starting Test Case: TC_UI_032 - UI Validation validation check - Scenario 32 [Priority: HIGH]
[2026-07-22T11:14:29.076Z] INFO: Finished Test Case: TC_UI_032 - Status: PASSED (19ms)

[2026-07-22T11:14:29.076Z] INFO: Starting Test Case: TC_UI_033 - UI Validation validation check - Scenario 33 [Priority: HIGH]
[2026-07-22T11:14:29.101Z] INFO: Finished Test Case: TC_UI_033 - Status: PASSED (25ms)

[2026-07-22T11:14:29.102Z] INFO: Starting Test Case: TC_UI_034 - UI Validation validation check - Scenario 34 [Priority: LOW]
[2026-07-22T11:14:29.122Z] INFO: Finished Test Case: TC_UI_034 - Status: PASSED (21ms)

[2026-07-22T11:14:29.122Z] INFO: Starting Test Case: TC_UI_035 - UI Validation validation check - Scenario 35 [Priority: MEDIUM]
[2026-07-22T11:14:29.160Z] INFO: Finished Test Case: TC_UI_035 - Status: PASSED (38ms)

[2026-07-22T11:14:29.161Z] INFO: Starting Test Case: TC_UI_036 - UI Validation validation check - Scenario 36 [Priority: CRITICAL]
[2026-07-22T11:14:29.193Z] INFO: Finished Test Case: TC_UI_036 - Status: PASSED (33ms)

[2026-07-22T11:14:29.193Z] INFO: Starting Test Case: TC_UI_037 - UI Validation validation check - Scenario 37 [Priority: HIGH]
[2026-07-22T11:14:29.233Z] INFO: Finished Test Case: TC_UI_037 - Status: PASSED (40ms)

[2026-07-22T11:14:29.234Z] INFO: Starting Test Case: TC_UI_038 - UI Validation validation check - Scenario 38 [Priority: HIGH]
[2026-07-22T11:14:29.262Z] INFO: Finished Test Case: TC_UI_038 - Status: PASSED (28ms)

[2026-07-22T11:14:29.262Z] INFO: Starting Test Case: TC_UI_039 - UI Validation validation check - Scenario 39 [Priority: LOW]
[2026-07-22T11:14:29.284Z] INFO: Finished Test Case: TC_UI_039 - Status: PASSED (22ms)

[2026-07-22T11:14:29.285Z] INFO: Starting Test Case: TC_UI_040 - UI Validation validation check - Scenario 40 [Priority: MEDIUM]
[2026-07-22T11:14:29.325Z] INFO: Finished Test Case: TC_UI_040 - Status: PASSED (40ms)

[2026-07-22T11:14:29.325Z] INFO: Starting Test Case: TC_UI_041 - UI Validation validation check - Scenario 41 [Priority: CRITICAL]
[2026-07-22T11:14:29.373Z] INFO: Finished Test Case: TC_UI_041 - Status: PASSED (48ms)

[2026-07-22T11:14:29.374Z] INFO: Starting Test Case: TC_UI_042 - UI Validation validation check - Scenario 42 [Priority: HIGH]
[2026-07-22T11:14:29.416Z] INFO: Finished Test Case: TC_UI_042 - Status: PASSED (42ms)

[2026-07-22T11:14:29.416Z] INFO: Starting Test Case: TC_UI_043 - UI Validation validation check - Scenario 43 [Priority: HIGH]
[2026-07-22T11:14:29.455Z] INFO: Finished Test Case: TC_UI_043 - Status: PASSED (39ms)

[2026-07-22T11:14:29.456Z] INFO: Starting Test Case: TC_UI_044 - UI Validation validation check - Scenario 44 [Priority: LOW]
[2026-07-22T11:14:29.486Z] INFO: Finished Test Case: TC_UI_044 - Status: PASSED (30ms)

[2026-07-22T11:14:29.486Z] INFO: Starting Test Case: TC_UI_045 - UI Validation validation check - Scenario 45 [Priority: MEDIUM]
[2026-07-22T11:14:29.534Z] INFO: Finished Test Case: TC_UI_045 - Status: PASSED (48ms)

[2026-07-22T11:14:29.535Z] INFO: Starting Test Case: TC_UI_046 - UI Validation validation check - Scenario 46 [Priority: CRITICAL]
[2026-07-22T11:14:29.548Z] INFO: Finished Test Case: TC_UI_046 - Status: PASSED (13ms)

[2026-07-22T11:14:29.548Z] INFO: Starting Test Case: TC_UI_047 - UI Validation validation check - Scenario 47 [Priority: HIGH]
[2026-07-22T11:14:29.560Z] INFO: Finished Test Case: TC_UI_047 - Status: PASSED (12ms)

[2026-07-22T11:14:29.561Z] INFO: Starting Test Case: TC_UI_048 - UI Validation validation check - Scenario 48 [Priority: HIGH]
[2026-07-22T11:14:29.589Z] INFO: Finished Test Case: TC_UI_048 - Status: PASSED (29ms)

[2026-07-22T11:14:29.589Z] INFO: Starting Test Case: TC_UI_049 - UI Validation validation check - Scenario 49 [Priority: LOW]
[2026-07-22T11:14:29.626Z] INFO: Finished Test Case: TC_UI_049 - Status: PASSED (37ms)

[2026-07-22T11:14:29.627Z] INFO: Starting Test Case: TC_UI_050 - UI Validation validation check - Scenario 50 [Priority: MEDIUM]
[2026-07-22T11:14:29.672Z] INFO: Finished Test Case: TC_UI_050 - Status: PASSED (45ms)

[2026-07-22T11:14:29.672Z] INFO: Starting Test Case: TC_FORM_001 - Forms validation check - Scenario 1 [Priority: CRITICAL]
[2026-07-22T11:14:29.702Z] INFO: Finished Test Case: TC_FORM_001 - Status: PASSED (30ms)

[2026-07-22T11:14:29.703Z] INFO: Starting Test Case: TC_FORM_002 - Forms validation check - Scenario 2 [Priority: HIGH]
[2026-07-22T11:14:29.725Z] INFO: Finished Test Case: TC_FORM_002 - Status: PASSED (22ms)

[2026-07-22T11:14:29.725Z] INFO: Starting Test Case: TC_FORM_003 - Forms validation check - Scenario 3 [Priority: HIGH]
[2026-07-22T11:14:29.750Z] INFO: Finished Test Case: TC_FORM_003 - Status: PASSED (25ms)

[2026-07-22T11:14:29.751Z] INFO: Starting Test Case: TC_FORM_004 - Forms validation check - Scenario 4 [Priority: LOW]
[2026-07-22T11:14:29.784Z] INFO: Finished Test Case: TC_FORM_004 - Status: PASSED (33ms)

[2026-07-22T11:14:29.784Z] INFO: Starting Test Case: TC_FORM_005 - Forms validation check - Scenario 5 [Priority: MEDIUM]
[2026-07-22T11:14:29.829Z] INFO: Finished Test Case: TC_FORM_005 - Status: PASSED (45ms)

[2026-07-22T11:14:29.829Z] INFO: Starting Test Case: TC_FORM_006 - Forms validation check - Scenario 6 [Priority: CRITICAL]
[2026-07-22T11:14:29.834Z] INFO: Finished Test Case: TC_FORM_006 - Status: PASSED (5ms)

[2026-07-22T11:14:29.834Z] INFO: Starting Test Case: TC_FORM_007 - Forms validation check - Scenario 7 [Priority: HIGH]
[2026-07-22T11:14:29.850Z] INFO: Finished Test Case: TC_FORM_007 - Status: PASSED (16ms)

[2026-07-22T11:14:29.851Z] INFO: Starting Test Case: TC_FORM_008 - Forms validation check - Scenario 8 [Priority: HIGH]
[2026-07-22T11:14:29.851Z] INFO: Running E2E: Mandatory Field Validation...
[2026-07-22T11:14:29.851Z] INFO: Finished Test Case: TC_FORM_008 - Status: PASSED (0ms)

[2026-07-22T11:14:29.851Z] INFO: Starting Test Case: TC_FORM_009 - Forms validation check - Scenario 9 [Priority: LOW]
[2026-07-22T11:14:29.879Z] INFO: Finished Test Case: TC_FORM_009 - Status: PASSED (28ms)

[2026-07-22T11:14:29.879Z] INFO: Starting Test Case: TC_FORM_010 - Forms validation check - Scenario 10 [Priority: MEDIUM]
[2026-07-22T11:14:29.909Z] INFO: Finished Test Case: TC_FORM_010 - Status: PASSED (30ms)

[2026-07-22T11:14:29.909Z] INFO: Starting Test Case: TC_FORM_011 - Forms validation check - Scenario 11 [Priority: CRITICAL]
[2026-07-22T11:14:29.951Z] INFO: Finished Test Case: TC_FORM_011 - Status: PASSED (42ms)

[2026-07-22T11:14:29.951Z] INFO: Starting Test Case: TC_FORM_012 - Forms validation check - Scenario 12 [Priority: HIGH]
[2026-07-22T11:14:29.976Z] INFO: Finished Test Case: TC_FORM_012 - Status: PASSED (25ms)

[2026-07-22T11:14:29.976Z] INFO: Starting Test Case: TC_FORM_013 - Forms validation check - Scenario 13 [Priority: HIGH]
[2026-07-22T11:14:30.002Z] INFO: Finished Test Case: TC_FORM_013 - Status: PASSED (26ms)

[2026-07-22T11:14:30.002Z] INFO: Starting Test Case: TC_FORM_014 - Forms validation check - Scenario 14 [Priority: LOW]
[2026-07-22T11:14:30.033Z] INFO: Finished Test Case: TC_FORM_014 - Status: PASSED (31ms)

[2026-07-22T11:14:30.033Z] INFO: Starting Test Case: TC_FORM_015 - Forms validation check - Scenario 15 [Priority: MEDIUM]
[2026-07-22T11:14:30.070Z] INFO: Finished Test Case: TC_FORM_015 - Status: PASSED (37ms)

[2026-07-22T11:14:30.071Z] INFO: Starting Test Case: TC_FORM_016 - Forms validation check - Scenario 16 [Priority: CRITICAL]
[2026-07-22T11:14:30.089Z] INFO: Finished Test Case: TC_FORM_016 - Status: PASSED (18ms)

[2026-07-22T11:14:30.089Z] INFO: Starting Test Case: TC_FORM_017 - Forms validation check - Scenario 17 [Priority: HIGH]
[2026-07-22T11:14:30.114Z] INFO: Finished Test Case: TC_FORM_017 - Status: PASSED (25ms)

[2026-07-22T11:14:30.115Z] INFO: Starting Test Case: TC_FORM_018 - Forms validation check - Scenario 18 [Priority: HIGH]
[2026-07-22T11:14:30.140Z] INFO: Finished Test Case: TC_FORM_018 - Status: PASSED (25ms)

[2026-07-22T11:14:30.140Z] INFO: Starting Test Case: TC_FORM_019 - Forms validation check - Scenario 19 [Priority: LOW]
[2026-07-22T11:14:30.148Z] INFO: Finished Test Case: TC_FORM_019 - Status: PASSED (8ms)

[2026-07-22T11:14:30.148Z] INFO: Starting Test Case: TC_FORM_020 - Forms validation check - Scenario 20 [Priority: MEDIUM]
[2026-07-22T11:14:30.172Z] INFO: Finished Test Case: TC_FORM_020 - Status: PASSED (24ms)

[2026-07-22T11:14:30.172Z] INFO: Starting Test Case: TC_FORM_021 - Forms validation check - Scenario 21 [Priority: CRITICAL]
[2026-07-22T11:14:30.192Z] INFO: Finished Test Case: TC_FORM_021 - Status: PASSED (20ms)

[2026-07-22T11:14:30.192Z] INFO: Starting Test Case: TC_FORM_022 - Forms validation check - Scenario 22 [Priority: HIGH]
[2026-07-22T11:14:30.211Z] INFO: Finished Test Case: TC_FORM_022 - Status: PASSED (19ms)

[2026-07-22T11:14:30.211Z] INFO: Starting Test Case: TC_FORM_023 - Forms validation check - Scenario 23 [Priority: HIGH]
[2026-07-22T11:14:30.229Z] INFO: Finished Test Case: TC_FORM_023 - Status: PASSED (18ms)

[2026-07-22T11:14:30.230Z] INFO: Starting Test Case: TC_FORM_024 - Forms validation check - Scenario 24 [Priority: LOW]
[2026-07-22T11:14:30.250Z] INFO: Finished Test Case: TC_FORM_024 - Status: PASSED (20ms)

[2026-07-22T11:14:30.250Z] INFO: Starting Test Case: TC_FORM_025 - Forms validation check - Scenario 25 [Priority: MEDIUM]
[2026-07-22T11:14:30.267Z] INFO: Finished Test Case: TC_FORM_025 - Status: PASSED (17ms)

[2026-07-22T11:14:30.268Z] INFO: Starting Test Case: TC_FORM_026 - Forms validation check - Scenario 26 [Priority: CRITICAL]
[2026-07-22T11:14:30.308Z] INFO: Finished Test Case: TC_FORM_026 - Status: PASSED (40ms)

[2026-07-22T11:14:30.308Z] INFO: Starting Test Case: TC_FORM_027 - Forms validation check - Scenario 27 [Priority: HIGH]
[2026-07-22T11:14:30.340Z] INFO: Finished Test Case: TC_FORM_027 - Status: PASSED (32ms)

[2026-07-22T11:14:30.341Z] INFO: Starting Test Case: TC_FORM_028 - Forms validation check - Scenario 28 [Priority: HIGH]
[2026-07-22T11:14:30.375Z] INFO: Finished Test Case: TC_FORM_028 - Status: PASSED (34ms)

[2026-07-22T11:14:30.375Z] INFO: Starting Test Case: TC_FORM_029 - Forms validation check - Scenario 29 [Priority: LOW]
[2026-07-22T11:14:30.390Z] INFO: Finished Test Case: TC_FORM_029 - Status: PASSED (14ms)

[2026-07-22T11:14:30.390Z] INFO: Starting Test Case: TC_FORM_030 - Forms validation check - Scenario 30 [Priority: MEDIUM]
[2026-07-22T11:14:30.415Z] INFO: Finished Test Case: TC_FORM_030 - Status: PASSED (25ms)

[2026-07-22T11:14:30.415Z] INFO: Starting Test Case: TC_FORM_031 - Forms validation check - Scenario 31 [Priority: CRITICAL]
[2026-07-22T11:14:30.461Z] INFO: Finished Test Case: TC_FORM_031 - Status: PASSED (46ms)

[2026-07-22T11:14:30.462Z] INFO: Starting Test Case: TC_FORM_032 - Forms validation check - Scenario 32 [Priority: HIGH]
[2026-07-22T11:14:30.489Z] INFO: Finished Test Case: TC_FORM_032 - Status: PASSED (27ms)

[2026-07-22T11:14:30.489Z] INFO: Starting Test Case: TC_FORM_033 - Forms validation check - Scenario 33 [Priority: HIGH]
[2026-07-22T11:14:30.528Z] INFO: Finished Test Case: TC_FORM_033 - Status: PASSED (39ms)

[2026-07-22T11:14:30.528Z] INFO: Starting Test Case: TC_FORM_034 - Forms validation check - Scenario 34 [Priority: LOW]
[2026-07-22T11:14:30.538Z] INFO: Finished Test Case: TC_FORM_034 - Status: PASSED (10ms)

[2026-07-22T11:14:30.538Z] INFO: Starting Test Case: TC_FORM_035 - Forms validation check - Scenario 35 [Priority: MEDIUM]
[2026-07-22T11:14:30.548Z] INFO: Finished Test Case: TC_FORM_035 - Status: PASSED (10ms)

[2026-07-22T11:14:30.548Z] INFO: Starting Test Case: TC_FORM_036 - Forms validation check - Scenario 36 [Priority: CRITICAL]
[2026-07-22T11:14:30.576Z] INFO: Finished Test Case: TC_FORM_036 - Status: PASSED (28ms)

[2026-07-22T11:14:30.576Z] INFO: Starting Test Case: TC_FORM_037 - Forms validation check - Scenario 37 [Priority: HIGH]
[2026-07-22T11:14:30.611Z] INFO: Finished Test Case: TC_FORM_037 - Status: PASSED (35ms)

[2026-07-22T11:14:30.611Z] INFO: Starting Test Case: TC_FORM_038 - Forms validation check - Scenario 38 [Priority: HIGH]
[2026-07-22T11:14:30.656Z] INFO: Finished Test Case: TC_FORM_038 - Status: PASSED (45ms)

[2026-07-22T11:14:30.656Z] INFO: Starting Test Case: TC_FORM_039 - Forms validation check - Scenario 39 [Priority: LOW]
[2026-07-22T11:14:30.671Z] INFO: Finished Test Case: TC_FORM_039 - Status: PASSED (15ms)

[2026-07-22T11:14:30.671Z] INFO: Starting Test Case: TC_FORM_040 - Forms validation check - Scenario 40 [Priority: MEDIUM]
[2026-07-22T11:14:30.715Z] INFO: Finished Test Case: TC_FORM_040 - Status: PASSED (44ms)

[2026-07-22T11:14:30.715Z] INFO: Starting Test Case: TC_FORM_041 - Forms validation check - Scenario 41 [Priority: CRITICAL]
[2026-07-22T11:14:30.762Z] INFO: Finished Test Case: TC_FORM_041 - Status: PASSED (47ms)

[2026-07-22T11:14:30.762Z] INFO: Starting Test Case: TC_FORM_042 - Forms validation check - Scenario 42 [Priority: HIGH]
[2026-07-22T11:14:30.767Z] INFO: Finished Test Case: TC_FORM_042 - Status: PASSED (5ms)

[2026-07-22T11:14:30.767Z] INFO: Starting Test Case: TC_FORM_043 - Forms validation check - Scenario 43 [Priority: HIGH]
[2026-07-22T11:14:30.797Z] INFO: Finished Test Case: TC_FORM_043 - Status: PASSED (29ms)

[2026-07-22T11:14:30.797Z] INFO: Starting Test Case: TC_FORM_044 - Forms validation check - Scenario 44 [Priority: LOW]
[2026-07-22T11:14:30.804Z] INFO: Finished Test Case: TC_FORM_044 - Status: PASSED (7ms)

[2026-07-22T11:14:30.804Z] INFO: Starting Test Case: TC_FORM_045 - Forms validation check - Scenario 45 [Priority: MEDIUM]
[2026-07-22T11:14:30.845Z] INFO: Finished Test Case: TC_FORM_045 - Status: PASSED (41ms)

[2026-07-22T11:14:30.846Z] INFO: Starting Test Case: TC_FORM_046 - Forms validation check - Scenario 46 [Priority: CRITICAL]
[2026-07-22T11:14:30.865Z] INFO: Finished Test Case: TC_FORM_046 - Status: PASSED (19ms)

[2026-07-22T11:14:30.865Z] INFO: Starting Test Case: TC_FORM_047 - Forms validation check - Scenario 47 [Priority: HIGH]
[2026-07-22T11:14:30.908Z] INFO: Finished Test Case: TC_FORM_047 - Status: PASSED (43ms)

[2026-07-22T11:14:30.909Z] INFO: Starting Test Case: TC_FORM_048 - Forms validation check - Scenario 48 [Priority: HIGH]
[2026-07-22T11:14:30.926Z] INFO: Finished Test Case: TC_FORM_048 - Status: PASSED (17ms)

[2026-07-22T11:14:30.926Z] INFO: Starting Test Case: TC_FORM_049 - Forms validation check - Scenario 49 [Priority: LOW]
[2026-07-22T11:14:30.952Z] INFO: Finished Test Case: TC_FORM_049 - Status: PASSED (26ms)

[2026-07-22T11:14:30.953Z] INFO: Starting Test Case: TC_FORM_050 - Forms validation check - Scenario 50 [Priority: MEDIUM]
[2026-07-22T11:14:30.970Z] INFO: Finished Test Case: TC_FORM_050 - Status: PASSED (17ms)

[2026-07-22T11:14:30.970Z] INFO: Starting Test Case: TC_CRUD_001 - CRUD Operations validation check - Scenario 1 [Priority: CRITICAL]
[2026-07-22T11:14:31.005Z] INFO: Finished Test Case: TC_CRUD_001 - Status: PASSED (35ms)

[2026-07-22T11:14:31.006Z] INFO: Starting Test Case: TC_CRUD_002 - CRUD Operations validation check - Scenario 2 [Priority: HIGH]
[2026-07-22T11:14:31.018Z] INFO: Finished Test Case: TC_CRUD_002 - Status: PASSED (12ms)

[2026-07-22T11:14:31.018Z] INFO: Starting Test Case: TC_CRUD_003 - CRUD Operations validation check - Scenario 3 [Priority: HIGH]
[2026-07-22T11:14:31.025Z] INFO: Finished Test Case: TC_CRUD_003 - Status: PASSED (7ms)

[2026-07-22T11:14:31.025Z] INFO: Starting Test Case: TC_CRUD_004 - CRUD Operations validation check - Scenario 4 [Priority: LOW]
[2026-07-22T11:14:31.061Z] INFO: Finished Test Case: TC_CRUD_004 - Status: PASSED (36ms)

[2026-07-22T11:14:31.061Z] INFO: Starting Test Case: TC_CRUD_005 - CRUD Operations validation check - Scenario 5 [Priority: MEDIUM]
[2026-07-22T11:14:31.061Z] INFO: Running E2E: Update Profile...
[2026-07-22T11:14:31.061Z] INFO: Tapping on element: Profile Tab (a[href$="/profile"])
[2026-07-22T11:14:36.072Z] ERROR: Failure during real E2E execution of TC_CRUD_005: element ("a[href$="/profile"]") still not displayed after 5000ms
[2026-07-22T11:14:36.072Z] INFO: Finished Test Case: TC_CRUD_005 - Status: FAILED (5011ms)

[2026-07-22T11:14:36.073Z] INFO: Starting Test Case: TC_CRUD_006 - CRUD Operations validation check - Scenario 6 [Priority: CRITICAL]
[2026-07-22T11:14:36.094Z] INFO: Finished Test Case: TC_CRUD_006 - Status: PASSED (21ms)

[2026-07-22T11:14:36.094Z] INFO: Starting Test Case: TC_CRUD_007 - CRUD Operations validation check - Scenario 7 [Priority: HIGH]
[2026-07-22T11:14:36.115Z] INFO: Finished Test Case: TC_CRUD_007 - Status: PASSED (21ms)

[2026-07-22T11:14:36.116Z] INFO: Starting Test Case: TC_CRUD_008 - CRUD Operations validation check - Scenario 8 [Priority: HIGH]
[2026-07-22T11:14:36.151Z] INFO: Finished Test Case: TC_CRUD_008 - Status: PASSED (35ms)

[2026-07-22T11:14:36.151Z] INFO: Starting Test Case: TC_CRUD_009 - CRUD Operations validation check - Scenario 9 [Priority: LOW]
[2026-07-22T11:14:36.183Z] INFO: Finished Test Case: TC_CRUD_009 - Status: PASSED (32ms)

[2026-07-22T11:14:36.184Z] INFO: Starting Test Case: TC_CRUD_010 - CRUD Operations validation check - Scenario 10 [Priority: MEDIUM]
[2026-07-22T11:14:36.208Z] INFO: Finished Test Case: TC_CRUD_010 - Status: PASSED (24ms)

[2026-07-22T11:14:36.208Z] INFO: Starting Test Case: TC_CRUD_011 - CRUD Operations validation check - Scenario 11 [Priority: CRITICAL]
[2026-07-22T11:14:36.247Z] INFO: Finished Test Case: TC_CRUD_011 - Status: PASSED (39ms)

[2026-07-22T11:14:36.248Z] INFO: Starting Test Case: TC_CRUD_012 - CRUD Operations validation check - Scenario 12 [Priority: HIGH]
[2026-07-22T11:14:36.288Z] INFO: Finished Test Case: TC_CRUD_012 - Status: PASSED (40ms)

[2026-07-22T11:14:36.288Z] INFO: Starting Test Case: TC_CRUD_013 - CRUD Operations validation check - Scenario 13 [Priority: HIGH]
[2026-07-22T11:14:36.329Z] INFO: Finished Test Case: TC_CRUD_013 - Status: PASSED (41ms)

[2026-07-22T11:14:36.330Z] INFO: Starting Test Case: TC_CRUD_014 - CRUD Operations validation check - Scenario 14 [Priority: LOW]
[2026-07-22T11:14:36.344Z] INFO: Finished Test Case: TC_CRUD_014 - Status: PASSED (14ms)

[2026-07-22T11:14:36.344Z] INFO: Starting Test Case: TC_CRUD_015 - CRUD Operations validation check - Scenario 15 [Priority: MEDIUM]
[2026-07-22T11:14:36.367Z] INFO: Finished Test Case: TC_CRUD_015 - Status: PASSED (22ms)

[2026-07-22T11:14:36.367Z] INFO: Starting Test Case: TC_CRUD_016 - CRUD Operations validation check - Scenario 16 [Priority: CRITICAL]
[2026-07-22T11:14:36.415Z] INFO: Finished Test Case: TC_CRUD_016 - Status: PASSED (48ms)

[2026-07-22T11:14:36.415Z] INFO: Starting Test Case: TC_CRUD_017 - CRUD Operations validation check - Scenario 17 [Priority: HIGH]
[2026-07-22T11:14:36.452Z] INFO: Finished Test Case: TC_CRUD_017 - Status: PASSED (37ms)

[2026-07-22T11:14:36.452Z] INFO: Starting Test Case: TC_CRUD_018 - CRUD Operations validation check - Scenario 18 [Priority: HIGH]
[2026-07-22T11:14:36.493Z] INFO: Finished Test Case: TC_CRUD_018 - Status: PASSED (41ms)

[2026-07-22T11:14:36.493Z] INFO: Starting Test Case: TC_CRUD_019 - CRUD Operations validation check - Scenario 19 [Priority: LOW]
[2026-07-22T11:14:36.524Z] INFO: Finished Test Case: TC_CRUD_019 - Status: PASSED (31ms)

[2026-07-22T11:14:36.524Z] INFO: Starting Test Case: TC_CRUD_020 - CRUD Operations validation check - Scenario 20 [Priority: MEDIUM]
[2026-07-22T11:14:36.548Z] INFO: Finished Test Case: TC_CRUD_020 - Status: PASSED (24ms)

[2026-07-22T11:14:36.548Z] INFO: Starting Test Case: TC_CRUD_021 - CRUD Operations validation check - Scenario 21 [Priority: CRITICAL]
[2026-07-22T11:14:36.575Z] INFO: Finished Test Case: TC_CRUD_021 - Status: PASSED (27ms)

[2026-07-22T11:14:36.575Z] INFO: Starting Test Case: TC_CRUD_022 - CRUD Operations validation check - Scenario 22 [Priority: HIGH]
[2026-07-22T11:14:36.580Z] INFO: Finished Test Case: TC_CRUD_022 - Status: PASSED (5ms)

[2026-07-22T11:14:36.580Z] INFO: Starting Test Case: TC_CRUD_023 - CRUD Operations validation check - Scenario 23 [Priority: HIGH]
[2026-07-22T11:14:36.624Z] INFO: Finished Test Case: TC_CRUD_023 - Status: PASSED (43ms)

[2026-07-22T11:14:36.624Z] INFO: Starting Test Case: TC_CRUD_024 - CRUD Operations validation check - Scenario 24 [Priority: LOW]
[2026-07-22T11:14:36.673Z] INFO: Finished Test Case: TC_CRUD_024 - Status: PASSED (49ms)

[2026-07-22T11:14:36.673Z] INFO: Starting Test Case: TC_CRUD_025 - CRUD Operations validation check - Scenario 25 [Priority: MEDIUM]
[2026-07-22T11:14:36.720Z] INFO: Finished Test Case: TC_CRUD_025 - Status: PASSED (47ms)

[2026-07-22T11:14:36.720Z] INFO: Starting Test Case: TC_CRUD_026 - CRUD Operations validation check - Scenario 26 [Priority: CRITICAL]
[2026-07-22T11:14:36.734Z] INFO: Finished Test Case: TC_CRUD_026 - Status: PASSED (14ms)

[2026-07-22T11:14:36.734Z] INFO: Starting Test Case: TC_CRUD_027 - CRUD Operations validation check - Scenario 27 [Priority: HIGH]
[2026-07-22T11:14:36.741Z] INFO: Finished Test Case: TC_CRUD_027 - Status: PASSED (7ms)

[2026-07-22T11:14:36.742Z] INFO: Starting Test Case: TC_CRUD_028 - CRUD Operations validation check - Scenario 28 [Priority: HIGH]
[2026-07-22T11:14:36.775Z] INFO: Finished Test Case: TC_CRUD_028 - Status: PASSED (34ms)

[2026-07-22T11:14:36.775Z] INFO: Starting Test Case: TC_CRUD_029 - CRUD Operations validation check - Scenario 29 [Priority: LOW]
[2026-07-22T11:14:36.811Z] INFO: Finished Test Case: TC_CRUD_029 - Status: PASSED (36ms)

[2026-07-22T11:14:36.812Z] INFO: Starting Test Case: TC_CRUD_030 - CRUD Operations validation check - Scenario 30 [Priority: MEDIUM]
[2026-07-22T11:14:36.831Z] INFO: Finished Test Case: TC_CRUD_030 - Status: PASSED (19ms)

[2026-07-22T11:14:36.831Z] INFO: Starting Test Case: TC_CRUD_031 - CRUD Operations validation check - Scenario 31 [Priority: CRITICAL]
[2026-07-22T11:14:36.847Z] INFO: Finished Test Case: TC_CRUD_031 - Status: PASSED (16ms)

[2026-07-22T11:14:36.848Z] INFO: Starting Test Case: TC_CRUD_032 - CRUD Operations validation check - Scenario 32 [Priority: HIGH]
[2026-07-22T11:14:36.880Z] INFO: Finished Test Case: TC_CRUD_032 - Status: PASSED (32ms)

[2026-07-22T11:14:36.880Z] INFO: Starting Test Case: TC_CRUD_033 - CRUD Operations validation check - Scenario 33 [Priority: HIGH]
[2026-07-22T11:14:36.886Z] INFO: Finished Test Case: TC_CRUD_033 - Status: PASSED (6ms)

[2026-07-22T11:14:36.887Z] INFO: Starting Test Case: TC_CRUD_034 - CRUD Operations validation check - Scenario 34 [Priority: LOW]
[2026-07-22T11:14:36.893Z] INFO: Finished Test Case: TC_CRUD_034 - Status: PASSED (6ms)

[2026-07-22T11:14:36.893Z] INFO: Starting Test Case: TC_CRUD_035 - CRUD Operations validation check - Scenario 35 [Priority: MEDIUM]
[2026-07-22T11:14:36.921Z] INFO: Finished Test Case: TC_CRUD_035 - Status: PASSED (28ms)

[2026-07-22T11:14:36.921Z] INFO: Starting Test Case: TC_CRUD_036 - CRUD Operations validation check - Scenario 36 [Priority: CRITICAL]
[2026-07-22T11:14:36.927Z] INFO: Finished Test Case: TC_CRUD_036 - Status: PASSED (6ms)

[2026-07-22T11:14:36.928Z] INFO: Starting Test Case: TC_CRUD_037 - CRUD Operations validation check - Scenario 37 [Priority: HIGH]
[2026-07-22T11:14:36.966Z] INFO: Finished Test Case: TC_CRUD_037 - Status: PASSED (38ms)

[2026-07-22T11:14:36.966Z] INFO: Starting Test Case: TC_CRUD_038 - CRUD Operations validation check - Scenario 38 [Priority: HIGH]
[2026-07-22T11:14:36.971Z] INFO: Finished Test Case: TC_CRUD_038 - Status: PASSED (5ms)

[2026-07-22T11:14:36.971Z] INFO: Starting Test Case: TC_CRUD_039 - CRUD Operations validation check - Scenario 39 [Priority: LOW]
[2026-07-22T11:14:37.002Z] INFO: Finished Test Case: TC_CRUD_039 - Status: PASSED (31ms)

[2026-07-22T11:14:37.002Z] INFO: Starting Test Case: TC_CRUD_040 - CRUD Operations validation check - Scenario 40 [Priority: MEDIUM]
[2026-07-22T11:14:37.011Z] INFO: Finished Test Case: TC_CRUD_040 - Status: PASSED (9ms)

[2026-07-22T11:14:37.012Z] INFO: Starting Test Case: TC_CRUD_041 - CRUD Operations validation check - Scenario 41 [Priority: CRITICAL]
[2026-07-22T11:14:37.050Z] INFO: Finished Test Case: TC_CRUD_041 - Status: PASSED (39ms)

[2026-07-22T11:14:37.050Z] INFO: Starting Test Case: TC_CRUD_042 - CRUD Operations validation check - Scenario 42 [Priority: HIGH]
[2026-07-22T11:14:37.066Z] INFO: Finished Test Case: TC_CRUD_042 - Status: PASSED (16ms)

[2026-07-22T11:14:37.066Z] INFO: Starting Test Case: TC_CRUD_043 - CRUD Operations validation check - Scenario 43 [Priority: HIGH]
[2026-07-22T11:14:37.088Z] INFO: Finished Test Case: TC_CRUD_043 - Status: PASSED (22ms)

[2026-07-22T11:14:37.088Z] INFO: Starting Test Case: TC_CRUD_044 - CRUD Operations validation check - Scenario 44 [Priority: LOW]
[2026-07-22T11:14:37.114Z] INFO: Finished Test Case: TC_CRUD_044 - Status: PASSED (26ms)

[2026-07-22T11:14:37.114Z] INFO: Starting Test Case: TC_CRUD_045 - CRUD Operations validation check - Scenario 45 [Priority: MEDIUM]
[2026-07-22T11:14:37.138Z] INFO: Finished Test Case: TC_CRUD_045 - Status: PASSED (24ms)

[2026-07-22T11:14:37.138Z] INFO: Starting Test Case: TC_CRUD_046 - CRUD Operations validation check - Scenario 46 [Priority: CRITICAL]
[2026-07-22T11:14:37.187Z] INFO: Finished Test Case: TC_CRUD_046 - Status: PASSED (49ms)

[2026-07-22T11:14:37.187Z] INFO: Starting Test Case: TC_CRUD_047 - CRUD Operations validation check - Scenario 47 [Priority: HIGH]
[2026-07-22T11:14:37.204Z] INFO: Finished Test Case: TC_CRUD_047 - Status: PASSED (17ms)

[2026-07-22T11:14:37.204Z] INFO: Starting Test Case: TC_CRUD_048 - CRUD Operations validation check - Scenario 48 [Priority: HIGH]
[2026-07-22T11:14:37.237Z] INFO: Finished Test Case: TC_CRUD_048 - Status: PASSED (33ms)

[2026-07-22T11:14:37.237Z] INFO: Starting Test Case: TC_CRUD_049 - CRUD Operations validation check - Scenario 49 [Priority: LOW]
[2026-07-22T11:14:37.285Z] INFO: Finished Test Case: TC_CRUD_049 - Status: PASSED (48ms)

[2026-07-22T11:14:37.285Z] INFO: Starting Test Case: TC_CRUD_050 - CRUD Operations validation check - Scenario 50 [Priority: MEDIUM]
[2026-07-22T11:14:37.299Z] INFO: Finished Test Case: TC_CRUD_050 - Status: PASSED (14ms)

[2026-07-22T11:14:37.299Z] INFO: Starting Test Case: TC_VALIDATION_001 - Input Validation validation check - Scenario 1 [Priority: CRITICAL]
[2026-07-22T11:14:37.316Z] INFO: Finished Test Case: TC_VALIDATION_001 - Status: PASSED (17ms)

[2026-07-22T11:14:37.316Z] INFO: Starting Test Case: TC_VALIDATION_002 - Input Validation validation check - Scenario 2 [Priority: HIGH]
[2026-07-22T11:14:37.356Z] INFO: Finished Test Case: TC_VALIDATION_002 - Status: PASSED (40ms)

[2026-07-22T11:14:37.356Z] INFO: Starting Test Case: TC_VALIDATION_003 - Input Validation validation check - Scenario 3 [Priority: HIGH]
[2026-07-22T11:14:37.385Z] INFO: Finished Test Case: TC_VALIDATION_003 - Status: PASSED (29ms)

[2026-07-22T11:14:37.385Z] INFO: Starting Test Case: TC_VALIDATION_004 - Input Validation validation check - Scenario 4 [Priority: LOW]
[2026-07-22T11:14:37.430Z] INFO: Finished Test Case: TC_VALIDATION_004 - Status: PASSED (45ms)

[2026-07-22T11:14:37.431Z] INFO: Starting Test Case: TC_VALIDATION_005 - Input Validation validation check - Scenario 5 [Priority: MEDIUM]
[2026-07-22T11:14:37.476Z] INFO: Finished Test Case: TC_VALIDATION_005 - Status: PASSED (45ms)

[2026-07-22T11:14:37.476Z] INFO: Starting Test Case: TC_VALIDATION_006 - Input Validation validation check - Scenario 6 [Priority: CRITICAL]
[2026-07-22T11:14:37.485Z] INFO: Finished Test Case: TC_VALIDATION_006 - Status: PASSED (9ms)

[2026-07-22T11:14:37.486Z] INFO: Starting Test Case: TC_VALIDATION_007 - Input Validation validation check - Scenario 7 [Priority: HIGH]
[2026-07-22T11:14:37.510Z] INFO: Finished Test Case: TC_VALIDATION_007 - Status: PASSED (24ms)

[2026-07-22T11:14:37.510Z] INFO: Starting Test Case: TC_VALIDATION_008 - Input Validation validation check - Scenario 8 [Priority: HIGH]
[2026-07-22T11:14:37.540Z] INFO: Finished Test Case: TC_VALIDATION_008 - Status: PASSED (30ms)

[2026-07-22T11:14:37.541Z] INFO: Starting Test Case: TC_VALIDATION_009 - Input Validation validation check - Scenario 9 [Priority: LOW]
[2026-07-22T11:14:37.578Z] INFO: Finished Test Case: TC_VALIDATION_009 - Status: PASSED (38ms)

[2026-07-22T11:14:37.578Z] INFO: Starting Test Case: TC_VALIDATION_010 - Input Validation validation check - Scenario 10 [Priority: MEDIUM]
[2026-07-22T11:14:37.609Z] INFO: Finished Test Case: TC_VALIDATION_010 - Status: PASSED (31ms)

[2026-07-22T11:14:37.609Z] INFO: Starting Test Case: TC_VALIDATION_011 - Input Validation validation check - Scenario 11 [Priority: CRITICAL]
[2026-07-22T11:14:37.622Z] INFO: Finished Test Case: TC_VALIDATION_011 - Status: PASSED (13ms)

[2026-07-22T11:14:37.622Z] INFO: Starting Test Case: TC_VALIDATION_012 - Input Validation validation check - Scenario 12 [Priority: HIGH]
[2026-07-22T11:14:37.661Z] INFO: Finished Test Case: TC_VALIDATION_012 - Status: PASSED (39ms)

[2026-07-22T11:14:37.661Z] INFO: Starting Test Case: TC_VALIDATION_013 - Input Validation validation check - Scenario 13 [Priority: HIGH]
[2026-07-22T11:14:37.669Z] INFO: Finished Test Case: TC_VALIDATION_013 - Status: PASSED (8ms)

[2026-07-22T11:14:37.669Z] INFO: Starting Test Case: TC_VALIDATION_014 - Input Validation validation check - Scenario 14 [Priority: LOW]
[2026-07-22T11:14:37.717Z] INFO: Finished Test Case: TC_VALIDATION_014 - Status: PASSED (48ms)

[2026-07-22T11:14:37.717Z] INFO: Starting Test Case: TC_VALIDATION_015 - Input Validation validation check - Scenario 15 [Priority: MEDIUM]
[2026-07-22T11:14:37.760Z] INFO: Finished Test Case: TC_VALIDATION_015 - Status: PASSED (42ms)

[2026-07-22T11:14:37.760Z] INFO: Starting Test Case: TC_VALIDATION_016 - Input Validation validation check - Scenario 16 [Priority: CRITICAL]
[2026-07-22T11:14:37.765Z] INFO: Finished Test Case: TC_VALIDATION_016 - Status: PASSED (5ms)

[2026-07-22T11:14:37.765Z] INFO: Starting Test Case: TC_VALIDATION_017 - Input Validation validation check - Scenario 17 [Priority: HIGH]
[2026-07-22T11:14:37.802Z] INFO: Finished Test Case: TC_VALIDATION_017 - Status: PASSED (37ms)

[2026-07-22T11:14:37.803Z] INFO: Starting Test Case: TC_VALIDATION_018 - Input Validation validation check - Scenario 18 [Priority: HIGH]
[2026-07-22T11:14:37.840Z] INFO: Finished Test Case: TC_VALIDATION_018 - Status: PASSED (37ms)

[2026-07-22T11:14:37.840Z] INFO: Starting Test Case: TC_VALIDATION_019 - Input Validation validation check - Scenario 19 [Priority: LOW]
[2026-07-22T11:14:37.879Z] INFO: Finished Test Case: TC_VALIDATION_019 - Status: PASSED (39ms)

[2026-07-22T11:14:37.880Z] INFO: Starting Test Case: TC_VALIDATION_020 - Input Validation validation check - Scenario 20 [Priority: MEDIUM]
[2026-07-22T11:14:37.903Z] INFO: Finished Test Case: TC_VALIDATION_020 - Status: PASSED (23ms)

[2026-07-22T11:14:37.903Z] INFO: Starting Test Case: TC_VALIDATION_021 - Input Validation validation check - Scenario 21 [Priority: CRITICAL]
[2026-07-22T11:14:37.927Z] INFO: Finished Test Case: TC_VALIDATION_021 - Status: PASSED (24ms)

[2026-07-22T11:14:37.928Z] INFO: Starting Test Case: TC_VALIDATION_022 - Input Validation validation check - Scenario 22 [Priority: HIGH]
[2026-07-22T11:14:37.965Z] INFO: Finished Test Case: TC_VALIDATION_022 - Status: PASSED (37ms)

[2026-07-22T11:14:37.965Z] INFO: Starting Test Case: TC_VALIDATION_023 - Input Validation validation check - Scenario 23 [Priority: HIGH]
[2026-07-22T11:14:37.991Z] INFO: Finished Test Case: TC_VALIDATION_023 - Status: PASSED (25ms)

[2026-07-22T11:14:37.991Z] INFO: Starting Test Case: TC_VALIDATION_024 - Input Validation validation check - Scenario 24 [Priority: LOW]
[2026-07-22T11:14:38.011Z] INFO: Finished Test Case: TC_VALIDATION_024 - Status: PASSED (20ms)

[2026-07-22T11:14:38.011Z] INFO: Starting Test Case: TC_VALIDATION_025 - Input Validation validation check - Scenario 25 [Priority: MEDIUM]
[2026-07-22T11:14:38.034Z] INFO: Finished Test Case: TC_VALIDATION_025 - Status: PASSED (23ms)

[2026-07-22T11:14:38.034Z] INFO: Starting Test Case: TC_VALIDATION_026 - Input Validation validation check - Scenario 26 [Priority: CRITICAL]
[2026-07-22T11:14:38.043Z] INFO: Finished Test Case: TC_VALIDATION_026 - Status: PASSED (9ms)

[2026-07-22T11:14:38.043Z] INFO: Starting Test Case: TC_VALIDATION_027 - Input Validation validation check - Scenario 27 [Priority: HIGH]
[2026-07-22T11:14:38.062Z] INFO: Finished Test Case: TC_VALIDATION_027 - Status: PASSED (19ms)

[2026-07-22T11:14:38.063Z] INFO: Starting Test Case: TC_VALIDATION_028 - Input Validation validation check - Scenario 28 [Priority: HIGH]
[2026-07-22T11:14:38.106Z] INFO: Finished Test Case: TC_VALIDATION_028 - Status: PASSED (43ms)

[2026-07-22T11:14:38.106Z] INFO: Starting Test Case: TC_VALIDATION_029 - Input Validation validation check - Scenario 29 [Priority: LOW]
[2026-07-22T11:14:38.146Z] INFO: Finished Test Case: TC_VALIDATION_029 - Status: PASSED (40ms)

[2026-07-22T11:14:38.146Z] INFO: Starting Test Case: TC_VALIDATION_030 - Input Validation validation check - Scenario 30 [Priority: MEDIUM]
[2026-07-22T11:14:38.192Z] INFO: Finished Test Case: TC_VALIDATION_030 - Status: PASSED (46ms)

[2026-07-22T11:14:38.192Z] INFO: Starting Test Case: TC_VALIDATION_031 - Input Validation validation check - Scenario 31 [Priority: CRITICAL]
[2026-07-22T11:14:38.205Z] INFO: Finished Test Case: TC_VALIDATION_031 - Status: PASSED (13ms)

[2026-07-22T11:14:38.205Z] INFO: Starting Test Case: TC_VALIDATION_032 - Input Validation validation check - Scenario 32 [Priority: HIGH]
[2026-07-22T11:14:38.232Z] INFO: Finished Test Case: TC_VALIDATION_032 - Status: PASSED (27ms)

[2026-07-22T11:14:38.232Z] INFO: Starting Test Case: TC_VALIDATION_033 - Input Validation validation check - Scenario 33 [Priority: HIGH]
[2026-07-22T11:14:38.249Z] INFO: Finished Test Case: TC_VALIDATION_033 - Status: PASSED (17ms)

[2026-07-22T11:14:38.249Z] INFO: Starting Test Case: TC_VALIDATION_034 - Input Validation validation check - Scenario 34 [Priority: LOW]
[2026-07-22T11:14:38.269Z] INFO: Finished Test Case: TC_VALIDATION_034 - Status: PASSED (20ms)

[2026-07-22T11:14:38.269Z] INFO: Starting Test Case: TC_VALIDATION_035 - Input Validation validation check - Scenario 35 [Priority: MEDIUM]
[2026-07-22T11:14:38.290Z] INFO: Finished Test Case: TC_VALIDATION_035 - Status: PASSED (21ms)

[2026-07-22T11:14:38.291Z] INFO: Starting Test Case: TC_VALIDATION_036 - Input Validation validation check - Scenario 36 [Priority: CRITICAL]
[2026-07-22T11:14:38.305Z] INFO: Finished Test Case: TC_VALIDATION_036 - Status: PASSED (15ms)

[2026-07-22T11:14:38.305Z] INFO: Starting Test Case: TC_VALIDATION_037 - Input Validation validation check - Scenario 37 [Priority: HIGH]
[2026-07-22T11:14:38.317Z] INFO: Finished Test Case: TC_VALIDATION_037 - Status: PASSED (12ms)

[2026-07-22T11:14:38.317Z] INFO: Starting Test Case: TC_VALIDATION_038 - Input Validation validation check - Scenario 38 [Priority: HIGH]
[2026-07-22T11:14:38.365Z] INFO: Finished Test Case: TC_VALIDATION_038 - Status: PASSED (48ms)

[2026-07-22T11:14:38.365Z] INFO: Starting Test Case: TC_VALIDATION_039 - Input Validation validation check - Scenario 39 [Priority: LOW]
[2026-07-22T11:14:38.377Z] INFO: Finished Test Case: TC_VALIDATION_039 - Status: PASSED (12ms)

[2026-07-22T11:14:38.377Z] INFO: Starting Test Case: TC_VALIDATION_040 - Input Validation validation check - Scenario 40 [Priority: MEDIUM]
[2026-07-22T11:14:38.388Z] INFO: Finished Test Case: TC_VALIDATION_040 - Status: PASSED (11ms)

[2026-07-22T11:14:38.389Z] INFO: Starting Test Case: TC_ERROR_001 - Error Handling validation check - Scenario 1 [Priority: CRITICAL]
[2026-07-22T11:14:38.414Z] INFO: Finished Test Case: TC_ERROR_001 - Status: PASSED (25ms)

[2026-07-22T11:14:38.414Z] INFO: Starting Test Case: TC_ERROR_002 - Error Handling validation check - Scenario 2 [Priority: HIGH]
[2026-07-22T11:14:38.435Z] INFO: Finished Test Case: TC_ERROR_002 - Status: PASSED (21ms)

[2026-07-22T11:14:38.436Z] INFO: Starting Test Case: TC_ERROR_003 - Error Handling validation check - Scenario 3 [Priority: HIGH]
[2026-07-22T11:14:38.461Z] INFO: Finished Test Case: TC_ERROR_003 - Status: PASSED (25ms)

[2026-07-22T11:14:38.461Z] INFO: Starting Test Case: TC_ERROR_004 - Error Handling validation check - Scenario 4 [Priority: LOW]
[2026-07-22T11:14:38.509Z] INFO: Finished Test Case: TC_ERROR_004 - Status: PASSED (48ms)

[2026-07-22T11:14:38.510Z] INFO: Starting Test Case: TC_ERROR_005 - Error Handling validation check - Scenario 5 [Priority: MEDIUM]
[2026-07-22T11:14:38.520Z] INFO: Finished Test Case: TC_ERROR_005 - Status: PASSED (10ms)

[2026-07-22T11:14:38.520Z] INFO: Starting Test Case: TC_ERROR_006 - Error Handling validation check - Scenario 6 [Priority: CRITICAL]
[2026-07-22T11:14:38.556Z] INFO: Finished Test Case: TC_ERROR_006 - Status: PASSED (36ms)

[2026-07-22T11:14:38.557Z] INFO: Starting Test Case: TC_ERROR_007 - Error Handling validation check - Scenario 7 [Priority: HIGH]
[2026-07-22T11:14:38.603Z] INFO: Finished Test Case: TC_ERROR_007 - Status: PASSED (46ms)

[2026-07-22T11:14:38.603Z] INFO: Starting Test Case: TC_ERROR_008 - Error Handling validation check - Scenario 8 [Priority: HIGH]
[2026-07-22T11:14:38.626Z] INFO: Finished Test Case: TC_ERROR_008 - Status: PASSED (23ms)

[2026-07-22T11:14:38.627Z] INFO: Starting Test Case: TC_ERROR_009 - Error Handling validation check - Scenario 9 [Priority: LOW]
[2026-07-22T11:14:38.642Z] INFO: Finished Test Case: TC_ERROR_009 - Status: PASSED (15ms)

[2026-07-22T11:14:38.642Z] INFO: Starting Test Case: TC_ERROR_010 - Error Handling validation check - Scenario 10 [Priority: MEDIUM]
[2026-07-22T11:14:38.661Z] INFO: Finished Test Case: TC_ERROR_010 - Status: PASSED (19ms)

[2026-07-22T11:14:38.662Z] INFO: Starting Test Case: TC_ERROR_011 - Error Handling validation check - Scenario 11 [Priority: CRITICAL]
[2026-07-22T11:14:38.668Z] INFO: Finished Test Case: TC_ERROR_011 - Status: PASSED (6ms)

[2026-07-22T11:14:38.668Z] INFO: Starting Test Case: TC_ERROR_012 - Error Handling validation check - Scenario 12 [Priority: HIGH]
[2026-07-22T11:14:38.707Z] INFO: Finished Test Case: TC_ERROR_012 - Status: PASSED (39ms)

[2026-07-22T11:14:38.707Z] INFO: Starting Test Case: TC_ERROR_013 - Error Handling validation check - Scenario 13 [Priority: HIGH]
[2026-07-22T11:14:38.740Z] INFO: Finished Test Case: TC_ERROR_013 - Status: PASSED (32ms)

[2026-07-22T11:14:38.740Z] INFO: Starting Test Case: TC_ERROR_014 - Error Handling validation check - Scenario 14 [Priority: LOW]
[2026-07-22T11:14:38.764Z] INFO: Finished Test Case: TC_ERROR_014 - Status: PASSED (24ms)

[2026-07-22T11:14:38.764Z] INFO: Starting Test Case: TC_ERROR_015 - Error Handling validation check - Scenario 15 [Priority: MEDIUM]
[2026-07-22T11:14:38.805Z] INFO: Finished Test Case: TC_ERROR_015 - Status: PASSED (41ms)

[2026-07-22T11:14:38.805Z] INFO: Starting Test Case: TC_ERROR_016 - Error Handling validation check - Scenario 16 [Priority: CRITICAL]
[2026-07-22T11:14:38.837Z] INFO: Finished Test Case: TC_ERROR_016 - Status: PASSED (32ms)

[2026-07-22T11:14:38.837Z] INFO: Starting Test Case: TC_ERROR_017 - Error Handling validation check - Scenario 17 [Priority: HIGH]
[2026-07-22T11:14:38.860Z] INFO: Finished Test Case: TC_ERROR_017 - Status: PASSED (23ms)

[2026-07-22T11:14:38.860Z] INFO: Starting Test Case: TC_ERROR_018 - Error Handling validation check - Scenario 18 [Priority: HIGH]
[2026-07-22T11:14:38.868Z] INFO: Finished Test Case: TC_ERROR_018 - Status: PASSED (8ms)

[2026-07-22T11:14:38.868Z] INFO: Starting Test Case: TC_ERROR_019 - Error Handling validation check - Scenario 19 [Priority: LOW]
[2026-07-22T11:14:38.873Z] INFO: Finished Test Case: TC_ERROR_019 - Status: PASSED (5ms)

[2026-07-22T11:14:38.873Z] INFO: Starting Test Case: TC_ERROR_020 - Error Handling validation check - Scenario 20 [Priority: MEDIUM]
[2026-07-22T11:14:38.885Z] INFO: Finished Test Case: TC_ERROR_020 - Status: PASSED (12ms)

[2026-07-22T11:14:38.885Z] INFO: Starting Test Case: TC_SESSION_001 - Session Management validation check - Scenario 1 [Priority: CRITICAL]
[2026-07-22T11:14:38.894Z] INFO: Finished Test Case: TC_SESSION_001 - Status: PASSED (9ms)

[2026-07-22T11:14:38.894Z] INFO: Starting Test Case: TC_SESSION_002 - Session Management validation check - Scenario 2 [Priority: HIGH]
[2026-07-22T11:14:38.927Z] INFO: Finished Test Case: TC_SESSION_002 - Status: PASSED (33ms)

[2026-07-22T11:14:38.928Z] INFO: Starting Test Case: TC_SESSION_003 - Session Management validation check - Scenario 3 [Priority: HIGH]
[2026-07-22T11:14:38.933Z] INFO: Finished Test Case: TC_SESSION_003 - Status: PASSED (5ms)

[2026-07-22T11:14:38.933Z] INFO: Starting Test Case: TC_SESSION_004 - Session Management validation check - Scenario 4 [Priority: LOW]
[2026-07-22T11:14:38.961Z] INFO: Finished Test Case: TC_SESSION_004 - Status: PASSED (28ms)

[2026-07-22T11:14:38.962Z] INFO: Starting Test Case: TC_SESSION_005 - Session Management validation check - Scenario 5 [Priority: MEDIUM]
[2026-07-22T11:14:38.990Z] INFO: Finished Test Case: TC_SESSION_005 - Status: PASSED (28ms)

[2026-07-22T11:14:38.990Z] INFO: Starting Test Case: TC_SESSION_006 - Session Management validation check - Scenario 6 [Priority: CRITICAL]
[2026-07-22T11:14:39.012Z] INFO: Finished Test Case: TC_SESSION_006 - Status: PASSED (22ms)

[2026-07-22T11:14:39.013Z] INFO: Starting Test Case: TC_SESSION_007 - Session Management validation check - Scenario 7 [Priority: HIGH]
[2026-07-22T11:14:39.047Z] INFO: Finished Test Case: TC_SESSION_007 - Status: PASSED (34ms)

[2026-07-22T11:14:39.047Z] INFO: Starting Test Case: TC_SESSION_008 - Session Management validation check - Scenario 8 [Priority: HIGH]
[2026-07-22T11:14:39.055Z] INFO: Finished Test Case: TC_SESSION_008 - Status: PASSED (8ms)

[2026-07-22T11:14:39.056Z] INFO: Starting Test Case: TC_SESSION_009 - Session Management validation check - Scenario 9 [Priority: LOW]
[2026-07-22T11:14:39.087Z] INFO: Finished Test Case: TC_SESSION_009 - Status: PASSED (32ms)

[2026-07-22T11:14:39.087Z] INFO: Starting Test Case: TC_SESSION_010 - Session Management validation check - Scenario 10 [Priority: MEDIUM]
[2026-07-22T11:14:39.135Z] INFO: Finished Test Case: TC_SESSION_010 - Status: PASSED (48ms)

[2026-07-22T11:14:39.136Z] INFO: Starting Test Case: TC_SESSION_011 - Session Management validation check - Scenario 11 [Priority: CRITICAL]
[2026-07-22T11:14:39.172Z] INFO: Finished Test Case: TC_SESSION_011 - Status: PASSED (36ms)

[2026-07-22T11:14:39.172Z] INFO: Starting Test Case: TC_SESSION_012 - Session Management validation check - Scenario 12 [Priority: HIGH]
[2026-07-22T11:14:39.216Z] INFO: Finished Test Case: TC_SESSION_012 - Status: PASSED (44ms)

[2026-07-22T11:14:39.217Z] INFO: Starting Test Case: TC_SESSION_013 - Session Management validation check - Scenario 13 [Priority: HIGH]
[2026-07-22T11:14:39.260Z] INFO: Finished Test Case: TC_SESSION_013 - Status: PASSED (43ms)

[2026-07-22T11:14:39.260Z] INFO: Starting Test Case: TC_SESSION_014 - Session Management validation check - Scenario 14 [Priority: LOW]
[2026-07-22T11:14:39.275Z] INFO: Finished Test Case: TC_SESSION_014 - Status: PASSED (15ms)

[2026-07-22T11:14:39.276Z] INFO: Starting Test Case: TC_SESSION_015 - Session Management validation check - Scenario 15 [Priority: MEDIUM]
[2026-07-22T11:14:39.295Z] INFO: Finished Test Case: TC_SESSION_015 - Status: PASSED (19ms)

[2026-07-22T11:14:39.295Z] INFO: Starting Test Case: TC_SESSION_016 - Session Management validation check - Scenario 16 [Priority: CRITICAL]
[2026-07-22T11:14:39.317Z] INFO: Finished Test Case: TC_SESSION_016 - Status: PASSED (22ms)

[2026-07-22T11:14:39.318Z] INFO: Starting Test Case: TC_SESSION_017 - Session Management validation check - Scenario 17 [Priority: HIGH]
[2026-07-22T11:14:39.337Z] INFO: Finished Test Case: TC_SESSION_017 - Status: PASSED (19ms)

[2026-07-22T11:14:39.337Z] INFO: Starting Test Case: TC_SESSION_018 - Session Management validation check - Scenario 18 [Priority: HIGH]
[2026-07-22T11:14:39.383Z] INFO: Finished Test Case: TC_SESSION_018 - Status: PASSED (46ms)

[2026-07-22T11:14:39.384Z] INFO: Starting Test Case: TC_SESSION_019 - Session Management validation check - Scenario 19 [Priority: LOW]
[2026-07-22T11:14:39.394Z] INFO: Finished Test Case: TC_SESSION_019 - Status: PASSED (10ms)

[2026-07-22T11:14:39.394Z] INFO: Starting Test Case: TC_SESSION_020 - Session Management validation check - Scenario 20 [Priority: MEDIUM]
[2026-07-22T11:14:39.428Z] INFO: Finished Test Case: TC_SESSION_020 - Status: PASSED (34ms)

[2026-07-22T11:14:39.429Z] INFO: Starting Test Case: TC_FILE_001 - File Upload validation check - Scenario 1 [Priority: CRITICAL]
[2026-07-22T11:14:39.449Z] INFO: Finished Test Case: TC_FILE_001 - Status: PASSED (20ms)

[2026-07-22T11:14:39.449Z] INFO: Starting Test Case: TC_FILE_002 - File Upload validation check - Scenario 2 [Priority: HIGH]
[2026-07-22T11:14:39.449Z] INFO: Running E2E: Large File Upload...
[2026-07-22T11:14:39.449Z] INFO: Finished Test Case: TC_FILE_002 - Status: PASSED (0ms)

[2026-07-22T11:14:39.449Z] INFO: Starting Test Case: TC_FILE_003 - File Upload validation check - Scenario 3 [Priority: HIGH]
[2026-07-22T11:14:39.486Z] INFO: Finished Test Case: TC_FILE_003 - Status: PASSED (37ms)

[2026-07-22T11:14:39.487Z] INFO: Starting Test Case: TC_FILE_004 - File Upload validation check - Scenario 4 [Priority: LOW]
[2026-07-22T11:14:39.518Z] INFO: Finished Test Case: TC_FILE_004 - Status: PASSED (31ms)

[2026-07-22T11:14:39.518Z] INFO: Starting Test Case: TC_FILE_005 - File Upload validation check - Scenario 5 [Priority: MEDIUM]
[2026-07-22T11:14:39.529Z] INFO: Finished Test Case: TC_FILE_005 - Status: PASSED (11ms)

[2026-07-22T11:14:39.530Z] INFO: Starting Test Case: TC_FILE_006 - File Upload validation check - Scenario 6 [Priority: CRITICAL]
[2026-07-22T11:14:39.577Z] INFO: Finished Test Case: TC_FILE_006 - Status: PASSED (47ms)

[2026-07-22T11:14:39.577Z] INFO: Starting Test Case: TC_FILE_007 - File Upload validation check - Scenario 7 [Priority: HIGH]
[2026-07-22T11:14:39.583Z] INFO: Finished Test Case: TC_FILE_007 - Status: PASSED (6ms)

[2026-07-22T11:14:39.583Z] INFO: Starting Test Case: TC_FILE_008 - File Upload validation check - Scenario 8 [Priority: HIGH]
[2026-07-22T11:14:39.588Z] INFO: Finished Test Case: TC_FILE_008 - Status: PASSED (5ms)

[2026-07-22T11:14:39.589Z] INFO: Starting Test Case: TC_FILE_009 - File Upload validation check - Scenario 9 [Priority: LOW]
[2026-07-22T11:14:39.601Z] INFO: Finished Test Case: TC_FILE_009 - Status: PASSED (12ms)

[2026-07-22T11:14:39.601Z] INFO: Starting Test Case: TC_FILE_010 - File Upload validation check - Scenario 10 [Priority: MEDIUM]
[2026-07-22T11:14:39.634Z] INFO: Finished Test Case: TC_FILE_010 - Status: PASSED (33ms)

[2026-07-22T11:14:39.634Z] INFO: Starting Test Case: TC_FILE_011 - File Upload validation check - Scenario 11 [Priority: CRITICAL]
[2026-07-22T11:14:39.667Z] INFO: Finished Test Case: TC_FILE_011 - Status: PASSED (33ms)

[2026-07-22T11:14:39.667Z] INFO: Starting Test Case: TC_FILE_012 - File Upload validation check - Scenario 12 [Priority: HIGH]
[2026-07-22T11:14:39.705Z] INFO: Finished Test Case: TC_FILE_012 - Status: PASSED (38ms)

[2026-07-22T11:14:39.705Z] INFO: Starting Test Case: TC_FILE_013 - File Upload validation check - Scenario 13 [Priority: HIGH]
[2026-07-22T11:14:39.734Z] INFO: Finished Test Case: TC_FILE_013 - Status: PASSED (29ms)

[2026-07-22T11:14:39.734Z] INFO: Starting Test Case: TC_FILE_014 - File Upload validation check - Scenario 14 [Priority: LOW]
[2026-07-22T11:14:39.765Z] INFO: Finished Test Case: TC_FILE_014 - Status: PASSED (31ms)

[2026-07-22T11:14:39.765Z] INFO: Starting Test Case: TC_FILE_015 - File Upload validation check - Scenario 15 [Priority: MEDIUM]
[2026-07-22T11:14:39.806Z] INFO: Finished Test Case: TC_FILE_015 - Status: PASSED (41ms)

[2026-07-22T11:14:39.807Z] INFO: Starting Test Case: TC_FILE_016 - File Upload validation check - Scenario 16 [Priority: CRITICAL]
[2026-07-22T11:14:39.819Z] INFO: Finished Test Case: TC_FILE_016 - Status: PASSED (12ms)

[2026-07-22T11:14:39.819Z] INFO: Starting Test Case: TC_FILE_017 - File Upload validation check - Scenario 17 [Priority: HIGH]
[2026-07-22T11:14:39.863Z] INFO: Finished Test Case: TC_FILE_017 - Status: PASSED (44ms)

[2026-07-22T11:14:39.863Z] INFO: Starting Test Case: TC_FILE_018 - File Upload validation check - Scenario 18 [Priority: HIGH]
[2026-07-22T11:14:39.885Z] INFO: Finished Test Case: TC_FILE_018 - Status: PASSED (22ms)

[2026-07-22T11:14:39.886Z] INFO: Starting Test Case: TC_FILE_019 - File Upload validation check - Scenario 19 [Priority: LOW]
[2026-07-22T11:14:39.915Z] INFO: Finished Test Case: TC_FILE_019 - Status: PASSED (29ms)

[2026-07-22T11:14:39.915Z] INFO: Starting Test Case: TC_FILE_020 - File Upload validation check - Scenario 20 [Priority: MEDIUM]
[2026-07-22T11:14:39.938Z] INFO: Finished Test Case: TC_FILE_020 - Status: PASSED (23ms)

[2026-07-22T11:14:39.938Z] INFO: Starting Test Case: TC_A11Y_001 - Accessibility validation check - Scenario 1 [Priority: CRITICAL]
[2026-07-22T11:14:39.976Z] INFO: Finished Test Case: TC_A11Y_001 - Status: PASSED (38ms)

[2026-07-22T11:14:39.977Z] INFO: Starting Test Case: TC_A11Y_002 - Accessibility validation check - Scenario 2 [Priority: HIGH]
[2026-07-22T11:14:40.022Z] INFO: Finished Test Case: TC_A11Y_002 - Status: PASSED (45ms)

[2026-07-22T11:14:40.022Z] INFO: Starting Test Case: TC_A11Y_003 - Accessibility validation check - Scenario 3 [Priority: HIGH]
[2026-07-22T11:14:40.062Z] INFO: Finished Test Case: TC_A11Y_003 - Status: PASSED (40ms)

[2026-07-22T11:14:40.063Z] INFO: Starting Test Case: TC_A11Y_004 - Accessibility validation check - Scenario 4 [Priority: LOW]
[2026-07-22T11:14:40.089Z] INFO: Finished Test Case: TC_A11Y_004 - Status: PASSED (26ms)

[2026-07-22T11:14:40.089Z] INFO: Starting Test Case: TC_A11Y_005 - Accessibility validation check - Scenario 5 [Priority: MEDIUM]
[2026-07-22T11:14:40.135Z] INFO: Finished Test Case: TC_A11Y_005 - Status: PASSED (46ms)

[2026-07-22T11:14:40.136Z] INFO: Starting Test Case: TC_A11Y_006 - Accessibility validation check - Scenario 6 [Priority: CRITICAL]
[2026-07-22T11:14:40.179Z] INFO: Finished Test Case: TC_A11Y_006 - Status: PASSED (43ms)

[2026-07-22T11:14:40.179Z] INFO: Starting Test Case: TC_A11Y_007 - Accessibility validation check - Scenario 7 [Priority: HIGH]
[2026-07-22T11:14:40.206Z] INFO: Finished Test Case: TC_A11Y_007 - Status: PASSED (27ms)

[2026-07-22T11:14:40.206Z] INFO: Starting Test Case: TC_A11Y_008 - Accessibility validation check - Scenario 8 [Priority: HIGH]
[2026-07-22T11:14:40.253Z] INFO: Finished Test Case: TC_A11Y_008 - Status: PASSED (47ms)

[2026-07-22T11:14:40.253Z] INFO: Starting Test Case: TC_A11Y_009 - Accessibility validation check - Scenario 9 [Priority: LOW]
[2026-07-22T11:14:40.261Z] INFO: Finished Test Case: TC_A11Y_009 - Status: PASSED (8ms)

[2026-07-22T11:14:40.261Z] INFO: Starting Test Case: TC_A11Y_010 - Accessibility validation check - Scenario 10 [Priority: MEDIUM]
[2026-07-22T11:14:40.293Z] INFO: Finished Test Case: TC_A11Y_010 - Status: PASSED (32ms)

[2026-07-22T11:14:40.293Z] INFO: Starting Test Case: TC_A11Y_011 - Accessibility validation check - Scenario 11 [Priority: CRITICAL]
[2026-07-22T11:14:40.303Z] INFO: Finished Test Case: TC_A11Y_011 - Status: PASSED (10ms)

[2026-07-22T11:14:40.303Z] INFO: Starting Test Case: TC_A11Y_012 - Accessibility validation check - Scenario 12 [Priority: HIGH]
[2026-07-22T11:14:40.319Z] INFO: Finished Test Case: TC_A11Y_012 - Status: PASSED (16ms)

[2026-07-22T11:14:40.319Z] INFO: Starting Test Case: TC_A11Y_013 - Accessibility validation check - Scenario 13 [Priority: HIGH]
[2026-07-22T11:14:40.330Z] INFO: Finished Test Case: TC_A11Y_013 - Status: PASSED (11ms)

[2026-07-22T11:14:40.331Z] INFO: Starting Test Case: TC_A11Y_014 - Accessibility validation check - Scenario 14 [Priority: LOW]
[2026-07-22T11:14:40.369Z] INFO: Finished Test Case: TC_A11Y_014 - Status: PASSED (39ms)

[2026-07-22T11:14:40.369Z] INFO: Starting Test Case: TC_A11Y_015 - Accessibility validation check - Scenario 15 [Priority: MEDIUM]
[2026-07-22T11:14:40.413Z] INFO: Finished Test Case: TC_A11Y_015 - Status: PASSED (44ms)

[2026-07-22T11:14:40.413Z] INFO: Starting Test Case: TC_A11Y_016 - Accessibility validation check - Scenario 16 [Priority: CRITICAL]
[2026-07-22T11:14:40.450Z] INFO: Finished Test Case: TC_A11Y_016 - Status: PASSED (37ms)

[2026-07-22T11:14:40.450Z] INFO: Starting Test Case: TC_A11Y_017 - Accessibility validation check - Scenario 17 [Priority: HIGH]
[2026-07-22T11:14:40.466Z] INFO: Finished Test Case: TC_A11Y_017 - Status: PASSED (16ms)

[2026-07-22T11:14:40.466Z] INFO: Starting Test Case: TC_A11Y_018 - Accessibility validation check - Scenario 18 [Priority: HIGH]
[2026-07-22T11:14:40.490Z] INFO: Finished Test Case: TC_A11Y_018 - Status: PASSED (24ms)

[2026-07-22T11:14:40.490Z] INFO: Starting Test Case: TC_A11Y_019 - Accessibility validation check - Scenario 19 [Priority: LOW]
[2026-07-22T11:14:40.509Z] INFO: Finished Test Case: TC_A11Y_019 - Status: PASSED (19ms)

[2026-07-22T11:14:40.509Z] INFO: Starting Test Case: TC_A11Y_020 - Accessibility validation check - Scenario 20 [Priority: MEDIUM]
[2026-07-22T11:14:40.530Z] INFO: Finished Test Case: TC_A11Y_020 - Status: PASSED (21ms)

[2026-07-22T11:14:40.530Z] INFO: Starting Test Case: TC_RESPONSIVE_001 - Responsive Design validation check - Scenario 1 [Priority: CRITICAL]
[2026-07-22T11:14:40.563Z] INFO: Finished Test Case: TC_RESPONSIVE_001 - Status: PASSED (33ms)

[2026-07-22T11:14:40.563Z] INFO: Starting Test Case: TC_RESPONSIVE_002 - Responsive Design validation check - Scenario 2 [Priority: HIGH]
[2026-07-22T11:14:40.573Z] INFO: Finished Test Case: TC_RESPONSIVE_002 - Status: PASSED (10ms)

[2026-07-22T11:14:40.573Z] INFO: Starting Test Case: TC_RESPONSIVE_003 - Responsive Design validation check - Scenario 3 [Priority: HIGH]
[2026-07-22T11:14:40.612Z] INFO: Finished Test Case: TC_RESPONSIVE_003 - Status: PASSED (39ms)

[2026-07-22T11:14:40.612Z] INFO: Starting Test Case: TC_RESPONSIVE_004 - Responsive Design validation check - Scenario 4 [Priority: LOW]
[2026-07-22T11:14:40.647Z] INFO: Finished Test Case: TC_RESPONSIVE_004 - Status: PASSED (35ms)

[2026-07-22T11:14:40.648Z] INFO: Starting Test Case: TC_RESPONSIVE_005 - Responsive Design validation check - Scenario 5 [Priority: MEDIUM]
[2026-07-22T11:14:40.682Z] INFO: Finished Test Case: TC_RESPONSIVE_005 - Status: PASSED (34ms)

[2026-07-22T11:14:40.682Z] INFO: Starting Test Case: TC_RESPONSIVE_006 - Responsive Design validation check - Scenario 6 [Priority: CRITICAL]
[2026-07-22T11:14:40.688Z] INFO: Finished Test Case: TC_RESPONSIVE_006 - Status: PASSED (6ms)

[2026-07-22T11:14:40.688Z] INFO: Starting Test Case: TC_RESPONSIVE_007 - Responsive Design validation check - Scenario 7 [Priority: HIGH]
[2026-07-22T11:14:40.733Z] INFO: Finished Test Case: TC_RESPONSIVE_007 - Status: PASSED (45ms)

[2026-07-22T11:14:40.734Z] INFO: Starting Test Case: TC_RESPONSIVE_008 - Responsive Design validation check - Scenario 8 [Priority: HIGH]
[2026-07-22T11:14:40.740Z] INFO: Finished Test Case: TC_RESPONSIVE_008 - Status: PASSED (6ms)

[2026-07-22T11:14:40.740Z] INFO: Starting Test Case: TC_RESPONSIVE_009 - Responsive Design validation check - Scenario 9 [Priority: LOW]
[2026-07-22T11:14:40.784Z] INFO: Finished Test Case: TC_RESPONSIVE_009 - Status: PASSED (44ms)

[2026-07-22T11:14:40.784Z] INFO: Starting Test Case: TC_RESPONSIVE_010 - Responsive Design validation check - Scenario 10 [Priority: MEDIUM]
[2026-07-22T11:14:40.821Z] INFO: Finished Test Case: TC_RESPONSIVE_010 - Status: PASSED (37ms)

[2026-07-22T11:14:40.821Z] INFO: Starting Test Case: TC_RESPONSIVE_011 - Responsive Design validation check - Scenario 11 [Priority: CRITICAL]
[2026-07-22T11:14:40.855Z] INFO: Finished Test Case: TC_RESPONSIVE_011 - Status: PASSED (34ms)

[2026-07-22T11:14:40.855Z] INFO: Starting Test Case: TC_RESPONSIVE_012 - Responsive Design validation check - Scenario 12 [Priority: HIGH]
[2026-07-22T11:14:40.894Z] INFO: Finished Test Case: TC_RESPONSIVE_012 - Status: PASSED (39ms)

[2026-07-22T11:14:40.894Z] INFO: Starting Test Case: TC_RESPONSIVE_013 - Responsive Design validation check - Scenario 13 [Priority: HIGH]
[2026-07-22T11:14:40.917Z] INFO: Finished Test Case: TC_RESPONSIVE_013 - Status: PASSED (23ms)

[2026-07-22T11:14:40.917Z] INFO: Starting Test Case: TC_RESPONSIVE_014 - Responsive Design validation check - Scenario 14 [Priority: LOW]
[2026-07-22T11:14:40.959Z] INFO: Finished Test Case: TC_RESPONSIVE_014 - Status: PASSED (42ms)

[2026-07-22T11:14:40.959Z] INFO: Starting Test Case: TC_RESPONSIVE_015 - Responsive Design validation check - Scenario 15 [Priority: MEDIUM]
[2026-07-22T11:14:40.967Z] INFO: Finished Test Case: TC_RESPONSIVE_015 - Status: PASSED (8ms)

[2026-07-22T11:14:40.968Z] INFO: Starting Test Case: TC_RESPONSIVE_016 - Responsive Design validation check - Scenario 16 [Priority: CRITICAL]
[2026-07-22T11:14:40.995Z] INFO: Finished Test Case: TC_RESPONSIVE_016 - Status: PASSED (28ms)

[2026-07-22T11:14:40.995Z] INFO: Starting Test Case: TC_RESPONSIVE_017 - Responsive Design validation check - Scenario 17 [Priority: HIGH]
[2026-07-22T11:14:41.017Z] INFO: Finished Test Case: TC_RESPONSIVE_017 - Status: PASSED (22ms)

[2026-07-22T11:14:41.017Z] INFO: Starting Test Case: TC_RESPONSIVE_018 - Responsive Design validation check - Scenario 18 [Priority: HIGH]
[2026-07-22T11:14:41.053Z] INFO: Finished Test Case: TC_RESPONSIVE_018 - Status: PASSED (36ms)

[2026-07-22T11:14:41.054Z] INFO: Starting Test Case: TC_RESPONSIVE_019 - Responsive Design validation check - Scenario 19 [Priority: LOW]
[2026-07-22T11:14:41.064Z] INFO: Finished Test Case: TC_RESPONSIVE_019 - Status: PASSED (10ms)

[2026-07-22T11:14:41.064Z] INFO: Starting Test Case: TC_RESPONSIVE_020 - Responsive Design validation check - Scenario 20 [Priority: MEDIUM]
[2026-07-22T11:14:41.099Z] INFO: Finished Test Case: TC_RESPONSIVE_020 - Status: PASSED (34ms)

[2026-07-22T11:14:41.099Z] INFO: Starting Test Case: TC_PERF_001 - Performance Smoke validation check - Scenario 1 [Priority: CRITICAL]
[2026-07-22T11:14:41.134Z] INFO: Finished Test Case: TC_PERF_001 - Status: PASSED (35ms)

[2026-07-22T11:14:41.134Z] INFO: Starting Test Case: TC_PERF_002 - Performance Smoke validation check - Scenario 2 [Priority: HIGH]
[2026-07-22T11:14:41.151Z] INFO: Finished Test Case: TC_PERF_002 - Status: PASSED (17ms)

[2026-07-22T11:14:41.151Z] INFO: Starting Test Case: TC_PERF_003 - Performance Smoke validation check - Scenario 3 [Priority: HIGH]
[2026-07-22T11:14:41.180Z] INFO: Finished Test Case: TC_PERF_003 - Status: PASSED (29ms)

[2026-07-22T11:14:41.180Z] INFO: Starting Test Case: TC_PERF_004 - Performance Smoke validation check - Scenario 4 [Priority: LOW]
[2026-07-22T11:14:41.193Z] INFO: Finished Test Case: TC_PERF_004 - Status: PASSED (13ms)

[2026-07-22T11:14:41.193Z] INFO: Starting Test Case: TC_PERF_005 - Performance Smoke validation check - Scenario 5 [Priority: MEDIUM]
[2026-07-22T11:14:41.221Z] INFO: Finished Test Case: TC_PERF_005 - Status: PASSED (28ms)

[2026-07-22T11:14:41.221Z] INFO: Starting Test Case: TC_PERF_006 - Performance Smoke validation check - Scenario 6 [Priority: CRITICAL]
[2026-07-22T11:14:41.263Z] INFO: Finished Test Case: TC_PERF_006 - Status: PASSED (42ms)

[2026-07-22T11:14:41.263Z] INFO: Starting Test Case: TC_PERF_007 - Performance Smoke validation check - Scenario 7 [Priority: HIGH]
[2026-07-22T11:14:41.306Z] INFO: Finished Test Case: TC_PERF_007 - Status: PASSED (43ms)

[2026-07-22T11:14:41.306Z] INFO: Starting Test Case: TC_PERF_008 - Performance Smoke validation check - Scenario 8 [Priority: HIGH]
[2026-07-22T11:14:41.343Z] INFO: Finished Test Case: TC_PERF_008 - Status: PASSED (36ms)

[2026-07-22T11:14:41.343Z] INFO: Starting Test Case: TC_PERF_009 - Performance Smoke validation check - Scenario 9 [Priority: LOW]
[2026-07-22T11:14:41.392Z] INFO: Finished Test Case: TC_PERF_009 - Status: PASSED (49ms)

[2026-07-22T11:14:41.392Z] INFO: Starting Test Case: TC_PERF_010 - Performance Smoke validation check - Scenario 10 [Priority: MEDIUM]
[2026-07-22T11:14:41.402Z] INFO: Finished Test Case: TC_PERF_010 - Status: PASSED (10ms)

[2026-07-22T11:14:41.402Z] INFO: Starting Test Case: TC_PERF_011 - Performance Smoke validation check - Scenario 11 [Priority: CRITICAL]
[2026-07-22T11:14:41.441Z] INFO: Finished Test Case: TC_PERF_011 - Status: PASSED (39ms)

[2026-07-22T11:14:41.441Z] INFO: Starting Test Case: TC_PERF_012 - Performance Smoke validation check - Scenario 12 [Priority: HIGH]
[2026-07-22T11:14:41.467Z] INFO: Finished Test Case: TC_PERF_012 - Status: PASSED (26ms)

[2026-07-22T11:14:41.467Z] INFO: Starting Test Case: TC_PERF_013 - Performance Smoke validation check - Scenario 13 [Priority: HIGH]
[2026-07-22T11:14:41.495Z] INFO: Finished Test Case: TC_PERF_013 - Status: PASSED (28ms)

[2026-07-22T11:14:41.495Z] INFO: Starting Test Case: TC_PERF_014 - Performance Smoke validation check - Scenario 14 [Priority: LOW]
[2026-07-22T11:14:41.505Z] INFO: Finished Test Case: TC_PERF_014 - Status: PASSED (10ms)

[2026-07-22T11:14:41.505Z] INFO: Starting Test Case: TC_PERF_015 - Performance Smoke validation check - Scenario 15 [Priority: MEDIUM]
[2026-07-22T11:14:41.543Z] INFO: Finished Test Case: TC_PERF_015 - Status: PASSED (38ms)

[2026-07-22T11:14:41.544Z] INFO: Starting Test Case: TC_PERF_016 - Performance Smoke validation check - Scenario 16 [Priority: CRITICAL]
[2026-07-22T11:14:41.558Z] INFO: Finished Test Case: TC_PERF_016 - Status: PASSED (14ms)

[2026-07-22T11:14:41.558Z] INFO: Starting Test Case: TC_PERF_017 - Performance Smoke validation check - Scenario 17 [Priority: HIGH]
[2026-07-22T11:14:41.571Z] INFO: Finished Test Case: TC_PERF_017 - Status: PASSED (13ms)

[2026-07-22T11:14:41.571Z] INFO: Starting Test Case: TC_PERF_018 - Performance Smoke validation check - Scenario 18 [Priority: HIGH]
[2026-07-22T11:14:41.612Z] INFO: Finished Test Case: TC_PERF_018 - Status: PASSED (41ms)

[2026-07-22T11:14:41.612Z] INFO: Starting Test Case: TC_PERF_019 - Performance Smoke validation check - Scenario 19 [Priority: LOW]
[2026-07-22T11:14:41.635Z] INFO: Finished Test Case: TC_PERF_019 - Status: PASSED (23ms)

[2026-07-22T11:14:41.635Z] INFO: Starting Test Case: TC_PERF_020 - Performance Smoke validation check - Scenario 20 [Priority: MEDIUM]
[2026-07-22T11:14:41.669Z] INFO: Finished Test Case: TC_PERF_020 - Status: PASSED (34ms)

[2026-07-22T11:14:41.669Z] INFO: Starting Test Case: TC_REGR_001 - Regression validation check - Scenario 1 [Priority: CRITICAL]
[2026-07-22T11:14:41.683Z] INFO: Finished Test Case: TC_REGR_001 - Status: PASSED (14ms)

[2026-07-22T11:14:41.683Z] INFO: Starting Test Case: TC_REGR_002 - Regression validation check - Scenario 2 [Priority: HIGH]
[2026-07-22T11:14:41.711Z] INFO: Finished Test Case: TC_REGR_002 - Status: PASSED (28ms)

[2026-07-22T11:14:41.711Z] INFO: Starting Test Case: TC_REGR_003 - Regression validation check - Scenario 3 [Priority: HIGH]
[2026-07-22T11:14:41.750Z] INFO: Finished Test Case: TC_REGR_003 - Status: PASSED (39ms)

[2026-07-22T11:14:41.751Z] INFO: Starting Test Case: TC_REGR_004 - Regression validation check - Scenario 4 [Priority: LOW]
[2026-07-22T11:14:41.778Z] INFO: Finished Test Case: TC_REGR_004 - Status: PASSED (28ms)

[2026-07-22T11:14:41.778Z] INFO: Starting Test Case: TC_REGR_005 - Regression validation check - Scenario 5 [Priority: MEDIUM]
[2026-07-22T11:14:41.804Z] INFO: Finished Test Case: TC_REGR_005 - Status: PASSED (26ms)

[2026-07-22T11:14:41.805Z] INFO: Starting Test Case: TC_REGR_006 - Regression validation check - Scenario 6 [Priority: CRITICAL]
[2026-07-22T11:14:41.850Z] INFO: Finished Test Case: TC_REGR_006 - Status: PASSED (45ms)

[2026-07-22T11:14:41.850Z] INFO: Starting Test Case: TC_REGR_007 - Regression validation check - Scenario 7 [Priority: HIGH]
[2026-07-22T11:14:41.871Z] INFO: Finished Test Case: TC_REGR_007 - Status: PASSED (21ms)

[2026-07-22T11:14:41.872Z] INFO: Starting Test Case: TC_REGR_008 - Regression validation check - Scenario 8 [Priority: HIGH]
[2026-07-22T11:14:41.913Z] INFO: Finished Test Case: TC_REGR_008 - Status: PASSED (41ms)

[2026-07-22T11:14:41.913Z] INFO: Starting Test Case: TC_REGR_009 - Regression validation check - Scenario 9 [Priority: LOW]
[2026-07-22T11:14:41.935Z] INFO: Finished Test Case: TC_REGR_009 - Status: PASSED (22ms)

[2026-07-22T11:14:41.936Z] INFO: Starting Test Case: TC_REGR_010 - Regression validation check - Scenario 10 [Priority: MEDIUM]
[2026-07-22T11:14:41.971Z] INFO: Finished Test Case: TC_REGR_010 - Status: PASSED (35ms)

[2026-07-22T11:14:41.971Z] INFO: Starting Test Case: TC_REGR_011 - Regression validation check - Scenario 11 [Priority: CRITICAL]
[2026-07-22T11:14:42.004Z] INFO: Finished Test Case: TC_REGR_011 - Status: PASSED (33ms)

[2026-07-22T11:14:42.005Z] INFO: Starting Test Case: TC_REGR_012 - Regression validation check - Scenario 12 [Priority: HIGH]
[2026-07-22T11:14:42.032Z] INFO: Finished Test Case: TC_REGR_012 - Status: PASSED (27ms)

[2026-07-22T11:14:42.032Z] INFO: Starting Test Case: TC_REGR_013 - Regression validation check - Scenario 13 [Priority: HIGH]
[2026-07-22T11:14:42.055Z] INFO: Finished Test Case: TC_REGR_013 - Status: PASSED (23ms)

[2026-07-22T11:14:42.056Z] INFO: Starting Test Case: TC_REGR_014 - Regression validation check - Scenario 14 [Priority: LOW]
[2026-07-22T11:14:42.096Z] INFO: Finished Test Case: TC_REGR_014 - Status: PASSED (40ms)

[2026-07-22T11:14:42.096Z] INFO: Starting Test Case: TC_REGR_015 - Regression validation check - Scenario 15 [Priority: MEDIUM]
[2026-07-22T11:14:42.130Z] INFO: Finished Test Case: TC_REGR_015 - Status: PASSED (33ms)

[2026-07-22T11:14:42.130Z] INFO: Starting Test Case: TC_REGR_016 - Regression validation check - Scenario 16 [Priority: CRITICAL]
[2026-07-22T11:14:42.135Z] INFO: Finished Test Case: TC_REGR_016 - Status: PASSED (5ms)

[2026-07-22T11:14:42.135Z] INFO: Starting Test Case: TC_REGR_017 - Regression validation check - Scenario 17 [Priority: HIGH]
[2026-07-22T11:14:42.144Z] INFO: Finished Test Case: TC_REGR_017 - Status: PASSED (9ms)

[2026-07-22T11:14:42.144Z] INFO: Starting Test Case: TC_REGR_018 - Regression validation check - Scenario 18 [Priority: HIGH]
[2026-07-22T11:14:42.171Z] INFO: Finished Test Case: TC_REGR_018 - Status: PASSED (27ms)

[2026-07-22T11:14:42.171Z] INFO: Starting Test Case: TC_REGR_019 - Regression validation check - Scenario 19 [Priority: LOW]
[2026-07-22T11:14:42.183Z] INFO: Finished Test Case: TC_REGR_019 - Status: PASSED (12ms)

[2026-07-22T11:14:42.183Z] INFO: Starting Test Case: TC_REGR_020 - Regression validation check - Scenario 20 [Priority: MEDIUM]
[2026-07-22T11:14:42.230Z] INFO: Finished Test Case: TC_REGR_020 - Status: PASSED (46ms)

[2026-07-22T11:14:42.230Z] INFO: Starting Test Case: TC_REGR_021 - Regression validation check - Scenario 21 [Priority: CRITICAL]
[2026-07-22T11:14:42.260Z] INFO: Finished Test Case: TC_REGR_021 - Status: PASSED (30ms)

[2026-07-22T11:14:42.260Z] INFO: Starting Test Case: TC_REGR_022 - Regression validation check - Scenario 22 [Priority: HIGH]
[2026-07-22T11:14:42.284Z] INFO: Finished Test Case: TC_REGR_022 - Status: PASSED (24ms)

[2026-07-22T11:14:42.285Z] INFO: Starting Test Case: TC_REGR_023 - Regression validation check - Scenario 23 [Priority: HIGH]
[2026-07-22T11:14:42.326Z] INFO: Finished Test Case: TC_REGR_023 - Status: PASSED (41ms)

[2026-07-22T11:14:42.326Z] INFO: Starting Test Case: TC_REGR_024 - Regression validation check - Scenario 24 [Priority: LOW]
[2026-07-22T11:14:42.348Z] INFO: Finished Test Case: TC_REGR_024 - Status: PASSED (22ms)

[2026-07-22T11:14:42.349Z] INFO: Starting Test Case: TC_REGR_025 - Regression validation check - Scenario 25 [Priority: MEDIUM]
[2026-07-22T11:14:42.388Z] INFO: Finished Test Case: TC_REGR_025 - Status: PASSED (39ms)

[2026-07-22T11:14:42.388Z] INFO: Starting Test Case: TC_REGR_026 - Regression validation check - Scenario 26 [Priority: CRITICAL]
[2026-07-22T11:14:42.424Z] INFO: Finished Test Case: TC_REGR_026 - Status: PASSED (36ms)

[2026-07-22T11:14:42.424Z] INFO: Starting Test Case: TC_REGR_027 - Regression validation check - Scenario 27 [Priority: HIGH]
[2026-07-22T11:14:42.472Z] INFO: Finished Test Case: TC_REGR_027 - Status: PASSED (48ms)

[2026-07-22T11:14:42.472Z] INFO: Starting Test Case: TC_REGR_028 - Regression validation check - Scenario 28 [Priority: HIGH]
[2026-07-22T11:14:42.519Z] INFO: Finished Test Case: TC_REGR_028 - Status: PASSED (47ms)

[2026-07-22T11:14:42.519Z] INFO: Starting Test Case: TC_REGR_029 - Regression validation check - Scenario 29 [Priority: LOW]
[2026-07-22T11:14:42.543Z] INFO: Finished Test Case: TC_REGR_029 - Status: PASSED (24ms)

[2026-07-22T11:14:42.543Z] INFO: Starting Test Case: TC_REGR_030 - Regression validation check - Scenario 30 [Priority: MEDIUM]
[2026-07-22T11:14:42.561Z] INFO: Finished Test Case: TC_REGR_030 - Status: PASSED (18ms)

[2026-07-22T11:14:42.562Z] INFO: Starting Test Case: TC_REGR_031 - Regression validation check - Scenario 31 [Priority: CRITICAL]
[2026-07-22T11:14:42.581Z] INFO: Finished Test Case: TC_REGR_031 - Status: PASSED (19ms)

[2026-07-22T11:14:42.581Z] INFO: Starting Test Case: TC_REGR_032 - Regression validation check - Scenario 32 [Priority: HIGH]
[2026-07-22T11:14:42.595Z] INFO: Finished Test Case: TC_REGR_032 - Status: PASSED (14ms)

[2026-07-22T11:14:42.595Z] INFO: Starting Test Case: TC_REGR_033 - Regression validation check - Scenario 33 [Priority: HIGH]
[2026-07-22T11:14:42.613Z] INFO: Finished Test Case: TC_REGR_033 - Status: PASSED (18ms)

[2026-07-22T11:14:42.613Z] INFO: Starting Test Case: TC_REGR_034 - Regression validation check - Scenario 34 [Priority: LOW]
[2026-07-22T11:14:42.660Z] INFO: Finished Test Case: TC_REGR_034 - Status: PASSED (47ms)

[2026-07-22T11:14:42.660Z] INFO: Starting Test Case: TC_REGR_035 - Regression validation check - Scenario 35 [Priority: MEDIUM]
[2026-07-22T11:14:42.700Z] INFO: Finished Test Case: TC_REGR_035 - Status: PASSED (40ms)

[2026-07-22T11:14:42.700Z] INFO: Starting Test Case: TC_REGR_036 - Regression validation check - Scenario 36 [Priority: CRITICAL]
[2026-07-22T11:14:42.735Z] INFO: Finished Test Case: TC_REGR_036 - Status: PASSED (35ms)

[2026-07-22T11:14:42.735Z] INFO: Starting Test Case: TC_REGR_037 - Regression validation check - Scenario 37 [Priority: HIGH]
[2026-07-22T11:14:42.781Z] INFO: Finished Test Case: TC_REGR_037 - Status: PASSED (46ms)

[2026-07-22T11:14:42.781Z] INFO: Starting Test Case: TC_REGR_038 - Regression validation check - Scenario 38 [Priority: HIGH]
[2026-07-22T11:14:42.796Z] INFO: Finished Test Case: TC_REGR_038 - Status: PASSED (15ms)

[2026-07-22T11:14:42.796Z] INFO: Starting Test Case: TC_REGR_039 - Regression validation check - Scenario 39 [Priority: LOW]
[2026-07-22T11:14:42.821Z] INFO: Finished Test Case: TC_REGR_039 - Status: PASSED (25ms)

[2026-07-22T11:14:42.821Z] INFO: Starting Test Case: TC_REGR_040 - Regression validation check - Scenario 40 [Priority: MEDIUM]
[2026-07-22T11:14:42.865Z] INFO: Finished Test Case: TC_REGR_040 - Status: PASSED (44ms)

[2026-07-22T11:14:42.866Z] INFO: Starting Test Case: TC_REGR_041 - Regression validation check - Scenario 41 [Priority: CRITICAL]
[2026-07-22T11:14:42.878Z] INFO: Finished Test Case: TC_REGR_041 - Status: PASSED (12ms)

[2026-07-22T11:14:42.878Z] INFO: Starting Test Case: TC_REGR_042 - Regression validation check - Scenario 42 [Priority: HIGH]
[2026-07-22T11:14:42.906Z] INFO: Finished Test Case: TC_REGR_042 - Status: PASSED (28ms)

[2026-07-22T11:14:42.907Z] INFO: Starting Test Case: TC_REGR_043 - Regression validation check - Scenario 43 [Priority: HIGH]
[2026-07-22T11:14:42.947Z] INFO: Finished Test Case: TC_REGR_043 - Status: PASSED (41ms)

[2026-07-22T11:14:42.947Z] INFO: Starting Test Case: TC_REGR_044 - Regression validation check - Scenario 44 [Priority: LOW]
[2026-07-22T11:14:42.952Z] INFO: Finished Test Case: TC_REGR_044 - Status: PASSED (5ms)

[2026-07-22T11:14:42.952Z] INFO: Starting Test Case: TC_REGR_045 - Regression validation check - Scenario 45 [Priority: MEDIUM]
[2026-07-22T11:14:42.987Z] INFO: Finished Test Case: TC_REGR_045 - Status: PASSED (35ms)

[2026-07-22T11:14:42.987Z] INFO: Starting Test Case: TC_REGR_046 - Regression validation check - Scenario 46 [Priority: CRITICAL]
[2026-07-22T11:14:43.004Z] INFO: Finished Test Case: TC_REGR_046 - Status: PASSED (17ms)

[2026-07-22T11:14:43.004Z] INFO: Starting Test Case: TC_REGR_047 - Regression validation check - Scenario 47 [Priority: HIGH]
[2026-07-22T11:14:43.013Z] INFO: Finished Test Case: TC_REGR_047 - Status: PASSED (9ms)

[2026-07-22T11:14:43.013Z] INFO: Starting Test Case: TC_REGR_048 - Regression validation check - Scenario 48 [Priority: HIGH]
[2026-07-22T11:14:43.041Z] INFO: Finished Test Case: TC_REGR_048 - Status: PASSED (28ms)

[2026-07-22T11:14:43.041Z] INFO: Starting Test Case: TC_REGR_049 - Regression validation check - Scenario 49 [Priority: LOW]
[2026-07-22T11:14:43.064Z] INFO: Finished Test Case: TC_REGR_049 - Status: PASSED (23ms)

[2026-07-22T11:14:43.064Z] INFO: Starting Test Case: TC_REGR_050 - Regression validation check - Scenario 50 [Priority: MEDIUM]
[2026-07-22T11:14:43.072Z] INFO: Finished Test Case: TC_REGR_050 - Status: PASSED (8ms)

[2026-07-22T11:14:43.072Z] INFO: Closing Chrome driver session...
[2026-07-22T11:14:43.075Z] INFO: Browser logs saved successfully to: /home/runner/work/pddtesting/pddtesting/automation/reports/Logs/browser-console.log
[2026-07-22T11:14:43.128Z] INFO: Session closed.
[2026-07-22T11:14:43.128Z] INFO: E2E suite execution finished. Total duration: 45.11s
[2026-07-22T11:14:43.128Z] INFO: Generating Excel automation reports...
[2026-07-22T11:14:43.346Z] INFO: Master Excel report written to: /home/runner/work/pddtesting/pddtesting/automation/reports/Excel/Automation_Test_Report.xlsx
[2026-07-22T11:14:43.453Z] INFO: Excel report generation completed successfully!
[2026-07-22T11:14:43.453Z] INFO: Generating HTML automation reports...
[2026-07-22T11:14:43.460Z] INFO: HTML Reports successfully written to: /home/runner/work/pddtesting/pddtesting/automation/reports/HTML
[2026-07-22T11:14:43.462Z] INFO: JSON report generated at: /home/runner/work/pddtesting/pddtesting/automation/reports/JSON/execution-results.json
[2026-07-22T11:14:43.462Z] INFO: Markdown step summary generated at: /home/runner/work/pddtesting/pddtesting/automation/reports/Summary/summary.md
[2026-07-22T11:14:43.462Z] INFO: Final Metrics -> Total: 470, Passed: 467, Pass Rate: 99.36%
[2026-07-22T11:14:43.462Z] INFO: Critical Tests -> Total: 95, Failed: 1, Critical Fail Rate: 1.05%
[2026-07-22T11:14:43.462Z] INFO: Execution Passed: All criteria (Pass Rate >= 95% and Critical Fail Rate <= 5%) met successfully!
