[2026-07-22T09:24:58.236Z] INFO: Connecting to Headless Chrome and opening https://karthik17-17.github.io/pddtesting/...
[2026-07-22T09:25:10.241Z] INFO: Headless Chrome session initialized successfully!
[2026-07-22T09:25:10.926Z] INFO: Navigated to: https://karthik17-17.github.io/pddtesting/
[2026-07-22T09:25:10.926Z] INFO: Starting Test Case: TC_AUTH_001 - Valid Login [Priority: CRITICAL]
[2026-07-22T09:25:10.927Z] INFO: Running E2E: Valid Login...
[2026-07-22T09:25:10.927Z] INFO: Typing "******************" into: Email Input (#login-email)
[2026-07-22T09:25:12.113Z] INFO: Typing "***********" into: Password Input (#login-password)
[2026-07-22T09:25:12.350Z] INFO: Tapping on element: Login Button (#login-submit)
[2026-07-22T09:25:12.562Z] INFO: Pausing for 2000ms
[2026-07-22T09:25:14.563Z] INFO: Checking display status of: Dashboard Header (h1=NeuroStay AI)
[2026-07-22T09:25:14.598Z] INFO: Finished Test Case: TC_AUTH_001 - Status: PASSED (3672ms)

[2026-07-22T09:25:14.598Z] INFO: Starting Test Case: TC_AUTH_002 - Logout [Priority: CRITICAL]
[2026-07-22T09:25:14.598Z] INFO: Running E2E: Logout...
[2026-07-22T09:25:14.598Z] INFO: Tapping on element: Profile Tab (a[href$="/profile"])
[2026-07-22T09:25:19.615Z] ERROR: Failure during real E2E execution of TC_AUTH_002: element ("a[href$="/profile"]") still not displayed after 5000ms
[2026-07-22T09:25:19.617Z] INFO: Finished Test Case: TC_AUTH_002 - Status: FAILED (5019ms)

[2026-07-22T09:25:19.617Z] INFO: Starting Test Case: TC_AUTH_003 - Authentication validation check - Scenario 3 [Priority: HIGH]
[2026-07-22T09:25:19.655Z] INFO: Finished Test Case: TC_AUTH_003 - Status: PASSED (38ms)

[2026-07-22T09:25:19.655Z] INFO: Starting Test Case: TC_AUTH_004 - Authentication validation check - Scenario 4 [Priority: LOW]
[2026-07-22T09:25:19.661Z] INFO: Finished Test Case: TC_AUTH_004 - Status: PASSED (6ms)

[2026-07-22T09:25:19.661Z] INFO: Starting Test Case: TC_AUTH_005 - Authentication validation check - Scenario 5 [Priority: MEDIUM]
[2026-07-22T09:25:19.670Z] INFO: Finished Test Case: TC_AUTH_005 - Status: PASSED (9ms)

[2026-07-22T09:25:19.670Z] INFO: Starting Test Case: TC_AUTH_006 - Authentication validation check - Scenario 6 [Priority: CRITICAL]
[2026-07-22T09:25:19.692Z] INFO: Finished Test Case: TC_AUTH_006 - Status: PASSED (22ms)

[2026-07-22T09:25:19.693Z] INFO: Starting Test Case: TC_AUTH_007 - Authentication validation check - Scenario 7 [Priority: HIGH]
[2026-07-22T09:25:19.718Z] INFO: Finished Test Case: TC_AUTH_007 - Status: PASSED (25ms)

[2026-07-22T09:25:19.718Z] INFO: Starting Test Case: TC_AUTH_008 - Authentication validation check - Scenario 8 [Priority: HIGH]
[2026-07-22T09:25:19.754Z] INFO: Finished Test Case: TC_AUTH_008 - Status: PASSED (36ms)

[2026-07-22T09:25:19.754Z] INFO: Starting Test Case: TC_AUTH_009 - Authentication validation check - Scenario 9 [Priority: LOW]
[2026-07-22T09:25:19.778Z] INFO: Finished Test Case: TC_AUTH_009 - Status: PASSED (24ms)

[2026-07-22T09:25:19.778Z] INFO: Starting Test Case: TC_AUTH_010 - Authentication validation check - Scenario 10 [Priority: MEDIUM]
[2026-07-22T09:25:19.779Z] INFO: Running E2E: Invalid OTP...
[2026-07-22T09:25:19.779Z] INFO: Finished Test Case: TC_AUTH_010 - Status: PASSED (1ms)

[2026-07-22T09:25:19.779Z] INFO: Starting Test Case: TC_AUTH_011 - Authentication validation check - Scenario 11 [Priority: CRITICAL]
[2026-07-22T09:25:19.826Z] INFO: Finished Test Case: TC_AUTH_011 - Status: PASSED (47ms)

[2026-07-22T09:25:19.826Z] INFO: Starting Test Case: TC_AUTH_012 - Authentication validation check - Scenario 12 [Priority: HIGH]
[2026-07-22T09:25:19.839Z] INFO: Finished Test Case: TC_AUTH_012 - Status: PASSED (13ms)

[2026-07-22T09:25:19.839Z] INFO: Starting Test Case: TC_AUTH_013 - Authentication validation check - Scenario 13 [Priority: HIGH]
[2026-07-22T09:25:19.865Z] INFO: Finished Test Case: TC_AUTH_013 - Status: PASSED (26ms)

[2026-07-22T09:25:19.866Z] INFO: Starting Test Case: TC_AUTH_014 - Authentication validation check - Scenario 14 [Priority: LOW]
[2026-07-22T09:25:19.875Z] INFO: Finished Test Case: TC_AUTH_014 - Status: PASSED (9ms)

[2026-07-22T09:25:19.875Z] INFO: Starting Test Case: TC_AUTH_015 - Authentication validation check - Scenario 15 [Priority: MEDIUM]
[2026-07-22T09:25:19.901Z] INFO: Finished Test Case: TC_AUTH_015 - Status: PASSED (26ms)

[2026-07-22T09:25:19.901Z] INFO: Starting Test Case: TC_AUTH_016 - Authentication validation check - Scenario 16 [Priority: CRITICAL]
[2026-07-22T09:25:19.949Z] INFO: Finished Test Case: TC_AUTH_016 - Status: PASSED (48ms)

[2026-07-22T09:25:19.950Z] INFO: Starting Test Case: TC_AUTH_017 - Authentication validation check - Scenario 17 [Priority: HIGH]
[2026-07-22T09:25:19.996Z] INFO: Finished Test Case: TC_AUTH_017 - Status: PASSED (46ms)

[2026-07-22T09:25:19.996Z] INFO: Starting Test Case: TC_AUTH_018 - Authentication validation check - Scenario 18 [Priority: HIGH]
[2026-07-22T09:25:20.037Z] INFO: Finished Test Case: TC_AUTH_018 - Status: PASSED (41ms)

[2026-07-22T09:25:20.037Z] INFO: Starting Test Case: TC_AUTH_019 - Authentication validation check - Scenario 19 [Priority: LOW]
[2026-07-22T09:25:20.045Z] INFO: Finished Test Case: TC_AUTH_019 - Status: PASSED (8ms)

[2026-07-22T09:25:20.045Z] INFO: Starting Test Case: TC_AUTH_020 - Authentication validation check - Scenario 20 [Priority: MEDIUM]
[2026-07-22T09:25:20.067Z] INFO: Finished Test Case: TC_AUTH_020 - Status: PASSED (22ms)

[2026-07-22T09:25:20.067Z] INFO: Starting Test Case: TC_AUTH_021 - Authentication validation check - Scenario 21 [Priority: CRITICAL]
[2026-07-22T09:25:20.083Z] INFO: Finished Test Case: TC_AUTH_021 - Status: PASSED (16ms)

[2026-07-22T09:25:20.083Z] INFO: Starting Test Case: TC_AUTH_022 - Authentication validation check - Scenario 22 [Priority: HIGH]
[2026-07-22T09:25:20.120Z] INFO: Finished Test Case: TC_AUTH_022 - Status: PASSED (37ms)

[2026-07-22T09:25:20.120Z] INFO: Starting Test Case: TC_AUTH_023 - Authentication validation check - Scenario 23 [Priority: HIGH]
[2026-07-22T09:25:20.146Z] INFO: Finished Test Case: TC_AUTH_023 - Status: PASSED (26ms)

[2026-07-22T09:25:20.146Z] INFO: Starting Test Case: TC_AUTH_024 - Authentication validation check - Scenario 24 [Priority: LOW]
[2026-07-22T09:25:20.191Z] INFO: Finished Test Case: TC_AUTH_024 - Status: PASSED (45ms)

[2026-07-22T09:25:20.191Z] INFO: Starting Test Case: TC_AUTH_025 - Authentication validation check - Scenario 25 [Priority: MEDIUM]
[2026-07-22T09:25:20.236Z] INFO: Finished Test Case: TC_AUTH_025 - Status: PASSED (45ms)

[2026-07-22T09:25:20.237Z] INFO: Starting Test Case: TC_AUTH_026 - Authentication validation check - Scenario 26 [Priority: CRITICAL]
[2026-07-22T09:25:20.249Z] INFO: Finished Test Case: TC_AUTH_026 - Status: PASSED (13ms)

[2026-07-22T09:25:20.249Z] INFO: Starting Test Case: TC_AUTH_027 - Authentication validation check - Scenario 27 [Priority: HIGH]
[2026-07-22T09:25:20.275Z] INFO: Finished Test Case: TC_AUTH_027 - Status: PASSED (26ms)

[2026-07-22T09:25:20.275Z] INFO: Starting Test Case: TC_AUTH_028 - Authentication validation check - Scenario 28 [Priority: HIGH]
[2026-07-22T09:25:20.293Z] INFO: Finished Test Case: TC_AUTH_028 - Status: PASSED (18ms)

[2026-07-22T09:25:20.294Z] INFO: Starting Test Case: TC_AUTH_029 - Authentication validation check - Scenario 29 [Priority: LOW]
[2026-07-22T09:25:20.326Z] INFO: Finished Test Case: TC_AUTH_029 - Status: PASSED (32ms)

[2026-07-22T09:25:20.326Z] INFO: Starting Test Case: TC_AUTH_030 - Authentication validation check - Scenario 30 [Priority: MEDIUM]
[2026-07-22T09:25:20.332Z] INFO: Finished Test Case: TC_AUTH_030 - Status: PASSED (6ms)

[2026-07-22T09:25:20.332Z] INFO: Starting Test Case: TC_AUTH_031 - Authentication validation check - Scenario 31 [Priority: CRITICAL]
[2026-07-22T09:25:20.352Z] INFO: Finished Test Case: TC_AUTH_031 - Status: PASSED (20ms)

[2026-07-22T09:25:20.352Z] INFO: Starting Test Case: TC_AUTH_032 - Authentication validation check - Scenario 32 [Priority: HIGH]
[2026-07-22T09:25:20.363Z] INFO: Finished Test Case: TC_AUTH_032 - Status: PASSED (11ms)

[2026-07-22T09:25:20.363Z] INFO: Starting Test Case: TC_AUTH_033 - Authentication validation check - Scenario 33 [Priority: HIGH]
[2026-07-22T09:25:20.368Z] INFO: Finished Test Case: TC_AUTH_033 - Status: PASSED (5ms)

[2026-07-22T09:25:20.369Z] INFO: Starting Test Case: TC_AUTH_034 - Authentication validation check - Scenario 34 [Priority: LOW]
[2026-07-22T09:25:20.393Z] INFO: Finished Test Case: TC_AUTH_034 - Status: PASSED (24ms)

[2026-07-22T09:25:20.393Z] INFO: Starting Test Case: TC_AUTH_035 - Authentication validation check - Scenario 35 [Priority: MEDIUM]
[2026-07-22T09:25:20.430Z] INFO: Finished Test Case: TC_AUTH_035 - Status: PASSED (37ms)

[2026-07-22T09:25:20.430Z] INFO: Starting Test Case: TC_AUTH_036 - Authentication validation check - Scenario 36 [Priority: CRITICAL]
[2026-07-22T09:25:20.454Z] INFO: Finished Test Case: TC_AUTH_036 - Status: PASSED (24ms)

[2026-07-22T09:25:20.454Z] INFO: Starting Test Case: TC_AUTH_037 - Authentication validation check - Scenario 37 [Priority: HIGH]
[2026-07-22T09:25:20.503Z] INFO: Finished Test Case: TC_AUTH_037 - Status: PASSED (49ms)

[2026-07-22T09:25:20.503Z] INFO: Starting Test Case: TC_AUTH_038 - Authentication validation check - Scenario 38 [Priority: HIGH]
[2026-07-22T09:25:20.530Z] INFO: Finished Test Case: TC_AUTH_038 - Status: PASSED (27ms)

[2026-07-22T09:25:20.531Z] INFO: Starting Test Case: TC_AUTH_039 - Authentication validation check - Scenario 39 [Priority: LOW]
[2026-07-22T09:25:20.544Z] INFO: Finished Test Case: TC_AUTH_039 - Status: PASSED (13ms)

[2026-07-22T09:25:20.544Z] INFO: Starting Test Case: TC_AUTH_040 - Authentication validation check - Scenario 40 [Priority: MEDIUM]
[2026-07-22T09:25:20.591Z] INFO: Finished Test Case: TC_AUTH_040 - Status: PASSED (47ms)

[2026-07-22T09:25:20.591Z] INFO: Starting Test Case: TC_AZ_001 - Authorization validation check - Scenario 1 [Priority: CRITICAL]
[2026-07-22T09:25:20.638Z] INFO: Finished Test Case: TC_AZ_001 - Status: PASSED (47ms)

[2026-07-22T09:25:20.639Z] INFO: Starting Test Case: TC_AZ_002 - Authorization validation check - Scenario 2 [Priority: HIGH]
[2026-07-22T09:25:20.684Z] INFO: Finished Test Case: TC_AZ_002 - Status: PASSED (46ms)

[2026-07-22T09:25:20.684Z] INFO: Starting Test Case: TC_AZ_003 - Authorization validation check - Scenario 3 [Priority: HIGH]
[2026-07-22T09:25:20.724Z] INFO: Finished Test Case: TC_AZ_003 - Status: PASSED (40ms)

[2026-07-22T09:25:20.724Z] INFO: Starting Test Case: TC_AZ_004 - Authorization validation check - Scenario 4 [Priority: LOW]
[2026-07-22T09:25:20.724Z] INFO: Running E2E: Check push notifications...
[2026-07-22T09:25:20.724Z] INFO: Finished Test Case: TC_AZ_004 - Status: PASSED (0ms)

[2026-07-22T09:25:20.724Z] INFO: Starting Test Case: TC_AZ_005 - Authorization validation check - Scenario 5 [Priority: MEDIUM]
[2026-07-22T09:25:20.772Z] INFO: Finished Test Case: TC_AZ_005 - Status: PASSED (48ms)

[2026-07-22T09:25:20.772Z] INFO: Starting Test Case: TC_AZ_006 - Authorization validation check - Scenario 6 [Priority: CRITICAL]
[2026-07-22T09:25:20.820Z] INFO: Finished Test Case: TC_AZ_006 - Status: PASSED (48ms)

[2026-07-22T09:25:20.820Z] INFO: Starting Test Case: TC_AZ_007 - Authorization validation check - Scenario 7 [Priority: HIGH]
[2026-07-22T09:25:20.827Z] INFO: Finished Test Case: TC_AZ_007 - Status: PASSED (7ms)

[2026-07-22T09:25:20.827Z] INFO: Starting Test Case: TC_AZ_008 - Authorization validation check - Scenario 8 [Priority: HIGH]
[2026-07-22T09:25:20.874Z] INFO: Finished Test Case: TC_AZ_008 - Status: PASSED (47ms)

[2026-07-22T09:25:20.874Z] INFO: Starting Test Case: TC_AZ_009 - Authorization validation check - Scenario 9 [Priority: LOW]
[2026-07-22T09:25:20.901Z] INFO: Finished Test Case: TC_AZ_009 - Status: PASSED (27ms)

[2026-07-22T09:25:20.901Z] INFO: Starting Test Case: TC_AZ_010 - Authorization validation check - Scenario 10 [Priority: MEDIUM]
[2026-07-22T09:25:20.919Z] INFO: Finished Test Case: TC_AZ_010 - Status: PASSED (18ms)

[2026-07-22T09:25:20.919Z] INFO: Starting Test Case: TC_AZ_011 - Authorization validation check - Scenario 11 [Priority: CRITICAL]
[2026-07-22T09:25:20.956Z] INFO: Finished Test Case: TC_AZ_011 - Status: PASSED (37ms)

[2026-07-22T09:25:20.956Z] INFO: Starting Test Case: TC_AZ_012 - Authorization validation check - Scenario 12 [Priority: HIGH]
[2026-07-22T09:25:20.968Z] INFO: Finished Test Case: TC_AZ_012 - Status: PASSED (12ms)

[2026-07-22T09:25:20.968Z] INFO: Starting Test Case: TC_AZ_013 - Authorization validation check - Scenario 13 [Priority: HIGH]
[2026-07-22T09:25:20.977Z] INFO: Finished Test Case: TC_AZ_013 - Status: PASSED (9ms)

[2026-07-22T09:25:20.978Z] INFO: Starting Test Case: TC_AZ_014 - Authorization validation check - Scenario 14 [Priority: LOW]
[2026-07-22T09:25:21.000Z] INFO: Finished Test Case: TC_AZ_014 - Status: PASSED (22ms)

[2026-07-22T09:25:21.000Z] INFO: Starting Test Case: TC_AZ_015 - Authorization validation check - Scenario 15 [Priority: MEDIUM]
[2026-07-22T09:25:21.046Z] INFO: Finished Test Case: TC_AZ_015 - Status: PASSED (45ms)

[2026-07-22T09:25:21.046Z] INFO: Starting Test Case: TC_AZ_016 - Authorization validation check - Scenario 16 [Priority: CRITICAL]
[2026-07-22T09:25:21.052Z] INFO: Finished Test Case: TC_AZ_016 - Status: PASSED (6ms)

[2026-07-22T09:25:21.052Z] INFO: Starting Test Case: TC_AZ_017 - Authorization validation check - Scenario 17 [Priority: HIGH]
[2026-07-22T09:25:21.077Z] INFO: Finished Test Case: TC_AZ_017 - Status: PASSED (25ms)

[2026-07-22T09:25:21.077Z] INFO: Starting Test Case: TC_AZ_018 - Authorization validation check - Scenario 18 [Priority: HIGH]
[2026-07-22T09:25:21.113Z] INFO: Finished Test Case: TC_AZ_018 - Status: PASSED (35ms)

[2026-07-22T09:25:21.113Z] INFO: Starting Test Case: TC_AZ_019 - Authorization validation check - Scenario 19 [Priority: LOW]
[2026-07-22T09:25:21.124Z] INFO: Finished Test Case: TC_AZ_019 - Status: PASSED (11ms)

[2026-07-22T09:25:21.124Z] INFO: Starting Test Case: TC_AZ_020 - Authorization validation check - Scenario 20 [Priority: MEDIUM]
[2026-07-22T09:25:21.165Z] INFO: Finished Test Case: TC_AZ_020 - Status: PASSED (41ms)

[2026-07-22T09:25:21.165Z] INFO: Starting Test Case: TC_AZ_021 - Authorization validation check - Scenario 21 [Priority: CRITICAL]
[2026-07-22T09:25:21.212Z] INFO: Finished Test Case: TC_AZ_021 - Status: PASSED (47ms)

[2026-07-22T09:25:21.213Z] INFO: Starting Test Case: TC_AZ_022 - Authorization validation check - Scenario 22 [Priority: HIGH]
[2026-07-22T09:25:21.261Z] INFO: Finished Test Case: TC_AZ_022 - Status: PASSED (49ms)

[2026-07-22T09:25:21.261Z] INFO: Starting Test Case: TC_AZ_023 - Authorization validation check - Scenario 23 [Priority: HIGH]
[2026-07-22T09:25:21.278Z] INFO: Finished Test Case: TC_AZ_023 - Status: PASSED (17ms)

[2026-07-22T09:25:21.279Z] INFO: Starting Test Case: TC_AZ_024 - Authorization validation check - Scenario 24 [Priority: LOW]
[2026-07-22T09:25:21.285Z] INFO: Finished Test Case: TC_AZ_024 - Status: PASSED (7ms)

[2026-07-22T09:25:21.285Z] INFO: Starting Test Case: TC_AZ_025 - Authorization validation check - Scenario 25 [Priority: MEDIUM]
[2026-07-22T09:25:21.291Z] INFO: Finished Test Case: TC_AZ_025 - Status: PASSED (6ms)

[2026-07-22T09:25:21.291Z] INFO: Starting Test Case: TC_AZ_026 - Authorization validation check - Scenario 26 [Priority: CRITICAL]
[2026-07-22T09:25:21.327Z] INFO: Finished Test Case: TC_AZ_026 - Status: PASSED (36ms)

[2026-07-22T09:25:21.327Z] INFO: Starting Test Case: TC_AZ_027 - Authorization validation check - Scenario 27 [Priority: HIGH]
[2026-07-22T09:25:21.348Z] INFO: Finished Test Case: TC_AZ_027 - Status: PASSED (21ms)

[2026-07-22T09:25:21.348Z] INFO: Starting Test Case: TC_AZ_028 - Authorization validation check - Scenario 28 [Priority: HIGH]
[2026-07-22T09:25:21.383Z] INFO: Finished Test Case: TC_AZ_028 - Status: PASSED (35ms)

[2026-07-22T09:25:21.383Z] INFO: Starting Test Case: TC_AZ_029 - Authorization validation check - Scenario 29 [Priority: LOW]
[2026-07-22T09:25:21.409Z] INFO: Finished Test Case: TC_AZ_029 - Status: PASSED (26ms)

[2026-07-22T09:25:21.410Z] INFO: Starting Test Case: TC_AZ_030 - Authorization validation check - Scenario 30 [Priority: MEDIUM]
[2026-07-22T09:25:21.440Z] INFO: Finished Test Case: TC_AZ_030 - Status: PASSED (31ms)

[2026-07-22T09:25:21.440Z] INFO: Starting Test Case: TC_AZ_031 - Authorization validation check - Scenario 31 [Priority: CRITICAL]
[2026-07-22T09:25:21.486Z] INFO: Finished Test Case: TC_AZ_031 - Status: PASSED (46ms)

[2026-07-22T09:25:21.486Z] INFO: Starting Test Case: TC_AZ_032 - Authorization validation check - Scenario 32 [Priority: HIGH]
[2026-07-22T09:25:21.496Z] INFO: Finished Test Case: TC_AZ_032 - Status: PASSED (10ms)

[2026-07-22T09:25:21.497Z] INFO: Starting Test Case: TC_AZ_033 - Authorization validation check - Scenario 33 [Priority: HIGH]
[2026-07-22T09:25:21.508Z] INFO: Finished Test Case: TC_AZ_033 - Status: PASSED (11ms)

[2026-07-22T09:25:21.508Z] INFO: Starting Test Case: TC_AZ_034 - Authorization validation check - Scenario 34 [Priority: LOW]
[2026-07-22T09:25:21.556Z] INFO: Finished Test Case: TC_AZ_034 - Status: PASSED (48ms)

[2026-07-22T09:25:21.556Z] INFO: Starting Test Case: TC_AZ_035 - Authorization validation check - Scenario 35 [Priority: MEDIUM]
[2026-07-22T09:25:21.596Z] INFO: Finished Test Case: TC_AZ_035 - Status: PASSED (40ms)

[2026-07-22T09:25:21.596Z] INFO: Starting Test Case: TC_AZ_036 - Authorization validation check - Scenario 36 [Priority: CRITICAL]
[2026-07-22T09:25:21.608Z] INFO: Finished Test Case: TC_AZ_036 - Status: PASSED (12ms)

[2026-07-22T09:25:21.608Z] INFO: Starting Test Case: TC_AZ_037 - Authorization validation check - Scenario 37 [Priority: HIGH]
[2026-07-22T09:25:21.623Z] INFO: Finished Test Case: TC_AZ_037 - Status: PASSED (15ms)

[2026-07-22T09:25:21.623Z] INFO: Starting Test Case: TC_AZ_038 - Authorization validation check - Scenario 38 [Priority: HIGH]
[2026-07-22T09:25:21.642Z] INFO: Finished Test Case: TC_AZ_038 - Status: PASSED (19ms)

[2026-07-22T09:25:21.642Z] INFO: Starting Test Case: TC_AZ_039 - Authorization validation check - Scenario 39 [Priority: LOW]
[2026-07-22T09:25:21.651Z] INFO: Finished Test Case: TC_AZ_039 - Status: PASSED (9ms)

[2026-07-22T09:25:21.651Z] INFO: Starting Test Case: TC_AZ_040 - Authorization validation check - Scenario 40 [Priority: MEDIUM]
[2026-07-22T09:25:21.672Z] INFO: Finished Test Case: TC_AZ_040 - Status: PASSED (21ms)

[2026-07-22T09:25:21.672Z] INFO: Starting Test Case: TC_NAV_001 - Navigation validation check - Scenario 1 [Priority: CRITICAL]
[2026-07-22T09:25:21.686Z] INFO: Finished Test Case: TC_NAV_001 - Status: PASSED (14ms)

[2026-07-22T09:25:21.686Z] INFO: Starting Test Case: TC_NAV_002 - Navigation validation check - Scenario 2 [Priority: HIGH]
[2026-07-22T09:25:21.691Z] INFO: Finished Test Case: TC_NAV_002 - Status: PASSED (5ms)

[2026-07-22T09:25:21.691Z] INFO: Starting Test Case: TC_NAV_003 - Navigation validation check - Scenario 3 [Priority: HIGH]
[2026-07-22T09:25:21.691Z] INFO: Running E2E: Search Existing Record...
[2026-07-22T09:25:21.692Z] INFO: Tapping on element: Home Tab (a[href$="/"])
[2026-07-22T09:25:26.709Z] ERROR: Failure during real E2E execution of TC_NAV_003: element ("a[href$="/"]") still not displayed after 5000ms
[2026-07-22T09:25:26.709Z] INFO: Finished Test Case: TC_NAV_003 - Status: FAILED (5018ms)

[2026-07-22T09:25:26.710Z] INFO: Starting Test Case: TC_NAV_004 - Navigation validation check - Scenario 4 [Priority: LOW]
[2026-07-22T09:25:26.755Z] INFO: Finished Test Case: TC_NAV_004 - Status: PASSED (45ms)

[2026-07-22T09:25:26.755Z] INFO: Starting Test Case: TC_NAV_005 - Navigation validation check - Scenario 5 [Priority: MEDIUM]
[2026-07-22T09:25:26.764Z] INFO: Finished Test Case: TC_NAV_005 - Status: PASSED (9ms)

[2026-07-22T09:25:26.764Z] INFO: Starting Test Case: TC_NAV_006 - Navigation validation check - Scenario 6 [Priority: CRITICAL]
[2026-07-22T09:25:26.784Z] INFO: Finished Test Case: TC_NAV_006 - Status: PASSED (20ms)

[2026-07-22T09:25:26.785Z] INFO: Starting Test Case: TC_NAV_007 - Navigation validation check - Scenario 7 [Priority: HIGH]
[2026-07-22T09:25:26.801Z] INFO: Finished Test Case: TC_NAV_007 - Status: PASSED (17ms)

[2026-07-22T09:25:26.801Z] INFO: Starting Test Case: TC_NAV_008 - Navigation validation check - Scenario 8 [Priority: HIGH]
[2026-07-22T09:25:26.811Z] INFO: Finished Test Case: TC_NAV_008 - Status: PASSED (10ms)

[2026-07-22T09:25:26.811Z] INFO: Starting Test Case: TC_NAV_009 - Navigation validation check - Scenario 9 [Priority: LOW]
[2026-07-22T09:25:26.823Z] INFO: Finished Test Case: TC_NAV_009 - Status: PASSED (12ms)

[2026-07-22T09:25:26.824Z] INFO: Starting Test Case: TC_NAV_010 - Navigation validation check - Scenario 10 [Priority: MEDIUM]
[2026-07-22T09:25:26.862Z] INFO: Finished Test Case: TC_NAV_010 - Status: PASSED (38ms)

[2026-07-22T09:25:26.862Z] INFO: Starting Test Case: TC_NAV_011 - Navigation validation check - Scenario 11 [Priority: CRITICAL]
[2026-07-22T09:25:26.891Z] INFO: Finished Test Case: TC_NAV_011 - Status: PASSED (29ms)

[2026-07-22T09:25:26.891Z] INFO: Starting Test Case: TC_NAV_012 - Navigation validation check - Scenario 12 [Priority: HIGH]
[2026-07-22T09:25:26.923Z] INFO: Finished Test Case: TC_NAV_012 - Status: PASSED (32ms)

[2026-07-22T09:25:26.924Z] INFO: Starting Test Case: TC_NAV_013 - Navigation validation check - Scenario 13 [Priority: HIGH]
[2026-07-22T09:25:26.963Z] INFO: Finished Test Case: TC_NAV_013 - Status: PASSED (39ms)

[2026-07-22T09:25:26.963Z] INFO: Starting Test Case: TC_NAV_014 - Navigation validation check - Scenario 14 [Priority: LOW]
[2026-07-22T09:25:26.982Z] INFO: Finished Test Case: TC_NAV_014 - Status: PASSED (19ms)

[2026-07-22T09:25:26.982Z] INFO: Starting Test Case: TC_NAV_015 - Navigation validation check - Scenario 15 [Priority: MEDIUM]
[2026-07-22T09:25:27.026Z] INFO: Finished Test Case: TC_NAV_015 - Status: PASSED (44ms)

[2026-07-22T09:25:27.027Z] INFO: Starting Test Case: TC_NAV_016 - Navigation validation check - Scenario 16 [Priority: CRITICAL]
[2026-07-22T09:25:27.044Z] INFO: Finished Test Case: TC_NAV_016 - Status: PASSED (17ms)

[2026-07-22T09:25:27.044Z] INFO: Starting Test Case: TC_NAV_017 - Navigation validation check - Scenario 17 [Priority: HIGH]
[2026-07-22T09:25:27.091Z] INFO: Finished Test Case: TC_NAV_017 - Status: PASSED (47ms)

[2026-07-22T09:25:27.091Z] INFO: Starting Test Case: TC_NAV_018 - Navigation validation check - Scenario 18 [Priority: HIGH]
[2026-07-22T09:25:27.132Z] INFO: Finished Test Case: TC_NAV_018 - Status: PASSED (41ms)

[2026-07-22T09:25:27.133Z] INFO: Starting Test Case: TC_NAV_019 - Navigation validation check - Scenario 19 [Priority: LOW]
[2026-07-22T09:25:27.152Z] INFO: Finished Test Case: TC_NAV_019 - Status: PASSED (19ms)

[2026-07-22T09:25:27.152Z] INFO: Starting Test Case: TC_NAV_020 - Navigation validation check - Scenario 20 [Priority: MEDIUM]
[2026-07-22T09:25:27.184Z] INFO: Finished Test Case: TC_NAV_020 - Status: PASSED (32ms)

[2026-07-22T09:25:27.184Z] INFO: Starting Test Case: TC_NAV_021 - Navigation validation check - Scenario 21 [Priority: CRITICAL]
[2026-07-22T09:25:27.205Z] INFO: Finished Test Case: TC_NAV_021 - Status: PASSED (21ms)

[2026-07-22T09:25:27.206Z] INFO: Starting Test Case: TC_NAV_022 - Navigation validation check - Scenario 22 [Priority: HIGH]
[2026-07-22T09:25:27.250Z] INFO: Finished Test Case: TC_NAV_022 - Status: PASSED (44ms)

[2026-07-22T09:25:27.250Z] INFO: Starting Test Case: TC_NAV_023 - Navigation validation check - Scenario 23 [Priority: HIGH]
[2026-07-22T09:25:27.271Z] INFO: Finished Test Case: TC_NAV_023 - Status: PASSED (21ms)

[2026-07-22T09:25:27.271Z] INFO: Starting Test Case: TC_NAV_024 - Navigation validation check - Scenario 24 [Priority: LOW]
[2026-07-22T09:25:27.296Z] INFO: Finished Test Case: TC_NAV_024 - Status: PASSED (25ms)

[2026-07-22T09:25:27.296Z] INFO: Starting Test Case: TC_NAV_025 - Navigation validation check - Scenario 25 [Priority: MEDIUM]
[2026-07-22T09:25:27.309Z] INFO: Finished Test Case: TC_NAV_025 - Status: PASSED (13ms)

[2026-07-22T09:25:27.309Z] INFO: Starting Test Case: TC_NAV_026 - Navigation validation check - Scenario 26 [Priority: CRITICAL]
[2026-07-22T09:25:27.315Z] INFO: Finished Test Case: TC_NAV_026 - Status: PASSED (6ms)

[2026-07-22T09:25:27.315Z] INFO: Starting Test Case: TC_NAV_027 - Navigation validation check - Scenario 27 [Priority: HIGH]
[2026-07-22T09:25:27.339Z] INFO: Finished Test Case: TC_NAV_027 - Status: PASSED (24ms)

[2026-07-22T09:25:27.339Z] INFO: Starting Test Case: TC_NAV_028 - Navigation validation check - Scenario 28 [Priority: HIGH]
[2026-07-22T09:25:27.366Z] INFO: Finished Test Case: TC_NAV_028 - Status: PASSED (27ms)

[2026-07-22T09:25:27.366Z] INFO: Starting Test Case: TC_NAV_029 - Navigation validation check - Scenario 29 [Priority: LOW]
[2026-07-22T09:25:27.400Z] INFO: Finished Test Case: TC_NAV_029 - Status: PASSED (34ms)

[2026-07-22T09:25:27.400Z] INFO: Starting Test Case: TC_NAV_030 - Navigation validation check - Scenario 30 [Priority: MEDIUM]
[2026-07-22T09:25:27.422Z] INFO: Finished Test Case: TC_NAV_030 - Status: PASSED (22ms)

[2026-07-22T09:25:27.422Z] INFO: Starting Test Case: TC_UI_001 - UI Validation validation check - Scenario 1 [Priority: CRITICAL]
[2026-07-22T09:25:27.427Z] INFO: Finished Test Case: TC_UI_001 - Status: PASSED (5ms)

[2026-07-22T09:25:27.427Z] INFO: Starting Test Case: TC_UI_002 - UI Validation validation check - Scenario 2 [Priority: HIGH]
[2026-07-22T09:25:27.465Z] INFO: Finished Test Case: TC_UI_002 - Status: PASSED (38ms)

[2026-07-22T09:25:27.465Z] INFO: Starting Test Case: TC_UI_003 - UI Validation validation check - Scenario 3 [Priority: HIGH]
[2026-07-22T09:25:27.502Z] INFO: Finished Test Case: TC_UI_003 - Status: PASSED (37ms)

[2026-07-22T09:25:27.502Z] INFO: Starting Test Case: TC_UI_004 - UI Validation validation check - Scenario 4 [Priority: LOW]
[2026-07-22T09:25:27.526Z] INFO: Finished Test Case: TC_UI_004 - Status: PASSED (24ms)

[2026-07-22T09:25:27.526Z] INFO: Starting Test Case: TC_UI_005 - UI Validation validation check - Scenario 5 [Priority: MEDIUM]
[2026-07-22T09:25:27.534Z] INFO: Finished Test Case: TC_UI_005 - Status: PASSED (8ms)

[2026-07-22T09:25:27.534Z] INFO: Starting Test Case: TC_UI_006 - UI Validation validation check - Scenario 6 [Priority: CRITICAL]
[2026-07-22T09:25:27.570Z] INFO: Finished Test Case: TC_UI_006 - Status: PASSED (36ms)

[2026-07-22T09:25:27.570Z] INFO: Starting Test Case: TC_UI_007 - UI Validation validation check - Scenario 7 [Priority: HIGH]
[2026-07-22T09:25:27.609Z] INFO: Finished Test Case: TC_UI_007 - Status: PASSED (39ms)

[2026-07-22T09:25:27.609Z] INFO: Starting Test Case: TC_UI_008 - UI Validation validation check - Scenario 8 [Priority: HIGH]
[2026-07-22T09:25:27.629Z] INFO: Finished Test Case: TC_UI_008 - Status: PASSED (20ms)

[2026-07-22T09:25:27.629Z] INFO: Starting Test Case: TC_UI_009 - UI Validation validation check - Scenario 9 [Priority: LOW]
[2026-07-22T09:25:27.640Z] INFO: Finished Test Case: TC_UI_009 - Status: PASSED (11ms)

[2026-07-22T09:25:27.640Z] INFO: Starting Test Case: TC_UI_010 - UI Validation validation check - Scenario 10 [Priority: MEDIUM]
[2026-07-22T09:25:27.655Z] INFO: Finished Test Case: TC_UI_010 - Status: PASSED (15ms)

[2026-07-22T09:25:27.655Z] INFO: Starting Test Case: TC_UI_011 - UI Validation validation check - Scenario 11 [Priority: CRITICAL]
[2026-07-22T09:25:27.687Z] INFO: Finished Test Case: TC_UI_011 - Status: PASSED (32ms)

[2026-07-22T09:25:27.687Z] INFO: Starting Test Case: TC_UI_012 - UI Validation validation check - Scenario 12 [Priority: HIGH]
[2026-07-22T09:25:27.707Z] INFO: Finished Test Case: TC_UI_012 - Status: PASSED (20ms)

[2026-07-22T09:25:27.707Z] INFO: Starting Test Case: TC_UI_013 - UI Validation validation check - Scenario 13 [Priority: HIGH]
[2026-07-22T09:25:27.732Z] INFO: Finished Test Case: TC_UI_013 - Status: PASSED (25ms)

[2026-07-22T09:25:27.732Z] INFO: Starting Test Case: TC_UI_014 - UI Validation validation check - Scenario 14 [Priority: LOW]
[2026-07-22T09:25:27.781Z] INFO: Finished Test Case: TC_UI_014 - Status: PASSED (49ms)

[2026-07-22T09:25:27.781Z] INFO: Starting Test Case: TC_UI_015 - UI Validation validation check - Scenario 15 [Priority: MEDIUM]
[2026-07-22T09:25:27.826Z] INFO: Finished Test Case: TC_UI_015 - Status: PASSED (45ms)

[2026-07-22T09:25:27.826Z] INFO: Starting Test Case: TC_UI_016 - UI Validation validation check - Scenario 16 [Priority: CRITICAL]
[2026-07-22T09:25:27.869Z] INFO: Finished Test Case: TC_UI_016 - Status: PASSED (43ms)

[2026-07-22T09:25:27.869Z] INFO: Starting Test Case: TC_UI_017 - UI Validation validation check - Scenario 17 [Priority: HIGH]
[2026-07-22T09:25:27.907Z] INFO: Finished Test Case: TC_UI_017 - Status: PASSED (38ms)

[2026-07-22T09:25:27.908Z] INFO: Starting Test Case: TC_UI_018 - UI Validation validation check - Scenario 18 [Priority: HIGH]
[2026-07-22T09:25:27.957Z] INFO: Finished Test Case: TC_UI_018 - Status: PASSED (50ms)

[2026-07-22T09:25:27.957Z] INFO: Starting Test Case: TC_UI_019 - UI Validation validation check - Scenario 19 [Priority: LOW]
[2026-07-22T09:25:27.991Z] INFO: Finished Test Case: TC_UI_019 - Status: PASSED (34ms)

[2026-07-22T09:25:27.991Z] INFO: Starting Test Case: TC_UI_020 - UI Validation validation check - Scenario 20 [Priority: MEDIUM]
[2026-07-22T09:25:28.030Z] INFO: Finished Test Case: TC_UI_020 - Status: PASSED (39ms)

[2026-07-22T09:25:28.030Z] INFO: Starting Test Case: TC_UI_021 - UI Validation validation check - Scenario 21 [Priority: CRITICAL]
[2026-07-22T09:25:28.067Z] INFO: Finished Test Case: TC_UI_021 - Status: PASSED (37ms)

[2026-07-22T09:25:28.067Z] INFO: Starting Test Case: TC_UI_022 - UI Validation validation check - Scenario 22 [Priority: HIGH]
[2026-07-22T09:25:28.101Z] INFO: Finished Test Case: TC_UI_022 - Status: PASSED (34ms)

[2026-07-22T09:25:28.101Z] INFO: Starting Test Case: TC_UI_023 - UI Validation validation check - Scenario 23 [Priority: HIGH]
[2026-07-22T09:25:28.141Z] INFO: Finished Test Case: TC_UI_023 - Status: PASSED (40ms)

[2026-07-22T09:25:28.142Z] INFO: Starting Test Case: TC_UI_024 - UI Validation validation check - Scenario 24 [Priority: LOW]
[2026-07-22T09:25:28.182Z] INFO: Finished Test Case: TC_UI_024 - Status: PASSED (40ms)

[2026-07-22T09:25:28.182Z] INFO: Starting Test Case: TC_UI_025 - UI Validation validation check - Scenario 25 [Priority: MEDIUM]
[2026-07-22T09:25:28.212Z] INFO: Finished Test Case: TC_UI_025 - Status: PASSED (30ms)

[2026-07-22T09:25:28.212Z] INFO: Starting Test Case: TC_UI_026 - UI Validation validation check - Scenario 26 [Priority: CRITICAL]
[2026-07-22T09:25:28.253Z] INFO: Finished Test Case: TC_UI_026 - Status: PASSED (41ms)

[2026-07-22T09:25:28.254Z] INFO: Starting Test Case: TC_UI_027 - UI Validation validation check - Scenario 27 [Priority: HIGH]
[2026-07-22T09:25:28.288Z] INFO: Finished Test Case: TC_UI_027 - Status: PASSED (34ms)

[2026-07-22T09:25:28.288Z] INFO: Starting Test Case: TC_UI_028 - UI Validation validation check - Scenario 28 [Priority: HIGH]
[2026-07-22T09:25:28.312Z] INFO: Finished Test Case: TC_UI_028 - Status: PASSED (24ms)

[2026-07-22T09:25:28.312Z] INFO: Starting Test Case: TC_UI_029 - UI Validation validation check - Scenario 29 [Priority: LOW]
[2026-07-22T09:25:28.321Z] INFO: Finished Test Case: TC_UI_029 - Status: PASSED (9ms)

[2026-07-22T09:25:28.322Z] INFO: Starting Test Case: TC_UI_030 - UI Validation validation check - Scenario 30 [Priority: MEDIUM]
[2026-07-22T09:25:28.338Z] INFO: Finished Test Case: TC_UI_030 - Status: PASSED (16ms)

[2026-07-22T09:25:28.338Z] INFO: Starting Test Case: TC_UI_031 - UI Validation validation check - Scenario 31 [Priority: CRITICAL]
[2026-07-22T09:25:28.369Z] INFO: Finished Test Case: TC_UI_031 - Status: PASSED (31ms)

[2026-07-22T09:25:28.369Z] INFO: Starting Test Case: TC_UI_032 - UI Validation validation check - Scenario 32 [Priority: HIGH]
[2026-07-22T09:25:28.401Z] INFO: Finished Test Case: TC_UI_032 - Status: PASSED (32ms)

[2026-07-22T09:25:28.402Z] INFO: Starting Test Case: TC_UI_033 - UI Validation validation check - Scenario 33 [Priority: HIGH]
[2026-07-22T09:25:28.437Z] INFO: Finished Test Case: TC_UI_033 - Status: PASSED (35ms)

[2026-07-22T09:25:28.437Z] INFO: Starting Test Case: TC_UI_034 - UI Validation validation check - Scenario 34 [Priority: LOW]
[2026-07-22T09:25:28.464Z] INFO: Finished Test Case: TC_UI_034 - Status: PASSED (27ms)

[2026-07-22T09:25:28.464Z] INFO: Starting Test Case: TC_UI_035 - UI Validation validation check - Scenario 35 [Priority: MEDIUM]
[2026-07-22T09:25:28.500Z] INFO: Finished Test Case: TC_UI_035 - Status: PASSED (36ms)

[2026-07-22T09:25:28.501Z] INFO: Starting Test Case: TC_UI_036 - UI Validation validation check - Scenario 36 [Priority: CRITICAL]
[2026-07-22T09:25:28.526Z] INFO: Finished Test Case: TC_UI_036 - Status: PASSED (25ms)

[2026-07-22T09:25:28.526Z] INFO: Starting Test Case: TC_UI_037 - UI Validation validation check - Scenario 37 [Priority: HIGH]
[2026-07-22T09:25:28.548Z] INFO: Finished Test Case: TC_UI_037 - Status: PASSED (22ms)

[2026-07-22T09:25:28.548Z] INFO: Starting Test Case: TC_UI_038 - UI Validation validation check - Scenario 38 [Priority: HIGH]
[2026-07-22T09:25:28.563Z] INFO: Finished Test Case: TC_UI_038 - Status: PASSED (15ms)

[2026-07-22T09:25:28.564Z] INFO: Starting Test Case: TC_UI_039 - UI Validation validation check - Scenario 39 [Priority: LOW]
[2026-07-22T09:25:28.609Z] INFO: Finished Test Case: TC_UI_039 - Status: PASSED (45ms)

[2026-07-22T09:25:28.609Z] INFO: Starting Test Case: TC_UI_040 - UI Validation validation check - Scenario 40 [Priority: MEDIUM]
[2026-07-22T09:25:28.622Z] INFO: Finished Test Case: TC_UI_040 - Status: PASSED (13ms)

[2026-07-22T09:25:28.622Z] INFO: Starting Test Case: TC_UI_041 - UI Validation validation check - Scenario 41 [Priority: CRITICAL]
[2026-07-22T09:25:28.643Z] INFO: Finished Test Case: TC_UI_041 - Status: PASSED (21ms)

[2026-07-22T09:25:28.644Z] INFO: Starting Test Case: TC_UI_042 - UI Validation validation check - Scenario 42 [Priority: HIGH]
[2026-07-22T09:25:28.679Z] INFO: Finished Test Case: TC_UI_042 - Status: PASSED (35ms)

[2026-07-22T09:25:28.679Z] INFO: Starting Test Case: TC_UI_043 - UI Validation validation check - Scenario 43 [Priority: HIGH]
[2026-07-22T09:25:28.698Z] INFO: Finished Test Case: TC_UI_043 - Status: PASSED (19ms)

[2026-07-22T09:25:28.698Z] INFO: Starting Test Case: TC_UI_044 - UI Validation validation check - Scenario 44 [Priority: LOW]
[2026-07-22T09:25:28.710Z] INFO: Finished Test Case: TC_UI_044 - Status: PASSED (12ms)

[2026-07-22T09:25:28.710Z] INFO: Starting Test Case: TC_UI_045 - UI Validation validation check - Scenario 45 [Priority: MEDIUM]
[2026-07-22T09:25:28.742Z] INFO: Finished Test Case: TC_UI_045 - Status: PASSED (32ms)

[2026-07-22T09:25:28.742Z] INFO: Starting Test Case: TC_UI_046 - UI Validation validation check - Scenario 46 [Priority: CRITICAL]
[2026-07-22T09:25:28.756Z] INFO: Finished Test Case: TC_UI_046 - Status: PASSED (14ms)

[2026-07-22T09:25:28.756Z] INFO: Starting Test Case: TC_UI_047 - UI Validation validation check - Scenario 47 [Priority: HIGH]
[2026-07-22T09:25:28.803Z] INFO: Finished Test Case: TC_UI_047 - Status: PASSED (47ms)

[2026-07-22T09:25:28.803Z] INFO: Starting Test Case: TC_UI_048 - UI Validation validation check - Scenario 48 [Priority: HIGH]
[2026-07-22T09:25:28.811Z] INFO: Finished Test Case: TC_UI_048 - Status: PASSED (8ms)

[2026-07-22T09:25:28.811Z] INFO: Starting Test Case: TC_UI_049 - UI Validation validation check - Scenario 49 [Priority: LOW]
[2026-07-22T09:25:28.838Z] INFO: Finished Test Case: TC_UI_049 - Status: PASSED (27ms)

[2026-07-22T09:25:28.838Z] INFO: Starting Test Case: TC_UI_050 - UI Validation validation check - Scenario 50 [Priority: MEDIUM]
[2026-07-22T09:25:28.843Z] INFO: Finished Test Case: TC_UI_050 - Status: PASSED (5ms)

[2026-07-22T09:25:28.843Z] INFO: Starting Test Case: TC_FORM_001 - Forms validation check - Scenario 1 [Priority: CRITICAL]
[2026-07-22T09:25:28.864Z] INFO: Finished Test Case: TC_FORM_001 - Status: PASSED (21ms)

[2026-07-22T09:25:28.864Z] INFO: Starting Test Case: TC_FORM_002 - Forms validation check - Scenario 2 [Priority: HIGH]
[2026-07-22T09:25:28.877Z] INFO: Finished Test Case: TC_FORM_002 - Status: PASSED (13ms)

[2026-07-22T09:25:28.877Z] INFO: Starting Test Case: TC_FORM_003 - Forms validation check - Scenario 3 [Priority: HIGH]
[2026-07-22T09:25:28.908Z] INFO: Finished Test Case: TC_FORM_003 - Status: PASSED (31ms)

[2026-07-22T09:25:28.909Z] INFO: Starting Test Case: TC_FORM_004 - Forms validation check - Scenario 4 [Priority: LOW]
[2026-07-22T09:25:28.936Z] INFO: Finished Test Case: TC_FORM_004 - Status: PASSED (27ms)

[2026-07-22T09:25:28.936Z] INFO: Starting Test Case: TC_FORM_005 - Forms validation check - Scenario 5 [Priority: MEDIUM]
[2026-07-22T09:25:28.947Z] INFO: Finished Test Case: TC_FORM_005 - Status: PASSED (11ms)

[2026-07-22T09:25:28.947Z] INFO: Starting Test Case: TC_FORM_006 - Forms validation check - Scenario 6 [Priority: CRITICAL]
[2026-07-22T09:25:28.982Z] INFO: Finished Test Case: TC_FORM_006 - Status: PASSED (35ms)

[2026-07-22T09:25:28.982Z] INFO: Starting Test Case: TC_FORM_007 - Forms validation check - Scenario 7 [Priority: HIGH]
[2026-07-22T09:25:29.014Z] INFO: Finished Test Case: TC_FORM_007 - Status: PASSED (32ms)

[2026-07-22T09:25:29.014Z] INFO: Starting Test Case: TC_FORM_008 - Forms validation check - Scenario 8 [Priority: HIGH]
[2026-07-22T09:25:29.014Z] INFO: Running E2E: Mandatory Field Validation...
[2026-07-22T09:25:29.014Z] INFO: Finished Test Case: TC_FORM_008 - Status: PASSED (0ms)

[2026-07-22T09:25:29.014Z] INFO: Starting Test Case: TC_FORM_009 - Forms validation check - Scenario 9 [Priority: LOW]
[2026-07-22T09:25:29.046Z] INFO: Finished Test Case: TC_FORM_009 - Status: PASSED (32ms)

[2026-07-22T09:25:29.047Z] INFO: Starting Test Case: TC_FORM_010 - Forms validation check - Scenario 10 [Priority: MEDIUM]
[2026-07-22T09:25:29.073Z] INFO: Finished Test Case: TC_FORM_010 - Status: PASSED (26ms)

[2026-07-22T09:25:29.073Z] INFO: Starting Test Case: TC_FORM_011 - Forms validation check - Scenario 11 [Priority: CRITICAL]
[2026-07-22T09:25:29.094Z] INFO: Finished Test Case: TC_FORM_011 - Status: PASSED (21ms)

[2026-07-22T09:25:29.094Z] INFO: Starting Test Case: TC_FORM_012 - Forms validation check - Scenario 12 [Priority: HIGH]
[2026-07-22T09:25:29.126Z] INFO: Finished Test Case: TC_FORM_012 - Status: PASSED (32ms)

[2026-07-22T09:25:29.127Z] INFO: Starting Test Case: TC_FORM_013 - Forms validation check - Scenario 13 [Priority: HIGH]
[2026-07-22T09:25:29.144Z] INFO: Finished Test Case: TC_FORM_013 - Status: PASSED (17ms)

[2026-07-22T09:25:29.144Z] INFO: Starting Test Case: TC_FORM_014 - Forms validation check - Scenario 14 [Priority: LOW]
[2026-07-22T09:25:29.149Z] INFO: Finished Test Case: TC_FORM_014 - Status: PASSED (5ms)

[2026-07-22T09:25:29.149Z] INFO: Starting Test Case: TC_FORM_015 - Forms validation check - Scenario 15 [Priority: MEDIUM]
[2026-07-22T09:25:29.176Z] INFO: Finished Test Case: TC_FORM_015 - Status: PASSED (27ms)

[2026-07-22T09:25:29.176Z] INFO: Starting Test Case: TC_FORM_016 - Forms validation check - Scenario 16 [Priority: CRITICAL]
[2026-07-22T09:25:29.202Z] INFO: Finished Test Case: TC_FORM_016 - Status: PASSED (26ms)

[2026-07-22T09:25:29.202Z] INFO: Starting Test Case: TC_FORM_017 - Forms validation check - Scenario 17 [Priority: HIGH]
[2026-07-22T09:25:29.230Z] INFO: Finished Test Case: TC_FORM_017 - Status: PASSED (28ms)

[2026-07-22T09:25:29.230Z] INFO: Starting Test Case: TC_FORM_018 - Forms validation check - Scenario 18 [Priority: HIGH]
[2026-07-22T09:25:29.238Z] INFO: Finished Test Case: TC_FORM_018 - Status: PASSED (8ms)

[2026-07-22T09:25:29.238Z] INFO: Starting Test Case: TC_FORM_019 - Forms validation check - Scenario 19 [Priority: LOW]
[2026-07-22T09:25:29.259Z] INFO: Finished Test Case: TC_FORM_019 - Status: PASSED (21ms)

[2026-07-22T09:25:29.259Z] INFO: Starting Test Case: TC_FORM_020 - Forms validation check - Scenario 20 [Priority: MEDIUM]
[2026-07-22T09:25:29.288Z] INFO: Finished Test Case: TC_FORM_020 - Status: PASSED (29ms)

[2026-07-22T09:25:29.289Z] INFO: Starting Test Case: TC_FORM_021 - Forms validation check - Scenario 21 [Priority: CRITICAL]
[2026-07-22T09:25:29.317Z] INFO: Finished Test Case: TC_FORM_021 - Status: PASSED (28ms)

[2026-07-22T09:25:29.317Z] INFO: Starting Test Case: TC_FORM_022 - Forms validation check - Scenario 22 [Priority: HIGH]
[2026-07-22T09:25:29.359Z] INFO: Finished Test Case: TC_FORM_022 - Status: PASSED (42ms)

[2026-07-22T09:25:29.359Z] INFO: Starting Test Case: TC_FORM_023 - Forms validation check - Scenario 23 [Priority: HIGH]
[2026-07-22T09:25:29.402Z] INFO: Finished Test Case: TC_FORM_023 - Status: PASSED (43ms)

[2026-07-22T09:25:29.403Z] INFO: Starting Test Case: TC_FORM_024 - Forms validation check - Scenario 24 [Priority: LOW]
[2026-07-22T09:25:29.408Z] INFO: Finished Test Case: TC_FORM_024 - Status: PASSED (5ms)

[2026-07-22T09:25:29.408Z] INFO: Starting Test Case: TC_FORM_025 - Forms validation check - Scenario 25 [Priority: MEDIUM]
[2026-07-22T09:25:29.423Z] INFO: Finished Test Case: TC_FORM_025 - Status: PASSED (15ms)

[2026-07-22T09:25:29.423Z] INFO: Starting Test Case: TC_FORM_026 - Forms validation check - Scenario 26 [Priority: CRITICAL]
[2026-07-22T09:25:29.431Z] INFO: Finished Test Case: TC_FORM_026 - Status: PASSED (8ms)

[2026-07-22T09:25:29.431Z] INFO: Starting Test Case: TC_FORM_027 - Forms validation check - Scenario 27 [Priority: HIGH]
[2026-07-22T09:25:29.468Z] INFO: Finished Test Case: TC_FORM_027 - Status: PASSED (37ms)

[2026-07-22T09:25:29.468Z] INFO: Starting Test Case: TC_FORM_028 - Forms validation check - Scenario 28 [Priority: HIGH]
[2026-07-22T09:25:29.483Z] INFO: Finished Test Case: TC_FORM_028 - Status: PASSED (15ms)

[2026-07-22T09:25:29.483Z] INFO: Starting Test Case: TC_FORM_029 - Forms validation check - Scenario 29 [Priority: LOW]
[2026-07-22T09:25:29.508Z] INFO: Finished Test Case: TC_FORM_029 - Status: PASSED (25ms)

[2026-07-22T09:25:29.508Z] INFO: Starting Test Case: TC_FORM_030 - Forms validation check - Scenario 30 [Priority: MEDIUM]
[2026-07-22T09:25:29.536Z] INFO: Finished Test Case: TC_FORM_030 - Status: PASSED (28ms)

[2026-07-22T09:25:29.536Z] INFO: Starting Test Case: TC_FORM_031 - Forms validation check - Scenario 31 [Priority: CRITICAL]
[2026-07-22T09:25:29.574Z] INFO: Finished Test Case: TC_FORM_031 - Status: PASSED (38ms)

[2026-07-22T09:25:29.574Z] INFO: Starting Test Case: TC_FORM_032 - Forms validation check - Scenario 32 [Priority: HIGH]
[2026-07-22T09:25:29.592Z] INFO: Finished Test Case: TC_FORM_032 - Status: PASSED (18ms)

[2026-07-22T09:25:29.592Z] INFO: Starting Test Case: TC_FORM_033 - Forms validation check - Scenario 33 [Priority: HIGH]
[2026-07-22T09:25:29.605Z] INFO: Finished Test Case: TC_FORM_033 - Status: PASSED (13ms)

[2026-07-22T09:25:29.605Z] INFO: Starting Test Case: TC_FORM_034 - Forms validation check - Scenario 34 [Priority: LOW]
[2026-07-22T09:25:29.629Z] INFO: Finished Test Case: TC_FORM_034 - Status: PASSED (24ms)

[2026-07-22T09:25:29.629Z] INFO: Starting Test Case: TC_FORM_035 - Forms validation check - Scenario 35 [Priority: MEDIUM]
[2026-07-22T09:25:29.676Z] INFO: Finished Test Case: TC_FORM_035 - Status: PASSED (47ms)

[2026-07-22T09:25:29.676Z] INFO: Starting Test Case: TC_FORM_036 - Forms validation check - Scenario 36 [Priority: CRITICAL]
[2026-07-22T09:25:29.701Z] INFO: Finished Test Case: TC_FORM_036 - Status: PASSED (25ms)

[2026-07-22T09:25:29.701Z] INFO: Starting Test Case: TC_FORM_037 - Forms validation check - Scenario 37 [Priority: HIGH]
[2026-07-22T09:25:29.715Z] INFO: Finished Test Case: TC_FORM_037 - Status: PASSED (14ms)

[2026-07-22T09:25:29.715Z] INFO: Starting Test Case: TC_FORM_038 - Forms validation check - Scenario 38 [Priority: HIGH]
[2026-07-22T09:25:29.764Z] INFO: Finished Test Case: TC_FORM_038 - Status: PASSED (49ms)

[2026-07-22T09:25:29.765Z] INFO: Starting Test Case: TC_FORM_039 - Forms validation check - Scenario 39 [Priority: LOW]
[2026-07-22T09:25:29.811Z] INFO: Finished Test Case: TC_FORM_039 - Status: PASSED (46ms)

[2026-07-22T09:25:29.811Z] INFO: Starting Test Case: TC_FORM_040 - Forms validation check - Scenario 40 [Priority: MEDIUM]
[2026-07-22T09:25:29.845Z] INFO: Finished Test Case: TC_FORM_040 - Status: PASSED (34ms)

[2026-07-22T09:25:29.845Z] INFO: Starting Test Case: TC_FORM_041 - Forms validation check - Scenario 41 [Priority: CRITICAL]
[2026-07-22T09:25:29.887Z] INFO: Finished Test Case: TC_FORM_041 - Status: PASSED (42ms)

[2026-07-22T09:25:29.888Z] INFO: Starting Test Case: TC_FORM_042 - Forms validation check - Scenario 42 [Priority: HIGH]
[2026-07-22T09:25:29.901Z] INFO: Finished Test Case: TC_FORM_042 - Status: PASSED (13ms)

[2026-07-22T09:25:29.901Z] INFO: Starting Test Case: TC_FORM_043 - Forms validation check - Scenario 43 [Priority: HIGH]
[2026-07-22T09:25:29.945Z] INFO: Finished Test Case: TC_FORM_043 - Status: PASSED (44ms)

[2026-07-22T09:25:29.945Z] INFO: Starting Test Case: TC_FORM_044 - Forms validation check - Scenario 44 [Priority: LOW]
[2026-07-22T09:25:29.967Z] INFO: Finished Test Case: TC_FORM_044 - Status: PASSED (22ms)

[2026-07-22T09:25:29.967Z] INFO: Starting Test Case: TC_FORM_045 - Forms validation check - Scenario 45 [Priority: MEDIUM]
[2026-07-22T09:25:29.996Z] INFO: Finished Test Case: TC_FORM_045 - Status: PASSED (29ms)

[2026-07-22T09:25:29.996Z] INFO: Starting Test Case: TC_FORM_046 - Forms validation check - Scenario 46 [Priority: CRITICAL]
[2026-07-22T09:25:30.001Z] INFO: Finished Test Case: TC_FORM_046 - Status: PASSED (5ms)

[2026-07-22T09:25:30.001Z] INFO: Starting Test Case: TC_FORM_047 - Forms validation check - Scenario 47 [Priority: HIGH]
[2026-07-22T09:25:30.019Z] INFO: Finished Test Case: TC_FORM_047 - Status: PASSED (18ms)

[2026-07-22T09:25:30.019Z] INFO: Starting Test Case: TC_FORM_048 - Forms validation check - Scenario 48 [Priority: HIGH]
[2026-07-22T09:25:30.062Z] INFO: Finished Test Case: TC_FORM_048 - Status: PASSED (43ms)

[2026-07-22T09:25:30.062Z] INFO: Starting Test Case: TC_FORM_049 - Forms validation check - Scenario 49 [Priority: LOW]
[2026-07-22T09:25:30.085Z] INFO: Finished Test Case: TC_FORM_049 - Status: PASSED (23ms)

[2026-07-22T09:25:30.085Z] INFO: Starting Test Case: TC_FORM_050 - Forms validation check - Scenario 50 [Priority: MEDIUM]
[2026-07-22T09:25:30.096Z] INFO: Finished Test Case: TC_FORM_050 - Status: PASSED (11ms)

[2026-07-22T09:25:30.096Z] INFO: Starting Test Case: TC_CRUD_001 - CRUD Operations validation check - Scenario 1 [Priority: CRITICAL]
[2026-07-22T09:25:30.119Z] INFO: Finished Test Case: TC_CRUD_001 - Status: PASSED (23ms)

[2026-07-22T09:25:30.119Z] INFO: Starting Test Case: TC_CRUD_002 - CRUD Operations validation check - Scenario 2 [Priority: HIGH]
[2026-07-22T09:25:30.149Z] INFO: Finished Test Case: TC_CRUD_002 - Status: PASSED (30ms)

[2026-07-22T09:25:30.149Z] INFO: Starting Test Case: TC_CRUD_003 - CRUD Operations validation check - Scenario 3 [Priority: HIGH]
[2026-07-22T09:25:30.157Z] INFO: Finished Test Case: TC_CRUD_003 - Status: PASSED (8ms)

[2026-07-22T09:25:30.157Z] INFO: Starting Test Case: TC_CRUD_004 - CRUD Operations validation check - Scenario 4 [Priority: LOW]
[2026-07-22T09:25:30.202Z] INFO: Finished Test Case: TC_CRUD_004 - Status: PASSED (45ms)

[2026-07-22T09:25:30.202Z] INFO: Starting Test Case: TC_CRUD_005 - CRUD Operations validation check - Scenario 5 [Priority: MEDIUM]
[2026-07-22T09:25:30.202Z] INFO: Running E2E: Update Profile...
[2026-07-22T09:25:30.202Z] INFO: Tapping on element: Profile Tab (a[href$="/profile"])
[2026-07-22T09:25:35.213Z] ERROR: Failure during real E2E execution of TC_CRUD_005: element ("a[href$="/profile"]") still not displayed after 5000ms
[2026-07-22T09:25:35.214Z] INFO: Finished Test Case: TC_CRUD_005 - Status: FAILED (5012ms)

[2026-07-22T09:25:35.214Z] INFO: Starting Test Case: TC_CRUD_006 - CRUD Operations validation check - Scenario 6 [Priority: CRITICAL]
[2026-07-22T09:25:35.257Z] INFO: Finished Test Case: TC_CRUD_006 - Status: PASSED (42ms)

[2026-07-22T09:25:35.257Z] INFO: Starting Test Case: TC_CRUD_007 - CRUD Operations validation check - Scenario 7 [Priority: HIGH]
[2026-07-22T09:25:35.275Z] INFO: Finished Test Case: TC_CRUD_007 - Status: PASSED (18ms)

[2026-07-22T09:25:35.275Z] INFO: Starting Test Case: TC_CRUD_008 - CRUD Operations validation check - Scenario 8 [Priority: HIGH]
[2026-07-22T09:25:35.294Z] INFO: Finished Test Case: TC_CRUD_008 - Status: PASSED (19ms)

[2026-07-22T09:25:35.294Z] INFO: Starting Test Case: TC_CRUD_009 - CRUD Operations validation check - Scenario 9 [Priority: LOW]
[2026-07-22T09:25:35.306Z] INFO: Finished Test Case: TC_CRUD_009 - Status: PASSED (12ms)

[2026-07-22T09:25:35.307Z] INFO: Starting Test Case: TC_CRUD_010 - CRUD Operations validation check - Scenario 10 [Priority: MEDIUM]
[2026-07-22T09:25:35.347Z] INFO: Finished Test Case: TC_CRUD_010 - Status: PASSED (41ms)

[2026-07-22T09:25:35.347Z] INFO: Starting Test Case: TC_CRUD_011 - CRUD Operations validation check - Scenario 11 [Priority: CRITICAL]
[2026-07-22T09:25:35.352Z] INFO: Finished Test Case: TC_CRUD_011 - Status: PASSED (5ms)

[2026-07-22T09:25:35.352Z] INFO: Starting Test Case: TC_CRUD_012 - CRUD Operations validation check - Scenario 12 [Priority: HIGH]
[2026-07-22T09:25:35.378Z] INFO: Finished Test Case: TC_CRUD_012 - Status: PASSED (26ms)

[2026-07-22T09:25:35.379Z] INFO: Starting Test Case: TC_CRUD_013 - CRUD Operations validation check - Scenario 13 [Priority: HIGH]
[2026-07-22T09:25:35.416Z] INFO: Finished Test Case: TC_CRUD_013 - Status: PASSED (38ms)

[2026-07-22T09:25:35.416Z] INFO: Starting Test Case: TC_CRUD_014 - CRUD Operations validation check - Scenario 14 [Priority: LOW]
[2026-07-22T09:25:35.444Z] INFO: Finished Test Case: TC_CRUD_014 - Status: PASSED (28ms)

[2026-07-22T09:25:35.444Z] INFO: Starting Test Case: TC_CRUD_015 - CRUD Operations validation check - Scenario 15 [Priority: MEDIUM]
[2026-07-22T09:25:35.455Z] INFO: Finished Test Case: TC_CRUD_015 - Status: PASSED (11ms)

[2026-07-22T09:25:35.456Z] INFO: Starting Test Case: TC_CRUD_016 - CRUD Operations validation check - Scenario 16 [Priority: CRITICAL]
[2026-07-22T09:25:35.479Z] INFO: Finished Test Case: TC_CRUD_016 - Status: PASSED (23ms)

[2026-07-22T09:25:35.479Z] INFO: Starting Test Case: TC_CRUD_017 - CRUD Operations validation check - Scenario 17 [Priority: HIGH]
[2026-07-22T09:25:35.520Z] INFO: Finished Test Case: TC_CRUD_017 - Status: PASSED (41ms)

[2026-07-22T09:25:35.520Z] INFO: Starting Test Case: TC_CRUD_018 - CRUD Operations validation check - Scenario 18 [Priority: HIGH]
[2026-07-22T09:25:35.531Z] INFO: Finished Test Case: TC_CRUD_018 - Status: PASSED (11ms)

[2026-07-22T09:25:35.532Z] INFO: Starting Test Case: TC_CRUD_019 - CRUD Operations validation check - Scenario 19 [Priority: LOW]
[2026-07-22T09:25:35.576Z] INFO: Finished Test Case: TC_CRUD_019 - Status: PASSED (44ms)

[2026-07-22T09:25:35.576Z] INFO: Starting Test Case: TC_CRUD_020 - CRUD Operations validation check - Scenario 20 [Priority: MEDIUM]
[2026-07-22T09:25:35.612Z] INFO: Finished Test Case: TC_CRUD_020 - Status: PASSED (36ms)

[2026-07-22T09:25:35.612Z] INFO: Starting Test Case: TC_CRUD_021 - CRUD Operations validation check - Scenario 21 [Priority: CRITICAL]
[2026-07-22T09:25:35.647Z] INFO: Finished Test Case: TC_CRUD_021 - Status: PASSED (35ms)

[2026-07-22T09:25:35.647Z] INFO: Starting Test Case: TC_CRUD_022 - CRUD Operations validation check - Scenario 22 [Priority: HIGH]
[2026-07-22T09:25:35.679Z] INFO: Finished Test Case: TC_CRUD_022 - Status: PASSED (32ms)

[2026-07-22T09:25:35.679Z] INFO: Starting Test Case: TC_CRUD_023 - CRUD Operations validation check - Scenario 23 [Priority: HIGH]
[2026-07-22T09:25:35.703Z] INFO: Finished Test Case: TC_CRUD_023 - Status: PASSED (24ms)

[2026-07-22T09:25:35.703Z] INFO: Starting Test Case: TC_CRUD_024 - CRUD Operations validation check - Scenario 24 [Priority: LOW]
[2026-07-22T09:25:35.727Z] INFO: Finished Test Case: TC_CRUD_024 - Status: PASSED (24ms)

[2026-07-22T09:25:35.727Z] INFO: Starting Test Case: TC_CRUD_025 - CRUD Operations validation check - Scenario 25 [Priority: MEDIUM]
[2026-07-22T09:25:35.772Z] INFO: Finished Test Case: TC_CRUD_025 - Status: PASSED (45ms)

[2026-07-22T09:25:35.772Z] INFO: Starting Test Case: TC_CRUD_026 - CRUD Operations validation check - Scenario 26 [Priority: CRITICAL]
[2026-07-22T09:25:35.787Z] INFO: Finished Test Case: TC_CRUD_026 - Status: PASSED (15ms)

[2026-07-22T09:25:35.787Z] INFO: Starting Test Case: TC_CRUD_027 - CRUD Operations validation check - Scenario 27 [Priority: HIGH]
[2026-07-22T09:25:35.835Z] INFO: Finished Test Case: TC_CRUD_027 - Status: PASSED (48ms)

[2026-07-22T09:25:35.835Z] INFO: Starting Test Case: TC_CRUD_028 - CRUD Operations validation check - Scenario 28 [Priority: HIGH]
[2026-07-22T09:25:35.865Z] INFO: Finished Test Case: TC_CRUD_028 - Status: PASSED (30ms)

[2026-07-22T09:25:35.865Z] INFO: Starting Test Case: TC_CRUD_029 - CRUD Operations validation check - Scenario 29 [Priority: LOW]
[2026-07-22T09:25:35.906Z] INFO: Finished Test Case: TC_CRUD_029 - Status: PASSED (41ms)

[2026-07-22T09:25:35.906Z] INFO: Starting Test Case: TC_CRUD_030 - CRUD Operations validation check - Scenario 30 [Priority: MEDIUM]
[2026-07-22T09:25:35.917Z] INFO: Finished Test Case: TC_CRUD_030 - Status: PASSED (11ms)

[2026-07-22T09:25:35.917Z] INFO: Starting Test Case: TC_CRUD_031 - CRUD Operations validation check - Scenario 31 [Priority: CRITICAL]
[2026-07-22T09:25:35.945Z] INFO: Finished Test Case: TC_CRUD_031 - Status: PASSED (28ms)

[2026-07-22T09:25:35.945Z] INFO: Starting Test Case: TC_CRUD_032 - CRUD Operations validation check - Scenario 32 [Priority: HIGH]
[2026-07-22T09:25:35.974Z] INFO: Finished Test Case: TC_CRUD_032 - Status: PASSED (29ms)

[2026-07-22T09:25:35.974Z] INFO: Starting Test Case: TC_CRUD_033 - CRUD Operations validation check - Scenario 33 [Priority: HIGH]
[2026-07-22T09:25:35.987Z] INFO: Finished Test Case: TC_CRUD_033 - Status: PASSED (13ms)

[2026-07-22T09:25:35.987Z] INFO: Starting Test Case: TC_CRUD_034 - CRUD Operations validation check - Scenario 34 [Priority: LOW]
[2026-07-22T09:25:36.024Z] INFO: Finished Test Case: TC_CRUD_034 - Status: PASSED (37ms)

[2026-07-22T09:25:36.024Z] INFO: Starting Test Case: TC_CRUD_035 - CRUD Operations validation check - Scenario 35 [Priority: MEDIUM]
[2026-07-22T09:25:36.054Z] INFO: Finished Test Case: TC_CRUD_035 - Status: PASSED (30ms)

[2026-07-22T09:25:36.054Z] INFO: Starting Test Case: TC_CRUD_036 - CRUD Operations validation check - Scenario 36 [Priority: CRITICAL]
[2026-07-22T09:25:36.078Z] INFO: Finished Test Case: TC_CRUD_036 - Status: PASSED (24ms)

[2026-07-22T09:25:36.078Z] INFO: Starting Test Case: TC_CRUD_037 - CRUD Operations validation check - Scenario 37 [Priority: HIGH]
[2026-07-22T09:25:36.099Z] INFO: Finished Test Case: TC_CRUD_037 - Status: PASSED (21ms)

[2026-07-22T09:25:36.099Z] INFO: Starting Test Case: TC_CRUD_038 - CRUD Operations validation check - Scenario 38 [Priority: HIGH]
[2026-07-22T09:25:36.141Z] INFO: Finished Test Case: TC_CRUD_038 - Status: PASSED (42ms)

[2026-07-22T09:25:36.141Z] INFO: Starting Test Case: TC_CRUD_039 - CRUD Operations validation check - Scenario 39 [Priority: LOW]
[2026-07-22T09:25:36.165Z] INFO: Finished Test Case: TC_CRUD_039 - Status: PASSED (24ms)

[2026-07-22T09:25:36.165Z] INFO: Starting Test Case: TC_CRUD_040 - CRUD Operations validation check - Scenario 40 [Priority: MEDIUM]
[2026-07-22T09:25:36.195Z] INFO: Finished Test Case: TC_CRUD_040 - Status: PASSED (30ms)

[2026-07-22T09:25:36.195Z] INFO: Starting Test Case: TC_CRUD_041 - CRUD Operations validation check - Scenario 41 [Priority: CRITICAL]
[2026-07-22T09:25:36.237Z] INFO: Finished Test Case: TC_CRUD_041 - Status: PASSED (42ms)

[2026-07-22T09:25:36.237Z] INFO: Starting Test Case: TC_CRUD_042 - CRUD Operations validation check - Scenario 42 [Priority: HIGH]
[2026-07-22T09:25:36.242Z] INFO: Finished Test Case: TC_CRUD_042 - Status: PASSED (5ms)

[2026-07-22T09:25:36.242Z] INFO: Starting Test Case: TC_CRUD_043 - CRUD Operations validation check - Scenario 43 [Priority: HIGH]
[2026-07-22T09:25:36.268Z] INFO: Finished Test Case: TC_CRUD_043 - Status: PASSED (26ms)

[2026-07-22T09:25:36.268Z] INFO: Starting Test Case: TC_CRUD_044 - CRUD Operations validation check - Scenario 44 [Priority: LOW]
[2026-07-22T09:25:36.286Z] INFO: Finished Test Case: TC_CRUD_044 - Status: PASSED (18ms)

[2026-07-22T09:25:36.286Z] INFO: Starting Test Case: TC_CRUD_045 - CRUD Operations validation check - Scenario 45 [Priority: MEDIUM]
[2026-07-22T09:25:36.291Z] INFO: Finished Test Case: TC_CRUD_045 - Status: PASSED (5ms)

[2026-07-22T09:25:36.291Z] INFO: Starting Test Case: TC_CRUD_046 - CRUD Operations validation check - Scenario 46 [Priority: CRITICAL]
[2026-07-22T09:25:36.324Z] INFO: Finished Test Case: TC_CRUD_046 - Status: PASSED (33ms)

[2026-07-22T09:25:36.324Z] INFO: Starting Test Case: TC_CRUD_047 - CRUD Operations validation check - Scenario 47 [Priority: HIGH]
[2026-07-22T09:25:36.335Z] INFO: Finished Test Case: TC_CRUD_047 - Status: PASSED (11ms)

[2026-07-22T09:25:36.335Z] INFO: Starting Test Case: TC_CRUD_048 - CRUD Operations validation check - Scenario 48 [Priority: HIGH]
[2026-07-22T09:25:36.350Z] INFO: Finished Test Case: TC_CRUD_048 - Status: PASSED (15ms)

[2026-07-22T09:25:36.350Z] INFO: Starting Test Case: TC_CRUD_049 - CRUD Operations validation check - Scenario 49 [Priority: LOW]
[2026-07-22T09:25:36.388Z] INFO: Finished Test Case: TC_CRUD_049 - Status: PASSED (38ms)

[2026-07-22T09:25:36.388Z] INFO: Starting Test Case: TC_CRUD_050 - CRUD Operations validation check - Scenario 50 [Priority: MEDIUM]
[2026-07-22T09:25:36.437Z] INFO: Finished Test Case: TC_CRUD_050 - Status: PASSED (49ms)

[2026-07-22T09:25:36.437Z] INFO: Starting Test Case: TC_VALIDATION_001 - Input Validation validation check - Scenario 1 [Priority: CRITICAL]
[2026-07-22T09:25:36.451Z] INFO: Finished Test Case: TC_VALIDATION_001 - Status: PASSED (14ms)

[2026-07-22T09:25:36.451Z] INFO: Starting Test Case: TC_VALIDATION_002 - Input Validation validation check - Scenario 2 [Priority: HIGH]
[2026-07-22T09:25:36.468Z] INFO: Finished Test Case: TC_VALIDATION_002 - Status: PASSED (17ms)

[2026-07-22T09:25:36.468Z] INFO: Starting Test Case: TC_VALIDATION_003 - Input Validation validation check - Scenario 3 [Priority: HIGH]
[2026-07-22T09:25:36.476Z] INFO: Finished Test Case: TC_VALIDATION_003 - Status: PASSED (8ms)

[2026-07-22T09:25:36.476Z] INFO: Starting Test Case: TC_VALIDATION_004 - Input Validation validation check - Scenario 4 [Priority: LOW]
[2026-07-22T09:25:36.515Z] INFO: Finished Test Case: TC_VALIDATION_004 - Status: PASSED (39ms)

[2026-07-22T09:25:36.515Z] INFO: Starting Test Case: TC_VALIDATION_005 - Input Validation validation check - Scenario 5 [Priority: MEDIUM]
[2026-07-22T09:25:36.549Z] INFO: Finished Test Case: TC_VALIDATION_005 - Status: PASSED (34ms)

[2026-07-22T09:25:36.549Z] INFO: Starting Test Case: TC_VALIDATION_006 - Input Validation validation check - Scenario 6 [Priority: CRITICAL]
[2026-07-22T09:25:36.584Z] INFO: Finished Test Case: TC_VALIDATION_006 - Status: PASSED (35ms)

[2026-07-22T09:25:36.584Z] INFO: Starting Test Case: TC_VALIDATION_007 - Input Validation validation check - Scenario 7 [Priority: HIGH]
[2026-07-22T09:25:36.594Z] INFO: Finished Test Case: TC_VALIDATION_007 - Status: PASSED (10ms)

[2026-07-22T09:25:36.594Z] INFO: Starting Test Case: TC_VALIDATION_008 - Input Validation validation check - Scenario 8 [Priority: HIGH]
[2026-07-22T09:25:36.614Z] INFO: Finished Test Case: TC_VALIDATION_008 - Status: PASSED (20ms)

[2026-07-22T09:25:36.614Z] INFO: Starting Test Case: TC_VALIDATION_009 - Input Validation validation check - Scenario 9 [Priority: LOW]
[2026-07-22T09:25:36.619Z] INFO: Finished Test Case: TC_VALIDATION_009 - Status: PASSED (5ms)

[2026-07-22T09:25:36.619Z] INFO: Starting Test Case: TC_VALIDATION_010 - Input Validation validation check - Scenario 10 [Priority: MEDIUM]
[2026-07-22T09:25:36.637Z] INFO: Finished Test Case: TC_VALIDATION_010 - Status: PASSED (18ms)

[2026-07-22T09:25:36.637Z] INFO: Starting Test Case: TC_VALIDATION_011 - Input Validation validation check - Scenario 11 [Priority: CRITICAL]
[2026-07-22T09:25:36.649Z] INFO: Finished Test Case: TC_VALIDATION_011 - Status: PASSED (12ms)

[2026-07-22T09:25:36.649Z] INFO: Starting Test Case: TC_VALIDATION_012 - Input Validation validation check - Scenario 12 [Priority: HIGH]
[2026-07-22T09:25:36.668Z] INFO: Finished Test Case: TC_VALIDATION_012 - Status: PASSED (19ms)

[2026-07-22T09:25:36.668Z] INFO: Starting Test Case: TC_VALIDATION_013 - Input Validation validation check - Scenario 13 [Priority: HIGH]
[2026-07-22T09:25:36.707Z] INFO: Finished Test Case: TC_VALIDATION_013 - Status: PASSED (39ms)

[2026-07-22T09:25:36.707Z] INFO: Starting Test Case: TC_VALIDATION_014 - Input Validation validation check - Scenario 14 [Priority: LOW]
[2026-07-22T09:25:36.729Z] INFO: Finished Test Case: TC_VALIDATION_014 - Status: PASSED (22ms)

[2026-07-22T09:25:36.729Z] INFO: Starting Test Case: TC_VALIDATION_015 - Input Validation validation check - Scenario 15 [Priority: MEDIUM]
[2026-07-22T09:25:36.772Z] INFO: Finished Test Case: TC_VALIDATION_015 - Status: PASSED (43ms)

[2026-07-22T09:25:36.772Z] INFO: Starting Test Case: TC_VALIDATION_016 - Input Validation validation check - Scenario 16 [Priority: CRITICAL]
[2026-07-22T09:25:36.796Z] INFO: Finished Test Case: TC_VALIDATION_016 - Status: PASSED (24ms)

[2026-07-22T09:25:36.796Z] INFO: Starting Test Case: TC_VALIDATION_017 - Input Validation validation check - Scenario 17 [Priority: HIGH]
[2026-07-22T09:25:36.845Z] INFO: Finished Test Case: TC_VALIDATION_017 - Status: PASSED (49ms)

[2026-07-22T09:25:36.845Z] INFO: Starting Test Case: TC_VALIDATION_018 - Input Validation validation check - Scenario 18 [Priority: HIGH]
[2026-07-22T09:25:36.864Z] INFO: Finished Test Case: TC_VALIDATION_018 - Status: PASSED (19ms)

[2026-07-22T09:25:36.864Z] INFO: Starting Test Case: TC_VALIDATION_019 - Input Validation validation check - Scenario 19 [Priority: LOW]
[2026-07-22T09:25:36.895Z] INFO: Finished Test Case: TC_VALIDATION_019 - Status: PASSED (31ms)

[2026-07-22T09:25:36.895Z] INFO: Starting Test Case: TC_VALIDATION_020 - Input Validation validation check - Scenario 20 [Priority: MEDIUM]
[2026-07-22T09:25:36.943Z] INFO: Finished Test Case: TC_VALIDATION_020 - Status: PASSED (48ms)

[2026-07-22T09:25:36.944Z] INFO: Starting Test Case: TC_VALIDATION_021 - Input Validation validation check - Scenario 21 [Priority: CRITICAL]
[2026-07-22T09:25:36.952Z] INFO: Finished Test Case: TC_VALIDATION_021 - Status: PASSED (8ms)

[2026-07-22T09:25:36.952Z] INFO: Starting Test Case: TC_VALIDATION_022 - Input Validation validation check - Scenario 22 [Priority: HIGH]
[2026-07-22T09:25:36.970Z] INFO: Finished Test Case: TC_VALIDATION_022 - Status: PASSED (18ms)

[2026-07-22T09:25:36.970Z] INFO: Starting Test Case: TC_VALIDATION_023 - Input Validation validation check - Scenario 23 [Priority: HIGH]
[2026-07-22T09:25:37.011Z] INFO: Finished Test Case: TC_VALIDATION_023 - Status: PASSED (41ms)

[2026-07-22T09:25:37.011Z] INFO: Starting Test Case: TC_VALIDATION_024 - Input Validation validation check - Scenario 24 [Priority: LOW]
[2026-07-22T09:25:37.033Z] INFO: Finished Test Case: TC_VALIDATION_024 - Status: PASSED (22ms)

[2026-07-22T09:25:37.033Z] INFO: Starting Test Case: TC_VALIDATION_025 - Input Validation validation check - Scenario 25 [Priority: MEDIUM]
[2026-07-22T09:25:37.082Z] INFO: Finished Test Case: TC_VALIDATION_025 - Status: PASSED (49ms)

[2026-07-22T09:25:37.082Z] INFO: Starting Test Case: TC_VALIDATION_026 - Input Validation validation check - Scenario 26 [Priority: CRITICAL]
[2026-07-22T09:25:37.094Z] INFO: Finished Test Case: TC_VALIDATION_026 - Status: PASSED (12ms)

[2026-07-22T09:25:37.094Z] INFO: Starting Test Case: TC_VALIDATION_027 - Input Validation validation check - Scenario 27 [Priority: HIGH]
[2026-07-22T09:25:37.108Z] INFO: Finished Test Case: TC_VALIDATION_027 - Status: PASSED (14ms)

[2026-07-22T09:25:37.108Z] INFO: Starting Test Case: TC_VALIDATION_028 - Input Validation validation check - Scenario 28 [Priority: HIGH]
[2026-07-22T09:25:37.154Z] INFO: Finished Test Case: TC_VALIDATION_028 - Status: PASSED (46ms)

[2026-07-22T09:25:37.154Z] INFO: Starting Test Case: TC_VALIDATION_029 - Input Validation validation check - Scenario 29 [Priority: LOW]
[2026-07-22T09:25:37.194Z] INFO: Finished Test Case: TC_VALIDATION_029 - Status: PASSED (40ms)

[2026-07-22T09:25:37.194Z] INFO: Starting Test Case: TC_VALIDATION_030 - Input Validation validation check - Scenario 30 [Priority: MEDIUM]
[2026-07-22T09:25:37.209Z] INFO: Finished Test Case: TC_VALIDATION_030 - Status: PASSED (15ms)

[2026-07-22T09:25:37.209Z] INFO: Starting Test Case: TC_VALIDATION_031 - Input Validation validation check - Scenario 31 [Priority: CRITICAL]
[2026-07-22T09:25:37.219Z] INFO: Finished Test Case: TC_VALIDATION_031 - Status: PASSED (10ms)

[2026-07-22T09:25:37.219Z] INFO: Starting Test Case: TC_VALIDATION_032 - Input Validation validation check - Scenario 32 [Priority: HIGH]
[2026-07-22T09:25:37.236Z] INFO: Finished Test Case: TC_VALIDATION_032 - Status: PASSED (17ms)

[2026-07-22T09:25:37.237Z] INFO: Starting Test Case: TC_VALIDATION_033 - Input Validation validation check - Scenario 33 [Priority: HIGH]
[2026-07-22T09:25:37.265Z] INFO: Finished Test Case: TC_VALIDATION_033 - Status: PASSED (29ms)

[2026-07-22T09:25:37.265Z] INFO: Starting Test Case: TC_VALIDATION_034 - Input Validation validation check - Scenario 34 [Priority: LOW]
[2026-07-22T09:25:37.292Z] INFO: Finished Test Case: TC_VALIDATION_034 - Status: PASSED (27ms)

[2026-07-22T09:25:37.292Z] INFO: Starting Test Case: TC_VALIDATION_035 - Input Validation validation check - Scenario 35 [Priority: MEDIUM]
[2026-07-22T09:25:37.299Z] INFO: Finished Test Case: TC_VALIDATION_035 - Status: PASSED (7ms)

[2026-07-22T09:25:37.299Z] INFO: Starting Test Case: TC_VALIDATION_036 - Input Validation validation check - Scenario 36 [Priority: CRITICAL]
[2026-07-22T09:25:37.315Z] INFO: Finished Test Case: TC_VALIDATION_036 - Status: PASSED (16ms)

[2026-07-22T09:25:37.315Z] INFO: Starting Test Case: TC_VALIDATION_037 - Input Validation validation check - Scenario 37 [Priority: HIGH]
[2026-07-22T09:25:37.339Z] INFO: Finished Test Case: TC_VALIDATION_037 - Status: PASSED (24ms)

[2026-07-22T09:25:37.339Z] INFO: Starting Test Case: TC_VALIDATION_038 - Input Validation validation check - Scenario 38 [Priority: HIGH]
[2026-07-22T09:25:37.359Z] INFO: Finished Test Case: TC_VALIDATION_038 - Status: PASSED (20ms)

[2026-07-22T09:25:37.359Z] INFO: Starting Test Case: TC_VALIDATION_039 - Input Validation validation check - Scenario 39 [Priority: LOW]
[2026-07-22T09:25:37.396Z] INFO: Finished Test Case: TC_VALIDATION_039 - Status: PASSED (37ms)

[2026-07-22T09:25:37.396Z] INFO: Starting Test Case: TC_VALIDATION_040 - Input Validation validation check - Scenario 40 [Priority: MEDIUM]
[2026-07-22T09:25:37.443Z] INFO: Finished Test Case: TC_VALIDATION_040 - Status: PASSED (47ms)

[2026-07-22T09:25:37.443Z] INFO: Starting Test Case: TC_ERROR_001 - Error Handling validation check - Scenario 1 [Priority: CRITICAL]
[2026-07-22T09:25:37.476Z] INFO: Finished Test Case: TC_ERROR_001 - Status: PASSED (33ms)

[2026-07-22T09:25:37.476Z] INFO: Starting Test Case: TC_ERROR_002 - Error Handling validation check - Scenario 2 [Priority: HIGH]
[2026-07-22T09:25:37.506Z] INFO: Finished Test Case: TC_ERROR_002 - Status: PASSED (30ms)

[2026-07-22T09:25:37.506Z] INFO: Starting Test Case: TC_ERROR_003 - Error Handling validation check - Scenario 3 [Priority: HIGH]
[2026-07-22T09:25:37.538Z] INFO: Finished Test Case: TC_ERROR_003 - Status: PASSED (32ms)

[2026-07-22T09:25:37.538Z] INFO: Starting Test Case: TC_ERROR_004 - Error Handling validation check - Scenario 4 [Priority: LOW]
[2026-07-22T09:25:37.561Z] INFO: Finished Test Case: TC_ERROR_004 - Status: PASSED (23ms)

[2026-07-22T09:25:37.561Z] INFO: Starting Test Case: TC_ERROR_005 - Error Handling validation check - Scenario 5 [Priority: MEDIUM]
[2026-07-22T09:25:37.582Z] INFO: Finished Test Case: TC_ERROR_005 - Status: PASSED (21ms)

[2026-07-22T09:25:37.582Z] INFO: Starting Test Case: TC_ERROR_006 - Error Handling validation check - Scenario 6 [Priority: CRITICAL]
[2026-07-22T09:25:37.598Z] INFO: Finished Test Case: TC_ERROR_006 - Status: PASSED (16ms)

[2026-07-22T09:25:37.598Z] INFO: Starting Test Case: TC_ERROR_007 - Error Handling validation check - Scenario 7 [Priority: HIGH]
[2026-07-22T09:25:37.630Z] INFO: Finished Test Case: TC_ERROR_007 - Status: PASSED (32ms)

[2026-07-22T09:25:37.630Z] INFO: Starting Test Case: TC_ERROR_008 - Error Handling validation check - Scenario 8 [Priority: HIGH]
[2026-07-22T09:25:37.674Z] INFO: Finished Test Case: TC_ERROR_008 - Status: PASSED (44ms)

[2026-07-22T09:25:37.674Z] INFO: Starting Test Case: TC_ERROR_009 - Error Handling validation check - Scenario 9 [Priority: LOW]
[2026-07-22T09:25:37.722Z] INFO: Finished Test Case: TC_ERROR_009 - Status: PASSED (48ms)

[2026-07-22T09:25:37.722Z] INFO: Starting Test Case: TC_ERROR_010 - Error Handling validation check - Scenario 10 [Priority: MEDIUM]
[2026-07-22T09:25:37.737Z] INFO: Finished Test Case: TC_ERROR_010 - Status: PASSED (15ms)

[2026-07-22T09:25:37.737Z] INFO: Starting Test Case: TC_ERROR_011 - Error Handling validation check - Scenario 11 [Priority: CRITICAL]
[2026-07-22T09:25:37.743Z] INFO: Finished Test Case: TC_ERROR_011 - Status: PASSED (6ms)

[2026-07-22T09:25:37.743Z] INFO: Starting Test Case: TC_ERROR_012 - Error Handling validation check - Scenario 12 [Priority: HIGH]
[2026-07-22T09:25:37.761Z] INFO: Finished Test Case: TC_ERROR_012 - Status: PASSED (18ms)

[2026-07-22T09:25:37.761Z] INFO: Starting Test Case: TC_ERROR_013 - Error Handling validation check - Scenario 13 [Priority: HIGH]
[2026-07-22T09:25:37.780Z] INFO: Finished Test Case: TC_ERROR_013 - Status: PASSED (19ms)

[2026-07-22T09:25:37.780Z] INFO: Starting Test Case: TC_ERROR_014 - Error Handling validation check - Scenario 14 [Priority: LOW]
[2026-07-22T09:25:37.793Z] INFO: Finished Test Case: TC_ERROR_014 - Status: PASSED (13ms)

[2026-07-22T09:25:37.794Z] INFO: Starting Test Case: TC_ERROR_015 - Error Handling validation check - Scenario 15 [Priority: MEDIUM]
[2026-07-22T09:25:37.826Z] INFO: Finished Test Case: TC_ERROR_015 - Status: PASSED (32ms)

[2026-07-22T09:25:37.826Z] INFO: Starting Test Case: TC_ERROR_016 - Error Handling validation check - Scenario 16 [Priority: CRITICAL]
[2026-07-22T09:25:37.857Z] INFO: Finished Test Case: TC_ERROR_016 - Status: PASSED (31ms)

[2026-07-22T09:25:37.857Z] INFO: Starting Test Case: TC_ERROR_017 - Error Handling validation check - Scenario 17 [Priority: HIGH]
[2026-07-22T09:25:37.871Z] INFO: Finished Test Case: TC_ERROR_017 - Status: PASSED (14ms)

[2026-07-22T09:25:37.872Z] INFO: Starting Test Case: TC_ERROR_018 - Error Handling validation check - Scenario 18 [Priority: HIGH]
[2026-07-22T09:25:37.906Z] INFO: Finished Test Case: TC_ERROR_018 - Status: PASSED (34ms)

[2026-07-22T09:25:37.906Z] INFO: Starting Test Case: TC_ERROR_019 - Error Handling validation check - Scenario 19 [Priority: LOW]
[2026-07-22T09:25:37.929Z] INFO: Finished Test Case: TC_ERROR_019 - Status: PASSED (23ms)

[2026-07-22T09:25:37.929Z] INFO: Starting Test Case: TC_ERROR_020 - Error Handling validation check - Scenario 20 [Priority: MEDIUM]
[2026-07-22T09:25:37.956Z] INFO: Finished Test Case: TC_ERROR_020 - Status: PASSED (27ms)

[2026-07-22T09:25:37.957Z] INFO: Starting Test Case: TC_SESSION_001 - Session Management validation check - Scenario 1 [Priority: CRITICAL]
[2026-07-22T09:25:37.992Z] INFO: Finished Test Case: TC_SESSION_001 - Status: PASSED (35ms)

[2026-07-22T09:25:37.992Z] INFO: Starting Test Case: TC_SESSION_002 - Session Management validation check - Scenario 2 [Priority: HIGH]
[2026-07-22T09:25:38.037Z] INFO: Finished Test Case: TC_SESSION_002 - Status: PASSED (45ms)

[2026-07-22T09:25:38.037Z] INFO: Starting Test Case: TC_SESSION_003 - Session Management validation check - Scenario 3 [Priority: HIGH]
[2026-07-22T09:25:38.067Z] INFO: Finished Test Case: TC_SESSION_003 - Status: PASSED (29ms)

[2026-07-22T09:25:38.067Z] INFO: Starting Test Case: TC_SESSION_004 - Session Management validation check - Scenario 4 [Priority: LOW]
[2026-07-22T09:25:38.076Z] INFO: Finished Test Case: TC_SESSION_004 - Status: PASSED (9ms)

[2026-07-22T09:25:38.076Z] INFO: Starting Test Case: TC_SESSION_005 - Session Management validation check - Scenario 5 [Priority: MEDIUM]
[2026-07-22T09:25:38.090Z] INFO: Finished Test Case: TC_SESSION_005 - Status: PASSED (14ms)

[2026-07-22T09:25:38.090Z] INFO: Starting Test Case: TC_SESSION_006 - Session Management validation check - Scenario 6 [Priority: CRITICAL]
[2026-07-22T09:25:38.111Z] INFO: Finished Test Case: TC_SESSION_006 - Status: PASSED (21ms)

[2026-07-22T09:25:38.111Z] INFO: Starting Test Case: TC_SESSION_007 - Session Management validation check - Scenario 7 [Priority: HIGH]
[2026-07-22T09:25:38.135Z] INFO: Finished Test Case: TC_SESSION_007 - Status: PASSED (24ms)

[2026-07-22T09:25:38.135Z] INFO: Starting Test Case: TC_SESSION_008 - Session Management validation check - Scenario 8 [Priority: HIGH]
[2026-07-22T09:25:38.183Z] INFO: Finished Test Case: TC_SESSION_008 - Status: PASSED (48ms)

[2026-07-22T09:25:38.183Z] INFO: Starting Test Case: TC_SESSION_009 - Session Management validation check - Scenario 9 [Priority: LOW]
[2026-07-22T09:25:38.208Z] INFO: Finished Test Case: TC_SESSION_009 - Status: PASSED (24ms)

[2026-07-22T09:25:38.208Z] INFO: Starting Test Case: TC_SESSION_010 - Session Management validation check - Scenario 10 [Priority: MEDIUM]
[2026-07-22T09:25:38.226Z] INFO: Finished Test Case: TC_SESSION_010 - Status: PASSED (18ms)

[2026-07-22T09:25:38.226Z] INFO: Starting Test Case: TC_SESSION_011 - Session Management validation check - Scenario 11 [Priority: CRITICAL]
[2026-07-22T09:25:38.244Z] INFO: Finished Test Case: TC_SESSION_011 - Status: PASSED (18ms)

[2026-07-22T09:25:38.244Z] INFO: Starting Test Case: TC_SESSION_012 - Session Management validation check - Scenario 12 [Priority: HIGH]
[2026-07-22T09:25:38.273Z] INFO: Finished Test Case: TC_SESSION_012 - Status: PASSED (29ms)

[2026-07-22T09:25:38.274Z] INFO: Starting Test Case: TC_SESSION_013 - Session Management validation check - Scenario 13 [Priority: HIGH]
[2026-07-22T09:25:38.308Z] INFO: Finished Test Case: TC_SESSION_013 - Status: PASSED (35ms)

[2026-07-22T09:25:38.308Z] INFO: Starting Test Case: TC_SESSION_014 - Session Management validation check - Scenario 14 [Priority: LOW]
[2026-07-22T09:25:38.332Z] INFO: Finished Test Case: TC_SESSION_014 - Status: PASSED (24ms)

[2026-07-22T09:25:38.332Z] INFO: Starting Test Case: TC_SESSION_015 - Session Management validation check - Scenario 15 [Priority: MEDIUM]
[2026-07-22T09:25:38.371Z] INFO: Finished Test Case: TC_SESSION_015 - Status: PASSED (39ms)

[2026-07-22T09:25:38.371Z] INFO: Starting Test Case: TC_SESSION_016 - Session Management validation check - Scenario 16 [Priority: CRITICAL]
[2026-07-22T09:25:38.387Z] INFO: Finished Test Case: TC_SESSION_016 - Status: PASSED (16ms)

[2026-07-22T09:25:38.387Z] INFO: Starting Test Case: TC_SESSION_017 - Session Management validation check - Scenario 17 [Priority: HIGH]
[2026-07-22T09:25:38.429Z] INFO: Finished Test Case: TC_SESSION_017 - Status: PASSED (42ms)

[2026-07-22T09:25:38.429Z] INFO: Starting Test Case: TC_SESSION_018 - Session Management validation check - Scenario 18 [Priority: HIGH]
[2026-07-22T09:25:38.434Z] INFO: Finished Test Case: TC_SESSION_018 - Status: PASSED (5ms)

[2026-07-22T09:25:38.434Z] INFO: Starting Test Case: TC_SESSION_019 - Session Management validation check - Scenario 19 [Priority: LOW]
[2026-07-22T09:25:38.460Z] INFO: Finished Test Case: TC_SESSION_019 - Status: PASSED (26ms)

[2026-07-22T09:25:38.460Z] INFO: Starting Test Case: TC_SESSION_020 - Session Management validation check - Scenario 20 [Priority: MEDIUM]
[2026-07-22T09:25:38.478Z] INFO: Finished Test Case: TC_SESSION_020 - Status: PASSED (18ms)

[2026-07-22T09:25:38.478Z] INFO: Starting Test Case: TC_FILE_001 - File Upload validation check - Scenario 1 [Priority: CRITICAL]
[2026-07-22T09:25:38.492Z] INFO: Finished Test Case: TC_FILE_001 - Status: PASSED (14ms)

[2026-07-22T09:25:38.492Z] INFO: Starting Test Case: TC_FILE_002 - File Upload validation check - Scenario 2 [Priority: HIGH]
[2026-07-22T09:25:38.493Z] INFO: Running E2E: Large File Upload...
[2026-07-22T09:25:38.493Z] INFO: Finished Test Case: TC_FILE_002 - Status: PASSED (1ms)

[2026-07-22T09:25:38.493Z] INFO: Starting Test Case: TC_FILE_003 - File Upload validation check - Scenario 3 [Priority: HIGH]
[2026-07-22T09:25:38.507Z] INFO: Finished Test Case: TC_FILE_003 - Status: PASSED (14ms)

[2026-07-22T09:25:38.507Z] INFO: Starting Test Case: TC_FILE_004 - File Upload validation check - Scenario 4 [Priority: LOW]
[2026-07-22T09:25:38.546Z] INFO: Finished Test Case: TC_FILE_004 - Status: PASSED (39ms)

[2026-07-22T09:25:38.546Z] INFO: Starting Test Case: TC_FILE_005 - File Upload validation check - Scenario 5 [Priority: MEDIUM]
[2026-07-22T09:25:38.566Z] INFO: Finished Test Case: TC_FILE_005 - Status: PASSED (20ms)

[2026-07-22T09:25:38.566Z] INFO: Starting Test Case: TC_FILE_006 - File Upload validation check - Scenario 6 [Priority: CRITICAL]
[2026-07-22T09:25:38.594Z] INFO: Finished Test Case: TC_FILE_006 - Status: PASSED (28ms)

[2026-07-22T09:25:38.594Z] INFO: Starting Test Case: TC_FILE_007 - File Upload validation check - Scenario 7 [Priority: HIGH]
[2026-07-22T09:25:38.609Z] INFO: Finished Test Case: TC_FILE_007 - Status: PASSED (15ms)

[2026-07-22T09:25:38.609Z] INFO: Starting Test Case: TC_FILE_008 - File Upload validation check - Scenario 8 [Priority: HIGH]
[2026-07-22T09:25:38.639Z] INFO: Finished Test Case: TC_FILE_008 - Status: PASSED (30ms)

[2026-07-22T09:25:38.640Z] INFO: Starting Test Case: TC_FILE_009 - File Upload validation check - Scenario 9 [Priority: LOW]
[2026-07-22T09:25:38.666Z] INFO: Finished Test Case: TC_FILE_009 - Status: PASSED (26ms)

[2026-07-22T09:25:38.666Z] INFO: Starting Test Case: TC_FILE_010 - File Upload validation check - Scenario 10 [Priority: MEDIUM]
[2026-07-22T09:25:38.695Z] INFO: Finished Test Case: TC_FILE_010 - Status: PASSED (29ms)

[2026-07-22T09:25:38.695Z] INFO: Starting Test Case: TC_FILE_011 - File Upload validation check - Scenario 11 [Priority: CRITICAL]
[2026-07-22T09:25:38.714Z] INFO: Finished Test Case: TC_FILE_011 - Status: PASSED (19ms)

[2026-07-22T09:25:38.714Z] INFO: Starting Test Case: TC_FILE_012 - File Upload validation check - Scenario 12 [Priority: HIGH]
[2026-07-22T09:25:38.731Z] INFO: Finished Test Case: TC_FILE_012 - Status: PASSED (17ms)

[2026-07-22T09:25:38.731Z] INFO: Starting Test Case: TC_FILE_013 - File Upload validation check - Scenario 13 [Priority: HIGH]
[2026-07-22T09:25:38.754Z] INFO: Finished Test Case: TC_FILE_013 - Status: PASSED (23ms)

[2026-07-22T09:25:38.754Z] INFO: Starting Test Case: TC_FILE_014 - File Upload validation check - Scenario 14 [Priority: LOW]
[2026-07-22T09:25:38.800Z] INFO: Finished Test Case: TC_FILE_014 - Status: PASSED (46ms)

[2026-07-22T09:25:38.800Z] INFO: Starting Test Case: TC_FILE_015 - File Upload validation check - Scenario 15 [Priority: MEDIUM]
[2026-07-22T09:25:38.826Z] INFO: Finished Test Case: TC_FILE_015 - Status: PASSED (26ms)

[2026-07-22T09:25:38.827Z] INFO: Starting Test Case: TC_FILE_016 - File Upload validation check - Scenario 16 [Priority: CRITICAL]
[2026-07-22T09:25:38.858Z] INFO: Finished Test Case: TC_FILE_016 - Status: PASSED (31ms)

[2026-07-22T09:25:38.858Z] INFO: Starting Test Case: TC_FILE_017 - File Upload validation check - Scenario 17 [Priority: HIGH]
[2026-07-22T09:25:38.897Z] INFO: Finished Test Case: TC_FILE_017 - Status: PASSED (39ms)

[2026-07-22T09:25:38.897Z] INFO: Starting Test Case: TC_FILE_018 - File Upload validation check - Scenario 18 [Priority: HIGH]
[2026-07-22T09:25:38.908Z] INFO: Finished Test Case: TC_FILE_018 - Status: PASSED (11ms)

[2026-07-22T09:25:38.908Z] INFO: Starting Test Case: TC_FILE_019 - File Upload validation check - Scenario 19 [Priority: LOW]
[2026-07-22T09:25:38.954Z] INFO: Finished Test Case: TC_FILE_019 - Status: PASSED (46ms)

[2026-07-22T09:25:38.954Z] INFO: Starting Test Case: TC_FILE_020 - File Upload validation check - Scenario 20 [Priority: MEDIUM]
[2026-07-22T09:25:38.977Z] INFO: Finished Test Case: TC_FILE_020 - Status: PASSED (23ms)

[2026-07-22T09:25:38.977Z] INFO: Starting Test Case: TC_A11Y_001 - Accessibility validation check - Scenario 1 [Priority: CRITICAL]
[2026-07-22T09:25:39.003Z] INFO: Finished Test Case: TC_A11Y_001 - Status: PASSED (26ms)

[2026-07-22T09:25:39.003Z] INFO: Starting Test Case: TC_A11Y_002 - Accessibility validation check - Scenario 2 [Priority: HIGH]
[2026-07-22T09:25:39.045Z] INFO: Finished Test Case: TC_A11Y_002 - Status: PASSED (42ms)

[2026-07-22T09:25:39.045Z] INFO: Starting Test Case: TC_A11Y_003 - Accessibility validation check - Scenario 3 [Priority: HIGH]
[2026-07-22T09:25:39.065Z] INFO: Finished Test Case: TC_A11Y_003 - Status: PASSED (20ms)

[2026-07-22T09:25:39.065Z] INFO: Starting Test Case: TC_A11Y_004 - Accessibility validation check - Scenario 4 [Priority: LOW]
[2026-07-22T09:25:39.109Z] INFO: Finished Test Case: TC_A11Y_004 - Status: PASSED (44ms)

[2026-07-22T09:25:39.109Z] INFO: Starting Test Case: TC_A11Y_005 - Accessibility validation check - Scenario 5 [Priority: MEDIUM]
[2026-07-22T09:25:39.130Z] INFO: Finished Test Case: TC_A11Y_005 - Status: PASSED (21ms)

[2026-07-22T09:25:39.130Z] INFO: Starting Test Case: TC_A11Y_006 - Accessibility validation check - Scenario 6 [Priority: CRITICAL]
[2026-07-22T09:25:39.151Z] INFO: Finished Test Case: TC_A11Y_006 - Status: PASSED (21ms)

[2026-07-22T09:25:39.152Z] INFO: Starting Test Case: TC_A11Y_007 - Accessibility validation check - Scenario 7 [Priority: HIGH]
[2026-07-22T09:25:39.196Z] INFO: Finished Test Case: TC_A11Y_007 - Status: PASSED (44ms)

[2026-07-22T09:25:39.196Z] INFO: Starting Test Case: TC_A11Y_008 - Accessibility validation check - Scenario 8 [Priority: HIGH]
[2026-07-22T09:25:39.216Z] INFO: Finished Test Case: TC_A11Y_008 - Status: PASSED (20ms)

[2026-07-22T09:25:39.216Z] INFO: Starting Test Case: TC_A11Y_009 - Accessibility validation check - Scenario 9 [Priority: LOW]
[2026-07-22T09:25:39.228Z] INFO: Finished Test Case: TC_A11Y_009 - Status: PASSED (12ms)

[2026-07-22T09:25:39.229Z] INFO: Starting Test Case: TC_A11Y_010 - Accessibility validation check - Scenario 10 [Priority: MEDIUM]
[2026-07-22T09:25:39.240Z] INFO: Finished Test Case: TC_A11Y_010 - Status: PASSED (11ms)

[2026-07-22T09:25:39.240Z] INFO: Starting Test Case: TC_A11Y_011 - Accessibility validation check - Scenario 11 [Priority: CRITICAL]
[2026-07-22T09:25:39.273Z] INFO: Finished Test Case: TC_A11Y_011 - Status: PASSED (33ms)

[2026-07-22T09:25:39.273Z] INFO: Starting Test Case: TC_A11Y_012 - Accessibility validation check - Scenario 12 [Priority: HIGH]
[2026-07-22T09:25:39.322Z] INFO: Finished Test Case: TC_A11Y_012 - Status: PASSED (49ms)

[2026-07-22T09:25:39.323Z] INFO: Starting Test Case: TC_A11Y_013 - Accessibility validation check - Scenario 13 [Priority: HIGH]
[2026-07-22T09:25:39.340Z] INFO: Finished Test Case: TC_A11Y_013 - Status: PASSED (18ms)

[2026-07-22T09:25:39.340Z] INFO: Starting Test Case: TC_A11Y_014 - Accessibility validation check - Scenario 14 [Priority: LOW]
[2026-07-22T09:25:39.357Z] INFO: Finished Test Case: TC_A11Y_014 - Status: PASSED (17ms)

[2026-07-22T09:25:39.357Z] INFO: Starting Test Case: TC_A11Y_015 - Accessibility validation check - Scenario 15 [Priority: MEDIUM]
[2026-07-22T09:25:39.370Z] INFO: Finished Test Case: TC_A11Y_015 - Status: PASSED (13ms)

[2026-07-22T09:25:39.370Z] INFO: Starting Test Case: TC_A11Y_016 - Accessibility validation check - Scenario 16 [Priority: CRITICAL]
[2026-07-22T09:25:39.415Z] INFO: Finished Test Case: TC_A11Y_016 - Status: PASSED (45ms)

[2026-07-22T09:25:39.415Z] INFO: Starting Test Case: TC_A11Y_017 - Accessibility validation check - Scenario 17 [Priority: HIGH]
[2026-07-22T09:25:39.450Z] INFO: Finished Test Case: TC_A11Y_017 - Status: PASSED (35ms)

[2026-07-22T09:25:39.450Z] INFO: Starting Test Case: TC_A11Y_018 - Accessibility validation check - Scenario 18 [Priority: HIGH]
[2026-07-22T09:25:39.459Z] INFO: Finished Test Case: TC_A11Y_018 - Status: PASSED (9ms)

[2026-07-22T09:25:39.459Z] INFO: Starting Test Case: TC_A11Y_019 - Accessibility validation check - Scenario 19 [Priority: LOW]
[2026-07-22T09:25:39.471Z] INFO: Finished Test Case: TC_A11Y_019 - Status: PASSED (12ms)

[2026-07-22T09:25:39.471Z] INFO: Starting Test Case: TC_A11Y_020 - Accessibility validation check - Scenario 20 [Priority: MEDIUM]
[2026-07-22T09:25:39.506Z] INFO: Finished Test Case: TC_A11Y_020 - Status: PASSED (35ms)

[2026-07-22T09:25:39.506Z] INFO: Starting Test Case: TC_RESPONSIVE_001 - Responsive Design validation check - Scenario 1 [Priority: CRITICAL]
[2026-07-22T09:25:39.541Z] INFO: Finished Test Case: TC_RESPONSIVE_001 - Status: PASSED (35ms)

[2026-07-22T09:25:39.541Z] INFO: Starting Test Case: TC_RESPONSIVE_002 - Responsive Design validation check - Scenario 2 [Priority: HIGH]
[2026-07-22T09:25:39.559Z] INFO: Finished Test Case: TC_RESPONSIVE_002 - Status: PASSED (18ms)

[2026-07-22T09:25:39.559Z] INFO: Starting Test Case: TC_RESPONSIVE_003 - Responsive Design validation check - Scenario 3 [Priority: HIGH]
[2026-07-22T09:25:39.582Z] INFO: Finished Test Case: TC_RESPONSIVE_003 - Status: PASSED (23ms)

[2026-07-22T09:25:39.582Z] INFO: Starting Test Case: TC_RESPONSIVE_004 - Responsive Design validation check - Scenario 4 [Priority: LOW]
[2026-07-22T09:25:39.606Z] INFO: Finished Test Case: TC_RESPONSIVE_004 - Status: PASSED (24ms)

[2026-07-22T09:25:39.606Z] INFO: Starting Test Case: TC_RESPONSIVE_005 - Responsive Design validation check - Scenario 5 [Priority: MEDIUM]
[2026-07-22T09:25:39.651Z] INFO: Finished Test Case: TC_RESPONSIVE_005 - Status: PASSED (45ms)

[2026-07-22T09:25:39.651Z] INFO: Starting Test Case: TC_RESPONSIVE_006 - Responsive Design validation check - Scenario 6 [Priority: CRITICAL]
[2026-07-22T09:25:39.696Z] INFO: Finished Test Case: TC_RESPONSIVE_006 - Status: PASSED (45ms)

[2026-07-22T09:25:39.696Z] INFO: Starting Test Case: TC_RESPONSIVE_007 - Responsive Design validation check - Scenario 7 [Priority: HIGH]
[2026-07-22T09:25:39.740Z] INFO: Finished Test Case: TC_RESPONSIVE_007 - Status: PASSED (44ms)

[2026-07-22T09:25:39.740Z] INFO: Starting Test Case: TC_RESPONSIVE_008 - Responsive Design validation check - Scenario 8 [Priority: HIGH]
[2026-07-22T09:25:39.772Z] INFO: Finished Test Case: TC_RESPONSIVE_008 - Status: PASSED (32ms)

[2026-07-22T09:25:39.772Z] INFO: Starting Test Case: TC_RESPONSIVE_009 - Responsive Design validation check - Scenario 9 [Priority: LOW]
[2026-07-22T09:25:39.821Z] INFO: Finished Test Case: TC_RESPONSIVE_009 - Status: PASSED (49ms)

[2026-07-22T09:25:39.821Z] INFO: Starting Test Case: TC_RESPONSIVE_010 - Responsive Design validation check - Scenario 10 [Priority: MEDIUM]
[2026-07-22T09:25:39.839Z] INFO: Finished Test Case: TC_RESPONSIVE_010 - Status: PASSED (18ms)

[2026-07-22T09:25:39.840Z] INFO: Starting Test Case: TC_RESPONSIVE_011 - Responsive Design validation check - Scenario 11 [Priority: CRITICAL]
[2026-07-22T09:25:39.850Z] INFO: Finished Test Case: TC_RESPONSIVE_011 - Status: PASSED (10ms)

[2026-07-22T09:25:39.850Z] INFO: Starting Test Case: TC_RESPONSIVE_012 - Responsive Design validation check - Scenario 12 [Priority: HIGH]
[2026-07-22T09:25:39.883Z] INFO: Finished Test Case: TC_RESPONSIVE_012 - Status: PASSED (33ms)

[2026-07-22T09:25:39.883Z] INFO: Starting Test Case: TC_RESPONSIVE_013 - Responsive Design validation check - Scenario 13 [Priority: HIGH]
[2026-07-22T09:25:39.910Z] INFO: Finished Test Case: TC_RESPONSIVE_013 - Status: PASSED (27ms)

[2026-07-22T09:25:39.911Z] INFO: Starting Test Case: TC_RESPONSIVE_014 - Responsive Design validation check - Scenario 14 [Priority: LOW]
[2026-07-22T09:25:39.959Z] INFO: Finished Test Case: TC_RESPONSIVE_014 - Status: PASSED (48ms)

[2026-07-22T09:25:39.959Z] INFO: Starting Test Case: TC_RESPONSIVE_015 - Responsive Design validation check - Scenario 15 [Priority: MEDIUM]
[2026-07-22T09:25:39.986Z] INFO: Finished Test Case: TC_RESPONSIVE_015 - Status: PASSED (27ms)

[2026-07-22T09:25:39.986Z] INFO: Starting Test Case: TC_RESPONSIVE_016 - Responsive Design validation check - Scenario 16 [Priority: CRITICAL]
[2026-07-22T09:25:40.034Z] INFO: Finished Test Case: TC_RESPONSIVE_016 - Status: PASSED (48ms)

[2026-07-22T09:25:40.034Z] INFO: Starting Test Case: TC_RESPONSIVE_017 - Responsive Design validation check - Scenario 17 [Priority: HIGH]
[2026-07-22T09:25:40.051Z] INFO: Finished Test Case: TC_RESPONSIVE_017 - Status: PASSED (17ms)

[2026-07-22T09:25:40.051Z] INFO: Starting Test Case: TC_RESPONSIVE_018 - Responsive Design validation check - Scenario 18 [Priority: HIGH]
[2026-07-22T09:25:40.095Z] INFO: Finished Test Case: TC_RESPONSIVE_018 - Status: PASSED (44ms)

[2026-07-22T09:25:40.095Z] INFO: Starting Test Case: TC_RESPONSIVE_019 - Responsive Design validation check - Scenario 19 [Priority: LOW]
[2026-07-22T09:25:40.121Z] INFO: Finished Test Case: TC_RESPONSIVE_019 - Status: PASSED (26ms)

[2026-07-22T09:25:40.121Z] INFO: Starting Test Case: TC_RESPONSIVE_020 - Responsive Design validation check - Scenario 20 [Priority: MEDIUM]
[2026-07-22T09:25:40.167Z] INFO: Finished Test Case: TC_RESPONSIVE_020 - Status: PASSED (46ms)

[2026-07-22T09:25:40.167Z] INFO: Starting Test Case: TC_PERF_001 - Performance Smoke validation check - Scenario 1 [Priority: CRITICAL]
[2026-07-22T09:25:40.185Z] INFO: Finished Test Case: TC_PERF_001 - Status: PASSED (18ms)

[2026-07-22T09:25:40.185Z] INFO: Starting Test Case: TC_PERF_002 - Performance Smoke validation check - Scenario 2 [Priority: HIGH]
[2026-07-22T09:25:40.221Z] INFO: Finished Test Case: TC_PERF_002 - Status: PASSED (36ms)

[2026-07-22T09:25:40.222Z] INFO: Starting Test Case: TC_PERF_003 - Performance Smoke validation check - Scenario 3 [Priority: HIGH]
[2026-07-22T09:25:40.241Z] INFO: Finished Test Case: TC_PERF_003 - Status: PASSED (20ms)

[2026-07-22T09:25:40.241Z] INFO: Starting Test Case: TC_PERF_004 - Performance Smoke validation check - Scenario 4 [Priority: LOW]
[2026-07-22T09:25:40.246Z] INFO: Finished Test Case: TC_PERF_004 - Status: PASSED (5ms)

[2026-07-22T09:25:40.246Z] INFO: Starting Test Case: TC_PERF_005 - Performance Smoke validation check - Scenario 5 [Priority: MEDIUM]
[2026-07-22T09:25:40.264Z] INFO: Finished Test Case: TC_PERF_005 - Status: PASSED (18ms)

[2026-07-22T09:25:40.265Z] INFO: Starting Test Case: TC_PERF_006 - Performance Smoke validation check - Scenario 6 [Priority: CRITICAL]
[2026-07-22T09:25:40.314Z] INFO: Finished Test Case: TC_PERF_006 - Status: PASSED (50ms)

[2026-07-22T09:25:40.314Z] INFO: Starting Test Case: TC_PERF_007 - Performance Smoke validation check - Scenario 7 [Priority: HIGH]
[2026-07-22T09:25:40.355Z] INFO: Finished Test Case: TC_PERF_007 - Status: PASSED (41ms)

[2026-07-22T09:25:40.355Z] INFO: Starting Test Case: TC_PERF_008 - Performance Smoke validation check - Scenario 8 [Priority: HIGH]
[2026-07-22T09:25:40.371Z] INFO: Finished Test Case: TC_PERF_008 - Status: PASSED (16ms)

[2026-07-22T09:25:40.372Z] INFO: Starting Test Case: TC_PERF_009 - Performance Smoke validation check - Scenario 9 [Priority: LOW]
[2026-07-22T09:25:40.407Z] INFO: Finished Test Case: TC_PERF_009 - Status: PASSED (36ms)

[2026-07-22T09:25:40.407Z] INFO: Starting Test Case: TC_PERF_010 - Performance Smoke validation check - Scenario 10 [Priority: MEDIUM]
[2026-07-22T09:25:40.416Z] INFO: Finished Test Case: TC_PERF_010 - Status: PASSED (9ms)

[2026-07-22T09:25:40.416Z] INFO: Starting Test Case: TC_PERF_011 - Performance Smoke validation check - Scenario 11 [Priority: CRITICAL]
[2026-07-22T09:25:40.438Z] INFO: Finished Test Case: TC_PERF_011 - Status: PASSED (22ms)

[2026-07-22T09:25:40.439Z] INFO: Starting Test Case: TC_PERF_012 - Performance Smoke validation check - Scenario 12 [Priority: HIGH]
[2026-07-22T09:25:40.477Z] INFO: Finished Test Case: TC_PERF_012 - Status: PASSED (39ms)

[2026-07-22T09:25:40.477Z] INFO: Starting Test Case: TC_PERF_013 - Performance Smoke validation check - Scenario 13 [Priority: HIGH]
[2026-07-22T09:25:40.484Z] INFO: Finished Test Case: TC_PERF_013 - Status: PASSED (7ms)

[2026-07-22T09:25:40.484Z] INFO: Starting Test Case: TC_PERF_014 - Performance Smoke validation check - Scenario 14 [Priority: LOW]
[2026-07-22T09:25:40.503Z] INFO: Finished Test Case: TC_PERF_014 - Status: PASSED (19ms)

[2026-07-22T09:25:40.503Z] INFO: Starting Test Case: TC_PERF_015 - Performance Smoke validation check - Scenario 15 [Priority: MEDIUM]
[2026-07-22T09:25:40.545Z] INFO: Finished Test Case: TC_PERF_015 - Status: PASSED (42ms)

[2026-07-22T09:25:40.545Z] INFO: Starting Test Case: TC_PERF_016 - Performance Smoke validation check - Scenario 16 [Priority: CRITICAL]
[2026-07-22T09:25:40.589Z] INFO: Finished Test Case: TC_PERF_016 - Status: PASSED (44ms)

[2026-07-22T09:25:40.589Z] INFO: Starting Test Case: TC_PERF_017 - Performance Smoke validation check - Scenario 17 [Priority: HIGH]
[2026-07-22T09:25:40.627Z] INFO: Finished Test Case: TC_PERF_017 - Status: PASSED (38ms)

[2026-07-22T09:25:40.627Z] INFO: Starting Test Case: TC_PERF_018 - Performance Smoke validation check - Scenario 18 [Priority: HIGH]
[2026-07-22T09:25:40.642Z] INFO: Finished Test Case: TC_PERF_018 - Status: PASSED (15ms)

[2026-07-22T09:25:40.642Z] INFO: Starting Test Case: TC_PERF_019 - Performance Smoke validation check - Scenario 19 [Priority: LOW]
[2026-07-22T09:25:40.675Z] INFO: Finished Test Case: TC_PERF_019 - Status: PASSED (33ms)

[2026-07-22T09:25:40.675Z] INFO: Starting Test Case: TC_PERF_020 - Performance Smoke validation check - Scenario 20 [Priority: MEDIUM]
[2026-07-22T09:25:40.711Z] INFO: Finished Test Case: TC_PERF_020 - Status: PASSED (36ms)

[2026-07-22T09:25:40.711Z] INFO: Starting Test Case: TC_REGR_001 - Regression validation check - Scenario 1 [Priority: CRITICAL]
[2026-07-22T09:25:40.747Z] INFO: Finished Test Case: TC_REGR_001 - Status: PASSED (36ms)

[2026-07-22T09:25:40.747Z] INFO: Starting Test Case: TC_REGR_002 - Regression validation check - Scenario 2 [Priority: HIGH]
[2026-07-22T09:25:40.781Z] INFO: Finished Test Case: TC_REGR_002 - Status: PASSED (34ms)

[2026-07-22T09:25:40.781Z] INFO: Starting Test Case: TC_REGR_003 - Regression validation check - Scenario 3 [Priority: HIGH]
[2026-07-22T09:25:40.801Z] INFO: Finished Test Case: TC_REGR_003 - Status: PASSED (20ms)

[2026-07-22T09:25:40.801Z] INFO: Starting Test Case: TC_REGR_004 - Regression validation check - Scenario 4 [Priority: LOW]
[2026-07-22T09:25:40.822Z] INFO: Finished Test Case: TC_REGR_004 - Status: PASSED (21ms)

[2026-07-22T09:25:40.822Z] INFO: Starting Test Case: TC_REGR_005 - Regression validation check - Scenario 5 [Priority: MEDIUM]
[2026-07-22T09:25:40.866Z] INFO: Finished Test Case: TC_REGR_005 - Status: PASSED (44ms)

[2026-07-22T09:25:40.866Z] INFO: Starting Test Case: TC_REGR_006 - Regression validation check - Scenario 6 [Priority: CRITICAL]
[2026-07-22T09:25:40.896Z] INFO: Finished Test Case: TC_REGR_006 - Status: PASSED (30ms)

[2026-07-22T09:25:40.896Z] INFO: Starting Test Case: TC_REGR_007 - Regression validation check - Scenario 7 [Priority: HIGH]
[2026-07-22T09:25:40.919Z] INFO: Finished Test Case: TC_REGR_007 - Status: PASSED (23ms)

[2026-07-22T09:25:40.919Z] INFO: Starting Test Case: TC_REGR_008 - Regression validation check - Scenario 8 [Priority: HIGH]
[2026-07-22T09:25:40.957Z] INFO: Finished Test Case: TC_REGR_008 - Status: PASSED (38ms)

[2026-07-22T09:25:40.957Z] INFO: Starting Test Case: TC_REGR_009 - Regression validation check - Scenario 9 [Priority: LOW]
[2026-07-22T09:25:40.981Z] INFO: Finished Test Case: TC_REGR_009 - Status: PASSED (24ms)

[2026-07-22T09:25:40.982Z] INFO: Starting Test Case: TC_REGR_010 - Regression validation check - Scenario 10 [Priority: MEDIUM]
[2026-07-22T09:25:40.991Z] INFO: Finished Test Case: TC_REGR_010 - Status: PASSED (10ms)

[2026-07-22T09:25:40.991Z] INFO: Starting Test Case: TC_REGR_011 - Regression validation check - Scenario 11 [Priority: CRITICAL]
[2026-07-22T09:25:40.999Z] INFO: Finished Test Case: TC_REGR_011 - Status: PASSED (8ms)

[2026-07-22T09:25:40.999Z] INFO: Starting Test Case: TC_REGR_012 - Regression validation check - Scenario 12 [Priority: HIGH]
[2026-07-22T09:25:41.029Z] INFO: Finished Test Case: TC_REGR_012 - Status: PASSED (30ms)

[2026-07-22T09:25:41.030Z] INFO: Starting Test Case: TC_REGR_013 - Regression validation check - Scenario 13 [Priority: HIGH]
[2026-07-22T09:25:41.079Z] INFO: Finished Test Case: TC_REGR_013 - Status: PASSED (49ms)

[2026-07-22T09:25:41.079Z] INFO: Starting Test Case: TC_REGR_014 - Regression validation check - Scenario 14 [Priority: LOW]
[2026-07-22T09:25:41.105Z] INFO: Finished Test Case: TC_REGR_014 - Status: PASSED (26ms)

[2026-07-22T09:25:41.105Z] INFO: Starting Test Case: TC_REGR_015 - Regression validation check - Scenario 15 [Priority: MEDIUM]
[2026-07-22T09:25:41.110Z] INFO: Finished Test Case: TC_REGR_015 - Status: PASSED (5ms)

[2026-07-22T09:25:41.111Z] INFO: Starting Test Case: TC_REGR_016 - Regression validation check - Scenario 16 [Priority: CRITICAL]
[2026-07-22T09:25:41.157Z] INFO: Finished Test Case: TC_REGR_016 - Status: PASSED (46ms)

[2026-07-22T09:25:41.157Z] INFO: Starting Test Case: TC_REGR_017 - Regression validation check - Scenario 17 [Priority: HIGH]
[2026-07-22T09:25:41.165Z] INFO: Finished Test Case: TC_REGR_017 - Status: PASSED (8ms)

[2026-07-22T09:25:41.165Z] INFO: Starting Test Case: TC_REGR_018 - Regression validation check - Scenario 18 [Priority: HIGH]
[2026-07-22T09:25:41.214Z] INFO: Finished Test Case: TC_REGR_018 - Status: PASSED (49ms)

[2026-07-22T09:25:41.214Z] INFO: Starting Test Case: TC_REGR_019 - Regression validation check - Scenario 19 [Priority: LOW]
[2026-07-22T09:25:41.247Z] INFO: Finished Test Case: TC_REGR_019 - Status: PASSED (33ms)

[2026-07-22T09:25:41.247Z] INFO: Starting Test Case: TC_REGR_020 - Regression validation check - Scenario 20 [Priority: MEDIUM]
[2026-07-22T09:25:41.259Z] INFO: Finished Test Case: TC_REGR_020 - Status: PASSED (12ms)

[2026-07-22T09:25:41.259Z] INFO: Starting Test Case: TC_REGR_021 - Regression validation check - Scenario 21 [Priority: CRITICAL]
[2026-07-22T09:25:41.276Z] INFO: Finished Test Case: TC_REGR_021 - Status: PASSED (17ms)

[2026-07-22T09:25:41.276Z] INFO: Starting Test Case: TC_REGR_022 - Regression validation check - Scenario 22 [Priority: HIGH]
[2026-07-22T09:25:41.306Z] INFO: Finished Test Case: TC_REGR_022 - Status: PASSED (30ms)

[2026-07-22T09:25:41.306Z] INFO: Starting Test Case: TC_REGR_023 - Regression validation check - Scenario 23 [Priority: HIGH]
[2026-07-22T09:25:41.354Z] INFO: Finished Test Case: TC_REGR_023 - Status: PASSED (48ms)

[2026-07-22T09:25:41.354Z] INFO: Starting Test Case: TC_REGR_024 - Regression validation check - Scenario 24 [Priority: LOW]
[2026-07-22T09:25:41.364Z] INFO: Finished Test Case: TC_REGR_024 - Status: PASSED (10ms)

[2026-07-22T09:25:41.365Z] INFO: Starting Test Case: TC_REGR_025 - Regression validation check - Scenario 25 [Priority: MEDIUM]
[2026-07-22T09:25:41.379Z] INFO: Finished Test Case: TC_REGR_025 - Status: PASSED (15ms)

[2026-07-22T09:25:41.379Z] INFO: Starting Test Case: TC_REGR_026 - Regression validation check - Scenario 26 [Priority: CRITICAL]
[2026-07-22T09:25:41.410Z] INFO: Finished Test Case: TC_REGR_026 - Status: PASSED (31ms)

[2026-07-22T09:25:41.410Z] INFO: Starting Test Case: TC_REGR_027 - Regression validation check - Scenario 27 [Priority: HIGH]
[2026-07-22T09:25:41.423Z] INFO: Finished Test Case: TC_REGR_027 - Status: PASSED (13ms)

[2026-07-22T09:25:41.423Z] INFO: Starting Test Case: TC_REGR_028 - Regression validation check - Scenario 28 [Priority: HIGH]
[2026-07-22T09:25:41.468Z] INFO: Finished Test Case: TC_REGR_028 - Status: PASSED (45ms)

[2026-07-22T09:25:41.468Z] INFO: Starting Test Case: TC_REGR_029 - Regression validation check - Scenario 29 [Priority: LOW]
[2026-07-22T09:25:41.515Z] INFO: Finished Test Case: TC_REGR_029 - Status: PASSED (47ms)

[2026-07-22T09:25:41.515Z] INFO: Starting Test Case: TC_REGR_030 - Regression validation check - Scenario 30 [Priority: MEDIUM]
[2026-07-22T09:25:41.545Z] INFO: Finished Test Case: TC_REGR_030 - Status: PASSED (30ms)

[2026-07-22T09:25:41.545Z] INFO: Starting Test Case: TC_REGR_031 - Regression validation check - Scenario 31 [Priority: CRITICAL]
[2026-07-22T09:25:41.577Z] INFO: Finished Test Case: TC_REGR_031 - Status: PASSED (32ms)

[2026-07-22T09:25:41.577Z] INFO: Starting Test Case: TC_REGR_032 - Regression validation check - Scenario 32 [Priority: HIGH]
[2026-07-22T09:25:41.608Z] INFO: Finished Test Case: TC_REGR_032 - Status: PASSED (31ms)

[2026-07-22T09:25:41.608Z] INFO: Starting Test Case: TC_REGR_033 - Regression validation check - Scenario 33 [Priority: HIGH]
[2026-07-22T09:25:41.629Z] INFO: Finished Test Case: TC_REGR_033 - Status: PASSED (21ms)

[2026-07-22T09:25:41.629Z] INFO: Starting Test Case: TC_REGR_034 - Regression validation check - Scenario 34 [Priority: LOW]
[2026-07-22T09:25:41.669Z] INFO: Finished Test Case: TC_REGR_034 - Status: PASSED (40ms)

[2026-07-22T09:25:41.669Z] INFO: Starting Test Case: TC_REGR_035 - Regression validation check - Scenario 35 [Priority: MEDIUM]
[2026-07-22T09:25:41.682Z] INFO: Finished Test Case: TC_REGR_035 - Status: PASSED (13ms)

[2026-07-22T09:25:41.682Z] INFO: Starting Test Case: TC_REGR_036 - Regression validation check - Scenario 36 [Priority: CRITICAL]
[2026-07-22T09:25:41.699Z] INFO: Finished Test Case: TC_REGR_036 - Status: PASSED (17ms)

[2026-07-22T09:25:41.699Z] INFO: Starting Test Case: TC_REGR_037 - Regression validation check - Scenario 37 [Priority: HIGH]
[2026-07-22T09:25:41.749Z] INFO: Finished Test Case: TC_REGR_037 - Status: PASSED (50ms)

[2026-07-22T09:25:41.749Z] INFO: Starting Test Case: TC_REGR_038 - Regression validation check - Scenario 38 [Priority: HIGH]
[2026-07-22T09:25:41.786Z] INFO: Finished Test Case: TC_REGR_038 - Status: PASSED (37ms)

[2026-07-22T09:25:41.786Z] INFO: Starting Test Case: TC_REGR_039 - Regression validation check - Scenario 39 [Priority: LOW]
[2026-07-22T09:25:41.803Z] INFO: Finished Test Case: TC_REGR_039 - Status: PASSED (17ms)

[2026-07-22T09:25:41.803Z] INFO: Starting Test Case: TC_REGR_040 - Regression validation check - Scenario 40 [Priority: MEDIUM]
[2026-07-22T09:25:41.839Z] INFO: Finished Test Case: TC_REGR_040 - Status: PASSED (36ms)

[2026-07-22T09:25:41.839Z] INFO: Starting Test Case: TC_REGR_041 - Regression validation check - Scenario 41 [Priority: CRITICAL]
[2026-07-22T09:25:41.869Z] INFO: Finished Test Case: TC_REGR_041 - Status: PASSED (30ms)

[2026-07-22T09:25:41.869Z] INFO: Starting Test Case: TC_REGR_042 - Regression validation check - Scenario 42 [Priority: HIGH]
[2026-07-22T09:25:41.884Z] INFO: Finished Test Case: TC_REGR_042 - Status: PASSED (15ms)

[2026-07-22T09:25:41.884Z] INFO: Starting Test Case: TC_REGR_043 - Regression validation check - Scenario 43 [Priority: HIGH]
[2026-07-22T09:25:41.924Z] INFO: Finished Test Case: TC_REGR_043 - Status: PASSED (40ms)

[2026-07-22T09:25:41.924Z] INFO: Starting Test Case: TC_REGR_044 - Regression validation check - Scenario 44 [Priority: LOW]
[2026-07-22T09:25:41.955Z] INFO: Finished Test Case: TC_REGR_044 - Status: PASSED (31ms)

[2026-07-22T09:25:41.955Z] INFO: Starting Test Case: TC_REGR_045 - Regression validation check - Scenario 45 [Priority: MEDIUM]
[2026-07-22T09:25:41.993Z] INFO: Finished Test Case: TC_REGR_045 - Status: PASSED (38ms)

[2026-07-22T09:25:41.993Z] INFO: Starting Test Case: TC_REGR_046 - Regression validation check - Scenario 46 [Priority: CRITICAL]
[2026-07-22T09:25:42.001Z] INFO: Finished Test Case: TC_REGR_046 - Status: PASSED (8ms)

[2026-07-22T09:25:42.001Z] INFO: Starting Test Case: TC_REGR_047 - Regression validation check - Scenario 47 [Priority: HIGH]
[2026-07-22T09:25:42.036Z] INFO: Finished Test Case: TC_REGR_047 - Status: PASSED (35ms)

[2026-07-22T09:25:42.036Z] INFO: Starting Test Case: TC_REGR_048 - Regression validation check - Scenario 48 [Priority: HIGH]
[2026-07-22T09:25:42.076Z] INFO: Finished Test Case: TC_REGR_048 - Status: PASSED (40ms)

[2026-07-22T09:25:42.076Z] INFO: Starting Test Case: TC_REGR_049 - Regression validation check - Scenario 49 [Priority: LOW]
[2026-07-22T09:25:42.104Z] INFO: Finished Test Case: TC_REGR_049 - Status: PASSED (28ms)

[2026-07-22T09:25:42.104Z] INFO: Starting Test Case: TC_REGR_050 - Regression validation check - Scenario 50 [Priority: MEDIUM]
[2026-07-22T09:25:42.113Z] INFO: Finished Test Case: TC_REGR_050 - Status: PASSED (9ms)

[2026-07-22T09:25:42.113Z] INFO: Closing Chrome driver session...
[2026-07-22T09:25:42.117Z] INFO: Browser logs saved successfully to: /home/runner/work/pddtesting/pddtesting/automation/reports/Logs/browser-console.log
[2026-07-22T09:25:42.172Z] INFO: Session closed.
[2026-07-22T09:25:42.172Z] INFO: E2E suite execution finished. Total duration: 43.94s
[2026-07-22T09:25:42.172Z] INFO: Generating Excel automation reports...
[2026-07-22T09:25:42.387Z] INFO: Master Excel report written to: /home/runner/work/pddtesting/pddtesting/automation/reports/Excel/Automation_Test_Report.xlsx
[2026-07-22T09:25:42.497Z] INFO: Excel report generation completed successfully!
[2026-07-22T09:25:42.497Z] INFO: Generating HTML automation reports...
[2026-07-22T09:25:42.503Z] INFO: HTML Reports successfully written to: /home/runner/work/pddtesting/pddtesting/automation/reports/HTML
[2026-07-22T09:25:42.505Z] INFO: JSON report generated at: /home/runner/work/pddtesting/pddtesting/automation/reports/JSON/execution-results.json
[2026-07-22T09:25:42.506Z] INFO: Markdown step summary generated at: /home/runner/work/pddtesting/pddtesting/automation/reports/Summary/summary.md
[2026-07-22T09:25:42.506Z] INFO: Final Metrics -> Total: 470, Passed: 467, Pass Rate: 99.36%
[2026-07-22T09:25:42.506Z] INFO: Critical Tests -> Total: 95, Failed: 1, Critical Fail Rate: 1.05%
[2026-07-22T09:25:42.506Z] INFO: Execution Passed: All criteria (Pass Rate >= 95% and Critical Fail Rate <= 5%) met successfully!
