[2026-07-23T09:51:05.586Z] INFO: Connecting to Headless Chrome and opening https://karthik17-17.github.io/pddtesting/...
[2026-07-23T09:51:08.581Z] INFO: Headless Chrome session initialized successfully!
[2026-07-23T09:51:08.812Z] INFO: Navigated to: https://karthik17-17.github.io/pddtesting/
[2026-07-23T09:51:08.812Z] INFO: Starting Test Case: TC_AUTH_001 - Valid Login [Priority: CRITICAL]
[2026-07-23T09:51:08.812Z] INFO: Running E2E: Valid Login...
[2026-07-23T09:51:08.813Z] INFO: Typing "******************" into: Email Input (#login-email)
[2026-07-23T09:51:09.105Z] INFO: Typing "***********" into: Password Input (#login-password)
[2026-07-23T09:51:09.215Z] INFO: Tapping on element: Login Button (#login-submit)
[2026-07-23T09:51:09.308Z] INFO: Pausing for 2000ms
[2026-07-23T09:51:11.310Z] INFO: Checking display status of: Dashboard Header (h1=NeuroStay AI)
[2026-07-23T09:51:11.330Z] INFO: Finished Test Case: TC_AUTH_001 - Status: PASSED (2518ms)

[2026-07-23T09:51:11.330Z] INFO: Starting Test Case: TC_AUTH_002 - Logout [Priority: CRITICAL]
[2026-07-23T09:51:11.330Z] INFO: Running E2E: Logout...
[2026-07-23T09:51:11.330Z] INFO: Tapping on element: Profile Tab (a[href$="/profile"])
[2026-07-23T09:51:16.344Z] ERROR: Failure during real E2E execution of TC_AUTH_002: element ("a[href$="/profile"]") still not displayed after 5000ms
[2026-07-23T09:51:16.345Z] INFO: Finished Test Case: TC_AUTH_002 - Status: FAILED (5015ms)

[2026-07-23T09:51:16.346Z] INFO: Starting Test Case: TC_AUTH_003 - Authentication validation check - Scenario 3 [Priority: HIGH]
[2026-07-23T09:51:16.364Z] INFO: Finished Test Case: TC_AUTH_003 - Status: PASSED (18ms)

[2026-07-23T09:51:16.364Z] INFO: Starting Test Case: TC_AUTH_004 - Authentication validation check - Scenario 4 [Priority: LOW]
[2026-07-23T09:51:16.398Z] INFO: Finished Test Case: TC_AUTH_004 - Status: PASSED (34ms)

[2026-07-23T09:51:16.398Z] INFO: Starting Test Case: TC_AUTH_005 - Authentication validation check - Scenario 5 [Priority: MEDIUM]
[2026-07-23T09:51:16.414Z] INFO: Finished Test Case: TC_AUTH_005 - Status: PASSED (16ms)

[2026-07-23T09:51:16.414Z] INFO: Starting Test Case: TC_AUTH_006 - Authentication validation check - Scenario 6 [Priority: CRITICAL]
[2026-07-23T09:51:16.439Z] INFO: Finished Test Case: TC_AUTH_006 - Status: PASSED (25ms)

[2026-07-23T09:51:16.439Z] INFO: Starting Test Case: TC_AUTH_007 - Authentication validation check - Scenario 7 [Priority: HIGH]
[2026-07-23T09:51:16.459Z] INFO: Finished Test Case: TC_AUTH_007 - Status: PASSED (20ms)

[2026-07-23T09:51:16.459Z] INFO: Starting Test Case: TC_AUTH_008 - Authentication validation check - Scenario 8 [Priority: HIGH]
[2026-07-23T09:51:16.479Z] INFO: Finished Test Case: TC_AUTH_008 - Status: PASSED (20ms)

[2026-07-23T09:51:16.479Z] INFO: Starting Test Case: TC_AUTH_009 - Authentication validation check - Scenario 9 [Priority: LOW]
[2026-07-23T09:51:16.523Z] INFO: Finished Test Case: TC_AUTH_009 - Status: PASSED (44ms)

[2026-07-23T09:51:16.523Z] INFO: Starting Test Case: TC_AUTH_010 - Authentication validation check - Scenario 10 [Priority: MEDIUM]
[2026-07-23T09:51:16.523Z] INFO: Running E2E: Invalid OTP...
[2026-07-23T09:51:16.523Z] INFO: Finished Test Case: TC_AUTH_010 - Status: PASSED (0ms)

[2026-07-23T09:51:16.523Z] INFO: Starting Test Case: TC_AUTH_011 - Authentication validation check - Scenario 11 [Priority: CRITICAL]
[2026-07-23T09:51:16.556Z] INFO: Finished Test Case: TC_AUTH_011 - Status: PASSED (33ms)

[2026-07-23T09:51:16.556Z] INFO: Starting Test Case: TC_AUTH_012 - Authentication validation check - Scenario 12 [Priority: HIGH]
[2026-07-23T09:51:16.596Z] INFO: Finished Test Case: TC_AUTH_012 - Status: PASSED (40ms)

[2026-07-23T09:51:16.597Z] INFO: Starting Test Case: TC_AUTH_013 - Authentication validation check - Scenario 13 [Priority: HIGH]
[2026-07-23T09:51:16.605Z] INFO: Finished Test Case: TC_AUTH_013 - Status: PASSED (8ms)

[2026-07-23T09:51:16.605Z] INFO: Starting Test Case: TC_AUTH_014 - Authentication validation check - Scenario 14 [Priority: LOW]
[2026-07-23T09:51:16.623Z] INFO: Finished Test Case: TC_AUTH_014 - Status: PASSED (18ms)

[2026-07-23T09:51:16.623Z] INFO: Starting Test Case: TC_AUTH_015 - Authentication validation check - Scenario 15 [Priority: MEDIUM]
[2026-07-23T09:51:16.640Z] INFO: Finished Test Case: TC_AUTH_015 - Status: PASSED (17ms)

[2026-07-23T09:51:16.640Z] INFO: Starting Test Case: TC_AUTH_016 - Authentication validation check - Scenario 16 [Priority: CRITICAL]
[2026-07-23T09:51:16.682Z] INFO: Finished Test Case: TC_AUTH_016 - Status: PASSED (42ms)

[2026-07-23T09:51:16.682Z] INFO: Starting Test Case: TC_AUTH_017 - Authentication validation check - Scenario 17 [Priority: HIGH]
[2026-07-23T09:51:16.717Z] INFO: Finished Test Case: TC_AUTH_017 - Status: PASSED (35ms)

[2026-07-23T09:51:16.718Z] INFO: Starting Test Case: TC_AUTH_018 - Authentication validation check - Scenario 18 [Priority: HIGH]
[2026-07-23T09:51:16.736Z] INFO: Finished Test Case: TC_AUTH_018 - Status: PASSED (19ms)

[2026-07-23T09:51:16.736Z] INFO: Starting Test Case: TC_AUTH_019 - Authentication validation check - Scenario 19 [Priority: LOW]
[2026-07-23T09:51:16.770Z] INFO: Finished Test Case: TC_AUTH_019 - Status: PASSED (34ms)

[2026-07-23T09:51:16.770Z] INFO: Starting Test Case: TC_AUTH_020 - Authentication validation check - Scenario 20 [Priority: MEDIUM]
[2026-07-23T09:51:16.804Z] INFO: Finished Test Case: TC_AUTH_020 - Status: PASSED (34ms)

[2026-07-23T09:51:16.804Z] INFO: Starting Test Case: TC_AUTH_021 - Authentication validation check - Scenario 21 [Priority: CRITICAL]
[2026-07-23T09:51:16.851Z] INFO: Finished Test Case: TC_AUTH_021 - Status: PASSED (47ms)

[2026-07-23T09:51:16.851Z] INFO: Starting Test Case: TC_AUTH_022 - Authentication validation check - Scenario 22 [Priority: HIGH]
[2026-07-23T09:51:16.876Z] INFO: Finished Test Case: TC_AUTH_022 - Status: PASSED (25ms)

[2026-07-23T09:51:16.877Z] INFO: Starting Test Case: TC_AUTH_023 - Authentication validation check - Scenario 23 [Priority: HIGH]
[2026-07-23T09:51:16.892Z] INFO: Finished Test Case: TC_AUTH_023 - Status: PASSED (16ms)

[2026-07-23T09:51:16.892Z] INFO: Starting Test Case: TC_AUTH_024 - Authentication validation check - Scenario 24 [Priority: LOW]
[2026-07-23T09:51:16.917Z] INFO: Finished Test Case: TC_AUTH_024 - Status: PASSED (25ms)

[2026-07-23T09:51:16.917Z] INFO: Starting Test Case: TC_AUTH_025 - Authentication validation check - Scenario 25 [Priority: MEDIUM]
[2026-07-23T09:51:16.941Z] INFO: Finished Test Case: TC_AUTH_025 - Status: PASSED (24ms)

[2026-07-23T09:51:16.942Z] INFO: Starting Test Case: TC_AUTH_026 - Authentication validation check - Scenario 26 [Priority: CRITICAL]
[2026-07-23T09:51:16.980Z] INFO: Finished Test Case: TC_AUTH_026 - Status: PASSED (38ms)

[2026-07-23T09:51:16.980Z] INFO: Starting Test Case: TC_AUTH_027 - Authentication validation check - Scenario 27 [Priority: HIGH]
[2026-07-23T09:51:16.986Z] INFO: Finished Test Case: TC_AUTH_027 - Status: PASSED (6ms)

[2026-07-23T09:51:16.986Z] INFO: Starting Test Case: TC_AUTH_028 - Authentication validation check - Scenario 28 [Priority: HIGH]
[2026-07-23T09:51:17.027Z] INFO: Finished Test Case: TC_AUTH_028 - Status: PASSED (40ms)

[2026-07-23T09:51:17.027Z] INFO: Starting Test Case: TC_AUTH_029 - Authentication validation check - Scenario 29 [Priority: LOW]
[2026-07-23T09:51:17.044Z] INFO: Finished Test Case: TC_AUTH_029 - Status: PASSED (17ms)

[2026-07-23T09:51:17.044Z] INFO: Starting Test Case: TC_AUTH_030 - Authentication validation check - Scenario 30 [Priority: MEDIUM]
[2026-07-23T09:51:17.053Z] INFO: Finished Test Case: TC_AUTH_030 - Status: PASSED (9ms)

[2026-07-23T09:51:17.053Z] INFO: Starting Test Case: TC_AUTH_031 - Authentication validation check - Scenario 31 [Priority: CRITICAL]
[2026-07-23T09:51:17.086Z] INFO: Finished Test Case: TC_AUTH_031 - Status: PASSED (33ms)

[2026-07-23T09:51:17.086Z] INFO: Starting Test Case: TC_AUTH_032 - Authentication validation check - Scenario 32 [Priority: HIGH]
[2026-07-23T09:51:17.102Z] INFO: Finished Test Case: TC_AUTH_032 - Status: PASSED (16ms)

[2026-07-23T09:51:17.102Z] INFO: Starting Test Case: TC_AUTH_033 - Authentication validation check - Scenario 33 [Priority: HIGH]
[2026-07-23T09:51:17.119Z] INFO: Finished Test Case: TC_AUTH_033 - Status: PASSED (17ms)

[2026-07-23T09:51:17.120Z] INFO: Starting Test Case: TC_AUTH_034 - Authentication validation check - Scenario 34 [Priority: LOW]
[2026-07-23T09:51:17.146Z] INFO: Finished Test Case: TC_AUTH_034 - Status: PASSED (27ms)

[2026-07-23T09:51:17.146Z] INFO: Starting Test Case: TC_AUTH_035 - Authentication validation check - Scenario 35 [Priority: MEDIUM]
[2026-07-23T09:51:17.193Z] INFO: Finished Test Case: TC_AUTH_035 - Status: PASSED (47ms)

[2026-07-23T09:51:17.193Z] INFO: Starting Test Case: TC_AUTH_036 - Authentication validation check - Scenario 36 [Priority: CRITICAL]
[2026-07-23T09:51:17.199Z] INFO: Finished Test Case: TC_AUTH_036 - Status: PASSED (6ms)

[2026-07-23T09:51:17.199Z] INFO: Starting Test Case: TC_AUTH_037 - Authentication validation check - Scenario 37 [Priority: HIGH]
[2026-07-23T09:51:17.238Z] INFO: Finished Test Case: TC_AUTH_037 - Status: PASSED (39ms)

[2026-07-23T09:51:17.238Z] INFO: Starting Test Case: TC_AUTH_038 - Authentication validation check - Scenario 38 [Priority: HIGH]
[2026-07-23T09:51:17.280Z] INFO: Finished Test Case: TC_AUTH_038 - Status: PASSED (42ms)

[2026-07-23T09:51:17.281Z] INFO: Starting Test Case: TC_AUTH_039 - Authentication validation check - Scenario 39 [Priority: LOW]
[2026-07-23T09:51:17.300Z] INFO: Finished Test Case: TC_AUTH_039 - Status: PASSED (19ms)

[2026-07-23T09:51:17.300Z] INFO: Starting Test Case: TC_AUTH_040 - Authentication validation check - Scenario 40 [Priority: MEDIUM]
[2026-07-23T09:51:17.348Z] INFO: Finished Test Case: TC_AUTH_040 - Status: PASSED (48ms)

[2026-07-23T09:51:17.348Z] INFO: Starting Test Case: TC_AZ_001 - Authorization validation check - Scenario 1 [Priority: CRITICAL]
[2026-07-23T09:51:17.371Z] INFO: Finished Test Case: TC_AZ_001 - Status: PASSED (23ms)

[2026-07-23T09:51:17.371Z] INFO: Starting Test Case: TC_AZ_002 - Authorization validation check - Scenario 2 [Priority: HIGH]
[2026-07-23T09:51:17.418Z] INFO: Finished Test Case: TC_AZ_002 - Status: PASSED (47ms)

[2026-07-23T09:51:17.418Z] INFO: Starting Test Case: TC_AZ_003 - Authorization validation check - Scenario 3 [Priority: HIGH]
[2026-07-23T09:51:17.465Z] INFO: Finished Test Case: TC_AZ_003 - Status: PASSED (47ms)

[2026-07-23T09:51:17.466Z] INFO: Starting Test Case: TC_AZ_004 - Authorization validation check - Scenario 4 [Priority: LOW]
[2026-07-23T09:51:17.466Z] INFO: Running E2E: Check push notifications...
[2026-07-23T09:51:17.466Z] INFO: Finished Test Case: TC_AZ_004 - Status: PASSED (0ms)

[2026-07-23T09:51:17.466Z] INFO: Starting Test Case: TC_AZ_005 - Authorization validation check - Scenario 5 [Priority: MEDIUM]
[2026-07-23T09:51:17.474Z] INFO: Finished Test Case: TC_AZ_005 - Status: PASSED (8ms)

[2026-07-23T09:51:17.474Z] INFO: Starting Test Case: TC_AZ_006 - Authorization validation check - Scenario 6 [Priority: CRITICAL]
[2026-07-23T09:51:17.510Z] INFO: Finished Test Case: TC_AZ_006 - Status: PASSED (36ms)

[2026-07-23T09:51:17.510Z] INFO: Starting Test Case: TC_AZ_007 - Authorization validation check - Scenario 7 [Priority: HIGH]
[2026-07-23T09:51:17.520Z] INFO: Finished Test Case: TC_AZ_007 - Status: PASSED (10ms)

[2026-07-23T09:51:17.520Z] INFO: Starting Test Case: TC_AZ_008 - Authorization validation check - Scenario 8 [Priority: HIGH]
[2026-07-23T09:51:17.528Z] INFO: Finished Test Case: TC_AZ_008 - Status: PASSED (8ms)

[2026-07-23T09:51:17.528Z] INFO: Starting Test Case: TC_AZ_009 - Authorization validation check - Scenario 9 [Priority: LOW]
[2026-07-23T09:51:17.557Z] INFO: Finished Test Case: TC_AZ_009 - Status: PASSED (29ms)

[2026-07-23T09:51:17.558Z] INFO: Starting Test Case: TC_AZ_010 - Authorization validation check - Scenario 10 [Priority: MEDIUM]
[2026-07-23T09:51:17.604Z] INFO: Finished Test Case: TC_AZ_010 - Status: PASSED (46ms)

[2026-07-23T09:51:17.604Z] INFO: Starting Test Case: TC_AZ_011 - Authorization validation check - Scenario 11 [Priority: CRITICAL]
[2026-07-23T09:51:17.640Z] INFO: Finished Test Case: TC_AZ_011 - Status: PASSED (36ms)

[2026-07-23T09:51:17.640Z] INFO: Starting Test Case: TC_AZ_012 - Authorization validation check - Scenario 12 [Priority: HIGH]
[2026-07-23T09:51:17.672Z] INFO: Finished Test Case: TC_AZ_012 - Status: PASSED (32ms)

[2026-07-23T09:51:17.672Z] INFO: Starting Test Case: TC_AZ_013 - Authorization validation check - Scenario 13 [Priority: HIGH]
[2026-07-23T09:51:17.691Z] INFO: Finished Test Case: TC_AZ_013 - Status: PASSED (19ms)

[2026-07-23T09:51:17.691Z] INFO: Starting Test Case: TC_AZ_014 - Authorization validation check - Scenario 14 [Priority: LOW]
[2026-07-23T09:51:17.696Z] INFO: Finished Test Case: TC_AZ_014 - Status: PASSED (5ms)

[2026-07-23T09:51:17.696Z] INFO: Starting Test Case: TC_AZ_015 - Authorization validation check - Scenario 15 [Priority: MEDIUM]
[2026-07-23T09:51:17.719Z] INFO: Finished Test Case: TC_AZ_015 - Status: PASSED (23ms)

[2026-07-23T09:51:17.719Z] INFO: Starting Test Case: TC_AZ_016 - Authorization validation check - Scenario 16 [Priority: CRITICAL]
[2026-07-23T09:51:17.759Z] INFO: Finished Test Case: TC_AZ_016 - Status: PASSED (40ms)

[2026-07-23T09:51:17.759Z] INFO: Starting Test Case: TC_AZ_017 - Authorization validation check - Scenario 17 [Priority: HIGH]
[2026-07-23T09:51:17.773Z] INFO: Finished Test Case: TC_AZ_017 - Status: PASSED (14ms)

[2026-07-23T09:51:17.774Z] INFO: Starting Test Case: TC_AZ_018 - Authorization validation check - Scenario 18 [Priority: HIGH]
[2026-07-23T09:51:17.822Z] INFO: Finished Test Case: TC_AZ_018 - Status: PASSED (48ms)

[2026-07-23T09:51:17.822Z] INFO: Starting Test Case: TC_AZ_019 - Authorization validation check - Scenario 19 [Priority: LOW]
[2026-07-23T09:51:17.840Z] INFO: Finished Test Case: TC_AZ_019 - Status: PASSED (18ms)

[2026-07-23T09:51:17.840Z] INFO: Starting Test Case: TC_AZ_020 - Authorization validation check - Scenario 20 [Priority: MEDIUM]
[2026-07-23T09:51:17.875Z] INFO: Finished Test Case: TC_AZ_020 - Status: PASSED (35ms)

[2026-07-23T09:51:17.875Z] INFO: Starting Test Case: TC_AZ_021 - Authorization validation check - Scenario 21 [Priority: CRITICAL]
[2026-07-23T09:51:17.917Z] INFO: Finished Test Case: TC_AZ_021 - Status: PASSED (42ms)

[2026-07-23T09:51:17.917Z] INFO: Starting Test Case: TC_AZ_022 - Authorization validation check - Scenario 22 [Priority: HIGH]
[2026-07-23T09:51:17.927Z] INFO: Finished Test Case: TC_AZ_022 - Status: PASSED (10ms)

[2026-07-23T09:51:17.927Z] INFO: Starting Test Case: TC_AZ_023 - Authorization validation check - Scenario 23 [Priority: HIGH]
[2026-07-23T09:51:17.941Z] INFO: Finished Test Case: TC_AZ_023 - Status: PASSED (14ms)

[2026-07-23T09:51:17.941Z] INFO: Starting Test Case: TC_AZ_024 - Authorization validation check - Scenario 24 [Priority: LOW]
[2026-07-23T09:51:17.946Z] INFO: Finished Test Case: TC_AZ_024 - Status: PASSED (5ms)

[2026-07-23T09:51:17.946Z] INFO: Starting Test Case: TC_AZ_025 - Authorization validation check - Scenario 25 [Priority: MEDIUM]
[2026-07-23T09:51:17.968Z] INFO: Finished Test Case: TC_AZ_025 - Status: PASSED (22ms)

[2026-07-23T09:51:17.968Z] INFO: Starting Test Case: TC_AZ_026 - Authorization validation check - Scenario 26 [Priority: CRITICAL]
[2026-07-23T09:51:17.982Z] INFO: Finished Test Case: TC_AZ_026 - Status: PASSED (14ms)

[2026-07-23T09:51:17.982Z] INFO: Starting Test Case: TC_AZ_027 - Authorization validation check - Scenario 27 [Priority: HIGH]
[2026-07-23T09:51:18.019Z] INFO: Finished Test Case: TC_AZ_027 - Status: PASSED (37ms)

[2026-07-23T09:51:18.020Z] INFO: Starting Test Case: TC_AZ_028 - Authorization validation check - Scenario 28 [Priority: HIGH]
[2026-07-23T09:51:18.037Z] INFO: Finished Test Case: TC_AZ_028 - Status: PASSED (18ms)

[2026-07-23T09:51:18.037Z] INFO: Starting Test Case: TC_AZ_029 - Authorization validation check - Scenario 29 [Priority: LOW]
[2026-07-23T09:51:18.063Z] INFO: Finished Test Case: TC_AZ_029 - Status: PASSED (26ms)

[2026-07-23T09:51:18.063Z] INFO: Starting Test Case: TC_AZ_030 - Authorization validation check - Scenario 30 [Priority: MEDIUM]
[2026-07-23T09:51:18.098Z] INFO: Finished Test Case: TC_AZ_030 - Status: PASSED (35ms)

[2026-07-23T09:51:18.099Z] INFO: Starting Test Case: TC_AZ_031 - Authorization validation check - Scenario 31 [Priority: CRITICAL]
[2026-07-23T09:51:18.127Z] INFO: Finished Test Case: TC_AZ_031 - Status: PASSED (28ms)

[2026-07-23T09:51:18.127Z] INFO: Starting Test Case: TC_AZ_032 - Authorization validation check - Scenario 32 [Priority: HIGH]
[2026-07-23T09:51:18.141Z] INFO: Finished Test Case: TC_AZ_032 - Status: PASSED (14ms)

[2026-07-23T09:51:18.141Z] INFO: Starting Test Case: TC_AZ_033 - Authorization validation check - Scenario 33 [Priority: HIGH]
[2026-07-23T09:51:18.146Z] INFO: Finished Test Case: TC_AZ_033 - Status: PASSED (5ms)

[2026-07-23T09:51:18.146Z] INFO: Starting Test Case: TC_AZ_034 - Authorization validation check - Scenario 34 [Priority: LOW]
[2026-07-23T09:51:18.181Z] INFO: Finished Test Case: TC_AZ_034 - Status: PASSED (35ms)

[2026-07-23T09:51:18.181Z] INFO: Starting Test Case: TC_AZ_035 - Authorization validation check - Scenario 35 [Priority: MEDIUM]
[2026-07-23T09:51:18.206Z] INFO: Finished Test Case: TC_AZ_035 - Status: PASSED (25ms)

[2026-07-23T09:51:18.206Z] INFO: Starting Test Case: TC_AZ_036 - Authorization validation check - Scenario 36 [Priority: CRITICAL]
[2026-07-23T09:51:18.218Z] INFO: Finished Test Case: TC_AZ_036 - Status: PASSED (12ms)

[2026-07-23T09:51:18.219Z] INFO: Starting Test Case: TC_AZ_037 - Authorization validation check - Scenario 37 [Priority: HIGH]
[2026-07-23T09:51:18.255Z] INFO: Finished Test Case: TC_AZ_037 - Status: PASSED (36ms)

[2026-07-23T09:51:18.255Z] INFO: Starting Test Case: TC_AZ_038 - Authorization validation check - Scenario 38 [Priority: HIGH]
[2026-07-23T09:51:18.277Z] INFO: Finished Test Case: TC_AZ_038 - Status: PASSED (22ms)

[2026-07-23T09:51:18.277Z] INFO: Starting Test Case: TC_AZ_039 - Authorization validation check - Scenario 39 [Priority: LOW]
[2026-07-23T09:51:18.294Z] INFO: Finished Test Case: TC_AZ_039 - Status: PASSED (16ms)

[2026-07-23T09:51:18.294Z] INFO: Starting Test Case: TC_AZ_040 - Authorization validation check - Scenario 40 [Priority: MEDIUM]
[2026-07-23T09:51:18.325Z] INFO: Finished Test Case: TC_AZ_040 - Status: PASSED (31ms)

[2026-07-23T09:51:18.325Z] INFO: Starting Test Case: TC_NAV_001 - Navigation validation check - Scenario 1 [Priority: CRITICAL]
[2026-07-23T09:51:18.353Z] INFO: Finished Test Case: TC_NAV_001 - Status: PASSED (28ms)

[2026-07-23T09:51:18.353Z] INFO: Starting Test Case: TC_NAV_002 - Navigation validation check - Scenario 2 [Priority: HIGH]
[2026-07-23T09:51:18.370Z] INFO: Finished Test Case: TC_NAV_002 - Status: PASSED (17ms)

[2026-07-23T09:51:18.370Z] INFO: Starting Test Case: TC_NAV_003 - Navigation validation check - Scenario 3 [Priority: HIGH]
[2026-07-23T09:51:18.370Z] INFO: Running E2E: Search Existing Record...
[2026-07-23T09:51:18.370Z] INFO: Tapping on element: Home Tab (a[href$="/"])
[2026-07-23T09:51:23.383Z] ERROR: Failure during real E2E execution of TC_NAV_003: element ("a[href$="/"]") still not displayed after 5000ms
[2026-07-23T09:51:23.384Z] INFO: Finished Test Case: TC_NAV_003 - Status: FAILED (5014ms)

[2026-07-23T09:51:23.384Z] INFO: Starting Test Case: TC_NAV_004 - Navigation validation check - Scenario 4 [Priority: LOW]
[2026-07-23T09:51:23.429Z] INFO: Finished Test Case: TC_NAV_004 - Status: PASSED (45ms)

[2026-07-23T09:51:23.429Z] INFO: Starting Test Case: TC_NAV_005 - Navigation validation check - Scenario 5 [Priority: MEDIUM]
[2026-07-23T09:51:23.472Z] INFO: Finished Test Case: TC_NAV_005 - Status: PASSED (43ms)

[2026-07-23T09:51:23.472Z] INFO: Starting Test Case: TC_NAV_006 - Navigation validation check - Scenario 6 [Priority: CRITICAL]
[2026-07-23T09:51:23.507Z] INFO: Finished Test Case: TC_NAV_006 - Status: PASSED (35ms)

[2026-07-23T09:51:23.507Z] INFO: Starting Test Case: TC_NAV_007 - Navigation validation check - Scenario 7 [Priority: HIGH]
[2026-07-23T09:51:23.539Z] INFO: Finished Test Case: TC_NAV_007 - Status: PASSED (31ms)

[2026-07-23T09:51:23.539Z] INFO: Starting Test Case: TC_NAV_008 - Navigation validation check - Scenario 8 [Priority: HIGH]
[2026-07-23T09:51:23.564Z] INFO: Finished Test Case: TC_NAV_008 - Status: PASSED (25ms)

[2026-07-23T09:51:23.564Z] INFO: Starting Test Case: TC_NAV_009 - Navigation validation check - Scenario 9 [Priority: LOW]
[2026-07-23T09:51:23.569Z] INFO: Finished Test Case: TC_NAV_009 - Status: PASSED (5ms)

[2026-07-23T09:51:23.569Z] INFO: Starting Test Case: TC_NAV_010 - Navigation validation check - Scenario 10 [Priority: MEDIUM]
[2026-07-23T09:51:23.586Z] INFO: Finished Test Case: TC_NAV_010 - Status: PASSED (17ms)

[2026-07-23T09:51:23.586Z] INFO: Starting Test Case: TC_NAV_011 - Navigation validation check - Scenario 11 [Priority: CRITICAL]
[2026-07-23T09:51:23.612Z] INFO: Finished Test Case: TC_NAV_011 - Status: PASSED (26ms)

[2026-07-23T09:51:23.612Z] INFO: Starting Test Case: TC_NAV_012 - Navigation validation check - Scenario 12 [Priority: HIGH]
[2026-07-23T09:51:23.619Z] INFO: Finished Test Case: TC_NAV_012 - Status: PASSED (7ms)

[2026-07-23T09:51:23.619Z] INFO: Starting Test Case: TC_NAV_013 - Navigation validation check - Scenario 13 [Priority: HIGH]
[2026-07-23T09:51:23.648Z] INFO: Finished Test Case: TC_NAV_013 - Status: PASSED (29ms)

[2026-07-23T09:51:23.648Z] INFO: Starting Test Case: TC_NAV_014 - Navigation validation check - Scenario 14 [Priority: LOW]
[2026-07-23T09:51:23.657Z] INFO: Finished Test Case: TC_NAV_014 - Status: PASSED (9ms)

[2026-07-23T09:51:23.657Z] INFO: Starting Test Case: TC_NAV_015 - Navigation validation check - Scenario 15 [Priority: MEDIUM]
[2026-07-23T09:51:23.671Z] INFO: Finished Test Case: TC_NAV_015 - Status: PASSED (14ms)

[2026-07-23T09:51:23.671Z] INFO: Starting Test Case: TC_NAV_016 - Navigation validation check - Scenario 16 [Priority: CRITICAL]
[2026-07-23T09:51:23.679Z] INFO: Finished Test Case: TC_NAV_016 - Status: PASSED (8ms)

[2026-07-23T09:51:23.679Z] INFO: Starting Test Case: TC_NAV_017 - Navigation validation check - Scenario 17 [Priority: HIGH]
[2026-07-23T09:51:23.719Z] INFO: Finished Test Case: TC_NAV_017 - Status: PASSED (40ms)

[2026-07-23T09:51:23.719Z] INFO: Starting Test Case: TC_NAV_018 - Navigation validation check - Scenario 18 [Priority: HIGH]
[2026-07-23T09:51:23.763Z] INFO: Finished Test Case: TC_NAV_018 - Status: PASSED (44ms)

[2026-07-23T09:51:23.764Z] INFO: Starting Test Case: TC_NAV_019 - Navigation validation check - Scenario 19 [Priority: LOW]
[2026-07-23T09:51:23.802Z] INFO: Finished Test Case: TC_NAV_019 - Status: PASSED (38ms)

[2026-07-23T09:51:23.802Z] INFO: Starting Test Case: TC_NAV_020 - Navigation validation check - Scenario 20 [Priority: MEDIUM]
[2026-07-23T09:51:23.839Z] INFO: Finished Test Case: TC_NAV_020 - Status: PASSED (37ms)

[2026-07-23T09:51:23.839Z] INFO: Starting Test Case: TC_NAV_021 - Navigation validation check - Scenario 21 [Priority: CRITICAL]
[2026-07-23T09:51:23.886Z] INFO: Finished Test Case: TC_NAV_021 - Status: PASSED (47ms)

[2026-07-23T09:51:23.886Z] INFO: Starting Test Case: TC_NAV_022 - Navigation validation check - Scenario 22 [Priority: HIGH]
[2026-07-23T09:51:23.918Z] INFO: Finished Test Case: TC_NAV_022 - Status: PASSED (32ms)

[2026-07-23T09:51:23.918Z] INFO: Starting Test Case: TC_NAV_023 - Navigation validation check - Scenario 23 [Priority: HIGH]
[2026-07-23T09:51:23.956Z] INFO: Finished Test Case: TC_NAV_023 - Status: PASSED (38ms)

[2026-07-23T09:51:23.956Z] INFO: Starting Test Case: TC_NAV_024 - Navigation validation check - Scenario 24 [Priority: LOW]
[2026-07-23T09:51:23.987Z] INFO: Finished Test Case: TC_NAV_024 - Status: PASSED (31ms)

[2026-07-23T09:51:23.987Z] INFO: Starting Test Case: TC_NAV_025 - Navigation validation check - Scenario 25 [Priority: MEDIUM]
[2026-07-23T09:51:24.028Z] INFO: Finished Test Case: TC_NAV_025 - Status: PASSED (41ms)

[2026-07-23T09:51:24.029Z] INFO: Starting Test Case: TC_NAV_026 - Navigation validation check - Scenario 26 [Priority: CRITICAL]
[2026-07-23T09:51:24.074Z] INFO: Finished Test Case: TC_NAV_026 - Status: PASSED (45ms)

[2026-07-23T09:51:24.074Z] INFO: Starting Test Case: TC_NAV_027 - Navigation validation check - Scenario 27 [Priority: HIGH]
[2026-07-23T09:51:24.083Z] INFO: Finished Test Case: TC_NAV_027 - Status: PASSED (9ms)

[2026-07-23T09:51:24.083Z] INFO: Starting Test Case: TC_NAV_028 - Navigation validation check - Scenario 28 [Priority: HIGH]
[2026-07-23T09:51:24.104Z] INFO: Finished Test Case: TC_NAV_028 - Status: PASSED (21ms)

[2026-07-23T09:51:24.104Z] INFO: Starting Test Case: TC_NAV_029 - Navigation validation check - Scenario 29 [Priority: LOW]
[2026-07-23T09:51:24.131Z] INFO: Finished Test Case: TC_NAV_029 - Status: PASSED (27ms)

[2026-07-23T09:51:24.131Z] INFO: Starting Test Case: TC_NAV_030 - Navigation validation check - Scenario 30 [Priority: MEDIUM]
[2026-07-23T09:51:24.162Z] INFO: Finished Test Case: TC_NAV_030 - Status: PASSED (31ms)

[2026-07-23T09:51:24.163Z] INFO: Starting Test Case: TC_UI_001 - UI Validation validation check - Scenario 1 [Priority: CRITICAL]
[2026-07-23T09:51:24.198Z] INFO: Finished Test Case: TC_UI_001 - Status: PASSED (35ms)

[2026-07-23T09:51:24.198Z] INFO: Starting Test Case: TC_UI_002 - UI Validation validation check - Scenario 2 [Priority: HIGH]
[2026-07-23T09:51:24.235Z] INFO: Finished Test Case: TC_UI_002 - Status: PASSED (37ms)

[2026-07-23T09:51:24.235Z] INFO: Starting Test Case: TC_UI_003 - UI Validation validation check - Scenario 3 [Priority: HIGH]
[2026-07-23T09:51:24.244Z] INFO: Finished Test Case: TC_UI_003 - Status: PASSED (9ms)

[2026-07-23T09:51:24.244Z] INFO: Starting Test Case: TC_UI_004 - UI Validation validation check - Scenario 4 [Priority: LOW]
[2026-07-23T09:51:24.262Z] INFO: Finished Test Case: TC_UI_004 - Status: PASSED (18ms)

[2026-07-23T09:51:24.262Z] INFO: Starting Test Case: TC_UI_005 - UI Validation validation check - Scenario 5 [Priority: MEDIUM]
[2026-07-23T09:51:24.311Z] INFO: Finished Test Case: TC_UI_005 - Status: PASSED (49ms)

[2026-07-23T09:51:24.311Z] INFO: Starting Test Case: TC_UI_006 - UI Validation validation check - Scenario 6 [Priority: CRITICAL]
[2026-07-23T09:51:24.344Z] INFO: Finished Test Case: TC_UI_006 - Status: PASSED (33ms)

[2026-07-23T09:51:24.344Z] INFO: Starting Test Case: TC_UI_007 - UI Validation validation check - Scenario 7 [Priority: HIGH]
[2026-07-23T09:51:24.385Z] INFO: Finished Test Case: TC_UI_007 - Status: PASSED (41ms)

[2026-07-23T09:51:24.385Z] INFO: Starting Test Case: TC_UI_008 - UI Validation validation check - Scenario 8 [Priority: HIGH]
[2026-07-23T09:51:24.413Z] INFO: Finished Test Case: TC_UI_008 - Status: PASSED (28ms)

[2026-07-23T09:51:24.413Z] INFO: Starting Test Case: TC_UI_009 - UI Validation validation check - Scenario 9 [Priority: LOW]
[2026-07-23T09:51:24.457Z] INFO: Finished Test Case: TC_UI_009 - Status: PASSED (44ms)

[2026-07-23T09:51:24.457Z] INFO: Starting Test Case: TC_UI_010 - UI Validation validation check - Scenario 10 [Priority: MEDIUM]
[2026-07-23T09:51:24.504Z] INFO: Finished Test Case: TC_UI_010 - Status: PASSED (47ms)

[2026-07-23T09:51:24.505Z] INFO: Starting Test Case: TC_UI_011 - UI Validation validation check - Scenario 11 [Priority: CRITICAL]
[2026-07-23T09:51:24.537Z] INFO: Finished Test Case: TC_UI_011 - Status: PASSED (32ms)

[2026-07-23T09:51:24.537Z] INFO: Starting Test Case: TC_UI_012 - UI Validation validation check - Scenario 12 [Priority: HIGH]
[2026-07-23T09:51:24.554Z] INFO: Finished Test Case: TC_UI_012 - Status: PASSED (17ms)

[2026-07-23T09:51:24.554Z] INFO: Starting Test Case: TC_UI_013 - UI Validation validation check - Scenario 13 [Priority: HIGH]
[2026-07-23T09:51:24.568Z] INFO: Finished Test Case: TC_UI_013 - Status: PASSED (14ms)

[2026-07-23T09:51:24.568Z] INFO: Starting Test Case: TC_UI_014 - UI Validation validation check - Scenario 14 [Priority: LOW]
[2026-07-23T09:51:24.578Z] INFO: Finished Test Case: TC_UI_014 - Status: PASSED (10ms)

[2026-07-23T09:51:24.578Z] INFO: Starting Test Case: TC_UI_015 - UI Validation validation check - Scenario 15 [Priority: MEDIUM]
[2026-07-23T09:51:24.612Z] INFO: Finished Test Case: TC_UI_015 - Status: PASSED (34ms)

[2026-07-23T09:51:24.612Z] INFO: Starting Test Case: TC_UI_016 - UI Validation validation check - Scenario 16 [Priority: CRITICAL]
[2026-07-23T09:51:24.623Z] INFO: Finished Test Case: TC_UI_016 - Status: PASSED (11ms)

[2026-07-23T09:51:24.623Z] INFO: Starting Test Case: TC_UI_017 - UI Validation validation check - Scenario 17 [Priority: HIGH]
[2026-07-23T09:51:24.630Z] INFO: Finished Test Case: TC_UI_017 - Status: PASSED (7ms)

[2026-07-23T09:51:24.630Z] INFO: Starting Test Case: TC_UI_018 - UI Validation validation check - Scenario 18 [Priority: HIGH]
[2026-07-23T09:51:24.666Z] INFO: Finished Test Case: TC_UI_018 - Status: PASSED (36ms)

[2026-07-23T09:51:24.666Z] INFO: Starting Test Case: TC_UI_019 - UI Validation validation check - Scenario 19 [Priority: LOW]
[2026-07-23T09:51:24.680Z] INFO: Finished Test Case: TC_UI_019 - Status: PASSED (14ms)

[2026-07-23T09:51:24.680Z] INFO: Starting Test Case: TC_UI_020 - UI Validation validation check - Scenario 20 [Priority: MEDIUM]
[2026-07-23T09:51:24.711Z] INFO: Finished Test Case: TC_UI_020 - Status: PASSED (31ms)

[2026-07-23T09:51:24.711Z] INFO: Starting Test Case: TC_UI_021 - UI Validation validation check - Scenario 21 [Priority: CRITICAL]
[2026-07-23T09:51:24.724Z] INFO: Finished Test Case: TC_UI_021 - Status: PASSED (13ms)

[2026-07-23T09:51:24.724Z] INFO: Starting Test Case: TC_UI_022 - UI Validation validation check - Scenario 22 [Priority: HIGH]
[2026-07-23T09:51:24.768Z] INFO: Finished Test Case: TC_UI_022 - Status: PASSED (44ms)

[2026-07-23T09:51:24.768Z] INFO: Starting Test Case: TC_UI_023 - UI Validation validation check - Scenario 23 [Priority: HIGH]
[2026-07-23T09:51:24.813Z] INFO: Finished Test Case: TC_UI_023 - Status: PASSED (45ms)

[2026-07-23T09:51:24.813Z] INFO: Starting Test Case: TC_UI_024 - UI Validation validation check - Scenario 24 [Priority: LOW]
[2026-07-23T09:51:24.839Z] INFO: Finished Test Case: TC_UI_024 - Status: PASSED (26ms)

[2026-07-23T09:51:24.840Z] INFO: Starting Test Case: TC_UI_025 - UI Validation validation check - Scenario 25 [Priority: MEDIUM]
[2026-07-23T09:51:24.863Z] INFO: Finished Test Case: TC_UI_025 - Status: PASSED (23ms)

[2026-07-23T09:51:24.863Z] INFO: Starting Test Case: TC_UI_026 - UI Validation validation check - Scenario 26 [Priority: CRITICAL]
[2026-07-23T09:51:24.889Z] INFO: Finished Test Case: TC_UI_026 - Status: PASSED (26ms)

[2026-07-23T09:51:24.889Z] INFO: Starting Test Case: TC_UI_027 - UI Validation validation check - Scenario 27 [Priority: HIGH]
[2026-07-23T09:51:24.930Z] INFO: Finished Test Case: TC_UI_027 - Status: PASSED (41ms)

[2026-07-23T09:51:24.930Z] INFO: Starting Test Case: TC_UI_028 - UI Validation validation check - Scenario 28 [Priority: HIGH]
[2026-07-23T09:51:24.953Z] INFO: Finished Test Case: TC_UI_028 - Status: PASSED (23ms)

[2026-07-23T09:51:24.953Z] INFO: Starting Test Case: TC_UI_029 - UI Validation validation check - Scenario 29 [Priority: LOW]
[2026-07-23T09:51:24.974Z] INFO: Finished Test Case: TC_UI_029 - Status: PASSED (21ms)

[2026-07-23T09:51:24.974Z] INFO: Starting Test Case: TC_UI_030 - UI Validation validation check - Scenario 30 [Priority: MEDIUM]
[2026-07-23T09:51:24.999Z] INFO: Finished Test Case: TC_UI_030 - Status: PASSED (25ms)

[2026-07-23T09:51:24.999Z] INFO: Starting Test Case: TC_UI_031 - UI Validation validation check - Scenario 31 [Priority: CRITICAL]
[2026-07-23T09:51:25.030Z] INFO: Finished Test Case: TC_UI_031 - Status: PASSED (31ms)

[2026-07-23T09:51:25.030Z] INFO: Starting Test Case: TC_UI_032 - UI Validation validation check - Scenario 32 [Priority: HIGH]
[2026-07-23T09:51:25.060Z] INFO: Finished Test Case: TC_UI_032 - Status: PASSED (30ms)

[2026-07-23T09:51:25.060Z] INFO: Starting Test Case: TC_UI_033 - UI Validation validation check - Scenario 33 [Priority: HIGH]
[2026-07-23T09:51:25.101Z] INFO: Finished Test Case: TC_UI_033 - Status: PASSED (41ms)

[2026-07-23T09:51:25.101Z] INFO: Starting Test Case: TC_UI_034 - UI Validation validation check - Scenario 34 [Priority: LOW]
[2026-07-23T09:51:25.136Z] INFO: Finished Test Case: TC_UI_034 - Status: PASSED (35ms)

[2026-07-23T09:51:25.137Z] INFO: Starting Test Case: TC_UI_035 - UI Validation validation check - Scenario 35 [Priority: MEDIUM]
[2026-07-23T09:51:25.146Z] INFO: Finished Test Case: TC_UI_035 - Status: PASSED (9ms)

[2026-07-23T09:51:25.146Z] INFO: Starting Test Case: TC_UI_036 - UI Validation validation check - Scenario 36 [Priority: CRITICAL]
[2026-07-23T09:51:25.187Z] INFO: Finished Test Case: TC_UI_036 - Status: PASSED (41ms)

[2026-07-23T09:51:25.187Z] INFO: Starting Test Case: TC_UI_037 - UI Validation validation check - Scenario 37 [Priority: HIGH]
[2026-07-23T09:51:25.205Z] INFO: Finished Test Case: TC_UI_037 - Status: PASSED (18ms)

[2026-07-23T09:51:25.205Z] INFO: Starting Test Case: TC_UI_038 - UI Validation validation check - Scenario 38 [Priority: HIGH]
[2026-07-23T09:51:25.240Z] INFO: Finished Test Case: TC_UI_038 - Status: PASSED (35ms)

[2026-07-23T09:51:25.240Z] INFO: Starting Test Case: TC_UI_039 - UI Validation validation check - Scenario 39 [Priority: LOW]
[2026-07-23T09:51:25.255Z] INFO: Finished Test Case: TC_UI_039 - Status: PASSED (15ms)

[2026-07-23T09:51:25.255Z] INFO: Starting Test Case: TC_UI_040 - UI Validation validation check - Scenario 40 [Priority: MEDIUM]
[2026-07-23T09:51:25.266Z] INFO: Finished Test Case: TC_UI_040 - Status: PASSED (11ms)

[2026-07-23T09:51:25.266Z] INFO: Starting Test Case: TC_UI_041 - UI Validation validation check - Scenario 41 [Priority: CRITICAL]
[2026-07-23T09:51:25.289Z] INFO: Finished Test Case: TC_UI_041 - Status: PASSED (23ms)

[2026-07-23T09:51:25.289Z] INFO: Starting Test Case: TC_UI_042 - UI Validation validation check - Scenario 42 [Priority: HIGH]
[2026-07-23T09:51:25.329Z] INFO: Finished Test Case: TC_UI_042 - Status: PASSED (40ms)

[2026-07-23T09:51:25.330Z] INFO: Starting Test Case: TC_UI_043 - UI Validation validation check - Scenario 43 [Priority: HIGH]
[2026-07-23T09:51:25.358Z] INFO: Finished Test Case: TC_UI_043 - Status: PASSED (28ms)

[2026-07-23T09:51:25.358Z] INFO: Starting Test Case: TC_UI_044 - UI Validation validation check - Scenario 44 [Priority: LOW]
[2026-07-23T09:51:25.403Z] INFO: Finished Test Case: TC_UI_044 - Status: PASSED (45ms)

[2026-07-23T09:51:25.404Z] INFO: Starting Test Case: TC_UI_045 - UI Validation validation check - Scenario 45 [Priority: MEDIUM]
[2026-07-23T09:51:25.436Z] INFO: Finished Test Case: TC_UI_045 - Status: PASSED (33ms)

[2026-07-23T09:51:25.436Z] INFO: Starting Test Case: TC_UI_046 - UI Validation validation check - Scenario 46 [Priority: CRITICAL]
[2026-07-23T09:51:25.473Z] INFO: Finished Test Case: TC_UI_046 - Status: PASSED (37ms)

[2026-07-23T09:51:25.473Z] INFO: Starting Test Case: TC_UI_047 - UI Validation validation check - Scenario 47 [Priority: HIGH]
[2026-07-23T09:51:25.484Z] INFO: Finished Test Case: TC_UI_047 - Status: PASSED (11ms)

[2026-07-23T09:51:25.484Z] INFO: Starting Test Case: TC_UI_048 - UI Validation validation check - Scenario 48 [Priority: HIGH]
[2026-07-23T09:51:25.512Z] INFO: Finished Test Case: TC_UI_048 - Status: PASSED (28ms)

[2026-07-23T09:51:25.512Z] INFO: Starting Test Case: TC_UI_049 - UI Validation validation check - Scenario 49 [Priority: LOW]
[2026-07-23T09:51:25.526Z] INFO: Finished Test Case: TC_UI_049 - Status: PASSED (14ms)

[2026-07-23T09:51:25.527Z] INFO: Starting Test Case: TC_UI_050 - UI Validation validation check - Scenario 50 [Priority: MEDIUM]
[2026-07-23T09:51:25.557Z] INFO: Finished Test Case: TC_UI_050 - Status: PASSED (30ms)

[2026-07-23T09:51:25.557Z] INFO: Starting Test Case: TC_FORM_001 - Forms validation check - Scenario 1 [Priority: CRITICAL]
[2026-07-23T09:51:25.586Z] INFO: Finished Test Case: TC_FORM_001 - Status: PASSED (29ms)

[2026-07-23T09:51:25.586Z] INFO: Starting Test Case: TC_FORM_002 - Forms validation check - Scenario 2 [Priority: HIGH]
[2026-07-23T09:51:25.593Z] INFO: Finished Test Case: TC_FORM_002 - Status: PASSED (7ms)

[2026-07-23T09:51:25.593Z] INFO: Starting Test Case: TC_FORM_003 - Forms validation check - Scenario 3 [Priority: HIGH]
[2026-07-23T09:51:25.628Z] INFO: Finished Test Case: TC_FORM_003 - Status: PASSED (35ms)

[2026-07-23T09:51:25.628Z] INFO: Starting Test Case: TC_FORM_004 - Forms validation check - Scenario 4 [Priority: LOW]
[2026-07-23T09:51:25.665Z] INFO: Finished Test Case: TC_FORM_004 - Status: PASSED (37ms)

[2026-07-23T09:51:25.666Z] INFO: Starting Test Case: TC_FORM_005 - Forms validation check - Scenario 5 [Priority: MEDIUM]
[2026-07-23T09:51:25.702Z] INFO: Finished Test Case: TC_FORM_005 - Status: PASSED (36ms)

[2026-07-23T09:51:25.702Z] INFO: Starting Test Case: TC_FORM_006 - Forms validation check - Scenario 6 [Priority: CRITICAL]
[2026-07-23T09:51:25.732Z] INFO: Finished Test Case: TC_FORM_006 - Status: PASSED (30ms)

[2026-07-23T09:51:25.732Z] INFO: Starting Test Case: TC_FORM_007 - Forms validation check - Scenario 7 [Priority: HIGH]
[2026-07-23T09:51:25.782Z] INFO: Finished Test Case: TC_FORM_007 - Status: PASSED (50ms)

[2026-07-23T09:51:25.782Z] INFO: Starting Test Case: TC_FORM_008 - Forms validation check - Scenario 8 [Priority: HIGH]
[2026-07-23T09:51:25.782Z] INFO: Running E2E: Mandatory Field Validation...
[2026-07-23T09:51:25.782Z] INFO: Finished Test Case: TC_FORM_008 - Status: PASSED (0ms)

[2026-07-23T09:51:25.782Z] INFO: Starting Test Case: TC_FORM_009 - Forms validation check - Scenario 9 [Priority: LOW]
[2026-07-23T09:51:25.816Z] INFO: Finished Test Case: TC_FORM_009 - Status: PASSED (34ms)

[2026-07-23T09:51:25.816Z] INFO: Starting Test Case: TC_FORM_010 - Forms validation check - Scenario 10 [Priority: MEDIUM]
[2026-07-23T09:51:25.851Z] INFO: Finished Test Case: TC_FORM_010 - Status: PASSED (35ms)

[2026-07-23T09:51:25.851Z] INFO: Starting Test Case: TC_FORM_011 - Forms validation check - Scenario 11 [Priority: CRITICAL]
[2026-07-23T09:51:25.871Z] INFO: Finished Test Case: TC_FORM_011 - Status: PASSED (20ms)

[2026-07-23T09:51:25.871Z] INFO: Starting Test Case: TC_FORM_012 - Forms validation check - Scenario 12 [Priority: HIGH]
[2026-07-23T09:51:25.887Z] INFO: Finished Test Case: TC_FORM_012 - Status: PASSED (16ms)

[2026-07-23T09:51:25.888Z] INFO: Starting Test Case: TC_FORM_013 - Forms validation check - Scenario 13 [Priority: HIGH]
[2026-07-23T09:51:25.930Z] INFO: Finished Test Case: TC_FORM_013 - Status: PASSED (42ms)

[2026-07-23T09:51:25.930Z] INFO: Starting Test Case: TC_FORM_014 - Forms validation check - Scenario 14 [Priority: LOW]
[2026-07-23T09:51:25.969Z] INFO: Finished Test Case: TC_FORM_014 - Status: PASSED (39ms)

[2026-07-23T09:51:25.970Z] INFO: Starting Test Case: TC_FORM_015 - Forms validation check - Scenario 15 [Priority: MEDIUM]
[2026-07-23T09:51:25.979Z] INFO: Finished Test Case: TC_FORM_015 - Status: PASSED (9ms)

[2026-07-23T09:51:25.979Z] INFO: Starting Test Case: TC_FORM_016 - Forms validation check - Scenario 16 [Priority: CRITICAL]
[2026-07-23T09:51:26.029Z] INFO: Finished Test Case: TC_FORM_016 - Status: PASSED (50ms)

[2026-07-23T09:51:26.029Z] INFO: Starting Test Case: TC_FORM_017 - Forms validation check - Scenario 17 [Priority: HIGH]
[2026-07-23T09:51:26.067Z] INFO: Finished Test Case: TC_FORM_017 - Status: PASSED (38ms)

[2026-07-23T09:51:26.067Z] INFO: Starting Test Case: TC_FORM_018 - Forms validation check - Scenario 18 [Priority: HIGH]
[2026-07-23T09:51:26.084Z] INFO: Finished Test Case: TC_FORM_018 - Status: PASSED (17ms)

[2026-07-23T09:51:26.084Z] INFO: Starting Test Case: TC_FORM_019 - Forms validation check - Scenario 19 [Priority: LOW]
[2026-07-23T09:51:26.122Z] INFO: Finished Test Case: TC_FORM_019 - Status: PASSED (38ms)

[2026-07-23T09:51:26.123Z] INFO: Starting Test Case: TC_FORM_020 - Forms validation check - Scenario 20 [Priority: MEDIUM]
[2026-07-23T09:51:26.136Z] INFO: Finished Test Case: TC_FORM_020 - Status: PASSED (13ms)

[2026-07-23T09:51:26.136Z] INFO: Starting Test Case: TC_FORM_021 - Forms validation check - Scenario 21 [Priority: CRITICAL]
[2026-07-23T09:51:26.146Z] INFO: Finished Test Case: TC_FORM_021 - Status: PASSED (10ms)

[2026-07-23T09:51:26.146Z] INFO: Starting Test Case: TC_FORM_022 - Forms validation check - Scenario 22 [Priority: HIGH]
[2026-07-23T09:51:26.186Z] INFO: Finished Test Case: TC_FORM_022 - Status: PASSED (40ms)

[2026-07-23T09:51:26.186Z] INFO: Starting Test Case: TC_FORM_023 - Forms validation check - Scenario 23 [Priority: HIGH]
[2026-07-23T09:51:26.205Z] INFO: Finished Test Case: TC_FORM_023 - Status: PASSED (19ms)

[2026-07-23T09:51:26.205Z] INFO: Starting Test Case: TC_FORM_024 - Forms validation check - Scenario 24 [Priority: LOW]
[2026-07-23T09:51:26.250Z] INFO: Finished Test Case: TC_FORM_024 - Status: PASSED (45ms)

[2026-07-23T09:51:26.251Z] INFO: Starting Test Case: TC_FORM_025 - Forms validation check - Scenario 25 [Priority: MEDIUM]
[2026-07-23T09:51:26.259Z] INFO: Finished Test Case: TC_FORM_025 - Status: PASSED (8ms)

[2026-07-23T09:51:26.259Z] INFO: Starting Test Case: TC_FORM_026 - Forms validation check - Scenario 26 [Priority: CRITICAL]
[2026-07-23T09:51:26.304Z] INFO: Finished Test Case: TC_FORM_026 - Status: PASSED (45ms)

[2026-07-23T09:51:26.304Z] INFO: Starting Test Case: TC_FORM_027 - Forms validation check - Scenario 27 [Priority: HIGH]
[2026-07-23T09:51:26.339Z] INFO: Finished Test Case: TC_FORM_027 - Status: PASSED (35ms)

[2026-07-23T09:51:26.339Z] INFO: Starting Test Case: TC_FORM_028 - Forms validation check - Scenario 28 [Priority: HIGH]
[2026-07-23T09:51:26.368Z] INFO: Finished Test Case: TC_FORM_028 - Status: PASSED (29ms)

[2026-07-23T09:51:26.368Z] INFO: Starting Test Case: TC_FORM_029 - Forms validation check - Scenario 29 [Priority: LOW]
[2026-07-23T09:51:26.400Z] INFO: Finished Test Case: TC_FORM_029 - Status: PASSED (32ms)

[2026-07-23T09:51:26.401Z] INFO: Starting Test Case: TC_FORM_030 - Forms validation check - Scenario 30 [Priority: MEDIUM]
[2026-07-23T09:51:26.441Z] INFO: Finished Test Case: TC_FORM_030 - Status: PASSED (40ms)

[2026-07-23T09:51:26.441Z] INFO: Starting Test Case: TC_FORM_031 - Forms validation check - Scenario 31 [Priority: CRITICAL]
[2026-07-23T09:51:26.465Z] INFO: Finished Test Case: TC_FORM_031 - Status: PASSED (24ms)

[2026-07-23T09:51:26.465Z] INFO: Starting Test Case: TC_FORM_032 - Forms validation check - Scenario 32 [Priority: HIGH]
[2026-07-23T09:51:26.486Z] INFO: Finished Test Case: TC_FORM_032 - Status: PASSED (21ms)

[2026-07-23T09:51:26.486Z] INFO: Starting Test Case: TC_FORM_033 - Forms validation check - Scenario 33 [Priority: HIGH]
[2026-07-23T09:51:26.507Z] INFO: Finished Test Case: TC_FORM_033 - Status: PASSED (21ms)

[2026-07-23T09:51:26.507Z] INFO: Starting Test Case: TC_FORM_034 - Forms validation check - Scenario 34 [Priority: LOW]
[2026-07-23T09:51:26.537Z] INFO: Finished Test Case: TC_FORM_034 - Status: PASSED (30ms)

[2026-07-23T09:51:26.538Z] INFO: Starting Test Case: TC_FORM_035 - Forms validation check - Scenario 35 [Priority: MEDIUM]
[2026-07-23T09:51:26.552Z] INFO: Finished Test Case: TC_FORM_035 - Status: PASSED (14ms)

[2026-07-23T09:51:26.552Z] INFO: Starting Test Case: TC_FORM_036 - Forms validation check - Scenario 36 [Priority: CRITICAL]
[2026-07-23T09:51:26.586Z] INFO: Finished Test Case: TC_FORM_036 - Status: PASSED (34ms)

[2026-07-23T09:51:26.586Z] INFO: Starting Test Case: TC_FORM_037 - Forms validation check - Scenario 37 [Priority: HIGH]
[2026-07-23T09:51:26.611Z] INFO: Finished Test Case: TC_FORM_037 - Status: PASSED (25ms)

[2026-07-23T09:51:26.611Z] INFO: Starting Test Case: TC_FORM_038 - Forms validation check - Scenario 38 [Priority: HIGH]
[2026-07-23T09:51:26.644Z] INFO: Finished Test Case: TC_FORM_038 - Status: PASSED (33ms)

[2026-07-23T09:51:26.644Z] INFO: Starting Test Case: TC_FORM_039 - Forms validation check - Scenario 39 [Priority: LOW]
[2026-07-23T09:51:26.666Z] INFO: Finished Test Case: TC_FORM_039 - Status: PASSED (22ms)

[2026-07-23T09:51:26.667Z] INFO: Starting Test Case: TC_FORM_040 - Forms validation check - Scenario 40 [Priority: MEDIUM]
[2026-07-23T09:51:26.687Z] INFO: Finished Test Case: TC_FORM_040 - Status: PASSED (21ms)

[2026-07-23T09:51:26.687Z] INFO: Starting Test Case: TC_FORM_041 - Forms validation check - Scenario 41 [Priority: CRITICAL]
[2026-07-23T09:51:26.725Z] INFO: Finished Test Case: TC_FORM_041 - Status: PASSED (38ms)

[2026-07-23T09:51:26.725Z] INFO: Starting Test Case: TC_FORM_042 - Forms validation check - Scenario 42 [Priority: HIGH]
[2026-07-23T09:51:26.750Z] INFO: Finished Test Case: TC_FORM_042 - Status: PASSED (25ms)

[2026-07-23T09:51:26.750Z] INFO: Starting Test Case: TC_FORM_043 - Forms validation check - Scenario 43 [Priority: HIGH]
[2026-07-23T09:51:26.793Z] INFO: Finished Test Case: TC_FORM_043 - Status: PASSED (43ms)

[2026-07-23T09:51:26.793Z] INFO: Starting Test Case: TC_FORM_044 - Forms validation check - Scenario 44 [Priority: LOW]
[2026-07-23T09:51:26.817Z] INFO: Finished Test Case: TC_FORM_044 - Status: PASSED (24ms)

[2026-07-23T09:51:26.817Z] INFO: Starting Test Case: TC_FORM_045 - Forms validation check - Scenario 45 [Priority: MEDIUM]
[2026-07-23T09:51:26.823Z] INFO: Finished Test Case: TC_FORM_045 - Status: PASSED (6ms)

[2026-07-23T09:51:26.823Z] INFO: Starting Test Case: TC_FORM_046 - Forms validation check - Scenario 46 [Priority: CRITICAL]
[2026-07-23T09:51:26.844Z] INFO: Finished Test Case: TC_FORM_046 - Status: PASSED (21ms)

[2026-07-23T09:51:26.844Z] INFO: Starting Test Case: TC_FORM_047 - Forms validation check - Scenario 47 [Priority: HIGH]
[2026-07-23T09:51:26.875Z] INFO: Finished Test Case: TC_FORM_047 - Status: PASSED (31ms)

[2026-07-23T09:51:26.876Z] INFO: Starting Test Case: TC_FORM_048 - Forms validation check - Scenario 48 [Priority: HIGH]
[2026-07-23T09:51:26.899Z] INFO: Finished Test Case: TC_FORM_048 - Status: PASSED (23ms)

[2026-07-23T09:51:26.899Z] INFO: Starting Test Case: TC_FORM_049 - Forms validation check - Scenario 49 [Priority: LOW]
[2026-07-23T09:51:26.904Z] INFO: Finished Test Case: TC_FORM_049 - Status: PASSED (5ms)

[2026-07-23T09:51:26.904Z] INFO: Starting Test Case: TC_FORM_050 - Forms validation check - Scenario 50 [Priority: MEDIUM]
[2026-07-23T09:51:26.935Z] INFO: Finished Test Case: TC_FORM_050 - Status: PASSED (31ms)

[2026-07-23T09:51:26.935Z] INFO: Starting Test Case: TC_CRUD_001 - CRUD Operations validation check - Scenario 1 [Priority: CRITICAL]
[2026-07-23T09:51:26.966Z] INFO: Finished Test Case: TC_CRUD_001 - Status: PASSED (31ms)

[2026-07-23T09:51:26.966Z] INFO: Starting Test Case: TC_CRUD_002 - CRUD Operations validation check - Scenario 2 [Priority: HIGH]
[2026-07-23T09:51:27.001Z] INFO: Finished Test Case: TC_CRUD_002 - Status: PASSED (35ms)

[2026-07-23T09:51:27.002Z] INFO: Starting Test Case: TC_CRUD_003 - CRUD Operations validation check - Scenario 3 [Priority: HIGH]
[2026-07-23T09:51:27.030Z] INFO: Finished Test Case: TC_CRUD_003 - Status: PASSED (28ms)

[2026-07-23T09:51:27.030Z] INFO: Starting Test Case: TC_CRUD_004 - CRUD Operations validation check - Scenario 4 [Priority: LOW]
[2026-07-23T09:51:27.075Z] INFO: Finished Test Case: TC_CRUD_004 - Status: PASSED (45ms)

[2026-07-23T09:51:27.075Z] INFO: Starting Test Case: TC_CRUD_005 - CRUD Operations validation check - Scenario 5 [Priority: MEDIUM]
[2026-07-23T09:51:27.075Z] INFO: Running E2E: Update Profile...
[2026-07-23T09:51:27.075Z] INFO: Tapping on element: Profile Tab (a[href$="/profile"])
[2026-07-23T09:51:32.088Z] ERROR: Failure during real E2E execution of TC_CRUD_005: element ("a[href$="/profile"]") still not displayed after 5000ms
[2026-07-23T09:51:32.089Z] INFO: Finished Test Case: TC_CRUD_005 - Status: FAILED (5014ms)

[2026-07-23T09:51:32.089Z] INFO: Starting Test Case: TC_CRUD_006 - CRUD Operations validation check - Scenario 6 [Priority: CRITICAL]
[2026-07-23T09:51:32.117Z] INFO: Finished Test Case: TC_CRUD_006 - Status: PASSED (28ms)

[2026-07-23T09:51:32.117Z] INFO: Starting Test Case: TC_CRUD_007 - CRUD Operations validation check - Scenario 7 [Priority: HIGH]
[2026-07-23T09:51:32.123Z] INFO: Finished Test Case: TC_CRUD_007 - Status: PASSED (6ms)

[2026-07-23T09:51:32.124Z] INFO: Starting Test Case: TC_CRUD_008 - CRUD Operations validation check - Scenario 8 [Priority: HIGH]
[2026-07-23T09:51:32.147Z] INFO: Finished Test Case: TC_CRUD_008 - Status: PASSED (23ms)

[2026-07-23T09:51:32.147Z] INFO: Starting Test Case: TC_CRUD_009 - CRUD Operations validation check - Scenario 9 [Priority: LOW]
[2026-07-23T09:51:32.192Z] INFO: Finished Test Case: TC_CRUD_009 - Status: PASSED (45ms)

[2026-07-23T09:51:32.192Z] INFO: Starting Test Case: TC_CRUD_010 - CRUD Operations validation check - Scenario 10 [Priority: MEDIUM]
[2026-07-23T09:51:32.212Z] INFO: Finished Test Case: TC_CRUD_010 - Status: PASSED (20ms)

[2026-07-23T09:51:32.212Z] INFO: Starting Test Case: TC_CRUD_011 - CRUD Operations validation check - Scenario 11 [Priority: CRITICAL]
[2026-07-23T09:51:32.223Z] INFO: Finished Test Case: TC_CRUD_011 - Status: PASSED (11ms)

[2026-07-23T09:51:32.223Z] INFO: Starting Test Case: TC_CRUD_012 - CRUD Operations validation check - Scenario 12 [Priority: HIGH]
[2026-07-23T09:51:32.234Z] INFO: Finished Test Case: TC_CRUD_012 - Status: PASSED (11ms)

[2026-07-23T09:51:32.234Z] INFO: Starting Test Case: TC_CRUD_013 - CRUD Operations validation check - Scenario 13 [Priority: HIGH]
[2026-07-23T09:51:32.282Z] INFO: Finished Test Case: TC_CRUD_013 - Status: PASSED (48ms)

[2026-07-23T09:51:32.282Z] INFO: Starting Test Case: TC_CRUD_014 - CRUD Operations validation check - Scenario 14 [Priority: LOW]
[2026-07-23T09:51:32.324Z] INFO: Finished Test Case: TC_CRUD_014 - Status: PASSED (42ms)

[2026-07-23T09:51:32.324Z] INFO: Starting Test Case: TC_CRUD_015 - CRUD Operations validation check - Scenario 15 [Priority: MEDIUM]
[2026-07-23T09:51:32.346Z] INFO: Finished Test Case: TC_CRUD_015 - Status: PASSED (22ms)

[2026-07-23T09:51:32.346Z] INFO: Starting Test Case: TC_CRUD_016 - CRUD Operations validation check - Scenario 16 [Priority: CRITICAL]
[2026-07-23T09:51:32.352Z] INFO: Finished Test Case: TC_CRUD_016 - Status: PASSED (6ms)

[2026-07-23T09:51:32.352Z] INFO: Starting Test Case: TC_CRUD_017 - CRUD Operations validation check - Scenario 17 [Priority: HIGH]
[2026-07-23T09:51:32.385Z] INFO: Finished Test Case: TC_CRUD_017 - Status: PASSED (33ms)

[2026-07-23T09:51:32.385Z] INFO: Starting Test Case: TC_CRUD_018 - CRUD Operations validation check - Scenario 18 [Priority: HIGH]
[2026-07-23T09:51:32.428Z] INFO: Finished Test Case: TC_CRUD_018 - Status: PASSED (43ms)

[2026-07-23T09:51:32.428Z] INFO: Starting Test Case: TC_CRUD_019 - CRUD Operations validation check - Scenario 19 [Priority: LOW]
[2026-07-23T09:51:32.453Z] INFO: Finished Test Case: TC_CRUD_019 - Status: PASSED (25ms)

[2026-07-23T09:51:32.453Z] INFO: Starting Test Case: TC_CRUD_020 - CRUD Operations validation check - Scenario 20 [Priority: MEDIUM]
[2026-07-23T09:51:32.493Z] INFO: Finished Test Case: TC_CRUD_020 - Status: PASSED (40ms)

[2026-07-23T09:51:32.494Z] INFO: Starting Test Case: TC_CRUD_021 - CRUD Operations validation check - Scenario 21 [Priority: CRITICAL]
[2026-07-23T09:51:32.520Z] INFO: Finished Test Case: TC_CRUD_021 - Status: PASSED (26ms)

[2026-07-23T09:51:32.520Z] INFO: Starting Test Case: TC_CRUD_022 - CRUD Operations validation check - Scenario 22 [Priority: HIGH]
[2026-07-23T09:51:32.539Z] INFO: Finished Test Case: TC_CRUD_022 - Status: PASSED (19ms)

[2026-07-23T09:51:32.539Z] INFO: Starting Test Case: TC_CRUD_023 - CRUD Operations validation check - Scenario 23 [Priority: HIGH]
[2026-07-23T09:51:32.587Z] INFO: Finished Test Case: TC_CRUD_023 - Status: PASSED (48ms)

[2026-07-23T09:51:32.587Z] INFO: Starting Test Case: TC_CRUD_024 - CRUD Operations validation check - Scenario 24 [Priority: LOW]
[2026-07-23T09:51:32.610Z] INFO: Finished Test Case: TC_CRUD_024 - Status: PASSED (23ms)

[2026-07-23T09:51:32.610Z] INFO: Starting Test Case: TC_CRUD_025 - CRUD Operations validation check - Scenario 25 [Priority: MEDIUM]
[2026-07-23T09:51:32.644Z] INFO: Finished Test Case: TC_CRUD_025 - Status: PASSED (34ms)

[2026-07-23T09:51:32.645Z] INFO: Starting Test Case: TC_CRUD_026 - CRUD Operations validation check - Scenario 26 [Priority: CRITICAL]
[2026-07-23T09:51:32.658Z] INFO: Finished Test Case: TC_CRUD_026 - Status: PASSED (13ms)

[2026-07-23T09:51:32.658Z] INFO: Starting Test Case: TC_CRUD_027 - CRUD Operations validation check - Scenario 27 [Priority: HIGH]
[2026-07-23T09:51:32.689Z] INFO: Finished Test Case: TC_CRUD_027 - Status: PASSED (31ms)

[2026-07-23T09:51:32.689Z] INFO: Starting Test Case: TC_CRUD_028 - CRUD Operations validation check - Scenario 28 [Priority: HIGH]
[2026-07-23T09:51:32.706Z] INFO: Finished Test Case: TC_CRUD_028 - Status: PASSED (17ms)

[2026-07-23T09:51:32.707Z] INFO: Starting Test Case: TC_CRUD_029 - CRUD Operations validation check - Scenario 29 [Priority: LOW]
[2026-07-23T09:51:32.716Z] INFO: Finished Test Case: TC_CRUD_029 - Status: PASSED (9ms)

[2026-07-23T09:51:32.716Z] INFO: Starting Test Case: TC_CRUD_030 - CRUD Operations validation check - Scenario 30 [Priority: MEDIUM]
[2026-07-23T09:51:32.721Z] INFO: Finished Test Case: TC_CRUD_030 - Status: PASSED (5ms)

[2026-07-23T09:51:32.721Z] INFO: Starting Test Case: TC_CRUD_031 - CRUD Operations validation check - Scenario 31 [Priority: CRITICAL]
[2026-07-23T09:51:32.753Z] INFO: Finished Test Case: TC_CRUD_031 - Status: PASSED (32ms)

[2026-07-23T09:51:32.754Z] INFO: Starting Test Case: TC_CRUD_032 - CRUD Operations validation check - Scenario 32 [Priority: HIGH]
[2026-07-23T09:51:32.797Z] INFO: Finished Test Case: TC_CRUD_032 - Status: PASSED (43ms)

[2026-07-23T09:51:32.797Z] INFO: Starting Test Case: TC_CRUD_033 - CRUD Operations validation check - Scenario 33 [Priority: HIGH]
[2026-07-23T09:51:32.813Z] INFO: Finished Test Case: TC_CRUD_033 - Status: PASSED (16ms)

[2026-07-23T09:51:32.813Z] INFO: Starting Test Case: TC_CRUD_034 - CRUD Operations validation check - Scenario 34 [Priority: LOW]
[2026-07-23T09:51:32.842Z] INFO: Finished Test Case: TC_CRUD_034 - Status: PASSED (29ms)

[2026-07-23T09:51:32.842Z] INFO: Starting Test Case: TC_CRUD_035 - CRUD Operations validation check - Scenario 35 [Priority: MEDIUM]
[2026-07-23T09:51:32.853Z] INFO: Finished Test Case: TC_CRUD_035 - Status: PASSED (11ms)

[2026-07-23T09:51:32.853Z] INFO: Starting Test Case: TC_CRUD_036 - CRUD Operations validation check - Scenario 36 [Priority: CRITICAL]
[2026-07-23T09:51:32.867Z] INFO: Finished Test Case: TC_CRUD_036 - Status: PASSED (14ms)

[2026-07-23T09:51:32.867Z] INFO: Starting Test Case: TC_CRUD_037 - CRUD Operations validation check - Scenario 37 [Priority: HIGH]
[2026-07-23T09:51:32.889Z] INFO: Finished Test Case: TC_CRUD_037 - Status: PASSED (22ms)

[2026-07-23T09:51:32.889Z] INFO: Starting Test Case: TC_CRUD_038 - CRUD Operations validation check - Scenario 38 [Priority: HIGH]
[2026-07-23T09:51:32.897Z] INFO: Finished Test Case: TC_CRUD_038 - Status: PASSED (8ms)

[2026-07-23T09:51:32.897Z] INFO: Starting Test Case: TC_CRUD_039 - CRUD Operations validation check - Scenario 39 [Priority: LOW]
[2026-07-23T09:51:32.939Z] INFO: Finished Test Case: TC_CRUD_039 - Status: PASSED (42ms)

[2026-07-23T09:51:32.939Z] INFO: Starting Test Case: TC_CRUD_040 - CRUD Operations validation check - Scenario 40 [Priority: MEDIUM]
[2026-07-23T09:51:32.980Z] INFO: Finished Test Case: TC_CRUD_040 - Status: PASSED (41ms)

[2026-07-23T09:51:32.980Z] INFO: Starting Test Case: TC_CRUD_041 - CRUD Operations validation check - Scenario 41 [Priority: CRITICAL]
[2026-07-23T09:51:33.002Z] INFO: Finished Test Case: TC_CRUD_041 - Status: PASSED (22ms)

[2026-07-23T09:51:33.002Z] INFO: Starting Test Case: TC_CRUD_042 - CRUD Operations validation check - Scenario 42 [Priority: HIGH]
[2026-07-23T09:51:33.017Z] INFO: Finished Test Case: TC_CRUD_042 - Status: PASSED (15ms)

[2026-07-23T09:51:33.017Z] INFO: Starting Test Case: TC_CRUD_043 - CRUD Operations validation check - Scenario 43 [Priority: HIGH]
[2026-07-23T09:51:33.040Z] INFO: Finished Test Case: TC_CRUD_043 - Status: PASSED (23ms)

[2026-07-23T09:51:33.040Z] INFO: Starting Test Case: TC_CRUD_044 - CRUD Operations validation check - Scenario 44 [Priority: LOW]
[2026-07-23T09:51:33.055Z] INFO: Finished Test Case: TC_CRUD_044 - Status: PASSED (15ms)

[2026-07-23T09:51:33.055Z] INFO: Starting Test Case: TC_CRUD_045 - CRUD Operations validation check - Scenario 45 [Priority: MEDIUM]
[2026-07-23T09:51:33.094Z] INFO: Finished Test Case: TC_CRUD_045 - Status: PASSED (39ms)

[2026-07-23T09:51:33.095Z] INFO: Starting Test Case: TC_CRUD_046 - CRUD Operations validation check - Scenario 46 [Priority: CRITICAL]
[2026-07-23T09:51:33.144Z] INFO: Finished Test Case: TC_CRUD_046 - Status: PASSED (49ms)

[2026-07-23T09:51:33.144Z] INFO: Starting Test Case: TC_CRUD_047 - CRUD Operations validation check - Scenario 47 [Priority: HIGH]
[2026-07-23T09:51:33.164Z] INFO: Finished Test Case: TC_CRUD_047 - Status: PASSED (20ms)

[2026-07-23T09:51:33.164Z] INFO: Starting Test Case: TC_CRUD_048 - CRUD Operations validation check - Scenario 48 [Priority: HIGH]
[2026-07-23T09:51:33.180Z] INFO: Finished Test Case: TC_CRUD_048 - Status: PASSED (16ms)

[2026-07-23T09:51:33.180Z] INFO: Starting Test Case: TC_CRUD_049 - CRUD Operations validation check - Scenario 49 [Priority: LOW]
[2026-07-23T09:51:33.201Z] INFO: Finished Test Case: TC_CRUD_049 - Status: PASSED (21ms)

[2026-07-23T09:51:33.201Z] INFO: Starting Test Case: TC_CRUD_050 - CRUD Operations validation check - Scenario 50 [Priority: MEDIUM]
[2026-07-23T09:51:33.243Z] INFO: Finished Test Case: TC_CRUD_050 - Status: PASSED (42ms)

[2026-07-23T09:51:33.244Z] INFO: Starting Test Case: TC_VALIDATION_001 - Input Validation validation check - Scenario 1 [Priority: CRITICAL]
[2026-07-23T09:51:33.270Z] INFO: Finished Test Case: TC_VALIDATION_001 - Status: PASSED (26ms)

[2026-07-23T09:51:33.270Z] INFO: Starting Test Case: TC_VALIDATION_002 - Input Validation validation check - Scenario 2 [Priority: HIGH]
[2026-07-23T09:51:33.310Z] INFO: Finished Test Case: TC_VALIDATION_002 - Status: PASSED (40ms)

[2026-07-23T09:51:33.310Z] INFO: Starting Test Case: TC_VALIDATION_003 - Input Validation validation check - Scenario 3 [Priority: HIGH]
[2026-07-23T09:51:33.354Z] INFO: Finished Test Case: TC_VALIDATION_003 - Status: PASSED (44ms)

[2026-07-23T09:51:33.354Z] INFO: Starting Test Case: TC_VALIDATION_004 - Input Validation validation check - Scenario 4 [Priority: LOW]
[2026-07-23T09:51:33.381Z] INFO: Finished Test Case: TC_VALIDATION_004 - Status: PASSED (27ms)

[2026-07-23T09:51:33.381Z] INFO: Starting Test Case: TC_VALIDATION_005 - Input Validation validation check - Scenario 5 [Priority: MEDIUM]
[2026-07-23T09:51:33.417Z] INFO: Finished Test Case: TC_VALIDATION_005 - Status: PASSED (36ms)

[2026-07-23T09:51:33.418Z] INFO: Starting Test Case: TC_VALIDATION_006 - Input Validation validation check - Scenario 6 [Priority: CRITICAL]
[2026-07-23T09:51:33.465Z] INFO: Finished Test Case: TC_VALIDATION_006 - Status: PASSED (47ms)

[2026-07-23T09:51:33.465Z] INFO: Starting Test Case: TC_VALIDATION_007 - Input Validation validation check - Scenario 7 [Priority: HIGH]
[2026-07-23T09:51:33.498Z] INFO: Finished Test Case: TC_VALIDATION_007 - Status: PASSED (33ms)

[2026-07-23T09:51:33.498Z] INFO: Starting Test Case: TC_VALIDATION_008 - Input Validation validation check - Scenario 8 [Priority: HIGH]
[2026-07-23T09:51:33.537Z] INFO: Finished Test Case: TC_VALIDATION_008 - Status: PASSED (39ms)

[2026-07-23T09:51:33.537Z] INFO: Starting Test Case: TC_VALIDATION_009 - Input Validation validation check - Scenario 9 [Priority: LOW]
[2026-07-23T09:51:33.569Z] INFO: Finished Test Case: TC_VALIDATION_009 - Status: PASSED (32ms)

[2026-07-23T09:51:33.569Z] INFO: Starting Test Case: TC_VALIDATION_010 - Input Validation validation check - Scenario 10 [Priority: MEDIUM]
[2026-07-23T09:51:33.603Z] INFO: Finished Test Case: TC_VALIDATION_010 - Status: PASSED (34ms)

[2026-07-23T09:51:33.604Z] INFO: Starting Test Case: TC_VALIDATION_011 - Input Validation validation check - Scenario 11 [Priority: CRITICAL]
[2026-07-23T09:51:33.620Z] INFO: Finished Test Case: TC_VALIDATION_011 - Status: PASSED (16ms)

[2026-07-23T09:51:33.620Z] INFO: Starting Test Case: TC_VALIDATION_012 - Input Validation validation check - Scenario 12 [Priority: HIGH]
[2026-07-23T09:51:33.630Z] INFO: Finished Test Case: TC_VALIDATION_012 - Status: PASSED (10ms)

[2026-07-23T09:51:33.630Z] INFO: Starting Test Case: TC_VALIDATION_013 - Input Validation validation check - Scenario 13 [Priority: HIGH]
[2026-07-23T09:51:33.676Z] INFO: Finished Test Case: TC_VALIDATION_013 - Status: PASSED (45ms)

[2026-07-23T09:51:33.676Z] INFO: Starting Test Case: TC_VALIDATION_014 - Input Validation validation check - Scenario 14 [Priority: LOW]
[2026-07-23T09:51:33.691Z] INFO: Finished Test Case: TC_VALIDATION_014 - Status: PASSED (15ms)

[2026-07-23T09:51:33.691Z] INFO: Starting Test Case: TC_VALIDATION_015 - Input Validation validation check - Scenario 15 [Priority: MEDIUM]
[2026-07-23T09:51:33.707Z] INFO: Finished Test Case: TC_VALIDATION_015 - Status: PASSED (16ms)

[2026-07-23T09:51:33.707Z] INFO: Starting Test Case: TC_VALIDATION_016 - Input Validation validation check - Scenario 16 [Priority: CRITICAL]
[2026-07-23T09:51:33.756Z] INFO: Finished Test Case: TC_VALIDATION_016 - Status: PASSED (49ms)

[2026-07-23T09:51:33.756Z] INFO: Starting Test Case: TC_VALIDATION_017 - Input Validation validation check - Scenario 17 [Priority: HIGH]
[2026-07-23T09:51:33.774Z] INFO: Finished Test Case: TC_VALIDATION_017 - Status: PASSED (18ms)

[2026-07-23T09:51:33.774Z] INFO: Starting Test Case: TC_VALIDATION_018 - Input Validation validation check - Scenario 18 [Priority: HIGH]
[2026-07-23T09:51:33.822Z] INFO: Finished Test Case: TC_VALIDATION_018 - Status: PASSED (48ms)

[2026-07-23T09:51:33.823Z] INFO: Starting Test Case: TC_VALIDATION_019 - Input Validation validation check - Scenario 19 [Priority: LOW]
[2026-07-23T09:51:33.859Z] INFO: Finished Test Case: TC_VALIDATION_019 - Status: PASSED (36ms)

[2026-07-23T09:51:33.859Z] INFO: Starting Test Case: TC_VALIDATION_020 - Input Validation validation check - Scenario 20 [Priority: MEDIUM]
[2026-07-23T09:51:33.899Z] INFO: Finished Test Case: TC_VALIDATION_020 - Status: PASSED (40ms)

[2026-07-23T09:51:33.899Z] INFO: Starting Test Case: TC_VALIDATION_021 - Input Validation validation check - Scenario 21 [Priority: CRITICAL]
[2026-07-23T09:51:33.912Z] INFO: Finished Test Case: TC_VALIDATION_021 - Status: PASSED (13ms)

[2026-07-23T09:51:33.912Z] INFO: Starting Test Case: TC_VALIDATION_022 - Input Validation validation check - Scenario 22 [Priority: HIGH]
[2026-07-23T09:51:33.918Z] INFO: Finished Test Case: TC_VALIDATION_022 - Status: PASSED (6ms)

[2026-07-23T09:51:33.918Z] INFO: Starting Test Case: TC_VALIDATION_023 - Input Validation validation check - Scenario 23 [Priority: HIGH]
[2026-07-23T09:51:33.949Z] INFO: Finished Test Case: TC_VALIDATION_023 - Status: PASSED (31ms)

[2026-07-23T09:51:33.949Z] INFO: Starting Test Case: TC_VALIDATION_024 - Input Validation validation check - Scenario 24 [Priority: LOW]
[2026-07-23T09:51:33.976Z] INFO: Finished Test Case: TC_VALIDATION_024 - Status: PASSED (27ms)

[2026-07-23T09:51:33.976Z] INFO: Starting Test Case: TC_VALIDATION_025 - Input Validation validation check - Scenario 25 [Priority: MEDIUM]
[2026-07-23T09:51:33.996Z] INFO: Finished Test Case: TC_VALIDATION_025 - Status: PASSED (20ms)

[2026-07-23T09:51:33.996Z] INFO: Starting Test Case: TC_VALIDATION_026 - Input Validation validation check - Scenario 26 [Priority: CRITICAL]
[2026-07-23T09:51:34.043Z] INFO: Finished Test Case: TC_VALIDATION_026 - Status: PASSED (47ms)

[2026-07-23T09:51:34.043Z] INFO: Starting Test Case: TC_VALIDATION_027 - Input Validation validation check - Scenario 27 [Priority: HIGH]
[2026-07-23T09:51:34.090Z] INFO: Finished Test Case: TC_VALIDATION_027 - Status: PASSED (47ms)

[2026-07-23T09:51:34.090Z] INFO: Starting Test Case: TC_VALIDATION_028 - Input Validation validation check - Scenario 28 [Priority: HIGH]
[2026-07-23T09:51:34.095Z] INFO: Finished Test Case: TC_VALIDATION_028 - Status: PASSED (5ms)

[2026-07-23T09:51:34.095Z] INFO: Starting Test Case: TC_VALIDATION_029 - Input Validation validation check - Scenario 29 [Priority: LOW]
[2026-07-23T09:51:34.102Z] INFO: Finished Test Case: TC_VALIDATION_029 - Status: PASSED (7ms)

[2026-07-23T09:51:34.103Z] INFO: Starting Test Case: TC_VALIDATION_030 - Input Validation validation check - Scenario 30 [Priority: MEDIUM]
[2026-07-23T09:51:34.113Z] INFO: Finished Test Case: TC_VALIDATION_030 - Status: PASSED (11ms)

[2026-07-23T09:51:34.113Z] INFO: Starting Test Case: TC_VALIDATION_031 - Input Validation validation check - Scenario 31 [Priority: CRITICAL]
[2026-07-23T09:51:34.127Z] INFO: Finished Test Case: TC_VALIDATION_031 - Status: PASSED (14ms)

[2026-07-23T09:51:34.127Z] INFO: Starting Test Case: TC_VALIDATION_032 - Input Validation validation check - Scenario 32 [Priority: HIGH]
[2026-07-23T09:51:34.170Z] INFO: Finished Test Case: TC_VALIDATION_032 - Status: PASSED (43ms)

[2026-07-23T09:51:34.171Z] INFO: Starting Test Case: TC_VALIDATION_033 - Input Validation validation check - Scenario 33 [Priority: HIGH]
[2026-07-23T09:51:34.203Z] INFO: Finished Test Case: TC_VALIDATION_033 - Status: PASSED (32ms)

[2026-07-23T09:51:34.203Z] INFO: Starting Test Case: TC_VALIDATION_034 - Input Validation validation check - Scenario 34 [Priority: LOW]
[2026-07-23T09:51:34.241Z] INFO: Finished Test Case: TC_VALIDATION_034 - Status: PASSED (38ms)

[2026-07-23T09:51:34.241Z] INFO: Starting Test Case: TC_VALIDATION_035 - Input Validation validation check - Scenario 35 [Priority: MEDIUM]
[2026-07-23T09:51:34.270Z] INFO: Finished Test Case: TC_VALIDATION_035 - Status: PASSED (29ms)

[2026-07-23T09:51:34.270Z] INFO: Starting Test Case: TC_VALIDATION_036 - Input Validation validation check - Scenario 36 [Priority: CRITICAL]
[2026-07-23T09:51:34.317Z] INFO: Finished Test Case: TC_VALIDATION_036 - Status: PASSED (47ms)

[2026-07-23T09:51:34.317Z] INFO: Starting Test Case: TC_VALIDATION_037 - Input Validation validation check - Scenario 37 [Priority: HIGH]
[2026-07-23T09:51:34.339Z] INFO: Finished Test Case: TC_VALIDATION_037 - Status: PASSED (22ms)

[2026-07-23T09:51:34.340Z] INFO: Starting Test Case: TC_VALIDATION_038 - Input Validation validation check - Scenario 38 [Priority: HIGH]
[2026-07-23T09:51:34.378Z] INFO: Finished Test Case: TC_VALIDATION_038 - Status: PASSED (38ms)

[2026-07-23T09:51:34.378Z] INFO: Starting Test Case: TC_VALIDATION_039 - Input Validation validation check - Scenario 39 [Priority: LOW]
[2026-07-23T09:51:34.421Z] INFO: Finished Test Case: TC_VALIDATION_039 - Status: PASSED (43ms)

[2026-07-23T09:51:34.421Z] INFO: Starting Test Case: TC_VALIDATION_040 - Input Validation validation check - Scenario 40 [Priority: MEDIUM]
[2026-07-23T09:51:34.439Z] INFO: Finished Test Case: TC_VALIDATION_040 - Status: PASSED (18ms)

[2026-07-23T09:51:34.439Z] INFO: Starting Test Case: TC_ERROR_001 - Error Handling validation check - Scenario 1 [Priority: CRITICAL]
[2026-07-23T09:51:34.456Z] INFO: Finished Test Case: TC_ERROR_001 - Status: PASSED (17ms)

[2026-07-23T09:51:34.456Z] INFO: Starting Test Case: TC_ERROR_002 - Error Handling validation check - Scenario 2 [Priority: HIGH]
[2026-07-23T09:51:34.491Z] INFO: Finished Test Case: TC_ERROR_002 - Status: PASSED (35ms)

[2026-07-23T09:51:34.491Z] INFO: Starting Test Case: TC_ERROR_003 - Error Handling validation check - Scenario 3 [Priority: HIGH]
[2026-07-23T09:51:34.499Z] INFO: Finished Test Case: TC_ERROR_003 - Status: PASSED (8ms)

[2026-07-23T09:51:34.499Z] INFO: Starting Test Case: TC_ERROR_004 - Error Handling validation check - Scenario 4 [Priority: LOW]
[2026-07-23T09:51:34.510Z] INFO: Finished Test Case: TC_ERROR_004 - Status: PASSED (11ms)

[2026-07-23T09:51:34.510Z] INFO: Starting Test Case: TC_ERROR_005 - Error Handling validation check - Scenario 5 [Priority: MEDIUM]
[2026-07-23T09:51:34.554Z] INFO: Finished Test Case: TC_ERROR_005 - Status: PASSED (44ms)

[2026-07-23T09:51:34.555Z] INFO: Starting Test Case: TC_ERROR_006 - Error Handling validation check - Scenario 6 [Priority: CRITICAL]
[2026-07-23T09:51:34.580Z] INFO: Finished Test Case: TC_ERROR_006 - Status: PASSED (26ms)

[2026-07-23T09:51:34.580Z] INFO: Starting Test Case: TC_ERROR_007 - Error Handling validation check - Scenario 7 [Priority: HIGH]
[2026-07-23T09:51:34.605Z] INFO: Finished Test Case: TC_ERROR_007 - Status: PASSED (25ms)

[2026-07-23T09:51:34.605Z] INFO: Starting Test Case: TC_ERROR_008 - Error Handling validation check - Scenario 8 [Priority: HIGH]
[2026-07-23T09:51:34.649Z] INFO: Finished Test Case: TC_ERROR_008 - Status: PASSED (43ms)

[2026-07-23T09:51:34.649Z] INFO: Starting Test Case: TC_ERROR_009 - Error Handling validation check - Scenario 9 [Priority: LOW]
[2026-07-23T09:51:34.694Z] INFO: Finished Test Case: TC_ERROR_009 - Status: PASSED (45ms)

[2026-07-23T09:51:34.694Z] INFO: Starting Test Case: TC_ERROR_010 - Error Handling validation check - Scenario 10 [Priority: MEDIUM]
[2026-07-23T09:51:34.727Z] INFO: Finished Test Case: TC_ERROR_010 - Status: PASSED (33ms)

[2026-07-23T09:51:34.728Z] INFO: Starting Test Case: TC_ERROR_011 - Error Handling validation check - Scenario 11 [Priority: CRITICAL]
[2026-07-23T09:51:34.734Z] INFO: Finished Test Case: TC_ERROR_011 - Status: PASSED (7ms)

[2026-07-23T09:51:34.734Z] INFO: Starting Test Case: TC_ERROR_012 - Error Handling validation check - Scenario 12 [Priority: HIGH]
[2026-07-23T09:51:34.762Z] INFO: Finished Test Case: TC_ERROR_012 - Status: PASSED (28ms)

[2026-07-23T09:51:34.762Z] INFO: Starting Test Case: TC_ERROR_013 - Error Handling validation check - Scenario 13 [Priority: HIGH]
[2026-07-23T09:51:34.809Z] INFO: Finished Test Case: TC_ERROR_013 - Status: PASSED (47ms)

[2026-07-23T09:51:34.810Z] INFO: Starting Test Case: TC_ERROR_014 - Error Handling validation check - Scenario 14 [Priority: LOW]
[2026-07-23T09:51:34.844Z] INFO: Finished Test Case: TC_ERROR_014 - Status: PASSED (34ms)

[2026-07-23T09:51:34.844Z] INFO: Starting Test Case: TC_ERROR_015 - Error Handling validation check - Scenario 15 [Priority: MEDIUM]
[2026-07-23T09:51:34.877Z] INFO: Finished Test Case: TC_ERROR_015 - Status: PASSED (33ms)

[2026-07-23T09:51:34.877Z] INFO: Starting Test Case: TC_ERROR_016 - Error Handling validation check - Scenario 16 [Priority: CRITICAL]
[2026-07-23T09:51:34.897Z] INFO: Finished Test Case: TC_ERROR_016 - Status: PASSED (20ms)

[2026-07-23T09:51:34.897Z] INFO: Starting Test Case: TC_ERROR_017 - Error Handling validation check - Scenario 17 [Priority: HIGH]
[2026-07-23T09:51:34.916Z] INFO: Finished Test Case: TC_ERROR_017 - Status: PASSED (19ms)

[2026-07-23T09:51:34.916Z] INFO: Starting Test Case: TC_ERROR_018 - Error Handling validation check - Scenario 18 [Priority: HIGH]
[2026-07-23T09:51:34.961Z] INFO: Finished Test Case: TC_ERROR_018 - Status: PASSED (45ms)

[2026-07-23T09:51:34.961Z] INFO: Starting Test Case: TC_ERROR_019 - Error Handling validation check - Scenario 19 [Priority: LOW]
[2026-07-23T09:51:35.002Z] INFO: Finished Test Case: TC_ERROR_019 - Status: PASSED (41ms)

[2026-07-23T09:51:35.002Z] INFO: Starting Test Case: TC_ERROR_020 - Error Handling validation check - Scenario 20 [Priority: MEDIUM]
[2026-07-23T09:51:35.045Z] INFO: Finished Test Case: TC_ERROR_020 - Status: PASSED (43ms)

[2026-07-23T09:51:35.045Z] INFO: Starting Test Case: TC_SESSION_001 - Session Management validation check - Scenario 1 [Priority: CRITICAL]
[2026-07-23T09:51:35.065Z] INFO: Finished Test Case: TC_SESSION_001 - Status: PASSED (20ms)

[2026-07-23T09:51:35.066Z] INFO: Starting Test Case: TC_SESSION_002 - Session Management validation check - Scenario 2 [Priority: HIGH]
[2026-07-23T09:51:35.098Z] INFO: Finished Test Case: TC_SESSION_002 - Status: PASSED (32ms)

[2026-07-23T09:51:35.098Z] INFO: Starting Test Case: TC_SESSION_003 - Session Management validation check - Scenario 3 [Priority: HIGH]
[2026-07-23T09:51:35.139Z] INFO: Finished Test Case: TC_SESSION_003 - Status: PASSED (41ms)

[2026-07-23T09:51:35.139Z] INFO: Starting Test Case: TC_SESSION_004 - Session Management validation check - Scenario 4 [Priority: LOW]
[2026-07-23T09:51:35.179Z] INFO: Finished Test Case: TC_SESSION_004 - Status: PASSED (40ms)

[2026-07-23T09:51:35.179Z] INFO: Starting Test Case: TC_SESSION_005 - Session Management validation check - Scenario 5 [Priority: MEDIUM]
[2026-07-23T09:51:35.211Z] INFO: Finished Test Case: TC_SESSION_005 - Status: PASSED (32ms)

[2026-07-23T09:51:35.211Z] INFO: Starting Test Case: TC_SESSION_006 - Session Management validation check - Scenario 6 [Priority: CRITICAL]
[2026-07-23T09:51:35.243Z] INFO: Finished Test Case: TC_SESSION_006 - Status: PASSED (31ms)

[2026-07-23T09:51:35.243Z] INFO: Starting Test Case: TC_SESSION_007 - Session Management validation check - Scenario 7 [Priority: HIGH]
[2026-07-23T09:51:35.282Z] INFO: Finished Test Case: TC_SESSION_007 - Status: PASSED (39ms)

[2026-07-23T09:51:35.282Z] INFO: Starting Test Case: TC_SESSION_008 - Session Management validation check - Scenario 8 [Priority: HIGH]
[2026-07-23T09:51:35.321Z] INFO: Finished Test Case: TC_SESSION_008 - Status: PASSED (39ms)

[2026-07-23T09:51:35.321Z] INFO: Starting Test Case: TC_SESSION_009 - Session Management validation check - Scenario 9 [Priority: LOW]
[2026-07-23T09:51:35.334Z] INFO: Finished Test Case: TC_SESSION_009 - Status: PASSED (13ms)

[2026-07-23T09:51:35.334Z] INFO: Starting Test Case: TC_SESSION_010 - Session Management validation check - Scenario 10 [Priority: MEDIUM]
[2026-07-23T09:51:35.355Z] INFO: Finished Test Case: TC_SESSION_010 - Status: PASSED (21ms)

[2026-07-23T09:51:35.355Z] INFO: Starting Test Case: TC_SESSION_011 - Session Management validation check - Scenario 11 [Priority: CRITICAL]
[2026-07-23T09:51:35.377Z] INFO: Finished Test Case: TC_SESSION_011 - Status: PASSED (22ms)

[2026-07-23T09:51:35.378Z] INFO: Starting Test Case: TC_SESSION_012 - Session Management validation check - Scenario 12 [Priority: HIGH]
[2026-07-23T09:51:35.427Z] INFO: Finished Test Case: TC_SESSION_012 - Status: PASSED (49ms)

[2026-07-23T09:51:35.427Z] INFO: Starting Test Case: TC_SESSION_013 - Session Management validation check - Scenario 13 [Priority: HIGH]
[2026-07-23T09:51:35.435Z] INFO: Finished Test Case: TC_SESSION_013 - Status: PASSED (8ms)

[2026-07-23T09:51:35.435Z] INFO: Starting Test Case: TC_SESSION_014 - Session Management validation check - Scenario 14 [Priority: LOW]
[2026-07-23T09:51:35.445Z] INFO: Finished Test Case: TC_SESSION_014 - Status: PASSED (10ms)

[2026-07-23T09:51:35.446Z] INFO: Starting Test Case: TC_SESSION_015 - Session Management validation check - Scenario 15 [Priority: MEDIUM]
[2026-07-23T09:51:35.478Z] INFO: Finished Test Case: TC_SESSION_015 - Status: PASSED (32ms)

[2026-07-23T09:51:35.478Z] INFO: Starting Test Case: TC_SESSION_016 - Session Management validation check - Scenario 16 [Priority: CRITICAL]
[2026-07-23T09:51:35.493Z] INFO: Finished Test Case: TC_SESSION_016 - Status: PASSED (15ms)

[2026-07-23T09:51:35.493Z] INFO: Starting Test Case: TC_SESSION_017 - Session Management validation check - Scenario 17 [Priority: HIGH]
[2026-07-23T09:51:35.519Z] INFO: Finished Test Case: TC_SESSION_017 - Status: PASSED (25ms)

[2026-07-23T09:51:35.519Z] INFO: Starting Test Case: TC_SESSION_018 - Session Management validation check - Scenario 18 [Priority: HIGH]
[2026-07-23T09:51:35.561Z] INFO: Finished Test Case: TC_SESSION_018 - Status: PASSED (42ms)

[2026-07-23T09:51:35.561Z] INFO: Starting Test Case: TC_SESSION_019 - Session Management validation check - Scenario 19 [Priority: LOW]
[2026-07-23T09:51:35.574Z] INFO: Finished Test Case: TC_SESSION_019 - Status: PASSED (13ms)

[2026-07-23T09:51:35.574Z] INFO: Starting Test Case: TC_SESSION_020 - Session Management validation check - Scenario 20 [Priority: MEDIUM]
[2026-07-23T09:51:35.595Z] INFO: Finished Test Case: TC_SESSION_020 - Status: PASSED (21ms)

[2026-07-23T09:51:35.595Z] INFO: Starting Test Case: TC_FILE_001 - File Upload validation check - Scenario 1 [Priority: CRITICAL]
[2026-07-23T09:51:35.634Z] INFO: Finished Test Case: TC_FILE_001 - Status: PASSED (39ms)

[2026-07-23T09:51:35.634Z] INFO: Starting Test Case: TC_FILE_002 - File Upload validation check - Scenario 2 [Priority: HIGH]
[2026-07-23T09:51:35.634Z] INFO: Running E2E: Large File Upload...
[2026-07-23T09:51:35.634Z] INFO: Finished Test Case: TC_FILE_002 - Status: PASSED (0ms)

[2026-07-23T09:51:35.634Z] INFO: Starting Test Case: TC_FILE_003 - File Upload validation check - Scenario 3 [Priority: HIGH]
[2026-07-23T09:51:35.650Z] INFO: Finished Test Case: TC_FILE_003 - Status: PASSED (16ms)

[2026-07-23T09:51:35.651Z] INFO: Starting Test Case: TC_FILE_004 - File Upload validation check - Scenario 4 [Priority: LOW]
[2026-07-23T09:51:35.699Z] INFO: Finished Test Case: TC_FILE_004 - Status: PASSED (48ms)

[2026-07-23T09:51:35.699Z] INFO: Starting Test Case: TC_FILE_005 - File Upload validation check - Scenario 5 [Priority: MEDIUM]
[2026-07-23T09:51:35.710Z] INFO: Finished Test Case: TC_FILE_005 - Status: PASSED (11ms)

[2026-07-23T09:51:35.710Z] INFO: Starting Test Case: TC_FILE_006 - File Upload validation check - Scenario 6 [Priority: CRITICAL]
[2026-07-23T09:51:35.725Z] INFO: Finished Test Case: TC_FILE_006 - Status: PASSED (15ms)

[2026-07-23T09:51:35.725Z] INFO: Starting Test Case: TC_FILE_007 - File Upload validation check - Scenario 7 [Priority: HIGH]
[2026-07-23T09:51:35.760Z] INFO: Finished Test Case: TC_FILE_007 - Status: PASSED (35ms)

[2026-07-23T09:51:35.760Z] INFO: Starting Test Case: TC_FILE_008 - File Upload validation check - Scenario 8 [Priority: HIGH]
[2026-07-23T09:51:35.798Z] INFO: Finished Test Case: TC_FILE_008 - Status: PASSED (38ms)

[2026-07-23T09:51:35.798Z] INFO: Starting Test Case: TC_FILE_009 - File Upload validation check - Scenario 9 [Priority: LOW]
[2026-07-23T09:51:35.836Z] INFO: Finished Test Case: TC_FILE_009 - Status: PASSED (38ms)

[2026-07-23T09:51:35.836Z] INFO: Starting Test Case: TC_FILE_010 - File Upload validation check - Scenario 10 [Priority: MEDIUM]
[2026-07-23T09:51:35.867Z] INFO: Finished Test Case: TC_FILE_010 - Status: PASSED (31ms)

[2026-07-23T09:51:35.867Z] INFO: Starting Test Case: TC_FILE_011 - File Upload validation check - Scenario 11 [Priority: CRITICAL]
[2026-07-23T09:51:35.895Z] INFO: Finished Test Case: TC_FILE_011 - Status: PASSED (28ms)

[2026-07-23T09:51:35.896Z] INFO: Starting Test Case: TC_FILE_012 - File Upload validation check - Scenario 12 [Priority: HIGH]
[2026-07-23T09:51:35.907Z] INFO: Finished Test Case: TC_FILE_012 - Status: PASSED (11ms)

[2026-07-23T09:51:35.907Z] INFO: Starting Test Case: TC_FILE_013 - File Upload validation check - Scenario 13 [Priority: HIGH]
[2026-07-23T09:51:35.943Z] INFO: Finished Test Case: TC_FILE_013 - Status: PASSED (36ms)

[2026-07-23T09:51:35.943Z] INFO: Starting Test Case: TC_FILE_014 - File Upload validation check - Scenario 14 [Priority: LOW]
[2026-07-23T09:51:35.993Z] INFO: Finished Test Case: TC_FILE_014 - Status: PASSED (50ms)

[2026-07-23T09:51:35.993Z] INFO: Starting Test Case: TC_FILE_015 - File Upload validation check - Scenario 15 [Priority: MEDIUM]
[2026-07-23T09:51:36.036Z] INFO: Finished Test Case: TC_FILE_015 - Status: PASSED (43ms)

[2026-07-23T09:51:36.036Z] INFO: Starting Test Case: TC_FILE_016 - File Upload validation check - Scenario 16 [Priority: CRITICAL]
[2026-07-23T09:51:36.071Z] INFO: Finished Test Case: TC_FILE_016 - Status: PASSED (35ms)

[2026-07-23T09:51:36.072Z] INFO: Starting Test Case: TC_FILE_017 - File Upload validation check - Scenario 17 [Priority: HIGH]
[2026-07-23T09:51:36.094Z] INFO: Finished Test Case: TC_FILE_017 - Status: PASSED (23ms)

[2026-07-23T09:51:36.094Z] INFO: Starting Test Case: TC_FILE_018 - File Upload validation check - Scenario 18 [Priority: HIGH]
[2026-07-23T09:51:36.104Z] INFO: Finished Test Case: TC_FILE_018 - Status: PASSED (10ms)

[2026-07-23T09:51:36.104Z] INFO: Starting Test Case: TC_FILE_019 - File Upload validation check - Scenario 19 [Priority: LOW]
[2026-07-23T09:51:36.120Z] INFO: Finished Test Case: TC_FILE_019 - Status: PASSED (16ms)

[2026-07-23T09:51:36.121Z] INFO: Starting Test Case: TC_FILE_020 - File Upload validation check - Scenario 20 [Priority: MEDIUM]
[2026-07-23T09:51:36.161Z] INFO: Finished Test Case: TC_FILE_020 - Status: PASSED (40ms)

[2026-07-23T09:51:36.161Z] INFO: Starting Test Case: TC_A11Y_001 - Accessibility validation check - Scenario 1 [Priority: CRITICAL]
[2026-07-23T09:51:36.197Z] INFO: Finished Test Case: TC_A11Y_001 - Status: PASSED (36ms)

[2026-07-23T09:51:36.197Z] INFO: Starting Test Case: TC_A11Y_002 - Accessibility validation check - Scenario 2 [Priority: HIGH]
[2026-07-23T09:51:36.225Z] INFO: Finished Test Case: TC_A11Y_002 - Status: PASSED (28ms)

[2026-07-23T09:51:36.225Z] INFO: Starting Test Case: TC_A11Y_003 - Accessibility validation check - Scenario 3 [Priority: HIGH]
[2026-07-23T09:51:36.260Z] INFO: Finished Test Case: TC_A11Y_003 - Status: PASSED (35ms)

[2026-07-23T09:51:36.260Z] INFO: Starting Test Case: TC_A11Y_004 - Accessibility validation check - Scenario 4 [Priority: LOW]
[2026-07-23T09:51:36.303Z] INFO: Finished Test Case: TC_A11Y_004 - Status: PASSED (43ms)

[2026-07-23T09:51:36.303Z] INFO: Starting Test Case: TC_A11Y_005 - Accessibility validation check - Scenario 5 [Priority: MEDIUM]
[2026-07-23T09:51:36.315Z] INFO: Finished Test Case: TC_A11Y_005 - Status: PASSED (12ms)

[2026-07-23T09:51:36.315Z] INFO: Starting Test Case: TC_A11Y_006 - Accessibility validation check - Scenario 6 [Priority: CRITICAL]
[2026-07-23T09:51:36.357Z] INFO: Finished Test Case: TC_A11Y_006 - Status: PASSED (42ms)

[2026-07-23T09:51:36.357Z] INFO: Starting Test Case: TC_A11Y_007 - Accessibility validation check - Scenario 7 [Priority: HIGH]
[2026-07-23T09:51:36.373Z] INFO: Finished Test Case: TC_A11Y_007 - Status: PASSED (16ms)

[2026-07-23T09:51:36.374Z] INFO: Starting Test Case: TC_A11Y_008 - Accessibility validation check - Scenario 8 [Priority: HIGH]
[2026-07-23T09:51:36.416Z] INFO: Finished Test Case: TC_A11Y_008 - Status: PASSED (42ms)

[2026-07-23T09:51:36.416Z] INFO: Starting Test Case: TC_A11Y_009 - Accessibility validation check - Scenario 9 [Priority: LOW]
[2026-07-23T09:51:36.450Z] INFO: Finished Test Case: TC_A11Y_009 - Status: PASSED (34ms)

[2026-07-23T09:51:36.450Z] INFO: Starting Test Case: TC_A11Y_010 - Accessibility validation check - Scenario 10 [Priority: MEDIUM]
[2026-07-23T09:51:36.478Z] INFO: Finished Test Case: TC_A11Y_010 - Status: PASSED (28ms)

[2026-07-23T09:51:36.478Z] INFO: Starting Test Case: TC_A11Y_011 - Accessibility validation check - Scenario 11 [Priority: CRITICAL]
[2026-07-23T09:51:36.486Z] INFO: Finished Test Case: TC_A11Y_011 - Status: PASSED (8ms)

[2026-07-23T09:51:36.486Z] INFO: Starting Test Case: TC_A11Y_012 - Accessibility validation check - Scenario 12 [Priority: HIGH]
[2026-07-23T09:51:36.509Z] INFO: Finished Test Case: TC_A11Y_012 - Status: PASSED (23ms)

[2026-07-23T09:51:36.509Z] INFO: Starting Test Case: TC_A11Y_013 - Accessibility validation check - Scenario 13 [Priority: HIGH]
[2026-07-23T09:51:36.539Z] INFO: Finished Test Case: TC_A11Y_013 - Status: PASSED (30ms)

[2026-07-23T09:51:36.539Z] INFO: Starting Test Case: TC_A11Y_014 - Accessibility validation check - Scenario 14 [Priority: LOW]
[2026-07-23T09:51:36.552Z] INFO: Finished Test Case: TC_A11Y_014 - Status: PASSED (13ms)

[2026-07-23T09:51:36.552Z] INFO: Starting Test Case: TC_A11Y_015 - Accessibility validation check - Scenario 15 [Priority: MEDIUM]
[2026-07-23T09:51:36.586Z] INFO: Finished Test Case: TC_A11Y_015 - Status: PASSED (34ms)

[2026-07-23T09:51:36.586Z] INFO: Starting Test Case: TC_A11Y_016 - Accessibility validation check - Scenario 16 [Priority: CRITICAL]
[2026-07-23T09:51:36.634Z] INFO: Finished Test Case: TC_A11Y_016 - Status: PASSED (48ms)

[2026-07-23T09:51:36.634Z] INFO: Starting Test Case: TC_A11Y_017 - Accessibility validation check - Scenario 17 [Priority: HIGH]
[2026-07-23T09:51:36.664Z] INFO: Finished Test Case: TC_A11Y_017 - Status: PASSED (30ms)

[2026-07-23T09:51:36.664Z] INFO: Starting Test Case: TC_A11Y_018 - Accessibility validation check - Scenario 18 [Priority: HIGH]
[2026-07-23T09:51:36.694Z] INFO: Finished Test Case: TC_A11Y_018 - Status: PASSED (29ms)

[2026-07-23T09:51:36.694Z] INFO: Starting Test Case: TC_A11Y_019 - Accessibility validation check - Scenario 19 [Priority: LOW]
[2026-07-23T09:51:36.703Z] INFO: Finished Test Case: TC_A11Y_019 - Status: PASSED (9ms)

[2026-07-23T09:51:36.703Z] INFO: Starting Test Case: TC_A11Y_020 - Accessibility validation check - Scenario 20 [Priority: MEDIUM]
[2026-07-23T09:51:36.735Z] INFO: Finished Test Case: TC_A11Y_020 - Status: PASSED (32ms)

[2026-07-23T09:51:36.735Z] INFO: Starting Test Case: TC_RESPONSIVE_001 - Responsive Design validation check - Scenario 1 [Priority: CRITICAL]
[2026-07-23T09:51:36.777Z] INFO: Finished Test Case: TC_RESPONSIVE_001 - Status: PASSED (42ms)

[2026-07-23T09:51:36.777Z] INFO: Starting Test Case: TC_RESPONSIVE_002 - Responsive Design validation check - Scenario 2 [Priority: HIGH]
[2026-07-23T09:51:36.784Z] INFO: Finished Test Case: TC_RESPONSIVE_002 - Status: PASSED (7ms)

[2026-07-23T09:51:36.784Z] INFO: Starting Test Case: TC_RESPONSIVE_003 - Responsive Design validation check - Scenario 3 [Priority: HIGH]
[2026-07-23T09:51:36.830Z] INFO: Finished Test Case: TC_RESPONSIVE_003 - Status: PASSED (46ms)

[2026-07-23T09:51:36.830Z] INFO: Starting Test Case: TC_RESPONSIVE_004 - Responsive Design validation check - Scenario 4 [Priority: LOW]
[2026-07-23T09:51:36.838Z] INFO: Finished Test Case: TC_RESPONSIVE_004 - Status: PASSED (8ms)

[2026-07-23T09:51:36.838Z] INFO: Starting Test Case: TC_RESPONSIVE_005 - Responsive Design validation check - Scenario 5 [Priority: MEDIUM]
[2026-07-23T09:51:36.843Z] INFO: Finished Test Case: TC_RESPONSIVE_005 - Status: PASSED (5ms)

[2026-07-23T09:51:36.843Z] INFO: Starting Test Case: TC_RESPONSIVE_006 - Responsive Design validation check - Scenario 6 [Priority: CRITICAL]
[2026-07-23T09:51:36.872Z] INFO: Finished Test Case: TC_RESPONSIVE_006 - Status: PASSED (29ms)

[2026-07-23T09:51:36.872Z] INFO: Starting Test Case: TC_RESPONSIVE_007 - Responsive Design validation check - Scenario 7 [Priority: HIGH]
[2026-07-23T09:51:36.896Z] INFO: Finished Test Case: TC_RESPONSIVE_007 - Status: PASSED (24ms)

[2026-07-23T09:51:36.896Z] INFO: Starting Test Case: TC_RESPONSIVE_008 - Responsive Design validation check - Scenario 8 [Priority: HIGH]
[2026-07-23T09:51:36.901Z] INFO: Finished Test Case: TC_RESPONSIVE_008 - Status: PASSED (5ms)

[2026-07-23T09:51:36.901Z] INFO: Starting Test Case: TC_RESPONSIVE_009 - Responsive Design validation check - Scenario 9 [Priority: LOW]
[2026-07-23T09:51:36.913Z] INFO: Finished Test Case: TC_RESPONSIVE_009 - Status: PASSED (12ms)

[2026-07-23T09:51:36.913Z] INFO: Starting Test Case: TC_RESPONSIVE_010 - Responsive Design validation check - Scenario 10 [Priority: MEDIUM]
[2026-07-23T09:51:36.928Z] INFO: Finished Test Case: TC_RESPONSIVE_010 - Status: PASSED (14ms)

[2026-07-23T09:51:36.928Z] INFO: Starting Test Case: TC_RESPONSIVE_011 - Responsive Design validation check - Scenario 11 [Priority: CRITICAL]
[2026-07-23T09:51:36.970Z] INFO: Finished Test Case: TC_RESPONSIVE_011 - Status: PASSED (42ms)

[2026-07-23T09:51:36.970Z] INFO: Starting Test Case: TC_RESPONSIVE_012 - Responsive Design validation check - Scenario 12 [Priority: HIGH]
[2026-07-23T09:51:36.981Z] INFO: Finished Test Case: TC_RESPONSIVE_012 - Status: PASSED (11ms)

[2026-07-23T09:51:36.981Z] INFO: Starting Test Case: TC_RESPONSIVE_013 - Responsive Design validation check - Scenario 13 [Priority: HIGH]
[2026-07-23T09:51:37.004Z] INFO: Finished Test Case: TC_RESPONSIVE_013 - Status: PASSED (23ms)

[2026-07-23T09:51:37.004Z] INFO: Starting Test Case: TC_RESPONSIVE_014 - Responsive Design validation check - Scenario 14 [Priority: LOW]
[2026-07-23T09:51:37.019Z] INFO: Finished Test Case: TC_RESPONSIVE_014 - Status: PASSED (15ms)

[2026-07-23T09:51:37.019Z] INFO: Starting Test Case: TC_RESPONSIVE_015 - Responsive Design validation check - Scenario 15 [Priority: MEDIUM]
[2026-07-23T09:51:37.059Z] INFO: Finished Test Case: TC_RESPONSIVE_015 - Status: PASSED (40ms)

[2026-07-23T09:51:37.059Z] INFO: Starting Test Case: TC_RESPONSIVE_016 - Responsive Design validation check - Scenario 16 [Priority: CRITICAL]
[2026-07-23T09:51:37.074Z] INFO: Finished Test Case: TC_RESPONSIVE_016 - Status: PASSED (14ms)

[2026-07-23T09:51:37.074Z] INFO: Starting Test Case: TC_RESPONSIVE_017 - Responsive Design validation check - Scenario 17 [Priority: HIGH]
[2026-07-23T09:51:37.105Z] INFO: Finished Test Case: TC_RESPONSIVE_017 - Status: PASSED (31ms)

[2026-07-23T09:51:37.105Z] INFO: Starting Test Case: TC_RESPONSIVE_018 - Responsive Design validation check - Scenario 18 [Priority: HIGH]
[2026-07-23T09:51:37.122Z] INFO: Finished Test Case: TC_RESPONSIVE_018 - Status: PASSED (17ms)

[2026-07-23T09:51:37.122Z] INFO: Starting Test Case: TC_RESPONSIVE_019 - Responsive Design validation check - Scenario 19 [Priority: LOW]
[2026-07-23T09:51:37.172Z] INFO: Finished Test Case: TC_RESPONSIVE_019 - Status: PASSED (50ms)

[2026-07-23T09:51:37.172Z] INFO: Starting Test Case: TC_RESPONSIVE_020 - Responsive Design validation check - Scenario 20 [Priority: MEDIUM]
[2026-07-23T09:51:37.177Z] INFO: Finished Test Case: TC_RESPONSIVE_020 - Status: PASSED (5ms)

[2026-07-23T09:51:37.177Z] INFO: Starting Test Case: TC_PERF_001 - Performance Smoke validation check - Scenario 1 [Priority: CRITICAL]
[2026-07-23T09:51:37.191Z] INFO: Finished Test Case: TC_PERF_001 - Status: PASSED (14ms)

[2026-07-23T09:51:37.191Z] INFO: Starting Test Case: TC_PERF_002 - Performance Smoke validation check - Scenario 2 [Priority: HIGH]
[2026-07-23T09:51:37.222Z] INFO: Finished Test Case: TC_PERF_002 - Status: PASSED (31ms)

[2026-07-23T09:51:37.222Z] INFO: Starting Test Case: TC_PERF_003 - Performance Smoke validation check - Scenario 3 [Priority: HIGH]
[2026-07-23T09:51:37.251Z] INFO: Finished Test Case: TC_PERF_003 - Status: PASSED (29ms)

[2026-07-23T09:51:37.251Z] INFO: Starting Test Case: TC_PERF_004 - Performance Smoke validation check - Scenario 4 [Priority: LOW]
[2026-07-23T09:51:37.287Z] INFO: Finished Test Case: TC_PERF_004 - Status: PASSED (36ms)

[2026-07-23T09:51:37.288Z] INFO: Starting Test Case: TC_PERF_005 - Performance Smoke validation check - Scenario 5 [Priority: MEDIUM]
[2026-07-23T09:51:37.336Z] INFO: Finished Test Case: TC_PERF_005 - Status: PASSED (48ms)

[2026-07-23T09:51:37.336Z] INFO: Starting Test Case: TC_PERF_006 - Performance Smoke validation check - Scenario 6 [Priority: CRITICAL]
[2026-07-23T09:51:37.362Z] INFO: Finished Test Case: TC_PERF_006 - Status: PASSED (26ms)

[2026-07-23T09:51:37.362Z] INFO: Starting Test Case: TC_PERF_007 - Performance Smoke validation check - Scenario 7 [Priority: HIGH]
[2026-07-23T09:51:37.375Z] INFO: Finished Test Case: TC_PERF_007 - Status: PASSED (13ms)

[2026-07-23T09:51:37.375Z] INFO: Starting Test Case: TC_PERF_008 - Performance Smoke validation check - Scenario 8 [Priority: HIGH]
[2026-07-23T09:51:37.412Z] INFO: Finished Test Case: TC_PERF_008 - Status: PASSED (37ms)

[2026-07-23T09:51:37.412Z] INFO: Starting Test Case: TC_PERF_009 - Performance Smoke validation check - Scenario 9 [Priority: LOW]
[2026-07-23T09:51:37.449Z] INFO: Finished Test Case: TC_PERF_009 - Status: PASSED (37ms)

[2026-07-23T09:51:37.449Z] INFO: Starting Test Case: TC_PERF_010 - Performance Smoke validation check - Scenario 10 [Priority: MEDIUM]
[2026-07-23T09:51:37.456Z] INFO: Finished Test Case: TC_PERF_010 - Status: PASSED (7ms)

[2026-07-23T09:51:37.456Z] INFO: Starting Test Case: TC_PERF_011 - Performance Smoke validation check - Scenario 11 [Priority: CRITICAL]
[2026-07-23T09:51:37.498Z] INFO: Finished Test Case: TC_PERF_011 - Status: PASSED (42ms)

[2026-07-23T09:51:37.498Z] INFO: Starting Test Case: TC_PERF_012 - Performance Smoke validation check - Scenario 12 [Priority: HIGH]
[2026-07-23T09:51:37.520Z] INFO: Finished Test Case: TC_PERF_012 - Status: PASSED (22ms)

[2026-07-23T09:51:37.521Z] INFO: Starting Test Case: TC_PERF_013 - Performance Smoke validation check - Scenario 13 [Priority: HIGH]
[2026-07-23T09:51:37.570Z] INFO: Finished Test Case: TC_PERF_013 - Status: PASSED (49ms)

[2026-07-23T09:51:37.570Z] INFO: Starting Test Case: TC_PERF_014 - Performance Smoke validation check - Scenario 14 [Priority: LOW]
[2026-07-23T09:51:37.587Z] INFO: Finished Test Case: TC_PERF_014 - Status: PASSED (17ms)

[2026-07-23T09:51:37.587Z] INFO: Starting Test Case: TC_PERF_015 - Performance Smoke validation check - Scenario 15 [Priority: MEDIUM]
[2026-07-23T09:51:37.637Z] INFO: Finished Test Case: TC_PERF_015 - Status: PASSED (50ms)

[2026-07-23T09:51:37.637Z] INFO: Starting Test Case: TC_PERF_016 - Performance Smoke validation check - Scenario 16 [Priority: CRITICAL]
[2026-07-23T09:51:37.662Z] INFO: Finished Test Case: TC_PERF_016 - Status: PASSED (25ms)

[2026-07-23T09:51:37.662Z] INFO: Starting Test Case: TC_PERF_017 - Performance Smoke validation check - Scenario 17 [Priority: HIGH]
[2026-07-23T09:51:37.668Z] INFO: Finished Test Case: TC_PERF_017 - Status: PASSED (6ms)

[2026-07-23T09:51:37.668Z] INFO: Starting Test Case: TC_PERF_018 - Performance Smoke validation check - Scenario 18 [Priority: HIGH]
[2026-07-23T09:51:37.716Z] INFO: Finished Test Case: TC_PERF_018 - Status: PASSED (48ms)

[2026-07-23T09:51:37.716Z] INFO: Starting Test Case: TC_PERF_019 - Performance Smoke validation check - Scenario 19 [Priority: LOW]
[2026-07-23T09:51:37.758Z] INFO: Finished Test Case: TC_PERF_019 - Status: PASSED (42ms)

[2026-07-23T09:51:37.758Z] INFO: Starting Test Case: TC_PERF_020 - Performance Smoke validation check - Scenario 20 [Priority: MEDIUM]
[2026-07-23T09:51:37.797Z] INFO: Finished Test Case: TC_PERF_020 - Status: PASSED (39ms)

[2026-07-23T09:51:37.798Z] INFO: Starting Test Case: TC_REGR_001 - Regression validation check - Scenario 1 [Priority: CRITICAL]
[2026-07-23T09:51:37.819Z] INFO: Finished Test Case: TC_REGR_001 - Status: PASSED (21ms)

[2026-07-23T09:51:37.819Z] INFO: Starting Test Case: TC_REGR_002 - Regression validation check - Scenario 2 [Priority: HIGH]
[2026-07-23T09:51:37.836Z] INFO: Finished Test Case: TC_REGR_002 - Status: PASSED (17ms)

[2026-07-23T09:51:37.836Z] INFO: Starting Test Case: TC_REGR_003 - Regression validation check - Scenario 3 [Priority: HIGH]
[2026-07-23T09:51:37.846Z] INFO: Finished Test Case: TC_REGR_003 - Status: PASSED (9ms)

[2026-07-23T09:51:37.846Z] INFO: Starting Test Case: TC_REGR_004 - Regression validation check - Scenario 4 [Priority: LOW]
[2026-07-23T09:51:37.877Z] INFO: Finished Test Case: TC_REGR_004 - Status: PASSED (31ms)

[2026-07-23T09:51:37.877Z] INFO: Starting Test Case: TC_REGR_005 - Regression validation check - Scenario 5 [Priority: MEDIUM]
[2026-07-23T09:51:37.910Z] INFO: Finished Test Case: TC_REGR_005 - Status: PASSED (33ms)

[2026-07-23T09:51:37.910Z] INFO: Starting Test Case: TC_REGR_006 - Regression validation check - Scenario 6 [Priority: CRITICAL]
[2026-07-23T09:51:37.920Z] INFO: Finished Test Case: TC_REGR_006 - Status: PASSED (10ms)

[2026-07-23T09:51:37.920Z] INFO: Starting Test Case: TC_REGR_007 - Regression validation check - Scenario 7 [Priority: HIGH]
[2026-07-23T09:51:37.942Z] INFO: Finished Test Case: TC_REGR_007 - Status: PASSED (22ms)

[2026-07-23T09:51:37.942Z] INFO: Starting Test Case: TC_REGR_008 - Regression validation check - Scenario 8 [Priority: HIGH]
[2026-07-23T09:51:37.985Z] INFO: Finished Test Case: TC_REGR_008 - Status: PASSED (43ms)

[2026-07-23T09:51:37.985Z] INFO: Starting Test Case: TC_REGR_009 - Regression validation check - Scenario 9 [Priority: LOW]
[2026-07-23T09:51:38.029Z] INFO: Finished Test Case: TC_REGR_009 - Status: PASSED (44ms)

[2026-07-23T09:51:38.029Z] INFO: Starting Test Case: TC_REGR_010 - Regression validation check - Scenario 10 [Priority: MEDIUM]
[2026-07-23T09:51:38.068Z] INFO: Finished Test Case: TC_REGR_010 - Status: PASSED (39ms)

[2026-07-23T09:51:38.068Z] INFO: Starting Test Case: TC_REGR_011 - Regression validation check - Scenario 11 [Priority: CRITICAL]
[2026-07-23T09:51:38.090Z] INFO: Finished Test Case: TC_REGR_011 - Status: PASSED (22ms)

[2026-07-23T09:51:38.090Z] INFO: Starting Test Case: TC_REGR_012 - Regression validation check - Scenario 12 [Priority: HIGH]
[2026-07-23T09:51:38.140Z] INFO: Finished Test Case: TC_REGR_012 - Status: PASSED (50ms)

[2026-07-23T09:51:38.140Z] INFO: Starting Test Case: TC_REGR_013 - Regression validation check - Scenario 13 [Priority: HIGH]
[2026-07-23T09:51:38.154Z] INFO: Finished Test Case: TC_REGR_013 - Status: PASSED (14ms)

[2026-07-23T09:51:38.154Z] INFO: Starting Test Case: TC_REGR_014 - Regression validation check - Scenario 14 [Priority: LOW]
[2026-07-23T09:51:38.187Z] INFO: Finished Test Case: TC_REGR_014 - Status: PASSED (33ms)

[2026-07-23T09:51:38.188Z] INFO: Starting Test Case: TC_REGR_015 - Regression validation check - Scenario 15 [Priority: MEDIUM]
[2026-07-23T09:51:38.210Z] INFO: Finished Test Case: TC_REGR_015 - Status: PASSED (22ms)

[2026-07-23T09:51:38.210Z] INFO: Starting Test Case: TC_REGR_016 - Regression validation check - Scenario 16 [Priority: CRITICAL]
[2026-07-23T09:51:38.243Z] INFO: Finished Test Case: TC_REGR_016 - Status: PASSED (33ms)

[2026-07-23T09:51:38.243Z] INFO: Starting Test Case: TC_REGR_017 - Regression validation check - Scenario 17 [Priority: HIGH]
[2026-07-23T09:51:38.258Z] INFO: Finished Test Case: TC_REGR_017 - Status: PASSED (15ms)

[2026-07-23T09:51:38.258Z] INFO: Starting Test Case: TC_REGR_018 - Regression validation check - Scenario 18 [Priority: HIGH]
[2026-07-23T09:51:38.266Z] INFO: Finished Test Case: TC_REGR_018 - Status: PASSED (8ms)

[2026-07-23T09:51:38.266Z] INFO: Starting Test Case: TC_REGR_019 - Regression validation check - Scenario 19 [Priority: LOW]
[2026-07-23T09:51:38.282Z] INFO: Finished Test Case: TC_REGR_019 - Status: PASSED (16ms)

[2026-07-23T09:51:38.282Z] INFO: Starting Test Case: TC_REGR_020 - Regression validation check - Scenario 20 [Priority: MEDIUM]
[2026-07-23T09:51:38.295Z] INFO: Finished Test Case: TC_REGR_020 - Status: PASSED (13ms)

[2026-07-23T09:51:38.296Z] INFO: Starting Test Case: TC_REGR_021 - Regression validation check - Scenario 21 [Priority: CRITICAL]
[2026-07-23T09:51:38.334Z] INFO: Finished Test Case: TC_REGR_021 - Status: PASSED (38ms)

[2026-07-23T09:51:38.334Z] INFO: Starting Test Case: TC_REGR_022 - Regression validation check - Scenario 22 [Priority: HIGH]
[2026-07-23T09:51:38.354Z] INFO: Finished Test Case: TC_REGR_022 - Status: PASSED (20ms)

[2026-07-23T09:51:38.354Z] INFO: Starting Test Case: TC_REGR_023 - Regression validation check - Scenario 23 [Priority: HIGH]
[2026-07-23T09:51:38.367Z] INFO: Finished Test Case: TC_REGR_023 - Status: PASSED (12ms)

[2026-07-23T09:51:38.367Z] INFO: Starting Test Case: TC_REGR_024 - Regression validation check - Scenario 24 [Priority: LOW]
[2026-07-23T09:51:38.374Z] INFO: Finished Test Case: TC_REGR_024 - Status: PASSED (7ms)

[2026-07-23T09:51:38.374Z] INFO: Starting Test Case: TC_REGR_025 - Regression validation check - Scenario 25 [Priority: MEDIUM]
[2026-07-23T09:51:38.414Z] INFO: Finished Test Case: TC_REGR_025 - Status: PASSED (40ms)

[2026-07-23T09:51:38.414Z] INFO: Starting Test Case: TC_REGR_026 - Regression validation check - Scenario 26 [Priority: CRITICAL]
[2026-07-23T09:51:38.451Z] INFO: Finished Test Case: TC_REGR_026 - Status: PASSED (37ms)

[2026-07-23T09:51:38.451Z] INFO: Starting Test Case: TC_REGR_027 - Regression validation check - Scenario 27 [Priority: HIGH]
[2026-07-23T09:51:38.461Z] INFO: Finished Test Case: TC_REGR_027 - Status: PASSED (10ms)

[2026-07-23T09:51:38.461Z] INFO: Starting Test Case: TC_REGR_028 - Regression validation check - Scenario 28 [Priority: HIGH]
[2026-07-23T09:51:38.492Z] INFO: Finished Test Case: TC_REGR_028 - Status: PASSED (31ms)

[2026-07-23T09:51:38.492Z] INFO: Starting Test Case: TC_REGR_029 - Regression validation check - Scenario 29 [Priority: LOW]
[2026-07-23T09:51:38.509Z] INFO: Finished Test Case: TC_REGR_029 - Status: PASSED (16ms)

[2026-07-23T09:51:38.509Z] INFO: Starting Test Case: TC_REGR_030 - Regression validation check - Scenario 30 [Priority: MEDIUM]
[2026-07-23T09:51:38.522Z] INFO: Finished Test Case: TC_REGR_030 - Status: PASSED (13ms)

[2026-07-23T09:51:38.522Z] INFO: Starting Test Case: TC_REGR_031 - Regression validation check - Scenario 31 [Priority: CRITICAL]
[2026-07-23T09:51:38.557Z] INFO: Finished Test Case: TC_REGR_031 - Status: PASSED (35ms)

[2026-07-23T09:51:38.557Z] INFO: Starting Test Case: TC_REGR_032 - Regression validation check - Scenario 32 [Priority: HIGH]
[2026-07-23T09:51:38.601Z] INFO: Finished Test Case: TC_REGR_032 - Status: PASSED (43ms)

[2026-07-23T09:51:38.601Z] INFO: Starting Test Case: TC_REGR_033 - Regression validation check - Scenario 33 [Priority: HIGH]
[2026-07-23T09:51:38.633Z] INFO: Finished Test Case: TC_REGR_033 - Status: PASSED (32ms)

[2026-07-23T09:51:38.633Z] INFO: Starting Test Case: TC_REGR_034 - Regression validation check - Scenario 34 [Priority: LOW]
[2026-07-23T09:51:38.673Z] INFO: Finished Test Case: TC_REGR_034 - Status: PASSED (40ms)

[2026-07-23T09:51:38.673Z] INFO: Starting Test Case: TC_REGR_035 - Regression validation check - Scenario 35 [Priority: MEDIUM]
[2026-07-23T09:51:38.711Z] INFO: Finished Test Case: TC_REGR_035 - Status: PASSED (38ms)

[2026-07-23T09:51:38.711Z] INFO: Starting Test Case: TC_REGR_036 - Regression validation check - Scenario 36 [Priority: CRITICAL]
[2026-07-23T09:51:38.718Z] INFO: Finished Test Case: TC_REGR_036 - Status: PASSED (7ms)

[2026-07-23T09:51:38.718Z] INFO: Starting Test Case: TC_REGR_037 - Regression validation check - Scenario 37 [Priority: HIGH]
[2026-07-23T09:51:38.753Z] INFO: Finished Test Case: TC_REGR_037 - Status: PASSED (35ms)

[2026-07-23T09:51:38.754Z] INFO: Starting Test Case: TC_REGR_038 - Regression validation check - Scenario 38 [Priority: HIGH]
[2026-07-23T09:51:38.773Z] INFO: Finished Test Case: TC_REGR_038 - Status: PASSED (19ms)

[2026-07-23T09:51:38.773Z] INFO: Starting Test Case: TC_REGR_039 - Regression validation check - Scenario 39 [Priority: LOW]
[2026-07-23T09:51:38.811Z] INFO: Finished Test Case: TC_REGR_039 - Status: PASSED (38ms)

[2026-07-23T09:51:38.811Z] INFO: Starting Test Case: TC_REGR_040 - Regression validation check - Scenario 40 [Priority: MEDIUM]
[2026-07-23T09:51:38.853Z] INFO: Finished Test Case: TC_REGR_040 - Status: PASSED (42ms)

[2026-07-23T09:51:38.854Z] INFO: Starting Test Case: TC_REGR_041 - Regression validation check - Scenario 41 [Priority: CRITICAL]
[2026-07-23T09:51:38.890Z] INFO: Finished Test Case: TC_REGR_041 - Status: PASSED (36ms)

[2026-07-23T09:51:38.890Z] INFO: Starting Test Case: TC_REGR_042 - Regression validation check - Scenario 42 [Priority: HIGH]
[2026-07-23T09:51:38.908Z] INFO: Finished Test Case: TC_REGR_042 - Status: PASSED (18ms)

[2026-07-23T09:51:38.908Z] INFO: Starting Test Case: TC_REGR_043 - Regression validation check - Scenario 43 [Priority: HIGH]
[2026-07-23T09:51:38.932Z] INFO: Finished Test Case: TC_REGR_043 - Status: PASSED (24ms)

[2026-07-23T09:51:38.932Z] INFO: Starting Test Case: TC_REGR_044 - Regression validation check - Scenario 44 [Priority: LOW]
[2026-07-23T09:51:38.981Z] INFO: Finished Test Case: TC_REGR_044 - Status: PASSED (49ms)

[2026-07-23T09:51:38.981Z] INFO: Starting Test Case: TC_REGR_045 - Regression validation check - Scenario 45 [Priority: MEDIUM]
[2026-07-23T09:51:39.017Z] INFO: Finished Test Case: TC_REGR_045 - Status: PASSED (36ms)

[2026-07-23T09:51:39.018Z] INFO: Starting Test Case: TC_REGR_046 - Regression validation check - Scenario 46 [Priority: CRITICAL]
[2026-07-23T09:51:39.058Z] INFO: Finished Test Case: TC_REGR_046 - Status: PASSED (40ms)

[2026-07-23T09:51:39.058Z] INFO: Starting Test Case: TC_REGR_047 - Regression validation check - Scenario 47 [Priority: HIGH]
[2026-07-23T09:51:39.063Z] INFO: Finished Test Case: TC_REGR_047 - Status: PASSED (5ms)

[2026-07-23T09:51:39.063Z] INFO: Starting Test Case: TC_REGR_048 - Regression validation check - Scenario 48 [Priority: HIGH]
[2026-07-23T09:51:39.070Z] INFO: Finished Test Case: TC_REGR_048 - Status: PASSED (7ms)

[2026-07-23T09:51:39.071Z] INFO: Starting Test Case: TC_REGR_049 - Regression validation check - Scenario 49 [Priority: LOW]
[2026-07-23T09:51:39.085Z] INFO: Finished Test Case: TC_REGR_049 - Status: PASSED (14ms)

[2026-07-23T09:51:39.085Z] INFO: Starting Test Case: TC_REGR_050 - Regression validation check - Scenario 50 [Priority: MEDIUM]
[2026-07-23T09:51:39.096Z] INFO: Finished Test Case: TC_REGR_050 - Status: PASSED (11ms)

[2026-07-23T09:51:39.096Z] INFO: Closing Chrome driver session...
[2026-07-23T09:51:39.100Z] INFO: Browser logs saved successfully to: /home/runner/work/pddtesting/pddtesting/automation/reports/Logs/browser-console.log
[2026-07-23T09:51:39.152Z] INFO: Session closed.
[2026-07-23T09:51:39.152Z] INFO: E2E suite execution finished. Total duration: 33.57s
[2026-07-23T09:51:39.153Z] INFO: Generating Excel automation reports...
[2026-07-23T09:51:39.363Z] INFO: Master Excel report written to: /home/runner/work/pddtesting/pddtesting/automation/reports/Excel/Automation_Test_Report.xlsx
[2026-07-23T09:51:39.461Z] INFO: Excel report generation completed successfully!
[2026-07-23T09:51:39.462Z] INFO: Generating HTML automation reports...
[2026-07-23T09:51:39.469Z] INFO: HTML Reports successfully written to: /home/runner/work/pddtesting/pddtesting/automation/reports/HTML
[2026-07-23T09:51:39.470Z] INFO: JSON report generated at: /home/runner/work/pddtesting/pddtesting/automation/reports/JSON/execution-results.json
[2026-07-23T09:51:39.471Z] INFO: Markdown step summary generated at: /home/runner/work/pddtesting/pddtesting/automation/reports/Summary/summary.md
[2026-07-23T09:51:39.471Z] INFO: Final Metrics -> Total: 470, Passed: 467, Pass Rate: 99.36%
[2026-07-23T09:51:39.471Z] INFO: Critical Tests -> Total: 95, Failed: 1, Critical Fail Rate: 1.05%
[2026-07-23T09:51:39.471Z] INFO: Execution Passed: All criteria (Pass Rate >= 95% and Critical Fail Rate <= 5%) met successfully!
