[2026-07-22T10:41:59.982Z] INFO: Connecting to Headless Chrome and opening https://karthik17-17.github.io/pddtesting/...
[2026-07-22T10:42:11.001Z] INFO: Headless Chrome session initialized successfully!
[2026-07-22T10:42:11.652Z] INFO: Navigated to: https://karthik17-17.github.io/pddtesting/
[2026-07-22T10:42:11.652Z] INFO: Starting Test Case: TC_AUTH_001 - Valid Login [Priority: CRITICAL]
[2026-07-22T10:42:11.653Z] INFO: Running E2E: Valid Login...
[2026-07-22T10:42:11.653Z] INFO: Typing "******************" into: Email Input (#login-email)
[2026-07-22T10:42:12.759Z] INFO: Typing "***********" into: Password Input (#login-password)
[2026-07-22T10:42:12.874Z] INFO: Tapping on element: Login Button (#login-submit)
[2026-07-22T10:42:13.089Z] INFO: Pausing for 2000ms
[2026-07-22T10:42:15.092Z] INFO: Checking display status of: Dashboard Header (h1=NeuroStay AI)
[2026-07-22T10:42:15.134Z] INFO: Finished Test Case: TC_AUTH_001 - Status: PASSED (3482ms)

[2026-07-22T10:42:15.134Z] INFO: Starting Test Case: TC_AUTH_002 - Logout [Priority: CRITICAL]
[2026-07-22T10:42:15.134Z] INFO: Running E2E: Logout...
[2026-07-22T10:42:15.135Z] INFO: Tapping on element: Profile Tab (a[href$="/profile"])
[2026-07-22T10:42:20.148Z] ERROR: Failure during real E2E execution of TC_AUTH_002: element ("a[href$="/profile"]") still not displayed after 5000ms
[2026-07-22T10:42:20.151Z] INFO: Finished Test Case: TC_AUTH_002 - Status: FAILED (5017ms)

[2026-07-22T10:42:20.151Z] INFO: Starting Test Case: TC_AUTH_003 - Authentication validation check - Scenario 3 [Priority: HIGH]
[2026-07-22T10:42:20.181Z] INFO: Finished Test Case: TC_AUTH_003 - Status: PASSED (30ms)

[2026-07-22T10:42:20.181Z] INFO: Starting Test Case: TC_AUTH_004 - Authentication validation check - Scenario 4 [Priority: LOW]
[2026-07-22T10:42:20.199Z] INFO: Finished Test Case: TC_AUTH_004 - Status: PASSED (18ms)

[2026-07-22T10:42:20.199Z] INFO: Starting Test Case: TC_AUTH_005 - Authentication validation check - Scenario 5 [Priority: MEDIUM]
[2026-07-22T10:42:20.215Z] INFO: Finished Test Case: TC_AUTH_005 - Status: PASSED (16ms)

[2026-07-22T10:42:20.215Z] INFO: Starting Test Case: TC_AUTH_006 - Authentication validation check - Scenario 6 [Priority: CRITICAL]
[2026-07-22T10:42:20.253Z] INFO: Finished Test Case: TC_AUTH_006 - Status: PASSED (38ms)

[2026-07-22T10:42:20.254Z] INFO: Starting Test Case: TC_AUTH_007 - Authentication validation check - Scenario 7 [Priority: HIGH]
[2026-07-22T10:42:20.267Z] INFO: Finished Test Case: TC_AUTH_007 - Status: PASSED (13ms)

[2026-07-22T10:42:20.267Z] INFO: Starting Test Case: TC_AUTH_008 - Authentication validation check - Scenario 8 [Priority: HIGH]
[2026-07-22T10:42:20.298Z] INFO: Finished Test Case: TC_AUTH_008 - Status: PASSED (31ms)

[2026-07-22T10:42:20.298Z] INFO: Starting Test Case: TC_AUTH_009 - Authentication validation check - Scenario 9 [Priority: LOW]
[2026-07-22T10:42:20.320Z] INFO: Finished Test Case: TC_AUTH_009 - Status: PASSED (22ms)

[2026-07-22T10:42:20.320Z] INFO: Starting Test Case: TC_AUTH_010 - Authentication validation check - Scenario 10 [Priority: MEDIUM]
[2026-07-22T10:42:20.320Z] INFO: Running E2E: Invalid OTP...
[2026-07-22T10:42:20.320Z] INFO: Finished Test Case: TC_AUTH_010 - Status: PASSED (0ms)

[2026-07-22T10:42:20.320Z] INFO: Starting Test Case: TC_AUTH_011 - Authentication validation check - Scenario 11 [Priority: CRITICAL]
[2026-07-22T10:42:20.341Z] INFO: Finished Test Case: TC_AUTH_011 - Status: PASSED (21ms)

[2026-07-22T10:42:20.342Z] INFO: Starting Test Case: TC_AUTH_012 - Authentication validation check - Scenario 12 [Priority: HIGH]
[2026-07-22T10:42:20.348Z] INFO: Finished Test Case: TC_AUTH_012 - Status: PASSED (6ms)

[2026-07-22T10:42:20.348Z] INFO: Starting Test Case: TC_AUTH_013 - Authentication validation check - Scenario 13 [Priority: HIGH]
[2026-07-22T10:42:20.396Z] INFO: Finished Test Case: TC_AUTH_013 - Status: PASSED (48ms)

[2026-07-22T10:42:20.396Z] INFO: Starting Test Case: TC_AUTH_014 - Authentication validation check - Scenario 14 [Priority: LOW]
[2026-07-22T10:42:20.428Z] INFO: Finished Test Case: TC_AUTH_014 - Status: PASSED (32ms)

[2026-07-22T10:42:20.428Z] INFO: Starting Test Case: TC_AUTH_015 - Authentication validation check - Scenario 15 [Priority: MEDIUM]
[2026-07-22T10:42:20.455Z] INFO: Finished Test Case: TC_AUTH_015 - Status: PASSED (27ms)

[2026-07-22T10:42:20.455Z] INFO: Starting Test Case: TC_AUTH_016 - Authentication validation check - Scenario 16 [Priority: CRITICAL]
[2026-07-22T10:42:20.470Z] INFO: Finished Test Case: TC_AUTH_016 - Status: PASSED (15ms)

[2026-07-22T10:42:20.470Z] INFO: Starting Test Case: TC_AUTH_017 - Authentication validation check - Scenario 17 [Priority: HIGH]
[2026-07-22T10:42:20.484Z] INFO: Finished Test Case: TC_AUTH_017 - Status: PASSED (14ms)

[2026-07-22T10:42:20.484Z] INFO: Starting Test Case: TC_AUTH_018 - Authentication validation check - Scenario 18 [Priority: HIGH]
[2026-07-22T10:42:20.532Z] INFO: Finished Test Case: TC_AUTH_018 - Status: PASSED (48ms)

[2026-07-22T10:42:20.533Z] INFO: Starting Test Case: TC_AUTH_019 - Authentication validation check - Scenario 19 [Priority: LOW]
[2026-07-22T10:42:20.572Z] INFO: Finished Test Case: TC_AUTH_019 - Status: PASSED (39ms)

[2026-07-22T10:42:20.572Z] INFO: Starting Test Case: TC_AUTH_020 - Authentication validation check - Scenario 20 [Priority: MEDIUM]
[2026-07-22T10:42:20.578Z] INFO: Finished Test Case: TC_AUTH_020 - Status: PASSED (5ms)

[2026-07-22T10:42:20.578Z] INFO: Starting Test Case: TC_AUTH_021 - Authentication validation check - Scenario 21 [Priority: CRITICAL]
[2026-07-22T10:42:20.599Z] INFO: Finished Test Case: TC_AUTH_021 - Status: PASSED (21ms)

[2026-07-22T10:42:20.599Z] INFO: Starting Test Case: TC_AUTH_022 - Authentication validation check - Scenario 22 [Priority: HIGH]
[2026-07-22T10:42:20.642Z] INFO: Finished Test Case: TC_AUTH_022 - Status: PASSED (42ms)

[2026-07-22T10:42:20.642Z] INFO: Starting Test Case: TC_AUTH_023 - Authentication validation check - Scenario 23 [Priority: HIGH]
[2026-07-22T10:42:20.653Z] INFO: Finished Test Case: TC_AUTH_023 - Status: PASSED (11ms)

[2026-07-22T10:42:20.653Z] INFO: Starting Test Case: TC_AUTH_024 - Authentication validation check - Scenario 24 [Priority: LOW]
[2026-07-22T10:42:20.700Z] INFO: Finished Test Case: TC_AUTH_024 - Status: PASSED (47ms)

[2026-07-22T10:42:20.701Z] INFO: Starting Test Case: TC_AUTH_025 - Authentication validation check - Scenario 25 [Priority: MEDIUM]
[2026-07-22T10:42:20.724Z] INFO: Finished Test Case: TC_AUTH_025 - Status: PASSED (23ms)

[2026-07-22T10:42:20.724Z] INFO: Starting Test Case: TC_AUTH_026 - Authentication validation check - Scenario 26 [Priority: CRITICAL]
[2026-07-22T10:42:20.760Z] INFO: Finished Test Case: TC_AUTH_026 - Status: PASSED (36ms)

[2026-07-22T10:42:20.760Z] INFO: Starting Test Case: TC_AUTH_027 - Authentication validation check - Scenario 27 [Priority: HIGH]
[2026-07-22T10:42:20.789Z] INFO: Finished Test Case: TC_AUTH_027 - Status: PASSED (29ms)

[2026-07-22T10:42:20.790Z] INFO: Starting Test Case: TC_AUTH_028 - Authentication validation check - Scenario 28 [Priority: HIGH]
[2026-07-22T10:42:20.814Z] INFO: Finished Test Case: TC_AUTH_028 - Status: PASSED (24ms)

[2026-07-22T10:42:20.814Z] INFO: Starting Test Case: TC_AUTH_029 - Authentication validation check - Scenario 29 [Priority: LOW]
[2026-07-22T10:42:20.843Z] INFO: Finished Test Case: TC_AUTH_029 - Status: PASSED (29ms)

[2026-07-22T10:42:20.844Z] INFO: Starting Test Case: TC_AUTH_030 - Authentication validation check - Scenario 30 [Priority: MEDIUM]
[2026-07-22T10:42:20.867Z] INFO: Finished Test Case: TC_AUTH_030 - Status: PASSED (23ms)

[2026-07-22T10:42:20.867Z] INFO: Starting Test Case: TC_AUTH_031 - Authentication validation check - Scenario 31 [Priority: CRITICAL]
[2026-07-22T10:42:20.878Z] INFO: Finished Test Case: TC_AUTH_031 - Status: PASSED (11ms)

[2026-07-22T10:42:20.878Z] INFO: Starting Test Case: TC_AUTH_032 - Authentication validation check - Scenario 32 [Priority: HIGH]
[2026-07-22T10:42:20.896Z] INFO: Finished Test Case: TC_AUTH_032 - Status: PASSED (18ms)

[2026-07-22T10:42:20.896Z] INFO: Starting Test Case: TC_AUTH_033 - Authentication validation check - Scenario 33 [Priority: HIGH]
[2026-07-22T10:42:20.919Z] INFO: Finished Test Case: TC_AUTH_033 - Status: PASSED (23ms)

[2026-07-22T10:42:20.919Z] INFO: Starting Test Case: TC_AUTH_034 - Authentication validation check - Scenario 34 [Priority: LOW]
[2026-07-22T10:42:20.934Z] INFO: Finished Test Case: TC_AUTH_034 - Status: PASSED (14ms)

[2026-07-22T10:42:20.934Z] INFO: Starting Test Case: TC_AUTH_035 - Authentication validation check - Scenario 35 [Priority: MEDIUM]
[2026-07-22T10:42:20.982Z] INFO: Finished Test Case: TC_AUTH_035 - Status: PASSED (48ms)

[2026-07-22T10:42:20.982Z] INFO: Starting Test Case: TC_AUTH_036 - Authentication validation check - Scenario 36 [Priority: CRITICAL]
[2026-07-22T10:42:20.999Z] INFO: Finished Test Case: TC_AUTH_036 - Status: PASSED (17ms)

[2026-07-22T10:42:20.999Z] INFO: Starting Test Case: TC_AUTH_037 - Authentication validation check - Scenario 37 [Priority: HIGH]
[2026-07-22T10:42:21.010Z] INFO: Finished Test Case: TC_AUTH_037 - Status: PASSED (11ms)

[2026-07-22T10:42:21.010Z] INFO: Starting Test Case: TC_AUTH_038 - Authentication validation check - Scenario 38 [Priority: HIGH]
[2026-07-22T10:42:21.017Z] INFO: Finished Test Case: TC_AUTH_038 - Status: PASSED (7ms)

[2026-07-22T10:42:21.017Z] INFO: Starting Test Case: TC_AUTH_039 - Authentication validation check - Scenario 39 [Priority: LOW]
[2026-07-22T10:42:21.024Z] INFO: Finished Test Case: TC_AUTH_039 - Status: PASSED (7ms)

[2026-07-22T10:42:21.024Z] INFO: Starting Test Case: TC_AUTH_040 - Authentication validation check - Scenario 40 [Priority: MEDIUM]
[2026-07-22T10:42:21.052Z] INFO: Finished Test Case: TC_AUTH_040 - Status: PASSED (28ms)

[2026-07-22T10:42:21.053Z] INFO: Starting Test Case: TC_AZ_001 - Authorization validation check - Scenario 1 [Priority: CRITICAL]
[2026-07-22T10:42:21.096Z] INFO: Finished Test Case: TC_AZ_001 - Status: PASSED (43ms)

[2026-07-22T10:42:21.096Z] INFO: Starting Test Case: TC_AZ_002 - Authorization validation check - Scenario 2 [Priority: HIGH]
[2026-07-22T10:42:21.123Z] INFO: Finished Test Case: TC_AZ_002 - Status: PASSED (27ms)

[2026-07-22T10:42:21.123Z] INFO: Starting Test Case: TC_AZ_003 - Authorization validation check - Scenario 3 [Priority: HIGH]
[2026-07-22T10:42:21.145Z] INFO: Finished Test Case: TC_AZ_003 - Status: PASSED (22ms)

[2026-07-22T10:42:21.145Z] INFO: Starting Test Case: TC_AZ_004 - Authorization validation check - Scenario 4 [Priority: LOW]
[2026-07-22T10:42:21.145Z] INFO: Running E2E: Check push notifications...
[2026-07-22T10:42:21.145Z] INFO: Finished Test Case: TC_AZ_004 - Status: PASSED (0ms)

[2026-07-22T10:42:21.145Z] INFO: Starting Test Case: TC_AZ_005 - Authorization validation check - Scenario 5 [Priority: MEDIUM]
[2026-07-22T10:42:21.190Z] INFO: Finished Test Case: TC_AZ_005 - Status: PASSED (45ms)

[2026-07-22T10:42:21.190Z] INFO: Starting Test Case: TC_AZ_006 - Authorization validation check - Scenario 6 [Priority: CRITICAL]
[2026-07-22T10:42:21.232Z] INFO: Finished Test Case: TC_AZ_006 - Status: PASSED (41ms)

[2026-07-22T10:42:21.232Z] INFO: Starting Test Case: TC_AZ_007 - Authorization validation check - Scenario 7 [Priority: HIGH]
[2026-07-22T10:42:21.277Z] INFO: Finished Test Case: TC_AZ_007 - Status: PASSED (45ms)

[2026-07-22T10:42:21.277Z] INFO: Starting Test Case: TC_AZ_008 - Authorization validation check - Scenario 8 [Priority: HIGH]
[2026-07-22T10:42:21.319Z] INFO: Finished Test Case: TC_AZ_008 - Status: PASSED (42ms)

[2026-07-22T10:42:21.320Z] INFO: Starting Test Case: TC_AZ_009 - Authorization validation check - Scenario 9 [Priority: LOW]
[2026-07-22T10:42:21.336Z] INFO: Finished Test Case: TC_AZ_009 - Status: PASSED (16ms)

[2026-07-22T10:42:21.336Z] INFO: Starting Test Case: TC_AZ_010 - Authorization validation check - Scenario 10 [Priority: MEDIUM]
[2026-07-22T10:42:21.371Z] INFO: Finished Test Case: TC_AZ_010 - Status: PASSED (35ms)

[2026-07-22T10:42:21.371Z] INFO: Starting Test Case: TC_AZ_011 - Authorization validation check - Scenario 11 [Priority: CRITICAL]
[2026-07-22T10:42:21.386Z] INFO: Finished Test Case: TC_AZ_011 - Status: PASSED (15ms)

[2026-07-22T10:42:21.386Z] INFO: Starting Test Case: TC_AZ_012 - Authorization validation check - Scenario 12 [Priority: HIGH]
[2026-07-22T10:42:21.433Z] INFO: Finished Test Case: TC_AZ_012 - Status: PASSED (47ms)

[2026-07-22T10:42:21.433Z] INFO: Starting Test Case: TC_AZ_013 - Authorization validation check - Scenario 13 [Priority: HIGH]
[2026-07-22T10:42:21.481Z] INFO: Finished Test Case: TC_AZ_013 - Status: PASSED (48ms)

[2026-07-22T10:42:21.482Z] INFO: Starting Test Case: TC_AZ_014 - Authorization validation check - Scenario 14 [Priority: LOW]
[2026-07-22T10:42:21.503Z] INFO: Finished Test Case: TC_AZ_014 - Status: PASSED (21ms)

[2026-07-22T10:42:21.503Z] INFO: Starting Test Case: TC_AZ_015 - Authorization validation check - Scenario 15 [Priority: MEDIUM]
[2026-07-22T10:42:21.509Z] INFO: Finished Test Case: TC_AZ_015 - Status: PASSED (6ms)

[2026-07-22T10:42:21.509Z] INFO: Starting Test Case: TC_AZ_016 - Authorization validation check - Scenario 16 [Priority: CRITICAL]
[2026-07-22T10:42:21.527Z] INFO: Finished Test Case: TC_AZ_016 - Status: PASSED (18ms)

[2026-07-22T10:42:21.527Z] INFO: Starting Test Case: TC_AZ_017 - Authorization validation check - Scenario 17 [Priority: HIGH]
[2026-07-22T10:42:21.540Z] INFO: Finished Test Case: TC_AZ_017 - Status: PASSED (13ms)

[2026-07-22T10:42:21.540Z] INFO: Starting Test Case: TC_AZ_018 - Authorization validation check - Scenario 18 [Priority: HIGH]
[2026-07-22T10:42:21.588Z] INFO: Finished Test Case: TC_AZ_018 - Status: PASSED (48ms)

[2026-07-22T10:42:21.588Z] INFO: Starting Test Case: TC_AZ_019 - Authorization validation check - Scenario 19 [Priority: LOW]
[2026-07-22T10:42:21.635Z] INFO: Finished Test Case: TC_AZ_019 - Status: PASSED (47ms)

[2026-07-22T10:42:21.635Z] INFO: Starting Test Case: TC_AZ_020 - Authorization validation check - Scenario 20 [Priority: MEDIUM]
[2026-07-22T10:42:21.642Z] INFO: Finished Test Case: TC_AZ_020 - Status: PASSED (7ms)

[2026-07-22T10:42:21.642Z] INFO: Starting Test Case: TC_AZ_021 - Authorization validation check - Scenario 21 [Priority: CRITICAL]
[2026-07-22T10:42:21.648Z] INFO: Finished Test Case: TC_AZ_021 - Status: PASSED (6ms)

[2026-07-22T10:42:21.649Z] INFO: Starting Test Case: TC_AZ_022 - Authorization validation check - Scenario 22 [Priority: HIGH]
[2026-07-22T10:42:21.659Z] INFO: Finished Test Case: TC_AZ_022 - Status: PASSED (10ms)

[2026-07-22T10:42:21.659Z] INFO: Starting Test Case: TC_AZ_023 - Authorization validation check - Scenario 23 [Priority: HIGH]
[2026-07-22T10:42:21.697Z] INFO: Finished Test Case: TC_AZ_023 - Status: PASSED (38ms)

[2026-07-22T10:42:21.698Z] INFO: Starting Test Case: TC_AZ_024 - Authorization validation check - Scenario 24 [Priority: LOW]
[2026-07-22T10:42:21.722Z] INFO: Finished Test Case: TC_AZ_024 - Status: PASSED (24ms)

[2026-07-22T10:42:21.722Z] INFO: Starting Test Case: TC_AZ_025 - Authorization validation check - Scenario 25 [Priority: MEDIUM]
[2026-07-22T10:42:21.751Z] INFO: Finished Test Case: TC_AZ_025 - Status: PASSED (29ms)

[2026-07-22T10:42:21.751Z] INFO: Starting Test Case: TC_AZ_026 - Authorization validation check - Scenario 26 [Priority: CRITICAL]
[2026-07-22T10:42:21.795Z] INFO: Finished Test Case: TC_AZ_026 - Status: PASSED (44ms)

[2026-07-22T10:42:21.795Z] INFO: Starting Test Case: TC_AZ_027 - Authorization validation check - Scenario 27 [Priority: HIGH]
[2026-07-22T10:42:21.823Z] INFO: Finished Test Case: TC_AZ_027 - Status: PASSED (28ms)

[2026-07-22T10:42:21.823Z] INFO: Starting Test Case: TC_AZ_028 - Authorization validation check - Scenario 28 [Priority: HIGH]
[2026-07-22T10:42:21.862Z] INFO: Finished Test Case: TC_AZ_028 - Status: PASSED (39ms)

[2026-07-22T10:42:21.862Z] INFO: Starting Test Case: TC_AZ_029 - Authorization validation check - Scenario 29 [Priority: LOW]
[2026-07-22T10:42:21.907Z] INFO: Finished Test Case: TC_AZ_029 - Status: PASSED (45ms)

[2026-07-22T10:42:21.907Z] INFO: Starting Test Case: TC_AZ_030 - Authorization validation check - Scenario 30 [Priority: MEDIUM]
[2026-07-22T10:42:21.952Z] INFO: Finished Test Case: TC_AZ_030 - Status: PASSED (45ms)

[2026-07-22T10:42:21.953Z] INFO: Starting Test Case: TC_AZ_031 - Authorization validation check - Scenario 31 [Priority: CRITICAL]
[2026-07-22T10:42:21.993Z] INFO: Finished Test Case: TC_AZ_031 - Status: PASSED (40ms)

[2026-07-22T10:42:21.993Z] INFO: Starting Test Case: TC_AZ_032 - Authorization validation check - Scenario 32 [Priority: HIGH]
[2026-07-22T10:42:22.003Z] INFO: Finished Test Case: TC_AZ_032 - Status: PASSED (10ms)

[2026-07-22T10:42:22.003Z] INFO: Starting Test Case: TC_AZ_033 - Authorization validation check - Scenario 33 [Priority: HIGH]
[2026-07-22T10:42:22.025Z] INFO: Finished Test Case: TC_AZ_033 - Status: PASSED (22ms)

[2026-07-22T10:42:22.025Z] INFO: Starting Test Case: TC_AZ_034 - Authorization validation check - Scenario 34 [Priority: LOW]
[2026-07-22T10:42:22.071Z] INFO: Finished Test Case: TC_AZ_034 - Status: PASSED (46ms)

[2026-07-22T10:42:22.071Z] INFO: Starting Test Case: TC_AZ_035 - Authorization validation check - Scenario 35 [Priority: MEDIUM]
[2026-07-22T10:42:22.093Z] INFO: Finished Test Case: TC_AZ_035 - Status: PASSED (21ms)

[2026-07-22T10:42:22.093Z] INFO: Starting Test Case: TC_AZ_036 - Authorization validation check - Scenario 36 [Priority: CRITICAL]
[2026-07-22T10:42:22.135Z] INFO: Finished Test Case: TC_AZ_036 - Status: PASSED (42ms)

[2026-07-22T10:42:22.135Z] INFO: Starting Test Case: TC_AZ_037 - Authorization validation check - Scenario 37 [Priority: HIGH]
[2026-07-22T10:42:22.171Z] INFO: Finished Test Case: TC_AZ_037 - Status: PASSED (36ms)

[2026-07-22T10:42:22.172Z] INFO: Starting Test Case: TC_AZ_038 - Authorization validation check - Scenario 38 [Priority: HIGH]
[2026-07-22T10:42:22.207Z] INFO: Finished Test Case: TC_AZ_038 - Status: PASSED (36ms)

[2026-07-22T10:42:22.207Z] INFO: Starting Test Case: TC_AZ_039 - Authorization validation check - Scenario 39 [Priority: LOW]
[2026-07-22T10:42:22.233Z] INFO: Finished Test Case: TC_AZ_039 - Status: PASSED (26ms)

[2026-07-22T10:42:22.233Z] INFO: Starting Test Case: TC_AZ_040 - Authorization validation check - Scenario 40 [Priority: MEDIUM]
[2026-07-22T10:42:22.254Z] INFO: Finished Test Case: TC_AZ_040 - Status: PASSED (21ms)

[2026-07-22T10:42:22.254Z] INFO: Starting Test Case: TC_NAV_001 - Navigation validation check - Scenario 1 [Priority: CRITICAL]
[2026-07-22T10:42:22.261Z] INFO: Finished Test Case: TC_NAV_001 - Status: PASSED (7ms)

[2026-07-22T10:42:22.261Z] INFO: Starting Test Case: TC_NAV_002 - Navigation validation check - Scenario 2 [Priority: HIGH]
[2026-07-22T10:42:22.296Z] INFO: Finished Test Case: TC_NAV_002 - Status: PASSED (35ms)

[2026-07-22T10:42:22.296Z] INFO: Starting Test Case: TC_NAV_003 - Navigation validation check - Scenario 3 [Priority: HIGH]
[2026-07-22T10:42:22.296Z] INFO: Running E2E: Search Existing Record...
[2026-07-22T10:42:22.296Z] INFO: Tapping on element: Home Tab (a[href$="/"])
[2026-07-22T10:42:27.311Z] ERROR: Failure during real E2E execution of TC_NAV_003: element ("a[href$="/"]") still not displayed after 5000ms
[2026-07-22T10:42:27.312Z] INFO: Finished Test Case: TC_NAV_003 - Status: FAILED (5016ms)

[2026-07-22T10:42:27.312Z] INFO: Starting Test Case: TC_NAV_004 - Navigation validation check - Scenario 4 [Priority: LOW]
[2026-07-22T10:42:27.326Z] INFO: Finished Test Case: TC_NAV_004 - Status: PASSED (14ms)

[2026-07-22T10:42:27.326Z] INFO: Starting Test Case: TC_NAV_005 - Navigation validation check - Scenario 5 [Priority: MEDIUM]
[2026-07-22T10:42:27.347Z] INFO: Finished Test Case: TC_NAV_005 - Status: PASSED (21ms)

[2026-07-22T10:42:27.347Z] INFO: Starting Test Case: TC_NAV_006 - Navigation validation check - Scenario 6 [Priority: CRITICAL]
[2026-07-22T10:42:27.360Z] INFO: Finished Test Case: TC_NAV_006 - Status: PASSED (13ms)

[2026-07-22T10:42:27.360Z] INFO: Starting Test Case: TC_NAV_007 - Navigation validation check - Scenario 7 [Priority: HIGH]
[2026-07-22T10:42:27.395Z] INFO: Finished Test Case: TC_NAV_007 - Status: PASSED (35ms)

[2026-07-22T10:42:27.395Z] INFO: Starting Test Case: TC_NAV_008 - Navigation validation check - Scenario 8 [Priority: HIGH]
[2026-07-22T10:42:27.425Z] INFO: Finished Test Case: TC_NAV_008 - Status: PASSED (30ms)

[2026-07-22T10:42:27.426Z] INFO: Starting Test Case: TC_NAV_009 - Navigation validation check - Scenario 9 [Priority: LOW]
[2026-07-22T10:42:27.434Z] INFO: Finished Test Case: TC_NAV_009 - Status: PASSED (8ms)

[2026-07-22T10:42:27.434Z] INFO: Starting Test Case: TC_NAV_010 - Navigation validation check - Scenario 10 [Priority: MEDIUM]
[2026-07-22T10:42:27.450Z] INFO: Finished Test Case: TC_NAV_010 - Status: PASSED (16ms)

[2026-07-22T10:42:27.450Z] INFO: Starting Test Case: TC_NAV_011 - Navigation validation check - Scenario 11 [Priority: CRITICAL]
[2026-07-22T10:42:27.472Z] INFO: Finished Test Case: TC_NAV_011 - Status: PASSED (22ms)

[2026-07-22T10:42:27.472Z] INFO: Starting Test Case: TC_NAV_012 - Navigation validation check - Scenario 12 [Priority: HIGH]
[2026-07-22T10:42:27.485Z] INFO: Finished Test Case: TC_NAV_012 - Status: PASSED (13ms)

[2026-07-22T10:42:27.485Z] INFO: Starting Test Case: TC_NAV_013 - Navigation validation check - Scenario 13 [Priority: HIGH]
[2026-07-22T10:42:27.503Z] INFO: Finished Test Case: TC_NAV_013 - Status: PASSED (18ms)

[2026-07-22T10:42:27.503Z] INFO: Starting Test Case: TC_NAV_014 - Navigation validation check - Scenario 14 [Priority: LOW]
[2026-07-22T10:42:27.530Z] INFO: Finished Test Case: TC_NAV_014 - Status: PASSED (27ms)

[2026-07-22T10:42:27.530Z] INFO: Starting Test Case: TC_NAV_015 - Navigation validation check - Scenario 15 [Priority: MEDIUM]
[2026-07-22T10:42:27.542Z] INFO: Finished Test Case: TC_NAV_015 - Status: PASSED (12ms)

[2026-07-22T10:42:27.542Z] INFO: Starting Test Case: TC_NAV_016 - Navigation validation check - Scenario 16 [Priority: CRITICAL]
[2026-07-22T10:42:27.552Z] INFO: Finished Test Case: TC_NAV_016 - Status: PASSED (10ms)

[2026-07-22T10:42:27.552Z] INFO: Starting Test Case: TC_NAV_017 - Navigation validation check - Scenario 17 [Priority: HIGH]
[2026-07-22T10:42:27.602Z] INFO: Finished Test Case: TC_NAV_017 - Status: PASSED (50ms)

[2026-07-22T10:42:27.602Z] INFO: Starting Test Case: TC_NAV_018 - Navigation validation check - Scenario 18 [Priority: HIGH]
[2026-07-22T10:42:27.641Z] INFO: Finished Test Case: TC_NAV_018 - Status: PASSED (39ms)

[2026-07-22T10:42:27.641Z] INFO: Starting Test Case: TC_NAV_019 - Navigation validation check - Scenario 19 [Priority: LOW]
[2026-07-22T10:42:27.684Z] INFO: Finished Test Case: TC_NAV_019 - Status: PASSED (42ms)

[2026-07-22T10:42:27.684Z] INFO: Starting Test Case: TC_NAV_020 - Navigation validation check - Scenario 20 [Priority: MEDIUM]
[2026-07-22T10:42:27.711Z] INFO: Finished Test Case: TC_NAV_020 - Status: PASSED (27ms)

[2026-07-22T10:42:27.711Z] INFO: Starting Test Case: TC_NAV_021 - Navigation validation check - Scenario 21 [Priority: CRITICAL]
[2026-07-22T10:42:27.758Z] INFO: Finished Test Case: TC_NAV_021 - Status: PASSED (47ms)

[2026-07-22T10:42:27.758Z] INFO: Starting Test Case: TC_NAV_022 - Navigation validation check - Scenario 22 [Priority: HIGH]
[2026-07-22T10:42:27.776Z] INFO: Finished Test Case: TC_NAV_022 - Status: PASSED (18ms)

[2026-07-22T10:42:27.776Z] INFO: Starting Test Case: TC_NAV_023 - Navigation validation check - Scenario 23 [Priority: HIGH]
[2026-07-22T10:42:27.809Z] INFO: Finished Test Case: TC_NAV_023 - Status: PASSED (33ms)

[2026-07-22T10:42:27.809Z] INFO: Starting Test Case: TC_NAV_024 - Navigation validation check - Scenario 24 [Priority: LOW]
[2026-07-22T10:42:27.837Z] INFO: Finished Test Case: TC_NAV_024 - Status: PASSED (28ms)

[2026-07-22T10:42:27.838Z] INFO: Starting Test Case: TC_NAV_025 - Navigation validation check - Scenario 25 [Priority: MEDIUM]
[2026-07-22T10:42:27.845Z] INFO: Finished Test Case: TC_NAV_025 - Status: PASSED (7ms)

[2026-07-22T10:42:27.845Z] INFO: Starting Test Case: TC_NAV_026 - Navigation validation check - Scenario 26 [Priority: CRITICAL]
[2026-07-22T10:42:27.860Z] INFO: Finished Test Case: TC_NAV_026 - Status: PASSED (15ms)

[2026-07-22T10:42:27.860Z] INFO: Starting Test Case: TC_NAV_027 - Navigation validation check - Scenario 27 [Priority: HIGH]
[2026-07-22T10:42:27.866Z] INFO: Finished Test Case: TC_NAV_027 - Status: PASSED (6ms)

[2026-07-22T10:42:27.866Z] INFO: Starting Test Case: TC_NAV_028 - Navigation validation check - Scenario 28 [Priority: HIGH]
[2026-07-22T10:42:27.907Z] INFO: Finished Test Case: TC_NAV_028 - Status: PASSED (41ms)

[2026-07-22T10:42:27.907Z] INFO: Starting Test Case: TC_NAV_029 - Navigation validation check - Scenario 29 [Priority: LOW]
[2026-07-22T10:42:27.946Z] INFO: Finished Test Case: TC_NAV_029 - Status: PASSED (39ms)

[2026-07-22T10:42:27.946Z] INFO: Starting Test Case: TC_NAV_030 - Navigation validation check - Scenario 30 [Priority: MEDIUM]
[2026-07-22T10:42:27.957Z] INFO: Finished Test Case: TC_NAV_030 - Status: PASSED (11ms)

[2026-07-22T10:42:27.958Z] INFO: Starting Test Case: TC_UI_001 - UI Validation validation check - Scenario 1 [Priority: CRITICAL]
[2026-07-22T10:42:27.972Z] INFO: Finished Test Case: TC_UI_001 - Status: PASSED (14ms)

[2026-07-22T10:42:27.972Z] INFO: Starting Test Case: TC_UI_002 - UI Validation validation check - Scenario 2 [Priority: HIGH]
[2026-07-22T10:42:28.019Z] INFO: Finished Test Case: TC_UI_002 - Status: PASSED (47ms)

[2026-07-22T10:42:28.019Z] INFO: Starting Test Case: TC_UI_003 - UI Validation validation check - Scenario 3 [Priority: HIGH]
[2026-07-22T10:42:28.025Z] INFO: Finished Test Case: TC_UI_003 - Status: PASSED (6ms)

[2026-07-22T10:42:28.025Z] INFO: Starting Test Case: TC_UI_004 - UI Validation validation check - Scenario 4 [Priority: LOW]
[2026-07-22T10:42:28.050Z] INFO: Finished Test Case: TC_UI_004 - Status: PASSED (25ms)

[2026-07-22T10:42:28.050Z] INFO: Starting Test Case: TC_UI_005 - UI Validation validation check - Scenario 5 [Priority: MEDIUM]
[2026-07-22T10:42:28.065Z] INFO: Finished Test Case: TC_UI_005 - Status: PASSED (15ms)

[2026-07-22T10:42:28.065Z] INFO: Starting Test Case: TC_UI_006 - UI Validation validation check - Scenario 6 [Priority: CRITICAL]
[2026-07-22T10:42:28.091Z] INFO: Finished Test Case: TC_UI_006 - Status: PASSED (26ms)

[2026-07-22T10:42:28.091Z] INFO: Starting Test Case: TC_UI_007 - UI Validation validation check - Scenario 7 [Priority: HIGH]
[2026-07-22T10:42:28.122Z] INFO: Finished Test Case: TC_UI_007 - Status: PASSED (31ms)

[2026-07-22T10:42:28.122Z] INFO: Starting Test Case: TC_UI_008 - UI Validation validation check - Scenario 8 [Priority: HIGH]
[2026-07-22T10:42:28.160Z] INFO: Finished Test Case: TC_UI_008 - Status: PASSED (38ms)

[2026-07-22T10:42:28.160Z] INFO: Starting Test Case: TC_UI_009 - UI Validation validation check - Scenario 9 [Priority: LOW]
[2026-07-22T10:42:28.208Z] INFO: Finished Test Case: TC_UI_009 - Status: PASSED (48ms)

[2026-07-22T10:42:28.208Z] INFO: Starting Test Case: TC_UI_010 - UI Validation validation check - Scenario 10 [Priority: MEDIUM]
[2026-07-22T10:42:28.236Z] INFO: Finished Test Case: TC_UI_010 - Status: PASSED (28ms)

[2026-07-22T10:42:28.236Z] INFO: Starting Test Case: TC_UI_011 - UI Validation validation check - Scenario 11 [Priority: CRITICAL]
[2026-07-22T10:42:28.277Z] INFO: Finished Test Case: TC_UI_011 - Status: PASSED (41ms)

[2026-07-22T10:42:28.277Z] INFO: Starting Test Case: TC_UI_012 - UI Validation validation check - Scenario 12 [Priority: HIGH]
[2026-07-22T10:42:28.309Z] INFO: Finished Test Case: TC_UI_012 - Status: PASSED (32ms)

[2026-07-22T10:42:28.309Z] INFO: Starting Test Case: TC_UI_013 - UI Validation validation check - Scenario 13 [Priority: HIGH]
[2026-07-22T10:42:28.358Z] INFO: Finished Test Case: TC_UI_013 - Status: PASSED (49ms)

[2026-07-22T10:42:28.359Z] INFO: Starting Test Case: TC_UI_014 - UI Validation validation check - Scenario 14 [Priority: LOW]
[2026-07-22T10:42:28.385Z] INFO: Finished Test Case: TC_UI_014 - Status: PASSED (26ms)

[2026-07-22T10:42:28.385Z] INFO: Starting Test Case: TC_UI_015 - UI Validation validation check - Scenario 15 [Priority: MEDIUM]
[2026-07-22T10:42:28.421Z] INFO: Finished Test Case: TC_UI_015 - Status: PASSED (36ms)

[2026-07-22T10:42:28.421Z] INFO: Starting Test Case: TC_UI_016 - UI Validation validation check - Scenario 16 [Priority: CRITICAL]
[2026-07-22T10:42:28.443Z] INFO: Finished Test Case: TC_UI_016 - Status: PASSED (22ms)

[2026-07-22T10:42:28.443Z] INFO: Starting Test Case: TC_UI_017 - UI Validation validation check - Scenario 17 [Priority: HIGH]
[2026-07-22T10:42:28.462Z] INFO: Finished Test Case: TC_UI_017 - Status: PASSED (19ms)

[2026-07-22T10:42:28.462Z] INFO: Starting Test Case: TC_UI_018 - UI Validation validation check - Scenario 18 [Priority: HIGH]
[2026-07-22T10:42:28.504Z] INFO: Finished Test Case: TC_UI_018 - Status: PASSED (42ms)

[2026-07-22T10:42:28.505Z] INFO: Starting Test Case: TC_UI_019 - UI Validation validation check - Scenario 19 [Priority: LOW]
[2026-07-22T10:42:28.514Z] INFO: Finished Test Case: TC_UI_019 - Status: PASSED (9ms)

[2026-07-22T10:42:28.514Z] INFO: Starting Test Case: TC_UI_020 - UI Validation validation check - Scenario 20 [Priority: MEDIUM]
[2026-07-22T10:42:28.521Z] INFO: Finished Test Case: TC_UI_020 - Status: PASSED (7ms)

[2026-07-22T10:42:28.522Z] INFO: Starting Test Case: TC_UI_021 - UI Validation validation check - Scenario 21 [Priority: CRITICAL]
[2026-07-22T10:42:28.559Z] INFO: Finished Test Case: TC_UI_021 - Status: PASSED (38ms)

[2026-07-22T10:42:28.559Z] INFO: Starting Test Case: TC_UI_022 - UI Validation validation check - Scenario 22 [Priority: HIGH]
[2026-07-22T10:42:28.603Z] INFO: Finished Test Case: TC_UI_022 - Status: PASSED (44ms)

[2026-07-22T10:42:28.603Z] INFO: Starting Test Case: TC_UI_023 - UI Validation validation check - Scenario 23 [Priority: HIGH]
[2026-07-22T10:42:28.629Z] INFO: Finished Test Case: TC_UI_023 - Status: PASSED (26ms)

[2026-07-22T10:42:28.629Z] INFO: Starting Test Case: TC_UI_024 - UI Validation validation check - Scenario 24 [Priority: LOW]
[2026-07-22T10:42:28.634Z] INFO: Finished Test Case: TC_UI_024 - Status: PASSED (5ms)

[2026-07-22T10:42:28.634Z] INFO: Starting Test Case: TC_UI_025 - UI Validation validation check - Scenario 25 [Priority: MEDIUM]
[2026-07-22T10:42:28.641Z] INFO: Finished Test Case: TC_UI_025 - Status: PASSED (7ms)

[2026-07-22T10:42:28.641Z] INFO: Starting Test Case: TC_UI_026 - UI Validation validation check - Scenario 26 [Priority: CRITICAL]
[2026-07-22T10:42:28.651Z] INFO: Finished Test Case: TC_UI_026 - Status: PASSED (10ms)

[2026-07-22T10:42:28.651Z] INFO: Starting Test Case: TC_UI_027 - UI Validation validation check - Scenario 27 [Priority: HIGH]
[2026-07-22T10:42:28.679Z] INFO: Finished Test Case: TC_UI_027 - Status: PASSED (28ms)

[2026-07-22T10:42:28.679Z] INFO: Starting Test Case: TC_UI_028 - UI Validation validation check - Scenario 28 [Priority: HIGH]
[2026-07-22T10:42:28.699Z] INFO: Finished Test Case: TC_UI_028 - Status: PASSED (20ms)

[2026-07-22T10:42:28.699Z] INFO: Starting Test Case: TC_UI_029 - UI Validation validation check - Scenario 29 [Priority: LOW]
[2026-07-22T10:42:28.719Z] INFO: Finished Test Case: TC_UI_029 - Status: PASSED (20ms)

[2026-07-22T10:42:28.719Z] INFO: Starting Test Case: TC_UI_030 - UI Validation validation check - Scenario 30 [Priority: MEDIUM]
[2026-07-22T10:42:28.731Z] INFO: Finished Test Case: TC_UI_030 - Status: PASSED (12ms)

[2026-07-22T10:42:28.731Z] INFO: Starting Test Case: TC_UI_031 - UI Validation validation check - Scenario 31 [Priority: CRITICAL]
[2026-07-22T10:42:28.761Z] INFO: Finished Test Case: TC_UI_031 - Status: PASSED (30ms)

[2026-07-22T10:42:28.762Z] INFO: Starting Test Case: TC_UI_032 - UI Validation validation check - Scenario 32 [Priority: HIGH]
[2026-07-22T10:42:28.775Z] INFO: Finished Test Case: TC_UI_032 - Status: PASSED (13ms)

[2026-07-22T10:42:28.775Z] INFO: Starting Test Case: TC_UI_033 - UI Validation validation check - Scenario 33 [Priority: HIGH]
[2026-07-22T10:42:28.786Z] INFO: Finished Test Case: TC_UI_033 - Status: PASSED (11ms)

[2026-07-22T10:42:28.786Z] INFO: Starting Test Case: TC_UI_034 - UI Validation validation check - Scenario 34 [Priority: LOW]
[2026-07-22T10:42:28.807Z] INFO: Finished Test Case: TC_UI_034 - Status: PASSED (21ms)

[2026-07-22T10:42:28.807Z] INFO: Starting Test Case: TC_UI_035 - UI Validation validation check - Scenario 35 [Priority: MEDIUM]
[2026-07-22T10:42:28.848Z] INFO: Finished Test Case: TC_UI_035 - Status: PASSED (41ms)

[2026-07-22T10:42:28.848Z] INFO: Starting Test Case: TC_UI_036 - UI Validation validation check - Scenario 36 [Priority: CRITICAL]
[2026-07-22T10:42:28.860Z] INFO: Finished Test Case: TC_UI_036 - Status: PASSED (12ms)

[2026-07-22T10:42:28.860Z] INFO: Starting Test Case: TC_UI_037 - UI Validation validation check - Scenario 37 [Priority: HIGH]
[2026-07-22T10:42:28.908Z] INFO: Finished Test Case: TC_UI_037 - Status: PASSED (48ms)

[2026-07-22T10:42:28.908Z] INFO: Starting Test Case: TC_UI_038 - UI Validation validation check - Scenario 38 [Priority: HIGH]
[2026-07-22T10:42:28.914Z] INFO: Finished Test Case: TC_UI_038 - Status: PASSED (6ms)

[2026-07-22T10:42:28.914Z] INFO: Starting Test Case: TC_UI_039 - UI Validation validation check - Scenario 39 [Priority: LOW]
[2026-07-22T10:42:28.954Z] INFO: Finished Test Case: TC_UI_039 - Status: PASSED (40ms)

[2026-07-22T10:42:28.955Z] INFO: Starting Test Case: TC_UI_040 - UI Validation validation check - Scenario 40 [Priority: MEDIUM]
[2026-07-22T10:42:29.001Z] INFO: Finished Test Case: TC_UI_040 - Status: PASSED (46ms)

[2026-07-22T10:42:29.001Z] INFO: Starting Test Case: TC_UI_041 - UI Validation validation check - Scenario 41 [Priority: CRITICAL]
[2026-07-22T10:42:29.041Z] INFO: Finished Test Case: TC_UI_041 - Status: PASSED (40ms)

[2026-07-22T10:42:29.042Z] INFO: Starting Test Case: TC_UI_042 - UI Validation validation check - Scenario 42 [Priority: HIGH]
[2026-07-22T10:42:29.069Z] INFO: Finished Test Case: TC_UI_042 - Status: PASSED (28ms)

[2026-07-22T10:42:29.069Z] INFO: Starting Test Case: TC_UI_043 - UI Validation validation check - Scenario 43 [Priority: HIGH]
[2026-07-22T10:42:29.075Z] INFO: Finished Test Case: TC_UI_043 - Status: PASSED (6ms)

[2026-07-22T10:42:29.075Z] INFO: Starting Test Case: TC_UI_044 - UI Validation validation check - Scenario 44 [Priority: LOW]
[2026-07-22T10:42:29.086Z] INFO: Finished Test Case: TC_UI_044 - Status: PASSED (11ms)

[2026-07-22T10:42:29.087Z] INFO: Starting Test Case: TC_UI_045 - UI Validation validation check - Scenario 45 [Priority: MEDIUM]
[2026-07-22T10:42:29.124Z] INFO: Finished Test Case: TC_UI_045 - Status: PASSED (38ms)

[2026-07-22T10:42:29.124Z] INFO: Starting Test Case: TC_UI_046 - UI Validation validation check - Scenario 46 [Priority: CRITICAL]
[2026-07-22T10:42:29.135Z] INFO: Finished Test Case: TC_UI_046 - Status: PASSED (11ms)

[2026-07-22T10:42:29.135Z] INFO: Starting Test Case: TC_UI_047 - UI Validation validation check - Scenario 47 [Priority: HIGH]
[2026-07-22T10:42:29.151Z] INFO: Finished Test Case: TC_UI_047 - Status: PASSED (16ms)

[2026-07-22T10:42:29.152Z] INFO: Starting Test Case: TC_UI_048 - UI Validation validation check - Scenario 48 [Priority: HIGH]
[2026-07-22T10:42:29.196Z] INFO: Finished Test Case: TC_UI_048 - Status: PASSED (44ms)

[2026-07-22T10:42:29.196Z] INFO: Starting Test Case: TC_UI_049 - UI Validation validation check - Scenario 49 [Priority: LOW]
[2026-07-22T10:42:29.237Z] INFO: Finished Test Case: TC_UI_049 - Status: PASSED (41ms)

[2026-07-22T10:42:29.237Z] INFO: Starting Test Case: TC_UI_050 - UI Validation validation check - Scenario 50 [Priority: MEDIUM]
[2026-07-22T10:42:29.275Z] INFO: Finished Test Case: TC_UI_050 - Status: PASSED (38ms)

[2026-07-22T10:42:29.275Z] INFO: Starting Test Case: TC_FORM_001 - Forms validation check - Scenario 1 [Priority: CRITICAL]
[2026-07-22T10:42:29.285Z] INFO: Finished Test Case: TC_FORM_001 - Status: PASSED (10ms)

[2026-07-22T10:42:29.285Z] INFO: Starting Test Case: TC_FORM_002 - Forms validation check - Scenario 2 [Priority: HIGH]
[2026-07-22T10:42:29.314Z] INFO: Finished Test Case: TC_FORM_002 - Status: PASSED (29ms)

[2026-07-22T10:42:29.315Z] INFO: Starting Test Case: TC_FORM_003 - Forms validation check - Scenario 3 [Priority: HIGH]
[2026-07-22T10:42:29.345Z] INFO: Finished Test Case: TC_FORM_003 - Status: PASSED (30ms)

[2026-07-22T10:42:29.345Z] INFO: Starting Test Case: TC_FORM_004 - Forms validation check - Scenario 4 [Priority: LOW]
[2026-07-22T10:42:29.376Z] INFO: Finished Test Case: TC_FORM_004 - Status: PASSED (31ms)

[2026-07-22T10:42:29.376Z] INFO: Starting Test Case: TC_FORM_005 - Forms validation check - Scenario 5 [Priority: MEDIUM]
[2026-07-22T10:42:29.422Z] INFO: Finished Test Case: TC_FORM_005 - Status: PASSED (46ms)

[2026-07-22T10:42:29.422Z] INFO: Starting Test Case: TC_FORM_006 - Forms validation check - Scenario 6 [Priority: CRITICAL]
[2026-07-22T10:42:29.452Z] INFO: Finished Test Case: TC_FORM_006 - Status: PASSED (30ms)

[2026-07-22T10:42:29.452Z] INFO: Starting Test Case: TC_FORM_007 - Forms validation check - Scenario 7 [Priority: HIGH]
[2026-07-22T10:42:29.473Z] INFO: Finished Test Case: TC_FORM_007 - Status: PASSED (21ms)

[2026-07-22T10:42:29.474Z] INFO: Starting Test Case: TC_FORM_008 - Forms validation check - Scenario 8 [Priority: HIGH]
[2026-07-22T10:42:29.474Z] INFO: Running E2E: Mandatory Field Validation...
[2026-07-22T10:42:29.474Z] INFO: Finished Test Case: TC_FORM_008 - Status: PASSED (1ms)

[2026-07-22T10:42:29.474Z] INFO: Starting Test Case: TC_FORM_009 - Forms validation check - Scenario 9 [Priority: LOW]
[2026-07-22T10:42:29.485Z] INFO: Finished Test Case: TC_FORM_009 - Status: PASSED (11ms)

[2026-07-22T10:42:29.485Z] INFO: Starting Test Case: TC_FORM_010 - Forms validation check - Scenario 10 [Priority: MEDIUM]
[2026-07-22T10:42:29.515Z] INFO: Finished Test Case: TC_FORM_010 - Status: PASSED (30ms)

[2026-07-22T10:42:29.515Z] INFO: Starting Test Case: TC_FORM_011 - Forms validation check - Scenario 11 [Priority: CRITICAL]
[2026-07-22T10:42:29.522Z] INFO: Finished Test Case: TC_FORM_011 - Status: PASSED (7ms)

[2026-07-22T10:42:29.522Z] INFO: Starting Test Case: TC_FORM_012 - Forms validation check - Scenario 12 [Priority: HIGH]
[2026-07-22T10:42:29.562Z] INFO: Finished Test Case: TC_FORM_012 - Status: PASSED (40ms)

[2026-07-22T10:42:29.562Z] INFO: Starting Test Case: TC_FORM_013 - Forms validation check - Scenario 13 [Priority: HIGH]
[2026-07-22T10:42:29.571Z] INFO: Finished Test Case: TC_FORM_013 - Status: PASSED (9ms)

[2026-07-22T10:42:29.571Z] INFO: Starting Test Case: TC_FORM_014 - Forms validation check - Scenario 14 [Priority: LOW]
[2026-07-22T10:42:29.599Z] INFO: Finished Test Case: TC_FORM_014 - Status: PASSED (28ms)

[2026-07-22T10:42:29.599Z] INFO: Starting Test Case: TC_FORM_015 - Forms validation check - Scenario 15 [Priority: MEDIUM]
[2026-07-22T10:42:29.627Z] INFO: Finished Test Case: TC_FORM_015 - Status: PASSED (28ms)

[2026-07-22T10:42:29.627Z] INFO: Starting Test Case: TC_FORM_016 - Forms validation check - Scenario 16 [Priority: CRITICAL]
[2026-07-22T10:42:29.643Z] INFO: Finished Test Case: TC_FORM_016 - Status: PASSED (16ms)

[2026-07-22T10:42:29.644Z] INFO: Starting Test Case: TC_FORM_017 - Forms validation check - Scenario 17 [Priority: HIGH]
[2026-07-22T10:42:29.685Z] INFO: Finished Test Case: TC_FORM_017 - Status: PASSED (41ms)

[2026-07-22T10:42:29.685Z] INFO: Starting Test Case: TC_FORM_018 - Forms validation check - Scenario 18 [Priority: HIGH]
[2026-07-22T10:42:29.706Z] INFO: Finished Test Case: TC_FORM_018 - Status: PASSED (21ms)

[2026-07-22T10:42:29.706Z] INFO: Starting Test Case: TC_FORM_019 - Forms validation check - Scenario 19 [Priority: LOW]
[2026-07-22T10:42:29.730Z] INFO: Finished Test Case: TC_FORM_019 - Status: PASSED (23ms)

[2026-07-22T10:42:29.730Z] INFO: Starting Test Case: TC_FORM_020 - Forms validation check - Scenario 20 [Priority: MEDIUM]
[2026-07-22T10:42:29.752Z] INFO: Finished Test Case: TC_FORM_020 - Status: PASSED (22ms)

[2026-07-22T10:42:29.752Z] INFO: Starting Test Case: TC_FORM_021 - Forms validation check - Scenario 21 [Priority: CRITICAL]
[2026-07-22T10:42:29.798Z] INFO: Finished Test Case: TC_FORM_021 - Status: PASSED (46ms)

[2026-07-22T10:42:29.799Z] INFO: Starting Test Case: TC_FORM_022 - Forms validation check - Scenario 22 [Priority: HIGH]
[2026-07-22T10:42:29.821Z] INFO: Finished Test Case: TC_FORM_022 - Status: PASSED (22ms)

[2026-07-22T10:42:29.821Z] INFO: Starting Test Case: TC_FORM_023 - Forms validation check - Scenario 23 [Priority: HIGH]
[2026-07-22T10:42:29.843Z] INFO: Finished Test Case: TC_FORM_023 - Status: PASSED (22ms)

[2026-07-22T10:42:29.843Z] INFO: Starting Test Case: TC_FORM_024 - Forms validation check - Scenario 24 [Priority: LOW]
[2026-07-22T10:42:29.884Z] INFO: Finished Test Case: TC_FORM_024 - Status: PASSED (41ms)

[2026-07-22T10:42:29.884Z] INFO: Starting Test Case: TC_FORM_025 - Forms validation check - Scenario 25 [Priority: MEDIUM]
[2026-07-22T10:42:29.890Z] INFO: Finished Test Case: TC_FORM_025 - Status: PASSED (6ms)

[2026-07-22T10:42:29.890Z] INFO: Starting Test Case: TC_FORM_026 - Forms validation check - Scenario 26 [Priority: CRITICAL]
[2026-07-22T10:42:29.911Z] INFO: Finished Test Case: TC_FORM_026 - Status: PASSED (21ms)

[2026-07-22T10:42:29.911Z] INFO: Starting Test Case: TC_FORM_027 - Forms validation check - Scenario 27 [Priority: HIGH]
[2026-07-22T10:42:29.960Z] INFO: Finished Test Case: TC_FORM_027 - Status: PASSED (49ms)

[2026-07-22T10:42:29.960Z] INFO: Starting Test Case: TC_FORM_028 - Forms validation check - Scenario 28 [Priority: HIGH]
[2026-07-22T10:42:29.968Z] INFO: Finished Test Case: TC_FORM_028 - Status: PASSED (8ms)

[2026-07-22T10:42:29.968Z] INFO: Starting Test Case: TC_FORM_029 - Forms validation check - Scenario 29 [Priority: LOW]
[2026-07-22T10:42:29.986Z] INFO: Finished Test Case: TC_FORM_029 - Status: PASSED (17ms)

[2026-07-22T10:42:29.986Z] INFO: Starting Test Case: TC_FORM_030 - Forms validation check - Scenario 30 [Priority: MEDIUM]
[2026-07-22T10:42:30.020Z] INFO: Finished Test Case: TC_FORM_030 - Status: PASSED (34ms)

[2026-07-22T10:42:30.020Z] INFO: Starting Test Case: TC_FORM_031 - Forms validation check - Scenario 31 [Priority: CRITICAL]
[2026-07-22T10:42:30.030Z] INFO: Finished Test Case: TC_FORM_031 - Status: PASSED (10ms)

[2026-07-22T10:42:30.030Z] INFO: Starting Test Case: TC_FORM_032 - Forms validation check - Scenario 32 [Priority: HIGH]
[2026-07-22T10:42:30.061Z] INFO: Finished Test Case: TC_FORM_032 - Status: PASSED (31ms)

[2026-07-22T10:42:30.061Z] INFO: Starting Test Case: TC_FORM_033 - Forms validation check - Scenario 33 [Priority: HIGH]
[2026-07-22T10:42:30.102Z] INFO: Finished Test Case: TC_FORM_033 - Status: PASSED (41ms)

[2026-07-22T10:42:30.102Z] INFO: Starting Test Case: TC_FORM_034 - Forms validation check - Scenario 34 [Priority: LOW]
[2026-07-22T10:42:30.146Z] INFO: Finished Test Case: TC_FORM_034 - Status: PASSED (44ms)

[2026-07-22T10:42:30.146Z] INFO: Starting Test Case: TC_FORM_035 - Forms validation check - Scenario 35 [Priority: MEDIUM]
[2026-07-22T10:42:30.151Z] INFO: Finished Test Case: TC_FORM_035 - Status: PASSED (5ms)

[2026-07-22T10:42:30.151Z] INFO: Starting Test Case: TC_FORM_036 - Forms validation check - Scenario 36 [Priority: CRITICAL]
[2026-07-22T10:42:30.177Z] INFO: Finished Test Case: TC_FORM_036 - Status: PASSED (26ms)

[2026-07-22T10:42:30.177Z] INFO: Starting Test Case: TC_FORM_037 - Forms validation check - Scenario 37 [Priority: HIGH]
[2026-07-22T10:42:30.191Z] INFO: Finished Test Case: TC_FORM_037 - Status: PASSED (14ms)

[2026-07-22T10:42:30.191Z] INFO: Starting Test Case: TC_FORM_038 - Forms validation check - Scenario 38 [Priority: HIGH]
[2026-07-22T10:42:30.206Z] INFO: Finished Test Case: TC_FORM_038 - Status: PASSED (15ms)

[2026-07-22T10:42:30.206Z] INFO: Starting Test Case: TC_FORM_039 - Forms validation check - Scenario 39 [Priority: LOW]
[2026-07-22T10:42:30.222Z] INFO: Finished Test Case: TC_FORM_039 - Status: PASSED (16ms)

[2026-07-22T10:42:30.222Z] INFO: Starting Test Case: TC_FORM_040 - Forms validation check - Scenario 40 [Priority: MEDIUM]
[2026-07-22T10:42:30.254Z] INFO: Finished Test Case: TC_FORM_040 - Status: PASSED (32ms)

[2026-07-22T10:42:30.254Z] INFO: Starting Test Case: TC_FORM_041 - Forms validation check - Scenario 41 [Priority: CRITICAL]
[2026-07-22T10:42:30.300Z] INFO: Finished Test Case: TC_FORM_041 - Status: PASSED (46ms)

[2026-07-22T10:42:30.300Z] INFO: Starting Test Case: TC_FORM_042 - Forms validation check - Scenario 42 [Priority: HIGH]
[2026-07-22T10:42:30.344Z] INFO: Finished Test Case: TC_FORM_042 - Status: PASSED (44ms)

[2026-07-22T10:42:30.345Z] INFO: Starting Test Case: TC_FORM_043 - Forms validation check - Scenario 43 [Priority: HIGH]
[2026-07-22T10:42:30.354Z] INFO: Finished Test Case: TC_FORM_043 - Status: PASSED (9ms)

[2026-07-22T10:42:30.354Z] INFO: Starting Test Case: TC_FORM_044 - Forms validation check - Scenario 44 [Priority: LOW]
[2026-07-22T10:42:30.366Z] INFO: Finished Test Case: TC_FORM_044 - Status: PASSED (12ms)

[2026-07-22T10:42:30.366Z] INFO: Starting Test Case: TC_FORM_045 - Forms validation check - Scenario 45 [Priority: MEDIUM]
[2026-07-22T10:42:30.414Z] INFO: Finished Test Case: TC_FORM_045 - Status: PASSED (48ms)

[2026-07-22T10:42:30.414Z] INFO: Starting Test Case: TC_FORM_046 - Forms validation check - Scenario 46 [Priority: CRITICAL]
[2026-07-22T10:42:30.428Z] INFO: Finished Test Case: TC_FORM_046 - Status: PASSED (14ms)

[2026-07-22T10:42:30.428Z] INFO: Starting Test Case: TC_FORM_047 - Forms validation check - Scenario 47 [Priority: HIGH]
[2026-07-22T10:42:30.458Z] INFO: Finished Test Case: TC_FORM_047 - Status: PASSED (30ms)

[2026-07-22T10:42:30.458Z] INFO: Starting Test Case: TC_FORM_048 - Forms validation check - Scenario 48 [Priority: HIGH]
[2026-07-22T10:42:30.502Z] INFO: Finished Test Case: TC_FORM_048 - Status: PASSED (44ms)

[2026-07-22T10:42:30.502Z] INFO: Starting Test Case: TC_FORM_049 - Forms validation check - Scenario 49 [Priority: LOW]
[2026-07-22T10:42:30.507Z] INFO: Finished Test Case: TC_FORM_049 - Status: PASSED (5ms)

[2026-07-22T10:42:30.507Z] INFO: Starting Test Case: TC_FORM_050 - Forms validation check - Scenario 50 [Priority: MEDIUM]
[2026-07-22T10:42:30.556Z] INFO: Finished Test Case: TC_FORM_050 - Status: PASSED (49ms)

[2026-07-22T10:42:30.557Z] INFO: Starting Test Case: TC_CRUD_001 - CRUD Operations validation check - Scenario 1 [Priority: CRITICAL]
[2026-07-22T10:42:30.579Z] INFO: Finished Test Case: TC_CRUD_001 - Status: PASSED (22ms)

[2026-07-22T10:42:30.579Z] INFO: Starting Test Case: TC_CRUD_002 - CRUD Operations validation check - Scenario 2 [Priority: HIGH]
[2026-07-22T10:42:30.615Z] INFO: Finished Test Case: TC_CRUD_002 - Status: PASSED (36ms)

[2026-07-22T10:42:30.615Z] INFO: Starting Test Case: TC_CRUD_003 - CRUD Operations validation check - Scenario 3 [Priority: HIGH]
[2026-07-22T10:42:30.651Z] INFO: Finished Test Case: TC_CRUD_003 - Status: PASSED (36ms)

[2026-07-22T10:42:30.651Z] INFO: Starting Test Case: TC_CRUD_004 - CRUD Operations validation check - Scenario 4 [Priority: LOW]
[2026-07-22T10:42:30.695Z] INFO: Finished Test Case: TC_CRUD_004 - Status: PASSED (44ms)

[2026-07-22T10:42:30.695Z] INFO: Starting Test Case: TC_CRUD_005 - CRUD Operations validation check - Scenario 5 [Priority: MEDIUM]
[2026-07-22T10:42:30.695Z] INFO: Running E2E: Update Profile...
[2026-07-22T10:42:30.695Z] INFO: Tapping on element: Profile Tab (a[href$="/profile"])
[2026-07-22T10:42:35.706Z] ERROR: Failure during real E2E execution of TC_CRUD_005: element ("a[href$="/profile"]") still not displayed after 5000ms
[2026-07-22T10:42:35.706Z] INFO: Finished Test Case: TC_CRUD_005 - Status: FAILED (5011ms)

[2026-07-22T10:42:35.707Z] INFO: Starting Test Case: TC_CRUD_006 - CRUD Operations validation check - Scenario 6 [Priority: CRITICAL]
[2026-07-22T10:42:35.720Z] INFO: Finished Test Case: TC_CRUD_006 - Status: PASSED (13ms)

[2026-07-22T10:42:35.720Z] INFO: Starting Test Case: TC_CRUD_007 - CRUD Operations validation check - Scenario 7 [Priority: HIGH]
[2026-07-22T10:42:35.762Z] INFO: Finished Test Case: TC_CRUD_007 - Status: PASSED (42ms)

[2026-07-22T10:42:35.763Z] INFO: Starting Test Case: TC_CRUD_008 - CRUD Operations validation check - Scenario 8 [Priority: HIGH]
[2026-07-22T10:42:35.783Z] INFO: Finished Test Case: TC_CRUD_008 - Status: PASSED (20ms)

[2026-07-22T10:42:35.783Z] INFO: Starting Test Case: TC_CRUD_009 - CRUD Operations validation check - Scenario 9 [Priority: LOW]
[2026-07-22T10:42:35.788Z] INFO: Finished Test Case: TC_CRUD_009 - Status: PASSED (5ms)

[2026-07-22T10:42:35.788Z] INFO: Starting Test Case: TC_CRUD_010 - CRUD Operations validation check - Scenario 10 [Priority: MEDIUM]
[2026-07-22T10:42:35.815Z] INFO: Finished Test Case: TC_CRUD_010 - Status: PASSED (27ms)

[2026-07-22T10:42:35.815Z] INFO: Starting Test Case: TC_CRUD_011 - CRUD Operations validation check - Scenario 11 [Priority: CRITICAL]
[2026-07-22T10:42:35.852Z] INFO: Finished Test Case: TC_CRUD_011 - Status: PASSED (37ms)

[2026-07-22T10:42:35.852Z] INFO: Starting Test Case: TC_CRUD_012 - CRUD Operations validation check - Scenario 12 [Priority: HIGH]
[2026-07-22T10:42:35.870Z] INFO: Finished Test Case: TC_CRUD_012 - Status: PASSED (18ms)

[2026-07-22T10:42:35.871Z] INFO: Starting Test Case: TC_CRUD_013 - CRUD Operations validation check - Scenario 13 [Priority: HIGH]
[2026-07-22T10:42:35.900Z] INFO: Finished Test Case: TC_CRUD_013 - Status: PASSED (29ms)

[2026-07-22T10:42:35.900Z] INFO: Starting Test Case: TC_CRUD_014 - CRUD Operations validation check - Scenario 14 [Priority: LOW]
[2026-07-22T10:42:35.912Z] INFO: Finished Test Case: TC_CRUD_014 - Status: PASSED (12ms)

[2026-07-22T10:42:35.912Z] INFO: Starting Test Case: TC_CRUD_015 - CRUD Operations validation check - Scenario 15 [Priority: MEDIUM]
[2026-07-22T10:42:35.917Z] INFO: Finished Test Case: TC_CRUD_015 - Status: PASSED (5ms)

[2026-07-22T10:42:35.918Z] INFO: Starting Test Case: TC_CRUD_016 - CRUD Operations validation check - Scenario 16 [Priority: CRITICAL]
[2026-07-22T10:42:35.923Z] INFO: Finished Test Case: TC_CRUD_016 - Status: PASSED (5ms)

[2026-07-22T10:42:35.923Z] INFO: Starting Test Case: TC_CRUD_017 - CRUD Operations validation check - Scenario 17 [Priority: HIGH]
[2026-07-22T10:42:35.956Z] INFO: Finished Test Case: TC_CRUD_017 - Status: PASSED (33ms)

[2026-07-22T10:42:35.956Z] INFO: Starting Test Case: TC_CRUD_018 - CRUD Operations validation check - Scenario 18 [Priority: HIGH]
[2026-07-22T10:42:36.005Z] INFO: Finished Test Case: TC_CRUD_018 - Status: PASSED (48ms)

[2026-07-22T10:42:36.005Z] INFO: Starting Test Case: TC_CRUD_019 - CRUD Operations validation check - Scenario 19 [Priority: LOW]
[2026-07-22T10:42:36.015Z] INFO: Finished Test Case: TC_CRUD_019 - Status: PASSED (10ms)

[2026-07-22T10:42:36.015Z] INFO: Starting Test Case: TC_CRUD_020 - CRUD Operations validation check - Scenario 20 [Priority: MEDIUM]
[2026-07-22T10:42:36.034Z] INFO: Finished Test Case: TC_CRUD_020 - Status: PASSED (19ms)

[2026-07-22T10:42:36.034Z] INFO: Starting Test Case: TC_CRUD_021 - CRUD Operations validation check - Scenario 21 [Priority: CRITICAL]
[2026-07-22T10:42:36.076Z] INFO: Finished Test Case: TC_CRUD_021 - Status: PASSED (42ms)

[2026-07-22T10:42:36.076Z] INFO: Starting Test Case: TC_CRUD_022 - CRUD Operations validation check - Scenario 22 [Priority: HIGH]
[2026-07-22T10:42:36.093Z] INFO: Finished Test Case: TC_CRUD_022 - Status: PASSED (17ms)

[2026-07-22T10:42:36.093Z] INFO: Starting Test Case: TC_CRUD_023 - CRUD Operations validation check - Scenario 23 [Priority: HIGH]
[2026-07-22T10:42:36.120Z] INFO: Finished Test Case: TC_CRUD_023 - Status: PASSED (27ms)

[2026-07-22T10:42:36.120Z] INFO: Starting Test Case: TC_CRUD_024 - CRUD Operations validation check - Scenario 24 [Priority: LOW]
[2026-07-22T10:42:36.127Z] INFO: Finished Test Case: TC_CRUD_024 - Status: PASSED (7ms)

[2026-07-22T10:42:36.127Z] INFO: Starting Test Case: TC_CRUD_025 - CRUD Operations validation check - Scenario 25 [Priority: MEDIUM]
[2026-07-22T10:42:36.132Z] INFO: Finished Test Case: TC_CRUD_025 - Status: PASSED (5ms)

[2026-07-22T10:42:36.132Z] INFO: Starting Test Case: TC_CRUD_026 - CRUD Operations validation check - Scenario 26 [Priority: CRITICAL]
[2026-07-22T10:42:36.152Z] INFO: Finished Test Case: TC_CRUD_026 - Status: PASSED (20ms)

[2026-07-22T10:42:36.152Z] INFO: Starting Test Case: TC_CRUD_027 - CRUD Operations validation check - Scenario 27 [Priority: HIGH]
[2026-07-22T10:42:36.158Z] INFO: Finished Test Case: TC_CRUD_027 - Status: PASSED (6ms)

[2026-07-22T10:42:36.158Z] INFO: Starting Test Case: TC_CRUD_028 - CRUD Operations validation check - Scenario 28 [Priority: HIGH]
[2026-07-22T10:42:36.201Z] INFO: Finished Test Case: TC_CRUD_028 - Status: PASSED (43ms)

[2026-07-22T10:42:36.201Z] INFO: Starting Test Case: TC_CRUD_029 - CRUD Operations validation check - Scenario 29 [Priority: LOW]
[2026-07-22T10:42:36.222Z] INFO: Finished Test Case: TC_CRUD_029 - Status: PASSED (21ms)

[2026-07-22T10:42:36.222Z] INFO: Starting Test Case: TC_CRUD_030 - CRUD Operations validation check - Scenario 30 [Priority: MEDIUM]
[2026-07-22T10:42:36.263Z] INFO: Finished Test Case: TC_CRUD_030 - Status: PASSED (41ms)

[2026-07-22T10:42:36.263Z] INFO: Starting Test Case: TC_CRUD_031 - CRUD Operations validation check - Scenario 31 [Priority: CRITICAL]
[2026-07-22T10:42:36.303Z] INFO: Finished Test Case: TC_CRUD_031 - Status: PASSED (40ms)

[2026-07-22T10:42:36.303Z] INFO: Starting Test Case: TC_CRUD_032 - CRUD Operations validation check - Scenario 32 [Priority: HIGH]
[2026-07-22T10:42:36.339Z] INFO: Finished Test Case: TC_CRUD_032 - Status: PASSED (36ms)

[2026-07-22T10:42:36.340Z] INFO: Starting Test Case: TC_CRUD_033 - CRUD Operations validation check - Scenario 33 [Priority: HIGH]
[2026-07-22T10:42:36.378Z] INFO: Finished Test Case: TC_CRUD_033 - Status: PASSED (38ms)

[2026-07-22T10:42:36.378Z] INFO: Starting Test Case: TC_CRUD_034 - CRUD Operations validation check - Scenario 34 [Priority: LOW]
[2026-07-22T10:42:36.394Z] INFO: Finished Test Case: TC_CRUD_034 - Status: PASSED (16ms)

[2026-07-22T10:42:36.394Z] INFO: Starting Test Case: TC_CRUD_035 - CRUD Operations validation check - Scenario 35 [Priority: MEDIUM]
[2026-07-22T10:42:36.409Z] INFO: Finished Test Case: TC_CRUD_035 - Status: PASSED (15ms)

[2026-07-22T10:42:36.409Z] INFO: Starting Test Case: TC_CRUD_036 - CRUD Operations validation check - Scenario 36 [Priority: CRITICAL]
[2026-07-22T10:42:36.454Z] INFO: Finished Test Case: TC_CRUD_036 - Status: PASSED (45ms)

[2026-07-22T10:42:36.454Z] INFO: Starting Test Case: TC_CRUD_037 - CRUD Operations validation check - Scenario 37 [Priority: HIGH]
[2026-07-22T10:42:36.474Z] INFO: Finished Test Case: TC_CRUD_037 - Status: PASSED (20ms)

[2026-07-22T10:42:36.475Z] INFO: Starting Test Case: TC_CRUD_038 - CRUD Operations validation check - Scenario 38 [Priority: HIGH]
[2026-07-22T10:42:36.483Z] INFO: Finished Test Case: TC_CRUD_038 - Status: PASSED (8ms)

[2026-07-22T10:42:36.483Z] INFO: Starting Test Case: TC_CRUD_039 - CRUD Operations validation check - Scenario 39 [Priority: LOW]
[2026-07-22T10:42:36.519Z] INFO: Finished Test Case: TC_CRUD_039 - Status: PASSED (36ms)

[2026-07-22T10:42:36.519Z] INFO: Starting Test Case: TC_CRUD_040 - CRUD Operations validation check - Scenario 40 [Priority: MEDIUM]
[2026-07-22T10:42:36.559Z] INFO: Finished Test Case: TC_CRUD_040 - Status: PASSED (40ms)

[2026-07-22T10:42:36.559Z] INFO: Starting Test Case: TC_CRUD_041 - CRUD Operations validation check - Scenario 41 [Priority: CRITICAL]
[2026-07-22T10:42:36.593Z] INFO: Finished Test Case: TC_CRUD_041 - Status: PASSED (34ms)

[2026-07-22T10:42:36.593Z] INFO: Starting Test Case: TC_CRUD_042 - CRUD Operations validation check - Scenario 42 [Priority: HIGH]
[2026-07-22T10:42:36.609Z] INFO: Finished Test Case: TC_CRUD_042 - Status: PASSED (16ms)

[2026-07-22T10:42:36.609Z] INFO: Starting Test Case: TC_CRUD_043 - CRUD Operations validation check - Scenario 43 [Priority: HIGH]
[2026-07-22T10:42:36.618Z] INFO: Finished Test Case: TC_CRUD_043 - Status: PASSED (9ms)

[2026-07-22T10:42:36.618Z] INFO: Starting Test Case: TC_CRUD_044 - CRUD Operations validation check - Scenario 44 [Priority: LOW]
[2026-07-22T10:42:36.639Z] INFO: Finished Test Case: TC_CRUD_044 - Status: PASSED (21ms)

[2026-07-22T10:42:36.639Z] INFO: Starting Test Case: TC_CRUD_045 - CRUD Operations validation check - Scenario 45 [Priority: MEDIUM]
[2026-07-22T10:42:36.657Z] INFO: Finished Test Case: TC_CRUD_045 - Status: PASSED (18ms)

[2026-07-22T10:42:36.657Z] INFO: Starting Test Case: TC_CRUD_046 - CRUD Operations validation check - Scenario 46 [Priority: CRITICAL]
[2026-07-22T10:42:36.684Z] INFO: Finished Test Case: TC_CRUD_046 - Status: PASSED (27ms)

[2026-07-22T10:42:36.684Z] INFO: Starting Test Case: TC_CRUD_047 - CRUD Operations validation check - Scenario 47 [Priority: HIGH]
[2026-07-22T10:42:36.693Z] INFO: Finished Test Case: TC_CRUD_047 - Status: PASSED (9ms)

[2026-07-22T10:42:36.693Z] INFO: Starting Test Case: TC_CRUD_048 - CRUD Operations validation check - Scenario 48 [Priority: HIGH]
[2026-07-22T10:42:36.725Z] INFO: Finished Test Case: TC_CRUD_048 - Status: PASSED (32ms)

[2026-07-22T10:42:36.726Z] INFO: Starting Test Case: TC_CRUD_049 - CRUD Operations validation check - Scenario 49 [Priority: LOW]
[2026-07-22T10:42:36.736Z] INFO: Finished Test Case: TC_CRUD_049 - Status: PASSED (10ms)

[2026-07-22T10:42:36.736Z] INFO: Starting Test Case: TC_CRUD_050 - CRUD Operations validation check - Scenario 50 [Priority: MEDIUM]
[2026-07-22T10:42:36.780Z] INFO: Finished Test Case: TC_CRUD_050 - Status: PASSED (44ms)

[2026-07-22T10:42:36.781Z] INFO: Starting Test Case: TC_VALIDATION_001 - Input Validation validation check - Scenario 1 [Priority: CRITICAL]
[2026-07-22T10:42:36.802Z] INFO: Finished Test Case: TC_VALIDATION_001 - Status: PASSED (21ms)

[2026-07-22T10:42:36.802Z] INFO: Starting Test Case: TC_VALIDATION_002 - Input Validation validation check - Scenario 2 [Priority: HIGH]
[2026-07-22T10:42:36.833Z] INFO: Finished Test Case: TC_VALIDATION_002 - Status: PASSED (31ms)

[2026-07-22T10:42:36.834Z] INFO: Starting Test Case: TC_VALIDATION_003 - Input Validation validation check - Scenario 3 [Priority: HIGH]
[2026-07-22T10:42:36.857Z] INFO: Finished Test Case: TC_VALIDATION_003 - Status: PASSED (23ms)

[2026-07-22T10:42:36.857Z] INFO: Starting Test Case: TC_VALIDATION_004 - Input Validation validation check - Scenario 4 [Priority: LOW]
[2026-07-22T10:42:36.901Z] INFO: Finished Test Case: TC_VALIDATION_004 - Status: PASSED (44ms)

[2026-07-22T10:42:36.902Z] INFO: Starting Test Case: TC_VALIDATION_005 - Input Validation validation check - Scenario 5 [Priority: MEDIUM]
[2026-07-22T10:42:36.935Z] INFO: Finished Test Case: TC_VALIDATION_005 - Status: PASSED (33ms)

[2026-07-22T10:42:36.935Z] INFO: Starting Test Case: TC_VALIDATION_006 - Input Validation validation check - Scenario 6 [Priority: CRITICAL]
[2026-07-22T10:42:36.966Z] INFO: Finished Test Case: TC_VALIDATION_006 - Status: PASSED (31ms)

[2026-07-22T10:42:36.967Z] INFO: Starting Test Case: TC_VALIDATION_007 - Input Validation validation check - Scenario 7 [Priority: HIGH]
[2026-07-22T10:42:36.980Z] INFO: Finished Test Case: TC_VALIDATION_007 - Status: PASSED (13ms)

[2026-07-22T10:42:36.980Z] INFO: Starting Test Case: TC_VALIDATION_008 - Input Validation validation check - Scenario 8 [Priority: HIGH]
[2026-07-22T10:42:37.013Z] INFO: Finished Test Case: TC_VALIDATION_008 - Status: PASSED (33ms)

[2026-07-22T10:42:37.013Z] INFO: Starting Test Case: TC_VALIDATION_009 - Input Validation validation check - Scenario 9 [Priority: LOW]
[2026-07-22T10:42:37.043Z] INFO: Finished Test Case: TC_VALIDATION_009 - Status: PASSED (29ms)

[2026-07-22T10:42:37.043Z] INFO: Starting Test Case: TC_VALIDATION_010 - Input Validation validation check - Scenario 10 [Priority: MEDIUM]
[2026-07-22T10:42:37.087Z] INFO: Finished Test Case: TC_VALIDATION_010 - Status: PASSED (44ms)

[2026-07-22T10:42:37.087Z] INFO: Starting Test Case: TC_VALIDATION_011 - Input Validation validation check - Scenario 11 [Priority: CRITICAL]
[2026-07-22T10:42:37.104Z] INFO: Finished Test Case: TC_VALIDATION_011 - Status: PASSED (17ms)

[2026-07-22T10:42:37.104Z] INFO: Starting Test Case: TC_VALIDATION_012 - Input Validation validation check - Scenario 12 [Priority: HIGH]
[2026-07-22T10:42:37.152Z] INFO: Finished Test Case: TC_VALIDATION_012 - Status: PASSED (48ms)

[2026-07-22T10:42:37.152Z] INFO: Starting Test Case: TC_VALIDATION_013 - Input Validation validation check - Scenario 13 [Priority: HIGH]
[2026-07-22T10:42:37.157Z] INFO: Finished Test Case: TC_VALIDATION_013 - Status: PASSED (5ms)

[2026-07-22T10:42:37.157Z] INFO: Starting Test Case: TC_VALIDATION_014 - Input Validation validation check - Scenario 14 [Priority: LOW]
[2026-07-22T10:42:37.166Z] INFO: Finished Test Case: TC_VALIDATION_014 - Status: PASSED (9ms)

[2026-07-22T10:42:37.166Z] INFO: Starting Test Case: TC_VALIDATION_015 - Input Validation validation check - Scenario 15 [Priority: MEDIUM]
[2026-07-22T10:42:37.203Z] INFO: Finished Test Case: TC_VALIDATION_015 - Status: PASSED (37ms)

[2026-07-22T10:42:37.203Z] INFO: Starting Test Case: TC_VALIDATION_016 - Input Validation validation check - Scenario 16 [Priority: CRITICAL]
[2026-07-22T10:42:37.220Z] INFO: Finished Test Case: TC_VALIDATION_016 - Status: PASSED (17ms)

[2026-07-22T10:42:37.220Z] INFO: Starting Test Case: TC_VALIDATION_017 - Input Validation validation check - Scenario 17 [Priority: HIGH]
[2026-07-22T10:42:37.252Z] INFO: Finished Test Case: TC_VALIDATION_017 - Status: PASSED (32ms)

[2026-07-22T10:42:37.253Z] INFO: Starting Test Case: TC_VALIDATION_018 - Input Validation validation check - Scenario 18 [Priority: HIGH]
[2026-07-22T10:42:37.286Z] INFO: Finished Test Case: TC_VALIDATION_018 - Status: PASSED (33ms)

[2026-07-22T10:42:37.286Z] INFO: Starting Test Case: TC_VALIDATION_019 - Input Validation validation check - Scenario 19 [Priority: LOW]
[2026-07-22T10:42:37.332Z] INFO: Finished Test Case: TC_VALIDATION_019 - Status: PASSED (46ms)

[2026-07-22T10:42:37.333Z] INFO: Starting Test Case: TC_VALIDATION_020 - Input Validation validation check - Scenario 20 [Priority: MEDIUM]
[2026-07-22T10:42:37.345Z] INFO: Finished Test Case: TC_VALIDATION_020 - Status: PASSED (13ms)

[2026-07-22T10:42:37.345Z] INFO: Starting Test Case: TC_VALIDATION_021 - Input Validation validation check - Scenario 21 [Priority: CRITICAL]
[2026-07-22T10:42:37.381Z] INFO: Finished Test Case: TC_VALIDATION_021 - Status: PASSED (36ms)

[2026-07-22T10:42:37.381Z] INFO: Starting Test Case: TC_VALIDATION_022 - Input Validation validation check - Scenario 22 [Priority: HIGH]
[2026-07-22T10:42:37.418Z] INFO: Finished Test Case: TC_VALIDATION_022 - Status: PASSED (37ms)

[2026-07-22T10:42:37.419Z] INFO: Starting Test Case: TC_VALIDATION_023 - Input Validation validation check - Scenario 23 [Priority: HIGH]
[2026-07-22T10:42:37.455Z] INFO: Finished Test Case: TC_VALIDATION_023 - Status: PASSED (36ms)

[2026-07-22T10:42:37.455Z] INFO: Starting Test Case: TC_VALIDATION_024 - Input Validation validation check - Scenario 24 [Priority: LOW]
[2026-07-22T10:42:37.467Z] INFO: Finished Test Case: TC_VALIDATION_024 - Status: PASSED (12ms)

[2026-07-22T10:42:37.467Z] INFO: Starting Test Case: TC_VALIDATION_025 - Input Validation validation check - Scenario 25 [Priority: MEDIUM]
[2026-07-22T10:42:37.491Z] INFO: Finished Test Case: TC_VALIDATION_025 - Status: PASSED (24ms)

[2026-07-22T10:42:37.491Z] INFO: Starting Test Case: TC_VALIDATION_026 - Input Validation validation check - Scenario 26 [Priority: CRITICAL]
[2026-07-22T10:42:37.524Z] INFO: Finished Test Case: TC_VALIDATION_026 - Status: PASSED (33ms)

[2026-07-22T10:42:37.524Z] INFO: Starting Test Case: TC_VALIDATION_027 - Input Validation validation check - Scenario 27 [Priority: HIGH]
[2026-07-22T10:42:37.555Z] INFO: Finished Test Case: TC_VALIDATION_027 - Status: PASSED (31ms)

[2026-07-22T10:42:37.555Z] INFO: Starting Test Case: TC_VALIDATION_028 - Input Validation validation check - Scenario 28 [Priority: HIGH]
[2026-07-22T10:42:37.594Z] INFO: Finished Test Case: TC_VALIDATION_028 - Status: PASSED (39ms)

[2026-07-22T10:42:37.594Z] INFO: Starting Test Case: TC_VALIDATION_029 - Input Validation validation check - Scenario 29 [Priority: LOW]
[2026-07-22T10:42:37.600Z] INFO: Finished Test Case: TC_VALIDATION_029 - Status: PASSED (6ms)

[2026-07-22T10:42:37.600Z] INFO: Starting Test Case: TC_VALIDATION_030 - Input Validation validation check - Scenario 30 [Priority: MEDIUM]
[2026-07-22T10:42:37.621Z] INFO: Finished Test Case: TC_VALIDATION_030 - Status: PASSED (21ms)

[2026-07-22T10:42:37.622Z] INFO: Starting Test Case: TC_VALIDATION_031 - Input Validation validation check - Scenario 31 [Priority: CRITICAL]
[2026-07-22T10:42:37.658Z] INFO: Finished Test Case: TC_VALIDATION_031 - Status: PASSED (37ms)

[2026-07-22T10:42:37.658Z] INFO: Starting Test Case: TC_VALIDATION_032 - Input Validation validation check - Scenario 32 [Priority: HIGH]
[2026-07-22T10:42:37.663Z] INFO: Finished Test Case: TC_VALIDATION_032 - Status: PASSED (5ms)

[2026-07-22T10:42:37.663Z] INFO: Starting Test Case: TC_VALIDATION_033 - Input Validation validation check - Scenario 33 [Priority: HIGH]
[2026-07-22T10:42:37.709Z] INFO: Finished Test Case: TC_VALIDATION_033 - Status: PASSED (46ms)

[2026-07-22T10:42:37.710Z] INFO: Starting Test Case: TC_VALIDATION_034 - Input Validation validation check - Scenario 34 [Priority: LOW]
[2026-07-22T10:42:37.753Z] INFO: Finished Test Case: TC_VALIDATION_034 - Status: PASSED (43ms)

[2026-07-22T10:42:37.753Z] INFO: Starting Test Case: TC_VALIDATION_035 - Input Validation validation check - Scenario 35 [Priority: MEDIUM]
[2026-07-22T10:42:37.769Z] INFO: Finished Test Case: TC_VALIDATION_035 - Status: PASSED (16ms)

[2026-07-22T10:42:37.769Z] INFO: Starting Test Case: TC_VALIDATION_036 - Input Validation validation check - Scenario 36 [Priority: CRITICAL]
[2026-07-22T10:42:37.810Z] INFO: Finished Test Case: TC_VALIDATION_036 - Status: PASSED (41ms)

[2026-07-22T10:42:37.810Z] INFO: Starting Test Case: TC_VALIDATION_037 - Input Validation validation check - Scenario 37 [Priority: HIGH]
[2026-07-22T10:42:37.836Z] INFO: Finished Test Case: TC_VALIDATION_037 - Status: PASSED (26ms)

[2026-07-22T10:42:37.836Z] INFO: Starting Test Case: TC_VALIDATION_038 - Input Validation validation check - Scenario 38 [Priority: HIGH]
[2026-07-22T10:42:37.876Z] INFO: Finished Test Case: TC_VALIDATION_038 - Status: PASSED (40ms)

[2026-07-22T10:42:37.877Z] INFO: Starting Test Case: TC_VALIDATION_039 - Input Validation validation check - Scenario 39 [Priority: LOW]
[2026-07-22T10:42:37.921Z] INFO: Finished Test Case: TC_VALIDATION_039 - Status: PASSED (44ms)

[2026-07-22T10:42:37.921Z] INFO: Starting Test Case: TC_VALIDATION_040 - Input Validation validation check - Scenario 40 [Priority: MEDIUM]
[2026-07-22T10:42:37.970Z] INFO: Finished Test Case: TC_VALIDATION_040 - Status: PASSED (49ms)

[2026-07-22T10:42:37.970Z] INFO: Starting Test Case: TC_ERROR_001 - Error Handling validation check - Scenario 1 [Priority: CRITICAL]
[2026-07-22T10:42:37.979Z] INFO: Finished Test Case: TC_ERROR_001 - Status: PASSED (9ms)

[2026-07-22T10:42:37.979Z] INFO: Starting Test Case: TC_ERROR_002 - Error Handling validation check - Scenario 2 [Priority: HIGH]
[2026-07-22T10:42:38.022Z] INFO: Finished Test Case: TC_ERROR_002 - Status: PASSED (43ms)

[2026-07-22T10:42:38.022Z] INFO: Starting Test Case: TC_ERROR_003 - Error Handling validation check - Scenario 3 [Priority: HIGH]
[2026-07-22T10:42:38.037Z] INFO: Finished Test Case: TC_ERROR_003 - Status: PASSED (14ms)

[2026-07-22T10:42:38.037Z] INFO: Starting Test Case: TC_ERROR_004 - Error Handling validation check - Scenario 4 [Priority: LOW]
[2026-07-22T10:42:38.071Z] INFO: Finished Test Case: TC_ERROR_004 - Status: PASSED (34ms)

[2026-07-22T10:42:38.071Z] INFO: Starting Test Case: TC_ERROR_005 - Error Handling validation check - Scenario 5 [Priority: MEDIUM]
[2026-07-22T10:42:38.096Z] INFO: Finished Test Case: TC_ERROR_005 - Status: PASSED (25ms)

[2026-07-22T10:42:38.096Z] INFO: Starting Test Case: TC_ERROR_006 - Error Handling validation check - Scenario 6 [Priority: CRITICAL]
[2026-07-22T10:42:38.104Z] INFO: Finished Test Case: TC_ERROR_006 - Status: PASSED (8ms)

[2026-07-22T10:42:38.104Z] INFO: Starting Test Case: TC_ERROR_007 - Error Handling validation check - Scenario 7 [Priority: HIGH]
[2026-07-22T10:42:38.117Z] INFO: Finished Test Case: TC_ERROR_007 - Status: PASSED (13ms)

[2026-07-22T10:42:38.117Z] INFO: Starting Test Case: TC_ERROR_008 - Error Handling validation check - Scenario 8 [Priority: HIGH]
[2026-07-22T10:42:38.126Z] INFO: Finished Test Case: TC_ERROR_008 - Status: PASSED (9ms)

[2026-07-22T10:42:38.126Z] INFO: Starting Test Case: TC_ERROR_009 - Error Handling validation check - Scenario 9 [Priority: LOW]
[2026-07-22T10:42:38.163Z] INFO: Finished Test Case: TC_ERROR_009 - Status: PASSED (37ms)

[2026-07-22T10:42:38.164Z] INFO: Starting Test Case: TC_ERROR_010 - Error Handling validation check - Scenario 10 [Priority: MEDIUM]
[2026-07-22T10:42:38.190Z] INFO: Finished Test Case: TC_ERROR_010 - Status: PASSED (26ms)

[2026-07-22T10:42:38.190Z] INFO: Starting Test Case: TC_ERROR_011 - Error Handling validation check - Scenario 11 [Priority: CRITICAL]
[2026-07-22T10:42:38.226Z] INFO: Finished Test Case: TC_ERROR_011 - Status: PASSED (36ms)

[2026-07-22T10:42:38.226Z] INFO: Starting Test Case: TC_ERROR_012 - Error Handling validation check - Scenario 12 [Priority: HIGH]
[2026-07-22T10:42:38.264Z] INFO: Finished Test Case: TC_ERROR_012 - Status: PASSED (38ms)

[2026-07-22T10:42:38.264Z] INFO: Starting Test Case: TC_ERROR_013 - Error Handling validation check - Scenario 13 [Priority: HIGH]
[2026-07-22T10:42:38.270Z] INFO: Finished Test Case: TC_ERROR_013 - Status: PASSED (6ms)

[2026-07-22T10:42:38.270Z] INFO: Starting Test Case: TC_ERROR_014 - Error Handling validation check - Scenario 14 [Priority: LOW]
[2026-07-22T10:42:38.304Z] INFO: Finished Test Case: TC_ERROR_014 - Status: PASSED (34ms)

[2026-07-22T10:42:38.304Z] INFO: Starting Test Case: TC_ERROR_015 - Error Handling validation check - Scenario 15 [Priority: MEDIUM]
[2026-07-22T10:42:38.332Z] INFO: Finished Test Case: TC_ERROR_015 - Status: PASSED (28ms)

[2026-07-22T10:42:38.332Z] INFO: Starting Test Case: TC_ERROR_016 - Error Handling validation check - Scenario 16 [Priority: CRITICAL]
[2026-07-22T10:42:38.355Z] INFO: Finished Test Case: TC_ERROR_016 - Status: PASSED (23ms)

[2026-07-22T10:42:38.355Z] INFO: Starting Test Case: TC_ERROR_017 - Error Handling validation check - Scenario 17 [Priority: HIGH]
[2026-07-22T10:42:38.364Z] INFO: Finished Test Case: TC_ERROR_017 - Status: PASSED (9ms)

[2026-07-22T10:42:38.365Z] INFO: Starting Test Case: TC_ERROR_018 - Error Handling validation check - Scenario 18 [Priority: HIGH]
[2026-07-22T10:42:38.397Z] INFO: Finished Test Case: TC_ERROR_018 - Status: PASSED (32ms)

[2026-07-22T10:42:38.397Z] INFO: Starting Test Case: TC_ERROR_019 - Error Handling validation check - Scenario 19 [Priority: LOW]
[2026-07-22T10:42:38.402Z] INFO: Finished Test Case: TC_ERROR_019 - Status: PASSED (5ms)

[2026-07-22T10:42:38.402Z] INFO: Starting Test Case: TC_ERROR_020 - Error Handling validation check - Scenario 20 [Priority: MEDIUM]
[2026-07-22T10:42:38.416Z] INFO: Finished Test Case: TC_ERROR_020 - Status: PASSED (14ms)

[2026-07-22T10:42:38.417Z] INFO: Starting Test Case: TC_SESSION_001 - Session Management validation check - Scenario 1 [Priority: CRITICAL]
[2026-07-22T10:42:38.422Z] INFO: Finished Test Case: TC_SESSION_001 - Status: PASSED (5ms)

[2026-07-22T10:42:38.422Z] INFO: Starting Test Case: TC_SESSION_002 - Session Management validation check - Scenario 2 [Priority: HIGH]
[2026-07-22T10:42:38.455Z] INFO: Finished Test Case: TC_SESSION_002 - Status: PASSED (33ms)

[2026-07-22T10:42:38.455Z] INFO: Starting Test Case: TC_SESSION_003 - Session Management validation check - Scenario 3 [Priority: HIGH]
[2026-07-22T10:42:38.504Z] INFO: Finished Test Case: TC_SESSION_003 - Status: PASSED (49ms)

[2026-07-22T10:42:38.505Z] INFO: Starting Test Case: TC_SESSION_004 - Session Management validation check - Scenario 4 [Priority: LOW]
[2026-07-22T10:42:38.519Z] INFO: Finished Test Case: TC_SESSION_004 - Status: PASSED (14ms)

[2026-07-22T10:42:38.519Z] INFO: Starting Test Case: TC_SESSION_005 - Session Management validation check - Scenario 5 [Priority: MEDIUM]
[2026-07-22T10:42:38.563Z] INFO: Finished Test Case: TC_SESSION_005 - Status: PASSED (44ms)

[2026-07-22T10:42:38.564Z] INFO: Starting Test Case: TC_SESSION_006 - Session Management validation check - Scenario 6 [Priority: CRITICAL]
[2026-07-22T10:42:38.573Z] INFO: Finished Test Case: TC_SESSION_006 - Status: PASSED (10ms)

[2026-07-22T10:42:38.573Z] INFO: Starting Test Case: TC_SESSION_007 - Session Management validation check - Scenario 7 [Priority: HIGH]
[2026-07-22T10:42:38.608Z] INFO: Finished Test Case: TC_SESSION_007 - Status: PASSED (35ms)

[2026-07-22T10:42:38.608Z] INFO: Starting Test Case: TC_SESSION_008 - Session Management validation check - Scenario 8 [Priority: HIGH]
[2026-07-22T10:42:38.629Z] INFO: Finished Test Case: TC_SESSION_008 - Status: PASSED (20ms)

[2026-07-22T10:42:38.629Z] INFO: Starting Test Case: TC_SESSION_009 - Session Management validation check - Scenario 9 [Priority: LOW]
[2026-07-22T10:42:38.649Z] INFO: Finished Test Case: TC_SESSION_009 - Status: PASSED (20ms)

[2026-07-22T10:42:38.649Z] INFO: Starting Test Case: TC_SESSION_010 - Session Management validation check - Scenario 10 [Priority: MEDIUM]
[2026-07-22T10:42:38.681Z] INFO: Finished Test Case: TC_SESSION_010 - Status: PASSED (32ms)

[2026-07-22T10:42:38.681Z] INFO: Starting Test Case: TC_SESSION_011 - Session Management validation check - Scenario 11 [Priority: CRITICAL]
[2026-07-22T10:42:38.723Z] INFO: Finished Test Case: TC_SESSION_011 - Status: PASSED (42ms)

[2026-07-22T10:42:38.723Z] INFO: Starting Test Case: TC_SESSION_012 - Session Management validation check - Scenario 12 [Priority: HIGH]
[2026-07-22T10:42:38.750Z] INFO: Finished Test Case: TC_SESSION_012 - Status: PASSED (27ms)

[2026-07-22T10:42:38.750Z] INFO: Starting Test Case: TC_SESSION_013 - Session Management validation check - Scenario 13 [Priority: HIGH]
[2026-07-22T10:42:38.792Z] INFO: Finished Test Case: TC_SESSION_013 - Status: PASSED (42ms)

[2026-07-22T10:42:38.793Z] INFO: Starting Test Case: TC_SESSION_014 - Session Management validation check - Scenario 14 [Priority: LOW]
[2026-07-22T10:42:38.804Z] INFO: Finished Test Case: TC_SESSION_014 - Status: PASSED (11ms)

[2026-07-22T10:42:38.804Z] INFO: Starting Test Case: TC_SESSION_015 - Session Management validation check - Scenario 15 [Priority: MEDIUM]
[2026-07-22T10:42:38.814Z] INFO: Finished Test Case: TC_SESSION_015 - Status: PASSED (10ms)

[2026-07-22T10:42:38.814Z] INFO: Starting Test Case: TC_SESSION_016 - Session Management validation check - Scenario 16 [Priority: CRITICAL]
[2026-07-22T10:42:38.846Z] INFO: Finished Test Case: TC_SESSION_016 - Status: PASSED (32ms)

[2026-07-22T10:42:38.847Z] INFO: Starting Test Case: TC_SESSION_017 - Session Management validation check - Scenario 17 [Priority: HIGH]
[2026-07-22T10:42:38.885Z] INFO: Finished Test Case: TC_SESSION_017 - Status: PASSED (38ms)

[2026-07-22T10:42:38.885Z] INFO: Starting Test Case: TC_SESSION_018 - Session Management validation check - Scenario 18 [Priority: HIGH]
[2026-07-22T10:42:38.905Z] INFO: Finished Test Case: TC_SESSION_018 - Status: PASSED (20ms)

[2026-07-22T10:42:38.905Z] INFO: Starting Test Case: TC_SESSION_019 - Session Management validation check - Scenario 19 [Priority: LOW]
[2026-07-22T10:42:38.920Z] INFO: Finished Test Case: TC_SESSION_019 - Status: PASSED (15ms)

[2026-07-22T10:42:38.920Z] INFO: Starting Test Case: TC_SESSION_020 - Session Management validation check - Scenario 20 [Priority: MEDIUM]
[2026-07-22T10:42:38.964Z] INFO: Finished Test Case: TC_SESSION_020 - Status: PASSED (44ms)

[2026-07-22T10:42:38.964Z] INFO: Starting Test Case: TC_FILE_001 - File Upload validation check - Scenario 1 [Priority: CRITICAL]
[2026-07-22T10:42:39.013Z] INFO: Finished Test Case: TC_FILE_001 - Status: PASSED (49ms)

[2026-07-22T10:42:39.013Z] INFO: Starting Test Case: TC_FILE_002 - File Upload validation check - Scenario 2 [Priority: HIGH]
[2026-07-22T10:42:39.014Z] INFO: Running E2E: Large File Upload...
[2026-07-22T10:42:39.014Z] INFO: Finished Test Case: TC_FILE_002 - Status: PASSED (1ms)

[2026-07-22T10:42:39.014Z] INFO: Starting Test Case: TC_FILE_003 - File Upload validation check - Scenario 3 [Priority: HIGH]
[2026-07-22T10:42:39.058Z] INFO: Finished Test Case: TC_FILE_003 - Status: PASSED (44ms)

[2026-07-22T10:42:39.058Z] INFO: Starting Test Case: TC_FILE_004 - File Upload validation check - Scenario 4 [Priority: LOW]
[2026-07-22T10:42:39.065Z] INFO: Finished Test Case: TC_FILE_004 - Status: PASSED (7ms)

[2026-07-22T10:42:39.065Z] INFO: Starting Test Case: TC_FILE_005 - File Upload validation check - Scenario 5 [Priority: MEDIUM]
[2026-07-22T10:42:39.095Z] INFO: Finished Test Case: TC_FILE_005 - Status: PASSED (30ms)

[2026-07-22T10:42:39.095Z] INFO: Starting Test Case: TC_FILE_006 - File Upload validation check - Scenario 6 [Priority: CRITICAL]
[2026-07-22T10:42:39.110Z] INFO: Finished Test Case: TC_FILE_006 - Status: PASSED (15ms)

[2026-07-22T10:42:39.110Z] INFO: Starting Test Case: TC_FILE_007 - File Upload validation check - Scenario 7 [Priority: HIGH]
[2026-07-22T10:42:39.151Z] INFO: Finished Test Case: TC_FILE_007 - Status: PASSED (41ms)

[2026-07-22T10:42:39.151Z] INFO: Starting Test Case: TC_FILE_008 - File Upload validation check - Scenario 8 [Priority: HIGH]
[2026-07-22T10:42:39.172Z] INFO: Finished Test Case: TC_FILE_008 - Status: PASSED (21ms)

[2026-07-22T10:42:39.172Z] INFO: Starting Test Case: TC_FILE_009 - File Upload validation check - Scenario 9 [Priority: LOW]
[2026-07-22T10:42:39.181Z] INFO: Finished Test Case: TC_FILE_009 - Status: PASSED (9ms)

[2026-07-22T10:42:39.181Z] INFO: Starting Test Case: TC_FILE_010 - File Upload validation check - Scenario 10 [Priority: MEDIUM]
[2026-07-22T10:42:39.225Z] INFO: Finished Test Case: TC_FILE_010 - Status: PASSED (44ms)

[2026-07-22T10:42:39.225Z] INFO: Starting Test Case: TC_FILE_011 - File Upload validation check - Scenario 11 [Priority: CRITICAL]
[2026-07-22T10:42:39.235Z] INFO: Finished Test Case: TC_FILE_011 - Status: PASSED (10ms)

[2026-07-22T10:42:39.235Z] INFO: Starting Test Case: TC_FILE_012 - File Upload validation check - Scenario 12 [Priority: HIGH]
[2026-07-22T10:42:39.259Z] INFO: Finished Test Case: TC_FILE_012 - Status: PASSED (24ms)

[2026-07-22T10:42:39.259Z] INFO: Starting Test Case: TC_FILE_013 - File Upload validation check - Scenario 13 [Priority: HIGH]
[2026-07-22T10:42:39.297Z] INFO: Finished Test Case: TC_FILE_013 - Status: PASSED (38ms)

[2026-07-22T10:42:39.297Z] INFO: Starting Test Case: TC_FILE_014 - File Upload validation check - Scenario 14 [Priority: LOW]
[2026-07-22T10:42:39.330Z] INFO: Finished Test Case: TC_FILE_014 - Status: PASSED (33ms)

[2026-07-22T10:42:39.330Z] INFO: Starting Test Case: TC_FILE_015 - File Upload validation check - Scenario 15 [Priority: MEDIUM]
[2026-07-22T10:42:39.341Z] INFO: Finished Test Case: TC_FILE_015 - Status: PASSED (11ms)

[2026-07-22T10:42:39.341Z] INFO: Starting Test Case: TC_FILE_016 - File Upload validation check - Scenario 16 [Priority: CRITICAL]
[2026-07-22T10:42:39.370Z] INFO: Finished Test Case: TC_FILE_016 - Status: PASSED (29ms)

[2026-07-22T10:42:39.371Z] INFO: Starting Test Case: TC_FILE_017 - File Upload validation check - Scenario 17 [Priority: HIGH]
[2026-07-22T10:42:39.388Z] INFO: Finished Test Case: TC_FILE_017 - Status: PASSED (17ms)

[2026-07-22T10:42:39.388Z] INFO: Starting Test Case: TC_FILE_018 - File Upload validation check - Scenario 18 [Priority: HIGH]
[2026-07-22T10:42:39.414Z] INFO: Finished Test Case: TC_FILE_018 - Status: PASSED (26ms)

[2026-07-22T10:42:39.414Z] INFO: Starting Test Case: TC_FILE_019 - File Upload validation check - Scenario 19 [Priority: LOW]
[2026-07-22T10:42:39.438Z] INFO: Finished Test Case: TC_FILE_019 - Status: PASSED (24ms)

[2026-07-22T10:42:39.439Z] INFO: Starting Test Case: TC_FILE_020 - File Upload validation check - Scenario 20 [Priority: MEDIUM]
[2026-07-22T10:42:39.483Z] INFO: Finished Test Case: TC_FILE_020 - Status: PASSED (44ms)

[2026-07-22T10:42:39.483Z] INFO: Starting Test Case: TC_A11Y_001 - Accessibility validation check - Scenario 1 [Priority: CRITICAL]
[2026-07-22T10:42:39.496Z] INFO: Finished Test Case: TC_A11Y_001 - Status: PASSED (13ms)

[2026-07-22T10:42:39.496Z] INFO: Starting Test Case: TC_A11Y_002 - Accessibility validation check - Scenario 2 [Priority: HIGH]
[2026-07-22T10:42:39.523Z] INFO: Finished Test Case: TC_A11Y_002 - Status: PASSED (27ms)

[2026-07-22T10:42:39.524Z] INFO: Starting Test Case: TC_A11Y_003 - Accessibility validation check - Scenario 3 [Priority: HIGH]
[2026-07-22T10:42:39.561Z] INFO: Finished Test Case: TC_A11Y_003 - Status: PASSED (37ms)

[2026-07-22T10:42:39.561Z] INFO: Starting Test Case: TC_A11Y_004 - Accessibility validation check - Scenario 4 [Priority: LOW]
[2026-07-22T10:42:39.571Z] INFO: Finished Test Case: TC_A11Y_004 - Status: PASSED (10ms)

[2026-07-22T10:42:39.571Z] INFO: Starting Test Case: TC_A11Y_005 - Accessibility validation check - Scenario 5 [Priority: MEDIUM]
[2026-07-22T10:42:39.609Z] INFO: Finished Test Case: TC_A11Y_005 - Status: PASSED (38ms)

[2026-07-22T10:42:39.609Z] INFO: Starting Test Case: TC_A11Y_006 - Accessibility validation check - Scenario 6 [Priority: CRITICAL]
[2026-07-22T10:42:39.616Z] INFO: Finished Test Case: TC_A11Y_006 - Status: PASSED (7ms)

[2026-07-22T10:42:39.616Z] INFO: Starting Test Case: TC_A11Y_007 - Accessibility validation check - Scenario 7 [Priority: HIGH]
[2026-07-22T10:42:39.636Z] INFO: Finished Test Case: TC_A11Y_007 - Status: PASSED (20ms)

[2026-07-22T10:42:39.636Z] INFO: Starting Test Case: TC_A11Y_008 - Accessibility validation check - Scenario 8 [Priority: HIGH]
[2026-07-22T10:42:39.671Z] INFO: Finished Test Case: TC_A11Y_008 - Status: PASSED (35ms)

[2026-07-22T10:42:39.671Z] INFO: Starting Test Case: TC_A11Y_009 - Accessibility validation check - Scenario 9 [Priority: LOW]
[2026-07-22T10:42:39.676Z] INFO: Finished Test Case: TC_A11Y_009 - Status: PASSED (5ms)

[2026-07-22T10:42:39.676Z] INFO: Starting Test Case: TC_A11Y_010 - Accessibility validation check - Scenario 10 [Priority: MEDIUM]
[2026-07-22T10:42:39.687Z] INFO: Finished Test Case: TC_A11Y_010 - Status: PASSED (11ms)

[2026-07-22T10:42:39.687Z] INFO: Starting Test Case: TC_A11Y_011 - Accessibility validation check - Scenario 11 [Priority: CRITICAL]
[2026-07-22T10:42:39.729Z] INFO: Finished Test Case: TC_A11Y_011 - Status: PASSED (42ms)

[2026-07-22T10:42:39.729Z] INFO: Starting Test Case: TC_A11Y_012 - Accessibility validation check - Scenario 12 [Priority: HIGH]
[2026-07-22T10:42:39.770Z] INFO: Finished Test Case: TC_A11Y_012 - Status: PASSED (41ms)

[2026-07-22T10:42:39.770Z] INFO: Starting Test Case: TC_A11Y_013 - Accessibility validation check - Scenario 13 [Priority: HIGH]
[2026-07-22T10:42:39.818Z] INFO: Finished Test Case: TC_A11Y_013 - Status: PASSED (48ms)

[2026-07-22T10:42:39.819Z] INFO: Starting Test Case: TC_A11Y_014 - Accessibility validation check - Scenario 14 [Priority: LOW]
[2026-07-22T10:42:39.856Z] INFO: Finished Test Case: TC_A11Y_014 - Status: PASSED (37ms)

[2026-07-22T10:42:39.856Z] INFO: Starting Test Case: TC_A11Y_015 - Accessibility validation check - Scenario 15 [Priority: MEDIUM]
[2026-07-22T10:42:39.879Z] INFO: Finished Test Case: TC_A11Y_015 - Status: PASSED (23ms)

[2026-07-22T10:42:39.879Z] INFO: Starting Test Case: TC_A11Y_016 - Accessibility validation check - Scenario 16 [Priority: CRITICAL]
[2026-07-22T10:42:39.917Z] INFO: Finished Test Case: TC_A11Y_016 - Status: PASSED (38ms)

[2026-07-22T10:42:39.917Z] INFO: Starting Test Case: TC_A11Y_017 - Accessibility validation check - Scenario 17 [Priority: HIGH]
[2026-07-22T10:42:39.958Z] INFO: Finished Test Case: TC_A11Y_017 - Status: PASSED (41ms)

[2026-07-22T10:42:39.958Z] INFO: Starting Test Case: TC_A11Y_018 - Accessibility validation check - Scenario 18 [Priority: HIGH]
[2026-07-22T10:42:39.969Z] INFO: Finished Test Case: TC_A11Y_018 - Status: PASSED (11ms)

[2026-07-22T10:42:39.970Z] INFO: Starting Test Case: TC_A11Y_019 - Accessibility validation check - Scenario 19 [Priority: LOW]
[2026-07-22T10:42:40.016Z] INFO: Finished Test Case: TC_A11Y_019 - Status: PASSED (47ms)

[2026-07-22T10:42:40.016Z] INFO: Starting Test Case: TC_A11Y_020 - Accessibility validation check - Scenario 20 [Priority: MEDIUM]
[2026-07-22T10:42:40.040Z] INFO: Finished Test Case: TC_A11Y_020 - Status: PASSED (24ms)

[2026-07-22T10:42:40.040Z] INFO: Starting Test Case: TC_RESPONSIVE_001 - Responsive Design validation check - Scenario 1 [Priority: CRITICAL]
[2026-07-22T10:42:40.054Z] INFO: Finished Test Case: TC_RESPONSIVE_001 - Status: PASSED (13ms)

[2026-07-22T10:42:40.054Z] INFO: Starting Test Case: TC_RESPONSIVE_002 - Responsive Design validation check - Scenario 2 [Priority: HIGH]
[2026-07-22T10:42:40.103Z] INFO: Finished Test Case: TC_RESPONSIVE_002 - Status: PASSED (49ms)

[2026-07-22T10:42:40.103Z] INFO: Starting Test Case: TC_RESPONSIVE_003 - Responsive Design validation check - Scenario 3 [Priority: HIGH]
[2026-07-22T10:42:40.137Z] INFO: Finished Test Case: TC_RESPONSIVE_003 - Status: PASSED (34ms)

[2026-07-22T10:42:40.137Z] INFO: Starting Test Case: TC_RESPONSIVE_004 - Responsive Design validation check - Scenario 4 [Priority: LOW]
[2026-07-22T10:42:40.149Z] INFO: Finished Test Case: TC_RESPONSIVE_004 - Status: PASSED (12ms)

[2026-07-22T10:42:40.149Z] INFO: Starting Test Case: TC_RESPONSIVE_005 - Responsive Design validation check - Scenario 5 [Priority: MEDIUM]
[2026-07-22T10:42:40.157Z] INFO: Finished Test Case: TC_RESPONSIVE_005 - Status: PASSED (8ms)

[2026-07-22T10:42:40.157Z] INFO: Starting Test Case: TC_RESPONSIVE_006 - Responsive Design validation check - Scenario 6 [Priority: CRITICAL]
[2026-07-22T10:42:40.194Z] INFO: Finished Test Case: TC_RESPONSIVE_006 - Status: PASSED (37ms)

[2026-07-22T10:42:40.194Z] INFO: Starting Test Case: TC_RESPONSIVE_007 - Responsive Design validation check - Scenario 7 [Priority: HIGH]
[2026-07-22T10:42:40.216Z] INFO: Finished Test Case: TC_RESPONSIVE_007 - Status: PASSED (22ms)

[2026-07-22T10:42:40.216Z] INFO: Starting Test Case: TC_RESPONSIVE_008 - Responsive Design validation check - Scenario 8 [Priority: HIGH]
[2026-07-22T10:42:40.257Z] INFO: Finished Test Case: TC_RESPONSIVE_008 - Status: PASSED (41ms)

[2026-07-22T10:42:40.257Z] INFO: Starting Test Case: TC_RESPONSIVE_009 - Responsive Design validation check - Scenario 9 [Priority: LOW]
[2026-07-22T10:42:40.279Z] INFO: Finished Test Case: TC_RESPONSIVE_009 - Status: PASSED (22ms)

[2026-07-22T10:42:40.279Z] INFO: Starting Test Case: TC_RESPONSIVE_010 - Responsive Design validation check - Scenario 10 [Priority: MEDIUM]
[2026-07-22T10:42:40.302Z] INFO: Finished Test Case: TC_RESPONSIVE_010 - Status: PASSED (23ms)

[2026-07-22T10:42:40.302Z] INFO: Starting Test Case: TC_RESPONSIVE_011 - Responsive Design validation check - Scenario 11 [Priority: CRITICAL]
[2026-07-22T10:42:40.331Z] INFO: Finished Test Case: TC_RESPONSIVE_011 - Status: PASSED (29ms)

[2026-07-22T10:42:40.331Z] INFO: Starting Test Case: TC_RESPONSIVE_012 - Responsive Design validation check - Scenario 12 [Priority: HIGH]
[2026-07-22T10:42:40.342Z] INFO: Finished Test Case: TC_RESPONSIVE_012 - Status: PASSED (11ms)

[2026-07-22T10:42:40.342Z] INFO: Starting Test Case: TC_RESPONSIVE_013 - Responsive Design validation check - Scenario 13 [Priority: HIGH]
[2026-07-22T10:42:40.389Z] INFO: Finished Test Case: TC_RESPONSIVE_013 - Status: PASSED (47ms)

[2026-07-22T10:42:40.389Z] INFO: Starting Test Case: TC_RESPONSIVE_014 - Responsive Design validation check - Scenario 14 [Priority: LOW]
[2026-07-22T10:42:40.402Z] INFO: Finished Test Case: TC_RESPONSIVE_014 - Status: PASSED (13ms)

[2026-07-22T10:42:40.402Z] INFO: Starting Test Case: TC_RESPONSIVE_015 - Responsive Design validation check - Scenario 15 [Priority: MEDIUM]
[2026-07-22T10:42:40.437Z] INFO: Finished Test Case: TC_RESPONSIVE_015 - Status: PASSED (35ms)

[2026-07-22T10:42:40.437Z] INFO: Starting Test Case: TC_RESPONSIVE_016 - Responsive Design validation check - Scenario 16 [Priority: CRITICAL]
[2026-07-22T10:42:40.473Z] INFO: Finished Test Case: TC_RESPONSIVE_016 - Status: PASSED (36ms)

[2026-07-22T10:42:40.473Z] INFO: Starting Test Case: TC_RESPONSIVE_017 - Responsive Design validation check - Scenario 17 [Priority: HIGH]
[2026-07-22T10:42:40.485Z] INFO: Finished Test Case: TC_RESPONSIVE_017 - Status: PASSED (12ms)

[2026-07-22T10:42:40.486Z] INFO: Starting Test Case: TC_RESPONSIVE_018 - Responsive Design validation check - Scenario 18 [Priority: HIGH]
[2026-07-22T10:42:40.498Z] INFO: Finished Test Case: TC_RESPONSIVE_018 - Status: PASSED (12ms)

[2026-07-22T10:42:40.498Z] INFO: Starting Test Case: TC_RESPONSIVE_019 - Responsive Design validation check - Scenario 19 [Priority: LOW]
[2026-07-22T10:42:40.519Z] INFO: Finished Test Case: TC_RESPONSIVE_019 - Status: PASSED (21ms)

[2026-07-22T10:42:40.519Z] INFO: Starting Test Case: TC_RESPONSIVE_020 - Responsive Design validation check - Scenario 20 [Priority: MEDIUM]
[2026-07-22T10:42:40.542Z] INFO: Finished Test Case: TC_RESPONSIVE_020 - Status: PASSED (23ms)

[2026-07-22T10:42:40.543Z] INFO: Starting Test Case: TC_PERF_001 - Performance Smoke validation check - Scenario 1 [Priority: CRITICAL]
[2026-07-22T10:42:40.555Z] INFO: Finished Test Case: TC_PERF_001 - Status: PASSED (12ms)

[2026-07-22T10:42:40.555Z] INFO: Starting Test Case: TC_PERF_002 - Performance Smoke validation check - Scenario 2 [Priority: HIGH]
[2026-07-22T10:42:40.602Z] INFO: Finished Test Case: TC_PERF_002 - Status: PASSED (47ms)

[2026-07-22T10:42:40.602Z] INFO: Starting Test Case: TC_PERF_003 - Performance Smoke validation check - Scenario 3 [Priority: HIGH]
[2026-07-22T10:42:40.650Z] INFO: Finished Test Case: TC_PERF_003 - Status: PASSED (48ms)

[2026-07-22T10:42:40.650Z] INFO: Starting Test Case: TC_PERF_004 - Performance Smoke validation check - Scenario 4 [Priority: LOW]
[2026-07-22T10:42:40.681Z] INFO: Finished Test Case: TC_PERF_004 - Status: PASSED (31ms)

[2026-07-22T10:42:40.681Z] INFO: Starting Test Case: TC_PERF_005 - Performance Smoke validation check - Scenario 5 [Priority: MEDIUM]
[2026-07-22T10:42:40.715Z] INFO: Finished Test Case: TC_PERF_005 - Status: PASSED (34ms)

[2026-07-22T10:42:40.716Z] INFO: Starting Test Case: TC_PERF_006 - Performance Smoke validation check - Scenario 6 [Priority: CRITICAL]
[2026-07-22T10:42:40.729Z] INFO: Finished Test Case: TC_PERF_006 - Status: PASSED (13ms)

[2026-07-22T10:42:40.729Z] INFO: Starting Test Case: TC_PERF_007 - Performance Smoke validation check - Scenario 7 [Priority: HIGH]
[2026-07-22T10:42:40.748Z] INFO: Finished Test Case: TC_PERF_007 - Status: PASSED (19ms)

[2026-07-22T10:42:40.748Z] INFO: Starting Test Case: TC_PERF_008 - Performance Smoke validation check - Scenario 8 [Priority: HIGH]
[2026-07-22T10:42:40.760Z] INFO: Finished Test Case: TC_PERF_008 - Status: PASSED (12ms)

[2026-07-22T10:42:40.761Z] INFO: Starting Test Case: TC_PERF_009 - Performance Smoke validation check - Scenario 9 [Priority: LOW]
[2026-07-22T10:42:40.791Z] INFO: Finished Test Case: TC_PERF_009 - Status: PASSED (30ms)

[2026-07-22T10:42:40.791Z] INFO: Starting Test Case: TC_PERF_010 - Performance Smoke validation check - Scenario 10 [Priority: MEDIUM]
[2026-07-22T10:42:40.816Z] INFO: Finished Test Case: TC_PERF_010 - Status: PASSED (25ms)

[2026-07-22T10:42:40.816Z] INFO: Starting Test Case: TC_PERF_011 - Performance Smoke validation check - Scenario 11 [Priority: CRITICAL]
[2026-07-22T10:42:40.839Z] INFO: Finished Test Case: TC_PERF_011 - Status: PASSED (23ms)

[2026-07-22T10:42:40.839Z] INFO: Starting Test Case: TC_PERF_012 - Performance Smoke validation check - Scenario 12 [Priority: HIGH]
[2026-07-22T10:42:40.888Z] INFO: Finished Test Case: TC_PERF_012 - Status: PASSED (49ms)

[2026-07-22T10:42:40.888Z] INFO: Starting Test Case: TC_PERF_013 - Performance Smoke validation check - Scenario 13 [Priority: HIGH]
[2026-07-22T10:42:40.896Z] INFO: Finished Test Case: TC_PERF_013 - Status: PASSED (8ms)

[2026-07-22T10:42:40.896Z] INFO: Starting Test Case: TC_PERF_014 - Performance Smoke validation check - Scenario 14 [Priority: LOW]
[2026-07-22T10:42:40.938Z] INFO: Finished Test Case: TC_PERF_014 - Status: PASSED (42ms)

[2026-07-22T10:42:40.938Z] INFO: Starting Test Case: TC_PERF_015 - Performance Smoke validation check - Scenario 15 [Priority: MEDIUM]
[2026-07-22T10:42:40.955Z] INFO: Finished Test Case: TC_PERF_015 - Status: PASSED (17ms)

[2026-07-22T10:42:40.955Z] INFO: Starting Test Case: TC_PERF_016 - Performance Smoke validation check - Scenario 16 [Priority: CRITICAL]
[2026-07-22T10:42:40.984Z] INFO: Finished Test Case: TC_PERF_016 - Status: PASSED (29ms)

[2026-07-22T10:42:40.985Z] INFO: Starting Test Case: TC_PERF_017 - Performance Smoke validation check - Scenario 17 [Priority: HIGH]
[2026-07-22T10:42:41.001Z] INFO: Finished Test Case: TC_PERF_017 - Status: PASSED (17ms)

[2026-07-22T10:42:41.001Z] INFO: Starting Test Case: TC_PERF_018 - Performance Smoke validation check - Scenario 18 [Priority: HIGH]
[2026-07-22T10:42:41.036Z] INFO: Finished Test Case: TC_PERF_018 - Status: PASSED (35ms)

[2026-07-22T10:42:41.036Z] INFO: Starting Test Case: TC_PERF_019 - Performance Smoke validation check - Scenario 19 [Priority: LOW]
[2026-07-22T10:42:41.056Z] INFO: Finished Test Case: TC_PERF_019 - Status: PASSED (20ms)

[2026-07-22T10:42:41.057Z] INFO: Starting Test Case: TC_PERF_020 - Performance Smoke validation check - Scenario 20 [Priority: MEDIUM]
[2026-07-22T10:42:41.104Z] INFO: Finished Test Case: TC_PERF_020 - Status: PASSED (47ms)

[2026-07-22T10:42:41.104Z] INFO: Starting Test Case: TC_REGR_001 - Regression validation check - Scenario 1 [Priority: CRITICAL]
[2026-07-22T10:42:41.139Z] INFO: Finished Test Case: TC_REGR_001 - Status: PASSED (35ms)

[2026-07-22T10:42:41.139Z] INFO: Starting Test Case: TC_REGR_002 - Regression validation check - Scenario 2 [Priority: HIGH]
[2026-07-22T10:42:41.167Z] INFO: Finished Test Case: TC_REGR_002 - Status: PASSED (28ms)

[2026-07-22T10:42:41.167Z] INFO: Starting Test Case: TC_REGR_003 - Regression validation check - Scenario 3 [Priority: HIGH]
[2026-07-22T10:42:41.210Z] INFO: Finished Test Case: TC_REGR_003 - Status: PASSED (43ms)

[2026-07-22T10:42:41.210Z] INFO: Starting Test Case: TC_REGR_004 - Regression validation check - Scenario 4 [Priority: LOW]
[2026-07-22T10:42:41.257Z] INFO: Finished Test Case: TC_REGR_004 - Status: PASSED (47ms)

[2026-07-22T10:42:41.258Z] INFO: Starting Test Case: TC_REGR_005 - Regression validation check - Scenario 5 [Priority: MEDIUM]
[2026-07-22T10:42:41.290Z] INFO: Finished Test Case: TC_REGR_005 - Status: PASSED (32ms)

[2026-07-22T10:42:41.290Z] INFO: Starting Test Case: TC_REGR_006 - Regression validation check - Scenario 6 [Priority: CRITICAL]
[2026-07-22T10:42:41.315Z] INFO: Finished Test Case: TC_REGR_006 - Status: PASSED (25ms)

[2026-07-22T10:42:41.315Z] INFO: Starting Test Case: TC_REGR_007 - Regression validation check - Scenario 7 [Priority: HIGH]
[2026-07-22T10:42:41.342Z] INFO: Finished Test Case: TC_REGR_007 - Status: PASSED (27ms)

[2026-07-22T10:42:41.342Z] INFO: Starting Test Case: TC_REGR_008 - Regression validation check - Scenario 8 [Priority: HIGH]
[2026-07-22T10:42:41.368Z] INFO: Finished Test Case: TC_REGR_008 - Status: PASSED (26ms)

[2026-07-22T10:42:41.368Z] INFO: Starting Test Case: TC_REGR_009 - Regression validation check - Scenario 9 [Priority: LOW]
[2026-07-22T10:42:41.384Z] INFO: Finished Test Case: TC_REGR_009 - Status: PASSED (16ms)

[2026-07-22T10:42:41.384Z] INFO: Starting Test Case: TC_REGR_010 - Regression validation check - Scenario 10 [Priority: MEDIUM]
[2026-07-22T10:42:41.398Z] INFO: Finished Test Case: TC_REGR_010 - Status: PASSED (14ms)

[2026-07-22T10:42:41.398Z] INFO: Starting Test Case: TC_REGR_011 - Regression validation check - Scenario 11 [Priority: CRITICAL]
[2026-07-22T10:42:41.404Z] INFO: Finished Test Case: TC_REGR_011 - Status: PASSED (6ms)

[2026-07-22T10:42:41.404Z] INFO: Starting Test Case: TC_REGR_012 - Regression validation check - Scenario 12 [Priority: HIGH]
[2026-07-22T10:42:41.444Z] INFO: Finished Test Case: TC_REGR_012 - Status: PASSED (40ms)

[2026-07-22T10:42:41.444Z] INFO: Starting Test Case: TC_REGR_013 - Regression validation check - Scenario 13 [Priority: HIGH]
[2026-07-22T10:42:41.490Z] INFO: Finished Test Case: TC_REGR_013 - Status: PASSED (46ms)

[2026-07-22T10:42:41.490Z] INFO: Starting Test Case: TC_REGR_014 - Regression validation check - Scenario 14 [Priority: LOW]
[2026-07-22T10:42:41.512Z] INFO: Finished Test Case: TC_REGR_014 - Status: PASSED (22ms)

[2026-07-22T10:42:41.512Z] INFO: Starting Test Case: TC_REGR_015 - Regression validation check - Scenario 15 [Priority: MEDIUM]
[2026-07-22T10:42:41.530Z] INFO: Finished Test Case: TC_REGR_015 - Status: PASSED (18ms)

[2026-07-22T10:42:41.531Z] INFO: Starting Test Case: TC_REGR_016 - Regression validation check - Scenario 16 [Priority: CRITICAL]
[2026-07-22T10:42:41.551Z] INFO: Finished Test Case: TC_REGR_016 - Status: PASSED (20ms)

[2026-07-22T10:42:41.551Z] INFO: Starting Test Case: TC_REGR_017 - Regression validation check - Scenario 17 [Priority: HIGH]
[2026-07-22T10:42:41.561Z] INFO: Finished Test Case: TC_REGR_017 - Status: PASSED (10ms)

[2026-07-22T10:42:41.561Z] INFO: Starting Test Case: TC_REGR_018 - Regression validation check - Scenario 18 [Priority: HIGH]
[2026-07-22T10:42:41.585Z] INFO: Finished Test Case: TC_REGR_018 - Status: PASSED (24ms)

[2026-07-22T10:42:41.586Z] INFO: Starting Test Case: TC_REGR_019 - Regression validation check - Scenario 19 [Priority: LOW]
[2026-07-22T10:42:41.598Z] INFO: Finished Test Case: TC_REGR_019 - Status: PASSED (12ms)

[2026-07-22T10:42:41.598Z] INFO: Starting Test Case: TC_REGR_020 - Regression validation check - Scenario 20 [Priority: MEDIUM]
[2026-07-22T10:42:41.633Z] INFO: Finished Test Case: TC_REGR_020 - Status: PASSED (35ms)

[2026-07-22T10:42:41.633Z] INFO: Starting Test Case: TC_REGR_021 - Regression validation check - Scenario 21 [Priority: CRITICAL]
[2026-07-22T10:42:41.650Z] INFO: Finished Test Case: TC_REGR_021 - Status: PASSED (17ms)

[2026-07-22T10:42:41.651Z] INFO: Starting Test Case: TC_REGR_022 - Regression validation check - Scenario 22 [Priority: HIGH]
[2026-07-22T10:42:41.658Z] INFO: Finished Test Case: TC_REGR_022 - Status: PASSED (7ms)

[2026-07-22T10:42:41.658Z] INFO: Starting Test Case: TC_REGR_023 - Regression validation check - Scenario 23 [Priority: HIGH]
[2026-07-22T10:42:41.676Z] INFO: Finished Test Case: TC_REGR_023 - Status: PASSED (18ms)

[2026-07-22T10:42:41.676Z] INFO: Starting Test Case: TC_REGR_024 - Regression validation check - Scenario 24 [Priority: LOW]
[2026-07-22T10:42:41.708Z] INFO: Finished Test Case: TC_REGR_024 - Status: PASSED (32ms)

[2026-07-22T10:42:41.709Z] INFO: Starting Test Case: TC_REGR_025 - Regression validation check - Scenario 25 [Priority: MEDIUM]
[2026-07-22T10:42:41.743Z] INFO: Finished Test Case: TC_REGR_025 - Status: PASSED (34ms)

[2026-07-22T10:42:41.743Z] INFO: Starting Test Case: TC_REGR_026 - Regression validation check - Scenario 26 [Priority: CRITICAL]
[2026-07-22T10:42:41.766Z] INFO: Finished Test Case: TC_REGR_026 - Status: PASSED (23ms)

[2026-07-22T10:42:41.766Z] INFO: Starting Test Case: TC_REGR_027 - Regression validation check - Scenario 27 [Priority: HIGH]
[2026-07-22T10:42:41.780Z] INFO: Finished Test Case: TC_REGR_027 - Status: PASSED (14ms)

[2026-07-22T10:42:41.780Z] INFO: Starting Test Case: TC_REGR_028 - Regression validation check - Scenario 28 [Priority: HIGH]
[2026-07-22T10:42:41.827Z] INFO: Finished Test Case: TC_REGR_028 - Status: PASSED (47ms)

[2026-07-22T10:42:41.827Z] INFO: Starting Test Case: TC_REGR_029 - Regression validation check - Scenario 29 [Priority: LOW]
[2026-07-22T10:42:41.868Z] INFO: Finished Test Case: TC_REGR_029 - Status: PASSED (41ms)

[2026-07-22T10:42:41.869Z] INFO: Starting Test Case: TC_REGR_030 - Regression validation check - Scenario 30 [Priority: MEDIUM]
[2026-07-22T10:42:41.895Z] INFO: Finished Test Case: TC_REGR_030 - Status: PASSED (26ms)

[2026-07-22T10:42:41.895Z] INFO: Starting Test Case: TC_REGR_031 - Regression validation check - Scenario 31 [Priority: CRITICAL]
[2026-07-22T10:42:41.905Z] INFO: Finished Test Case: TC_REGR_031 - Status: PASSED (10ms)

[2026-07-22T10:42:41.905Z] INFO: Starting Test Case: TC_REGR_032 - Regression validation check - Scenario 32 [Priority: HIGH]
[2026-07-22T10:42:41.951Z] INFO: Finished Test Case: TC_REGR_032 - Status: PASSED (45ms)

[2026-07-22T10:42:41.951Z] INFO: Starting Test Case: TC_REGR_033 - Regression validation check - Scenario 33 [Priority: HIGH]
[2026-07-22T10:42:41.963Z] INFO: Finished Test Case: TC_REGR_033 - Status: PASSED (12ms)

[2026-07-22T10:42:41.963Z] INFO: Starting Test Case: TC_REGR_034 - Regression validation check - Scenario 34 [Priority: LOW]
[2026-07-22T10:42:41.992Z] INFO: Finished Test Case: TC_REGR_034 - Status: PASSED (29ms)

[2026-07-22T10:42:41.992Z] INFO: Starting Test Case: TC_REGR_035 - Regression validation check - Scenario 35 [Priority: MEDIUM]
[2026-07-22T10:42:42.022Z] INFO: Finished Test Case: TC_REGR_035 - Status: PASSED (30ms)

[2026-07-22T10:42:42.022Z] INFO: Starting Test Case: TC_REGR_036 - Regression validation check - Scenario 36 [Priority: CRITICAL]
[2026-07-22T10:42:42.031Z] INFO: Finished Test Case: TC_REGR_036 - Status: PASSED (9ms)

[2026-07-22T10:42:42.031Z] INFO: Starting Test Case: TC_REGR_037 - Regression validation check - Scenario 37 [Priority: HIGH]
[2026-07-22T10:42:42.068Z] INFO: Finished Test Case: TC_REGR_037 - Status: PASSED (37ms)

[2026-07-22T10:42:42.068Z] INFO: Starting Test Case: TC_REGR_038 - Regression validation check - Scenario 38 [Priority: HIGH]
[2026-07-22T10:42:42.074Z] INFO: Finished Test Case: TC_REGR_038 - Status: PASSED (6ms)

[2026-07-22T10:42:42.074Z] INFO: Starting Test Case: TC_REGR_039 - Regression validation check - Scenario 39 [Priority: LOW]
[2026-07-22T10:42:42.089Z] INFO: Finished Test Case: TC_REGR_039 - Status: PASSED (15ms)

[2026-07-22T10:42:42.089Z] INFO: Starting Test Case: TC_REGR_040 - Regression validation check - Scenario 40 [Priority: MEDIUM]
[2026-07-22T10:42:42.095Z] INFO: Finished Test Case: TC_REGR_040 - Status: PASSED (6ms)

[2026-07-22T10:42:42.095Z] INFO: Starting Test Case: TC_REGR_041 - Regression validation check - Scenario 41 [Priority: CRITICAL]
[2026-07-22T10:42:42.140Z] INFO: Finished Test Case: TC_REGR_041 - Status: PASSED (45ms)

[2026-07-22T10:42:42.140Z] INFO: Starting Test Case: TC_REGR_042 - Regression validation check - Scenario 42 [Priority: HIGH]
[2026-07-22T10:42:42.156Z] INFO: Finished Test Case: TC_REGR_042 - Status: PASSED (16ms)

[2026-07-22T10:42:42.156Z] INFO: Starting Test Case: TC_REGR_043 - Regression validation check - Scenario 43 [Priority: HIGH]
[2026-07-22T10:42:42.181Z] INFO: Finished Test Case: TC_REGR_043 - Status: PASSED (25ms)

[2026-07-22T10:42:42.181Z] INFO: Starting Test Case: TC_REGR_044 - Regression validation check - Scenario 44 [Priority: LOW]
[2026-07-22T10:42:42.220Z] INFO: Finished Test Case: TC_REGR_044 - Status: PASSED (39ms)

[2026-07-22T10:42:42.220Z] INFO: Starting Test Case: TC_REGR_045 - Regression validation check - Scenario 45 [Priority: MEDIUM]
[2026-07-22T10:42:42.246Z] INFO: Finished Test Case: TC_REGR_045 - Status: PASSED (26ms)

[2026-07-22T10:42:42.246Z] INFO: Starting Test Case: TC_REGR_046 - Regression validation check - Scenario 46 [Priority: CRITICAL]
[2026-07-22T10:42:42.290Z] INFO: Finished Test Case: TC_REGR_046 - Status: PASSED (43ms)

[2026-07-22T10:42:42.290Z] INFO: Starting Test Case: TC_REGR_047 - Regression validation check - Scenario 47 [Priority: HIGH]
[2026-07-22T10:42:42.305Z] INFO: Finished Test Case: TC_REGR_047 - Status: PASSED (15ms)

[2026-07-22T10:42:42.305Z] INFO: Starting Test Case: TC_REGR_048 - Regression validation check - Scenario 48 [Priority: HIGH]
[2026-07-22T10:42:42.340Z] INFO: Finished Test Case: TC_REGR_048 - Status: PASSED (35ms)

[2026-07-22T10:42:42.340Z] INFO: Starting Test Case: TC_REGR_049 - Regression validation check - Scenario 49 [Priority: LOW]
[2026-07-22T10:42:42.349Z] INFO: Finished Test Case: TC_REGR_049 - Status: PASSED (9ms)

[2026-07-22T10:42:42.349Z] INFO: Starting Test Case: TC_REGR_050 - Regression validation check - Scenario 50 [Priority: MEDIUM]
[2026-07-22T10:42:42.384Z] INFO: Finished Test Case: TC_REGR_050 - Status: PASSED (35ms)

[2026-07-22T10:42:42.384Z] INFO: Closing Chrome driver session...
[2026-07-22T10:42:42.387Z] INFO: Browser logs saved successfully to: /home/runner/work/pddtesting/pddtesting/automation/reports/Logs/browser-console.log
[2026-07-22T10:42:42.439Z] INFO: Session closed.
[2026-07-22T10:42:42.439Z] INFO: E2E suite execution finished. Total duration: 42.46s
[2026-07-22T10:42:42.440Z] INFO: Generating Excel automation reports...
[2026-07-22T10:42:42.642Z] INFO: Master Excel report written to: /home/runner/work/pddtesting/pddtesting/automation/reports/Excel/Automation_Test_Report.xlsx
[2026-07-22T10:42:42.746Z] INFO: Excel report generation completed successfully!
[2026-07-22T10:42:42.747Z] INFO: Generating HTML automation reports...
[2026-07-22T10:42:42.754Z] INFO: HTML Reports successfully written to: /home/runner/work/pddtesting/pddtesting/automation/reports/HTML
[2026-07-22T10:42:42.756Z] INFO: JSON report generated at: /home/runner/work/pddtesting/pddtesting/automation/reports/JSON/execution-results.json
[2026-07-22T10:42:42.756Z] INFO: Markdown step summary generated at: /home/runner/work/pddtesting/pddtesting/automation/reports/Summary/summary.md
[2026-07-22T10:42:42.757Z] INFO: Final Metrics -> Total: 470, Passed: 467, Pass Rate: 99.36%
[2026-07-22T10:42:42.757Z] INFO: Critical Tests -> Total: 95, Failed: 1, Critical Fail Rate: 1.05%
[2026-07-22T10:42:42.757Z] INFO: Execution Passed: All criteria (Pass Rate >= 95% and Critical Fail Rate <= 5%) met successfully!
