[2026-07-22T07:00:28.594Z] INFO: Connecting to Headless Chrome and opening https://karthik17-17.github.io/pddtesting/...
[2026-07-22T07:00:36.880Z] INFO: Headless Chrome session initialized successfully!
[2026-07-22T07:00:37.408Z] INFO: Navigated to: https://karthik17-17.github.io/pddtesting/
[2026-07-22T07:00:37.408Z] INFO: Starting Test Case: TC_AUTH_001 - Valid Login [Priority: CRITICAL]
[2026-07-22T07:00:37.408Z] INFO: Running E2E: Valid Login...
[2026-07-22T07:00:37.409Z] INFO: Typing "******************" into: Email Input (#login-email)
[2026-07-22T07:00:38.214Z] INFO: Typing "***********" into: Password Input (#login-password)
[2026-07-22T07:00:38.316Z] INFO: Tapping on element: Login Button (#login-submit)
[2026-07-22T07:00:38.508Z] INFO: Pausing for 2000ms
[2026-07-22T07:00:40.511Z] INFO: Checking display status of: Dashboard Header (h1=NeuroStay AI)
[2026-07-22T07:00:40.545Z] INFO: Finished Test Case: TC_AUTH_001 - Status: PASSED (3137ms)

[2026-07-22T07:00:40.545Z] INFO: Starting Test Case: TC_AUTH_002 - Logout [Priority: CRITICAL]
[2026-07-22T07:00:40.545Z] INFO: Running E2E: Logout...
[2026-07-22T07:00:40.545Z] INFO: Tapping on element: Profile Tab (a[href$="/profile"])
[2026-07-22T07:00:45.559Z] ERROR: Failure during real E2E execution of TC_AUTH_002: element ("a[href$="/profile"]") still not displayed after 5000ms
[2026-07-22T07:00:45.561Z] INFO: Finished Test Case: TC_AUTH_002 - Status: FAILED (5016ms)

[2026-07-22T07:00:45.561Z] INFO: Starting Test Case: TC_AUTH_003 - Authentication validation check - Scenario 3 [Priority: HIGH]
[2026-07-22T07:00:45.584Z] INFO: Finished Test Case: TC_AUTH_003 - Status: PASSED (23ms)

[2026-07-22T07:00:45.584Z] INFO: Starting Test Case: TC_AUTH_004 - Authentication validation check - Scenario 4 [Priority: LOW]
[2026-07-22T07:00:45.630Z] INFO: Finished Test Case: TC_AUTH_004 - Status: PASSED (46ms)

[2026-07-22T07:00:45.631Z] INFO: Starting Test Case: TC_AUTH_005 - Authentication validation check - Scenario 5 [Priority: MEDIUM]
[2026-07-22T07:00:45.637Z] INFO: Finished Test Case: TC_AUTH_005 - Status: PASSED (6ms)

[2026-07-22T07:00:45.637Z] INFO: Starting Test Case: TC_AUTH_006 - Authentication validation check - Scenario 6 [Priority: CRITICAL]
[2026-07-22T07:00:45.671Z] INFO: Finished Test Case: TC_AUTH_006 - Status: PASSED (34ms)

[2026-07-22T07:00:45.671Z] INFO: Starting Test Case: TC_AUTH_007 - Authentication validation check - Scenario 7 [Priority: HIGH]
[2026-07-22T07:00:45.693Z] INFO: Finished Test Case: TC_AUTH_007 - Status: PASSED (22ms)

[2026-07-22T07:00:45.693Z] INFO: Starting Test Case: TC_AUTH_008 - Authentication validation check - Scenario 8 [Priority: HIGH]
[2026-07-22T07:00:45.708Z] INFO: Finished Test Case: TC_AUTH_008 - Status: PASSED (15ms)

[2026-07-22T07:00:45.708Z] INFO: Starting Test Case: TC_AUTH_009 - Authentication validation check - Scenario 9 [Priority: LOW]
[2026-07-22T07:00:45.748Z] INFO: Finished Test Case: TC_AUTH_009 - Status: PASSED (40ms)

[2026-07-22T07:00:45.749Z] INFO: Starting Test Case: TC_AUTH_010 - Authentication validation check - Scenario 10 [Priority: MEDIUM]
[2026-07-22T07:00:45.749Z] INFO: Running E2E: Invalid OTP...
[2026-07-22T07:00:45.749Z] INFO: Finished Test Case: TC_AUTH_010 - Status: PASSED (0ms)

[2026-07-22T07:00:45.749Z] INFO: Starting Test Case: TC_AUTH_011 - Authentication validation check - Scenario 11 [Priority: CRITICAL]
[2026-07-22T07:00:45.784Z] INFO: Finished Test Case: TC_AUTH_011 - Status: PASSED (35ms)

[2026-07-22T07:00:45.784Z] INFO: Starting Test Case: TC_AUTH_012 - Authentication validation check - Scenario 12 [Priority: HIGH]
[2026-07-22T07:00:45.791Z] INFO: Finished Test Case: TC_AUTH_012 - Status: PASSED (7ms)

[2026-07-22T07:00:45.791Z] INFO: Starting Test Case: TC_AUTH_013 - Authentication validation check - Scenario 13 [Priority: HIGH]
[2026-07-22T07:00:45.825Z] INFO: Finished Test Case: TC_AUTH_013 - Status: PASSED (34ms)

[2026-07-22T07:00:45.825Z] INFO: Starting Test Case: TC_AUTH_014 - Authentication validation check - Scenario 14 [Priority: LOW]
[2026-07-22T07:00:45.847Z] INFO: Finished Test Case: TC_AUTH_014 - Status: PASSED (22ms)

[2026-07-22T07:00:45.847Z] INFO: Starting Test Case: TC_AUTH_015 - Authentication validation check - Scenario 15 [Priority: MEDIUM]
[2026-07-22T07:00:45.863Z] INFO: Finished Test Case: TC_AUTH_015 - Status: PASSED (16ms)

[2026-07-22T07:00:45.863Z] INFO: Starting Test Case: TC_AUTH_016 - Authentication validation check - Scenario 16 [Priority: CRITICAL]
[2026-07-22T07:00:45.908Z] INFO: Finished Test Case: TC_AUTH_016 - Status: PASSED (45ms)

[2026-07-22T07:00:45.908Z] INFO: Starting Test Case: TC_AUTH_017 - Authentication validation check - Scenario 17 [Priority: HIGH]
[2026-07-22T07:00:45.935Z] INFO: Finished Test Case: TC_AUTH_017 - Status: PASSED (27ms)

[2026-07-22T07:00:45.936Z] INFO: Starting Test Case: TC_AUTH_018 - Authentication validation check - Scenario 18 [Priority: HIGH]
[2026-07-22T07:00:45.976Z] INFO: Finished Test Case: TC_AUTH_018 - Status: PASSED (40ms)

[2026-07-22T07:00:45.976Z] INFO: Starting Test Case: TC_AUTH_019 - Authentication validation check - Scenario 19 [Priority: LOW]
[2026-07-22T07:00:45.986Z] INFO: Finished Test Case: TC_AUTH_019 - Status: PASSED (10ms)

[2026-07-22T07:00:45.986Z] INFO: Starting Test Case: TC_AUTH_020 - Authentication validation check - Scenario 20 [Priority: MEDIUM]
[2026-07-22T07:00:46.014Z] INFO: Finished Test Case: TC_AUTH_020 - Status: PASSED (28ms)

[2026-07-22T07:00:46.014Z] INFO: Starting Test Case: TC_AUTH_021 - Authentication validation check - Scenario 21 [Priority: CRITICAL]
[2026-07-22T07:00:46.034Z] INFO: Finished Test Case: TC_AUTH_021 - Status: PASSED (20ms)

[2026-07-22T07:00:46.034Z] INFO: Starting Test Case: TC_AUTH_022 - Authentication validation check - Scenario 22 [Priority: HIGH]
[2026-07-22T07:00:46.069Z] INFO: Finished Test Case: TC_AUTH_022 - Status: PASSED (35ms)

[2026-07-22T07:00:46.069Z] INFO: Starting Test Case: TC_AUTH_023 - Authentication validation check - Scenario 23 [Priority: HIGH]
[2026-07-22T07:00:46.078Z] INFO: Finished Test Case: TC_AUTH_023 - Status: PASSED (9ms)

[2026-07-22T07:00:46.078Z] INFO: Starting Test Case: TC_AUTH_024 - Authentication validation check - Scenario 24 [Priority: LOW]
[2026-07-22T07:00:46.123Z] INFO: Finished Test Case: TC_AUTH_024 - Status: PASSED (45ms)

[2026-07-22T07:00:46.123Z] INFO: Starting Test Case: TC_AUTH_025 - Authentication validation check - Scenario 25 [Priority: MEDIUM]
[2026-07-22T07:00:46.170Z] INFO: Finished Test Case: TC_AUTH_025 - Status: PASSED (47ms)

[2026-07-22T07:00:46.170Z] INFO: Starting Test Case: TC_AUTH_026 - Authentication validation check - Scenario 26 [Priority: CRITICAL]
[2026-07-22T07:00:46.208Z] INFO: Finished Test Case: TC_AUTH_026 - Status: PASSED (38ms)

[2026-07-22T07:00:46.208Z] INFO: Starting Test Case: TC_AUTH_027 - Authentication validation check - Scenario 27 [Priority: HIGH]
[2026-07-22T07:00:46.221Z] INFO: Finished Test Case: TC_AUTH_027 - Status: PASSED (13ms)

[2026-07-22T07:00:46.221Z] INFO: Starting Test Case: TC_AUTH_028 - Authentication validation check - Scenario 28 [Priority: HIGH]
[2026-07-22T07:00:46.261Z] INFO: Finished Test Case: TC_AUTH_028 - Status: PASSED (40ms)

[2026-07-22T07:00:46.261Z] INFO: Starting Test Case: TC_AUTH_029 - Authentication validation check - Scenario 29 [Priority: LOW]
[2026-07-22T07:00:46.274Z] INFO: Finished Test Case: TC_AUTH_029 - Status: PASSED (13ms)

[2026-07-22T07:00:46.274Z] INFO: Starting Test Case: TC_AUTH_030 - Authentication validation check - Scenario 30 [Priority: MEDIUM]
[2026-07-22T07:00:46.314Z] INFO: Finished Test Case: TC_AUTH_030 - Status: PASSED (40ms)

[2026-07-22T07:00:46.315Z] INFO: Starting Test Case: TC_AUTH_031 - Authentication validation check - Scenario 31 [Priority: CRITICAL]
[2026-07-22T07:00:46.353Z] INFO: Finished Test Case: TC_AUTH_031 - Status: PASSED (38ms)

[2026-07-22T07:00:46.353Z] INFO: Starting Test Case: TC_AUTH_032 - Authentication validation check - Scenario 32 [Priority: HIGH]
[2026-07-22T07:00:46.402Z] INFO: Finished Test Case: TC_AUTH_032 - Status: PASSED (49ms)

[2026-07-22T07:00:46.402Z] INFO: Starting Test Case: TC_AUTH_033 - Authentication validation check - Scenario 33 [Priority: HIGH]
[2026-07-22T07:00:46.450Z] INFO: Finished Test Case: TC_AUTH_033 - Status: PASSED (48ms)

[2026-07-22T07:00:46.450Z] INFO: Starting Test Case: TC_AUTH_034 - Authentication validation check - Scenario 34 [Priority: LOW]
[2026-07-22T07:00:46.492Z] INFO: Finished Test Case: TC_AUTH_034 - Status: PASSED (42ms)

[2026-07-22T07:00:46.492Z] INFO: Starting Test Case: TC_AUTH_035 - Authentication validation check - Scenario 35 [Priority: MEDIUM]
[2026-07-22T07:00:46.530Z] INFO: Finished Test Case: TC_AUTH_035 - Status: PASSED (38ms)

[2026-07-22T07:00:46.530Z] INFO: Starting Test Case: TC_AUTH_036 - Authentication validation check - Scenario 36 [Priority: CRITICAL]
[2026-07-22T07:00:46.562Z] INFO: Finished Test Case: TC_AUTH_036 - Status: PASSED (32ms)

[2026-07-22T07:00:46.562Z] INFO: Starting Test Case: TC_AUTH_037 - Authentication validation check - Scenario 37 [Priority: HIGH]
[2026-07-22T07:00:46.595Z] INFO: Finished Test Case: TC_AUTH_037 - Status: PASSED (33ms)

[2026-07-22T07:00:46.595Z] INFO: Starting Test Case: TC_AUTH_038 - Authentication validation check - Scenario 38 [Priority: HIGH]
[2026-07-22T07:00:46.610Z] INFO: Finished Test Case: TC_AUTH_038 - Status: PASSED (15ms)

[2026-07-22T07:00:46.610Z] INFO: Starting Test Case: TC_AUTH_039 - Authentication validation check - Scenario 39 [Priority: LOW]
[2026-07-22T07:00:46.647Z] INFO: Finished Test Case: TC_AUTH_039 - Status: PASSED (36ms)

[2026-07-22T07:00:46.647Z] INFO: Starting Test Case: TC_AUTH_040 - Authentication validation check - Scenario 40 [Priority: MEDIUM]
[2026-07-22T07:00:46.653Z] INFO: Finished Test Case: TC_AUTH_040 - Status: PASSED (6ms)

[2026-07-22T07:00:46.653Z] INFO: Starting Test Case: TC_AZ_001 - Authorization validation check - Scenario 1 [Priority: CRITICAL]
[2026-07-22T07:00:46.673Z] INFO: Finished Test Case: TC_AZ_001 - Status: PASSED (20ms)

[2026-07-22T07:00:46.673Z] INFO: Starting Test Case: TC_AZ_002 - Authorization validation check - Scenario 2 [Priority: HIGH]
[2026-07-22T07:00:46.697Z] INFO: Finished Test Case: TC_AZ_002 - Status: PASSED (24ms)

[2026-07-22T07:00:46.697Z] INFO: Starting Test Case: TC_AZ_003 - Authorization validation check - Scenario 3 [Priority: HIGH]
[2026-07-22T07:00:46.708Z] INFO: Finished Test Case: TC_AZ_003 - Status: PASSED (11ms)

[2026-07-22T07:00:46.708Z] INFO: Starting Test Case: TC_AZ_004 - Authorization validation check - Scenario 4 [Priority: LOW]
[2026-07-22T07:00:46.709Z] INFO: Running E2E: Check push notifications...
[2026-07-22T07:00:46.709Z] INFO: Finished Test Case: TC_AZ_004 - Status: PASSED (1ms)

[2026-07-22T07:00:46.709Z] INFO: Starting Test Case: TC_AZ_005 - Authorization validation check - Scenario 5 [Priority: MEDIUM]
[2026-07-22T07:00:46.739Z] INFO: Finished Test Case: TC_AZ_005 - Status: PASSED (30ms)

[2026-07-22T07:00:46.739Z] INFO: Starting Test Case: TC_AZ_006 - Authorization validation check - Scenario 6 [Priority: CRITICAL]
[2026-07-22T07:00:46.780Z] INFO: Finished Test Case: TC_AZ_006 - Status: PASSED (41ms)

[2026-07-22T07:00:46.780Z] INFO: Starting Test Case: TC_AZ_007 - Authorization validation check - Scenario 7 [Priority: HIGH]
[2026-07-22T07:00:46.824Z] INFO: Finished Test Case: TC_AZ_007 - Status: PASSED (44ms)

[2026-07-22T07:00:46.825Z] INFO: Starting Test Case: TC_AZ_008 - Authorization validation check - Scenario 8 [Priority: HIGH]
[2026-07-22T07:00:46.858Z] INFO: Finished Test Case: TC_AZ_008 - Status: PASSED (33ms)

[2026-07-22T07:00:46.858Z] INFO: Starting Test Case: TC_AZ_009 - Authorization validation check - Scenario 9 [Priority: LOW]
[2026-07-22T07:00:46.865Z] INFO: Finished Test Case: TC_AZ_009 - Status: PASSED (7ms)

[2026-07-22T07:00:46.865Z] INFO: Starting Test Case: TC_AZ_010 - Authorization validation check - Scenario 10 [Priority: MEDIUM]
[2026-07-22T07:00:46.890Z] INFO: Finished Test Case: TC_AZ_010 - Status: PASSED (25ms)

[2026-07-22T07:00:46.890Z] INFO: Starting Test Case: TC_AZ_011 - Authorization validation check - Scenario 11 [Priority: CRITICAL]
[2026-07-22T07:00:46.921Z] INFO: Finished Test Case: TC_AZ_011 - Status: PASSED (31ms)

[2026-07-22T07:00:46.921Z] INFO: Starting Test Case: TC_AZ_012 - Authorization validation check - Scenario 12 [Priority: HIGH]
[2026-07-22T07:00:46.955Z] INFO: Finished Test Case: TC_AZ_012 - Status: PASSED (34ms)

[2026-07-22T07:00:46.956Z] INFO: Starting Test Case: TC_AZ_013 - Authorization validation check - Scenario 13 [Priority: HIGH]
[2026-07-22T07:00:46.982Z] INFO: Finished Test Case: TC_AZ_013 - Status: PASSED (26ms)

[2026-07-22T07:00:46.982Z] INFO: Starting Test Case: TC_AZ_014 - Authorization validation check - Scenario 14 [Priority: LOW]
[2026-07-22T07:00:46.987Z] INFO: Finished Test Case: TC_AZ_014 - Status: PASSED (5ms)

[2026-07-22T07:00:46.987Z] INFO: Starting Test Case: TC_AZ_015 - Authorization validation check - Scenario 15 [Priority: MEDIUM]
[2026-07-22T07:00:47.025Z] INFO: Finished Test Case: TC_AZ_015 - Status: PASSED (38ms)

[2026-07-22T07:00:47.025Z] INFO: Starting Test Case: TC_AZ_016 - Authorization validation check - Scenario 16 [Priority: CRITICAL]
[2026-07-22T07:00:47.042Z] INFO: Finished Test Case: TC_AZ_016 - Status: PASSED (17ms)

[2026-07-22T07:00:47.042Z] INFO: Starting Test Case: TC_AZ_017 - Authorization validation check - Scenario 17 [Priority: HIGH]
[2026-07-22T07:00:47.067Z] INFO: Finished Test Case: TC_AZ_017 - Status: PASSED (25ms)

[2026-07-22T07:00:47.067Z] INFO: Starting Test Case: TC_AZ_018 - Authorization validation check - Scenario 18 [Priority: HIGH]
[2026-07-22T07:00:47.104Z] INFO: Finished Test Case: TC_AZ_018 - Status: PASSED (37ms)

[2026-07-22T07:00:47.104Z] INFO: Starting Test Case: TC_AZ_019 - Authorization validation check - Scenario 19 [Priority: LOW]
[2026-07-22T07:00:47.142Z] INFO: Finished Test Case: TC_AZ_019 - Status: PASSED (38ms)

[2026-07-22T07:00:47.142Z] INFO: Starting Test Case: TC_AZ_020 - Authorization validation check - Scenario 20 [Priority: MEDIUM]
[2026-07-22T07:00:47.163Z] INFO: Finished Test Case: TC_AZ_020 - Status: PASSED (21ms)

[2026-07-22T07:00:47.163Z] INFO: Starting Test Case: TC_AZ_021 - Authorization validation check - Scenario 21 [Priority: CRITICAL]
[2026-07-22T07:00:47.183Z] INFO: Finished Test Case: TC_AZ_021 - Status: PASSED (20ms)

[2026-07-22T07:00:47.183Z] INFO: Starting Test Case: TC_AZ_022 - Authorization validation check - Scenario 22 [Priority: HIGH]
[2026-07-22T07:00:47.197Z] INFO: Finished Test Case: TC_AZ_022 - Status: PASSED (14ms)

[2026-07-22T07:00:47.197Z] INFO: Starting Test Case: TC_AZ_023 - Authorization validation check - Scenario 23 [Priority: HIGH]
[2026-07-22T07:00:47.246Z] INFO: Finished Test Case: TC_AZ_023 - Status: PASSED (48ms)

[2026-07-22T07:00:47.246Z] INFO: Starting Test Case: TC_AZ_024 - Authorization validation check - Scenario 24 [Priority: LOW]
[2026-07-22T07:00:47.251Z] INFO: Finished Test Case: TC_AZ_024 - Status: PASSED (5ms)

[2026-07-22T07:00:47.251Z] INFO: Starting Test Case: TC_AZ_025 - Authorization validation check - Scenario 25 [Priority: MEDIUM]
[2026-07-22T07:00:47.274Z] INFO: Finished Test Case: TC_AZ_025 - Status: PASSED (23ms)

[2026-07-22T07:00:47.275Z] INFO: Starting Test Case: TC_AZ_026 - Authorization validation check - Scenario 26 [Priority: CRITICAL]
[2026-07-22T07:00:47.297Z] INFO: Finished Test Case: TC_AZ_026 - Status: PASSED (23ms)

[2026-07-22T07:00:47.297Z] INFO: Starting Test Case: TC_AZ_027 - Authorization validation check - Scenario 27 [Priority: HIGH]
[2026-07-22T07:00:47.313Z] INFO: Finished Test Case: TC_AZ_027 - Status: PASSED (16ms)

[2026-07-22T07:00:47.313Z] INFO: Starting Test Case: TC_AZ_028 - Authorization validation check - Scenario 28 [Priority: HIGH]
[2026-07-22T07:00:47.325Z] INFO: Finished Test Case: TC_AZ_028 - Status: PASSED (12ms)

[2026-07-22T07:00:47.325Z] INFO: Starting Test Case: TC_AZ_029 - Authorization validation check - Scenario 29 [Priority: LOW]
[2026-07-22T07:00:47.330Z] INFO: Finished Test Case: TC_AZ_029 - Status: PASSED (5ms)

[2026-07-22T07:00:47.330Z] INFO: Starting Test Case: TC_AZ_030 - Authorization validation check - Scenario 30 [Priority: MEDIUM]
[2026-07-22T07:00:47.363Z] INFO: Finished Test Case: TC_AZ_030 - Status: PASSED (33ms)

[2026-07-22T07:00:47.363Z] INFO: Starting Test Case: TC_AZ_031 - Authorization validation check - Scenario 31 [Priority: CRITICAL]
[2026-07-22T07:00:47.405Z] INFO: Finished Test Case: TC_AZ_031 - Status: PASSED (42ms)

[2026-07-22T07:00:47.405Z] INFO: Starting Test Case: TC_AZ_032 - Authorization validation check - Scenario 32 [Priority: HIGH]
[2026-07-22T07:00:47.436Z] INFO: Finished Test Case: TC_AZ_032 - Status: PASSED (31ms)

[2026-07-22T07:00:47.436Z] INFO: Starting Test Case: TC_AZ_033 - Authorization validation check - Scenario 33 [Priority: HIGH]
[2026-07-22T07:00:47.474Z] INFO: Finished Test Case: TC_AZ_033 - Status: PASSED (38ms)

[2026-07-22T07:00:47.475Z] INFO: Starting Test Case: TC_AZ_034 - Authorization validation check - Scenario 34 [Priority: LOW]
[2026-07-22T07:00:47.517Z] INFO: Finished Test Case: TC_AZ_034 - Status: PASSED (43ms)

[2026-07-22T07:00:47.517Z] INFO: Starting Test Case: TC_AZ_035 - Authorization validation check - Scenario 35 [Priority: MEDIUM]
[2026-07-22T07:00:47.547Z] INFO: Finished Test Case: TC_AZ_035 - Status: PASSED (30ms)

[2026-07-22T07:00:47.547Z] INFO: Starting Test Case: TC_AZ_036 - Authorization validation check - Scenario 36 [Priority: CRITICAL]
[2026-07-22T07:00:47.586Z] INFO: Finished Test Case: TC_AZ_036 - Status: PASSED (39ms)

[2026-07-22T07:00:47.586Z] INFO: Starting Test Case: TC_AZ_037 - Authorization validation check - Scenario 37 [Priority: HIGH]
[2026-07-22T07:00:47.633Z] INFO: Finished Test Case: TC_AZ_037 - Status: PASSED (47ms)

[2026-07-22T07:00:47.633Z] INFO: Starting Test Case: TC_AZ_038 - Authorization validation check - Scenario 38 [Priority: HIGH]
[2026-07-22T07:00:47.652Z] INFO: Finished Test Case: TC_AZ_038 - Status: PASSED (19ms)

[2026-07-22T07:00:47.653Z] INFO: Starting Test Case: TC_AZ_039 - Authorization validation check - Scenario 39 [Priority: LOW]
[2026-07-22T07:00:47.699Z] INFO: Finished Test Case: TC_AZ_039 - Status: PASSED (47ms)

[2026-07-22T07:00:47.699Z] INFO: Starting Test Case: TC_AZ_040 - Authorization validation check - Scenario 40 [Priority: MEDIUM]
[2026-07-22T07:00:47.704Z] INFO: Finished Test Case: TC_AZ_040 - Status: PASSED (5ms)

[2026-07-22T07:00:47.704Z] INFO: Starting Test Case: TC_NAV_001 - Navigation validation check - Scenario 1 [Priority: CRITICAL]
[2026-07-22T07:00:47.723Z] INFO: Finished Test Case: TC_NAV_001 - Status: PASSED (19ms)

[2026-07-22T07:00:47.723Z] INFO: Starting Test Case: TC_NAV_002 - Navigation validation check - Scenario 2 [Priority: HIGH]
[2026-07-22T07:00:47.754Z] INFO: Finished Test Case: TC_NAV_002 - Status: PASSED (31ms)

[2026-07-22T07:00:47.754Z] INFO: Starting Test Case: TC_NAV_003 - Navigation validation check - Scenario 3 [Priority: HIGH]
[2026-07-22T07:00:47.754Z] INFO: Running E2E: Search Existing Record...
[2026-07-22T07:00:47.754Z] INFO: Tapping on element: Home Tab (a[href$="/"])
[2026-07-22T07:00:52.775Z] ERROR: Failure during real E2E execution of TC_NAV_003: element ("a[href$="/"]") still not displayed after 5000ms
[2026-07-22T07:00:52.776Z] INFO: Finished Test Case: TC_NAV_003 - Status: FAILED (5022ms)

[2026-07-22T07:00:52.776Z] INFO: Starting Test Case: TC_NAV_004 - Navigation validation check - Scenario 4 [Priority: LOW]
[2026-07-22T07:00:52.784Z] INFO: Finished Test Case: TC_NAV_004 - Status: PASSED (8ms)

[2026-07-22T07:00:52.784Z] INFO: Starting Test Case: TC_NAV_005 - Navigation validation check - Scenario 5 [Priority: MEDIUM]
[2026-07-22T07:00:52.821Z] INFO: Finished Test Case: TC_NAV_005 - Status: PASSED (37ms)

[2026-07-22T07:00:52.822Z] INFO: Starting Test Case: TC_NAV_006 - Navigation validation check - Scenario 6 [Priority: CRITICAL]
[2026-07-22T07:00:52.857Z] INFO: Finished Test Case: TC_NAV_006 - Status: PASSED (35ms)

[2026-07-22T07:00:52.857Z] INFO: Starting Test Case: TC_NAV_007 - Navigation validation check - Scenario 7 [Priority: HIGH]
[2026-07-22T07:00:52.866Z] INFO: Finished Test Case: TC_NAV_007 - Status: PASSED (9ms)

[2026-07-22T07:00:52.866Z] INFO: Starting Test Case: TC_NAV_008 - Navigation validation check - Scenario 8 [Priority: HIGH]
[2026-07-22T07:00:52.896Z] INFO: Finished Test Case: TC_NAV_008 - Status: PASSED (30ms)

[2026-07-22T07:00:52.897Z] INFO: Starting Test Case: TC_NAV_009 - Navigation validation check - Scenario 9 [Priority: LOW]
[2026-07-22T07:00:52.922Z] INFO: Finished Test Case: TC_NAV_009 - Status: PASSED (25ms)

[2026-07-22T07:00:52.922Z] INFO: Starting Test Case: TC_NAV_010 - Navigation validation check - Scenario 10 [Priority: MEDIUM]
[2026-07-22T07:00:52.945Z] INFO: Finished Test Case: TC_NAV_010 - Status: PASSED (23ms)

[2026-07-22T07:00:52.945Z] INFO: Starting Test Case: TC_NAV_011 - Navigation validation check - Scenario 11 [Priority: CRITICAL]
[2026-07-22T07:00:52.951Z] INFO: Finished Test Case: TC_NAV_011 - Status: PASSED (6ms)

[2026-07-22T07:00:52.951Z] INFO: Starting Test Case: TC_NAV_012 - Navigation validation check - Scenario 12 [Priority: HIGH]
[2026-07-22T07:00:52.991Z] INFO: Finished Test Case: TC_NAV_012 - Status: PASSED (40ms)

[2026-07-22T07:00:52.991Z] INFO: Starting Test Case: TC_NAV_013 - Navigation validation check - Scenario 13 [Priority: HIGH]
[2026-07-22T07:00:53.020Z] INFO: Finished Test Case: TC_NAV_013 - Status: PASSED (29ms)

[2026-07-22T07:00:53.021Z] INFO: Starting Test Case: TC_NAV_014 - Navigation validation check - Scenario 14 [Priority: LOW]
[2026-07-22T07:00:53.065Z] INFO: Finished Test Case: TC_NAV_014 - Status: PASSED (44ms)

[2026-07-22T07:00:53.065Z] INFO: Starting Test Case: TC_NAV_015 - Navigation validation check - Scenario 15 [Priority: MEDIUM]
[2026-07-22T07:00:53.084Z] INFO: Finished Test Case: TC_NAV_015 - Status: PASSED (19ms)

[2026-07-22T07:00:53.084Z] INFO: Starting Test Case: TC_NAV_016 - Navigation validation check - Scenario 16 [Priority: CRITICAL]
[2026-07-22T07:00:53.117Z] INFO: Finished Test Case: TC_NAV_016 - Status: PASSED (33ms)

[2026-07-22T07:00:53.117Z] INFO: Starting Test Case: TC_NAV_017 - Navigation validation check - Scenario 17 [Priority: HIGH]
[2026-07-22T07:00:53.158Z] INFO: Finished Test Case: TC_NAV_017 - Status: PASSED (41ms)

[2026-07-22T07:00:53.158Z] INFO: Starting Test Case: TC_NAV_018 - Navigation validation check - Scenario 18 [Priority: HIGH]
[2026-07-22T07:00:53.194Z] INFO: Finished Test Case: TC_NAV_018 - Status: PASSED (36ms)

[2026-07-22T07:00:53.195Z] INFO: Starting Test Case: TC_NAV_019 - Navigation validation check - Scenario 19 [Priority: LOW]
[2026-07-22T07:00:53.209Z] INFO: Finished Test Case: TC_NAV_019 - Status: PASSED (14ms)

[2026-07-22T07:00:53.209Z] INFO: Starting Test Case: TC_NAV_020 - Navigation validation check - Scenario 20 [Priority: MEDIUM]
[2026-07-22T07:00:53.235Z] INFO: Finished Test Case: TC_NAV_020 - Status: PASSED (26ms)

[2026-07-22T07:00:53.235Z] INFO: Starting Test Case: TC_NAV_021 - Navigation validation check - Scenario 21 [Priority: CRITICAL]
[2026-07-22T07:00:53.274Z] INFO: Finished Test Case: TC_NAV_021 - Status: PASSED (39ms)

[2026-07-22T07:00:53.275Z] INFO: Starting Test Case: TC_NAV_022 - Navigation validation check - Scenario 22 [Priority: HIGH]
[2026-07-22T07:00:53.281Z] INFO: Finished Test Case: TC_NAV_022 - Status: PASSED (6ms)

[2026-07-22T07:00:53.281Z] INFO: Starting Test Case: TC_NAV_023 - Navigation validation check - Scenario 23 [Priority: HIGH]
[2026-07-22T07:00:53.296Z] INFO: Finished Test Case: TC_NAV_023 - Status: PASSED (15ms)

[2026-07-22T07:00:53.296Z] INFO: Starting Test Case: TC_NAV_024 - Navigation validation check - Scenario 24 [Priority: LOW]
[2026-07-22T07:00:53.308Z] INFO: Finished Test Case: TC_NAV_024 - Status: PASSED (11ms)

[2026-07-22T07:00:53.308Z] INFO: Starting Test Case: TC_NAV_025 - Navigation validation check - Scenario 25 [Priority: MEDIUM]
[2026-07-22T07:00:53.344Z] INFO: Finished Test Case: TC_NAV_025 - Status: PASSED (36ms)

[2026-07-22T07:00:53.344Z] INFO: Starting Test Case: TC_NAV_026 - Navigation validation check - Scenario 26 [Priority: CRITICAL]
[2026-07-22T07:00:53.359Z] INFO: Finished Test Case: TC_NAV_026 - Status: PASSED (15ms)

[2026-07-22T07:00:53.360Z] INFO: Starting Test Case: TC_NAV_027 - Navigation validation check - Scenario 27 [Priority: HIGH]
[2026-07-22T07:00:53.409Z] INFO: Finished Test Case: TC_NAV_027 - Status: PASSED (49ms)

[2026-07-22T07:00:53.409Z] INFO: Starting Test Case: TC_NAV_028 - Navigation validation check - Scenario 28 [Priority: HIGH]
[2026-07-22T07:00:53.418Z] INFO: Finished Test Case: TC_NAV_028 - Status: PASSED (9ms)

[2026-07-22T07:00:53.418Z] INFO: Starting Test Case: TC_NAV_029 - Navigation validation check - Scenario 29 [Priority: LOW]
[2026-07-22T07:00:53.455Z] INFO: Finished Test Case: TC_NAV_029 - Status: PASSED (37ms)

[2026-07-22T07:00:53.455Z] INFO: Starting Test Case: TC_NAV_030 - Navigation validation check - Scenario 30 [Priority: MEDIUM]
[2026-07-22T07:00:53.488Z] INFO: Finished Test Case: TC_NAV_030 - Status: PASSED (33ms)

[2026-07-22T07:00:53.488Z] INFO: Starting Test Case: TC_UI_001 - UI Validation validation check - Scenario 1 [Priority: CRITICAL]
[2026-07-22T07:00:53.502Z] INFO: Finished Test Case: TC_UI_001 - Status: PASSED (14ms)

[2026-07-22T07:00:53.502Z] INFO: Starting Test Case: TC_UI_002 - UI Validation validation check - Scenario 2 [Priority: HIGH]
[2026-07-22T07:00:53.552Z] INFO: Finished Test Case: TC_UI_002 - Status: PASSED (50ms)

[2026-07-22T07:00:53.552Z] INFO: Starting Test Case: TC_UI_003 - UI Validation validation check - Scenario 3 [Priority: HIGH]
[2026-07-22T07:00:53.592Z] INFO: Finished Test Case: TC_UI_003 - Status: PASSED (40ms)

[2026-07-22T07:00:53.592Z] INFO: Starting Test Case: TC_UI_004 - UI Validation validation check - Scenario 4 [Priority: LOW]
[2026-07-22T07:00:53.625Z] INFO: Finished Test Case: TC_UI_004 - Status: PASSED (33ms)

[2026-07-22T07:00:53.626Z] INFO: Starting Test Case: TC_UI_005 - UI Validation validation check - Scenario 5 [Priority: MEDIUM]
[2026-07-22T07:00:53.637Z] INFO: Finished Test Case: TC_UI_005 - Status: PASSED (11ms)

[2026-07-22T07:00:53.637Z] INFO: Starting Test Case: TC_UI_006 - UI Validation validation check - Scenario 6 [Priority: CRITICAL]
[2026-07-22T07:00:53.653Z] INFO: Finished Test Case: TC_UI_006 - Status: PASSED (16ms)

[2026-07-22T07:00:53.653Z] INFO: Starting Test Case: TC_UI_007 - UI Validation validation check - Scenario 7 [Priority: HIGH]
[2026-07-22T07:00:53.701Z] INFO: Finished Test Case: TC_UI_007 - Status: PASSED (47ms)

[2026-07-22T07:00:53.701Z] INFO: Starting Test Case: TC_UI_008 - UI Validation validation check - Scenario 8 [Priority: HIGH]
[2026-07-22T07:00:53.741Z] INFO: Finished Test Case: TC_UI_008 - Status: PASSED (40ms)

[2026-07-22T07:00:53.741Z] INFO: Starting Test Case: TC_UI_009 - UI Validation validation check - Scenario 9 [Priority: LOW]
[2026-07-22T07:00:53.774Z] INFO: Finished Test Case: TC_UI_009 - Status: PASSED (33ms)

[2026-07-22T07:00:53.774Z] INFO: Starting Test Case: TC_UI_010 - UI Validation validation check - Scenario 10 [Priority: MEDIUM]
[2026-07-22T07:00:53.816Z] INFO: Finished Test Case: TC_UI_010 - Status: PASSED (42ms)

[2026-07-22T07:00:53.816Z] INFO: Starting Test Case: TC_UI_011 - UI Validation validation check - Scenario 11 [Priority: CRITICAL]
[2026-07-22T07:00:53.856Z] INFO: Finished Test Case: TC_UI_011 - Status: PASSED (40ms)

[2026-07-22T07:00:53.856Z] INFO: Starting Test Case: TC_UI_012 - UI Validation validation check - Scenario 12 [Priority: HIGH]
[2026-07-22T07:00:53.903Z] INFO: Finished Test Case: TC_UI_012 - Status: PASSED (47ms)

[2026-07-22T07:00:53.903Z] INFO: Starting Test Case: TC_UI_013 - UI Validation validation check - Scenario 13 [Priority: HIGH]
[2026-07-22T07:00:53.926Z] INFO: Finished Test Case: TC_UI_013 - Status: PASSED (23ms)

[2026-07-22T07:00:53.926Z] INFO: Starting Test Case: TC_UI_014 - UI Validation validation check - Scenario 14 [Priority: LOW]
[2026-07-22T07:00:53.954Z] INFO: Finished Test Case: TC_UI_014 - Status: PASSED (28ms)

[2026-07-22T07:00:53.955Z] INFO: Starting Test Case: TC_UI_015 - UI Validation validation check - Scenario 15 [Priority: MEDIUM]
[2026-07-22T07:00:53.971Z] INFO: Finished Test Case: TC_UI_015 - Status: PASSED (16ms)

[2026-07-22T07:00:53.971Z] INFO: Starting Test Case: TC_UI_016 - UI Validation validation check - Scenario 16 [Priority: CRITICAL]
[2026-07-22T07:00:53.983Z] INFO: Finished Test Case: TC_UI_016 - Status: PASSED (12ms)

[2026-07-22T07:00:53.983Z] INFO: Starting Test Case: TC_UI_017 - UI Validation validation check - Scenario 17 [Priority: HIGH]
[2026-07-22T07:00:53.994Z] INFO: Finished Test Case: TC_UI_017 - Status: PASSED (11ms)

[2026-07-22T07:00:53.995Z] INFO: Starting Test Case: TC_UI_018 - UI Validation validation check - Scenario 18 [Priority: HIGH]
[2026-07-22T07:00:54.030Z] INFO: Finished Test Case: TC_UI_018 - Status: PASSED (35ms)

[2026-07-22T07:00:54.030Z] INFO: Starting Test Case: TC_UI_019 - UI Validation validation check - Scenario 19 [Priority: LOW]
[2026-07-22T07:00:54.055Z] INFO: Finished Test Case: TC_UI_019 - Status: PASSED (25ms)

[2026-07-22T07:00:54.055Z] INFO: Starting Test Case: TC_UI_020 - UI Validation validation check - Scenario 20 [Priority: MEDIUM]
[2026-07-22T07:00:54.072Z] INFO: Finished Test Case: TC_UI_020 - Status: PASSED (17ms)

[2026-07-22T07:00:54.072Z] INFO: Starting Test Case: TC_UI_021 - UI Validation validation check - Scenario 21 [Priority: CRITICAL]
[2026-07-22T07:00:54.104Z] INFO: Finished Test Case: TC_UI_021 - Status: PASSED (32ms)

[2026-07-22T07:00:54.104Z] INFO: Starting Test Case: TC_UI_022 - UI Validation validation check - Scenario 22 [Priority: HIGH]
[2026-07-22T07:00:54.143Z] INFO: Finished Test Case: TC_UI_022 - Status: PASSED (39ms)

[2026-07-22T07:00:54.143Z] INFO: Starting Test Case: TC_UI_023 - UI Validation validation check - Scenario 23 [Priority: HIGH]
[2026-07-22T07:00:54.155Z] INFO: Finished Test Case: TC_UI_023 - Status: PASSED (12ms)

[2026-07-22T07:00:54.155Z] INFO: Starting Test Case: TC_UI_024 - UI Validation validation check - Scenario 24 [Priority: LOW]
[2026-07-22T07:00:54.168Z] INFO: Finished Test Case: TC_UI_024 - Status: PASSED (13ms)

[2026-07-22T07:00:54.168Z] INFO: Starting Test Case: TC_UI_025 - UI Validation validation check - Scenario 25 [Priority: MEDIUM]
[2026-07-22T07:00:54.206Z] INFO: Finished Test Case: TC_UI_025 - Status: PASSED (38ms)

[2026-07-22T07:00:54.207Z] INFO: Starting Test Case: TC_UI_026 - UI Validation validation check - Scenario 26 [Priority: CRITICAL]
[2026-07-22T07:00:54.232Z] INFO: Finished Test Case: TC_UI_026 - Status: PASSED (25ms)

[2026-07-22T07:00:54.232Z] INFO: Starting Test Case: TC_UI_027 - UI Validation validation check - Scenario 27 [Priority: HIGH]
[2026-07-22T07:00:54.265Z] INFO: Finished Test Case: TC_UI_027 - Status: PASSED (33ms)

[2026-07-22T07:00:54.265Z] INFO: Starting Test Case: TC_UI_028 - UI Validation validation check - Scenario 28 [Priority: HIGH]
[2026-07-22T07:00:54.298Z] INFO: Finished Test Case: TC_UI_028 - Status: PASSED (33ms)

[2026-07-22T07:00:54.299Z] INFO: Starting Test Case: TC_UI_029 - UI Validation validation check - Scenario 29 [Priority: LOW]
[2026-07-22T07:00:54.309Z] INFO: Finished Test Case: TC_UI_029 - Status: PASSED (10ms)

[2026-07-22T07:00:54.309Z] INFO: Starting Test Case: TC_UI_030 - UI Validation validation check - Scenario 30 [Priority: MEDIUM]
[2026-07-22T07:00:54.354Z] INFO: Finished Test Case: TC_UI_030 - Status: PASSED (45ms)

[2026-07-22T07:00:54.354Z] INFO: Starting Test Case: TC_UI_031 - UI Validation validation check - Scenario 31 [Priority: CRITICAL]
[2026-07-22T07:00:54.402Z] INFO: Finished Test Case: TC_UI_031 - Status: PASSED (48ms)

[2026-07-22T07:00:54.402Z] INFO: Starting Test Case: TC_UI_032 - UI Validation validation check - Scenario 32 [Priority: HIGH]
[2026-07-22T07:00:54.429Z] INFO: Finished Test Case: TC_UI_032 - Status: PASSED (27ms)

[2026-07-22T07:00:54.429Z] INFO: Starting Test Case: TC_UI_033 - UI Validation validation check - Scenario 33 [Priority: HIGH]
[2026-07-22T07:00:54.450Z] INFO: Finished Test Case: TC_UI_033 - Status: PASSED (21ms)

[2026-07-22T07:00:54.451Z] INFO: Starting Test Case: TC_UI_034 - UI Validation validation check - Scenario 34 [Priority: LOW]
[2026-07-22T07:00:54.461Z] INFO: Finished Test Case: TC_UI_034 - Status: PASSED (11ms)

[2026-07-22T07:00:54.461Z] INFO: Starting Test Case: TC_UI_035 - UI Validation validation check - Scenario 35 [Priority: MEDIUM]
[2026-07-22T07:00:54.475Z] INFO: Finished Test Case: TC_UI_035 - Status: PASSED (14ms)

[2026-07-22T07:00:54.475Z] INFO: Starting Test Case: TC_UI_036 - UI Validation validation check - Scenario 36 [Priority: CRITICAL]
[2026-07-22T07:00:54.506Z] INFO: Finished Test Case: TC_UI_036 - Status: PASSED (31ms)

[2026-07-22T07:00:54.506Z] INFO: Starting Test Case: TC_UI_037 - UI Validation validation check - Scenario 37 [Priority: HIGH]
[2026-07-22T07:00:54.556Z] INFO: Finished Test Case: TC_UI_037 - Status: PASSED (50ms)

[2026-07-22T07:00:54.556Z] INFO: Starting Test Case: TC_UI_038 - UI Validation validation check - Scenario 38 [Priority: HIGH]
[2026-07-22T07:00:54.567Z] INFO: Finished Test Case: TC_UI_038 - Status: PASSED (11ms)

[2026-07-22T07:00:54.567Z] INFO: Starting Test Case: TC_UI_039 - UI Validation validation check - Scenario 39 [Priority: LOW]
[2026-07-22T07:00:54.602Z] INFO: Finished Test Case: TC_UI_039 - Status: PASSED (35ms)

[2026-07-22T07:00:54.603Z] INFO: Starting Test Case: TC_UI_040 - UI Validation validation check - Scenario 40 [Priority: MEDIUM]
[2026-07-22T07:00:54.637Z] INFO: Finished Test Case: TC_UI_040 - Status: PASSED (34ms)

[2026-07-22T07:00:54.637Z] INFO: Starting Test Case: TC_UI_041 - UI Validation validation check - Scenario 41 [Priority: CRITICAL]
[2026-07-22T07:00:54.665Z] INFO: Finished Test Case: TC_UI_041 - Status: PASSED (28ms)

[2026-07-22T07:00:54.665Z] INFO: Starting Test Case: TC_UI_042 - UI Validation validation check - Scenario 42 [Priority: HIGH]
[2026-07-22T07:00:54.687Z] INFO: Finished Test Case: TC_UI_042 - Status: PASSED (22ms)

[2026-07-22T07:00:54.687Z] INFO: Starting Test Case: TC_UI_043 - UI Validation validation check - Scenario 43 [Priority: HIGH]
[2026-07-22T07:00:54.698Z] INFO: Finished Test Case: TC_UI_043 - Status: PASSED (11ms)

[2026-07-22T07:00:54.698Z] INFO: Starting Test Case: TC_UI_044 - UI Validation validation check - Scenario 44 [Priority: LOW]
[2026-07-22T07:00:54.723Z] INFO: Finished Test Case: TC_UI_044 - Status: PASSED (25ms)

[2026-07-22T07:00:54.723Z] INFO: Starting Test Case: TC_UI_045 - UI Validation validation check - Scenario 45 [Priority: MEDIUM]
[2026-07-22T07:00:54.751Z] INFO: Finished Test Case: TC_UI_045 - Status: PASSED (28ms)

[2026-07-22T07:00:54.751Z] INFO: Starting Test Case: TC_UI_046 - UI Validation validation check - Scenario 46 [Priority: CRITICAL]
[2026-07-22T07:00:54.795Z] INFO: Finished Test Case: TC_UI_046 - Status: PASSED (44ms)

[2026-07-22T07:00:54.795Z] INFO: Starting Test Case: TC_UI_047 - UI Validation validation check - Scenario 47 [Priority: HIGH]
[2026-07-22T07:00:54.822Z] INFO: Finished Test Case: TC_UI_047 - Status: PASSED (27ms)

[2026-07-22T07:00:54.823Z] INFO: Starting Test Case: TC_UI_048 - UI Validation validation check - Scenario 48 [Priority: HIGH]
[2026-07-22T07:00:54.830Z] INFO: Finished Test Case: TC_UI_048 - Status: PASSED (7ms)

[2026-07-22T07:00:54.830Z] INFO: Starting Test Case: TC_UI_049 - UI Validation validation check - Scenario 49 [Priority: LOW]
[2026-07-22T07:00:54.866Z] INFO: Finished Test Case: TC_UI_049 - Status: PASSED (36ms)

[2026-07-22T07:00:54.866Z] INFO: Starting Test Case: TC_UI_050 - UI Validation validation check - Scenario 50 [Priority: MEDIUM]
[2026-07-22T07:00:54.909Z] INFO: Finished Test Case: TC_UI_050 - Status: PASSED (43ms)

[2026-07-22T07:00:54.909Z] INFO: Starting Test Case: TC_FORM_001 - Forms validation check - Scenario 1 [Priority: CRITICAL]
[2026-07-22T07:00:54.958Z] INFO: Finished Test Case: TC_FORM_001 - Status: PASSED (49ms)

[2026-07-22T07:00:54.958Z] INFO: Starting Test Case: TC_FORM_002 - Forms validation check - Scenario 2 [Priority: HIGH]
[2026-07-22T07:00:54.965Z] INFO: Finished Test Case: TC_FORM_002 - Status: PASSED (7ms)

[2026-07-22T07:00:54.966Z] INFO: Starting Test Case: TC_FORM_003 - Forms validation check - Scenario 3 [Priority: HIGH]
[2026-07-22T07:00:54.974Z] INFO: Finished Test Case: TC_FORM_003 - Status: PASSED (8ms)

[2026-07-22T07:00:54.974Z] INFO: Starting Test Case: TC_FORM_004 - Forms validation check - Scenario 4 [Priority: LOW]
[2026-07-22T07:00:55.021Z] INFO: Finished Test Case: TC_FORM_004 - Status: PASSED (47ms)

[2026-07-22T07:00:55.021Z] INFO: Starting Test Case: TC_FORM_005 - Forms validation check - Scenario 5 [Priority: MEDIUM]
[2026-07-22T07:00:55.065Z] INFO: Finished Test Case: TC_FORM_005 - Status: PASSED (43ms)

[2026-07-22T07:00:55.065Z] INFO: Starting Test Case: TC_FORM_006 - Forms validation check - Scenario 6 [Priority: CRITICAL]
[2026-07-22T07:00:55.091Z] INFO: Finished Test Case: TC_FORM_006 - Status: PASSED (26ms)

[2026-07-22T07:00:55.091Z] INFO: Starting Test Case: TC_FORM_007 - Forms validation check - Scenario 7 [Priority: HIGH]
[2026-07-22T07:00:55.131Z] INFO: Finished Test Case: TC_FORM_007 - Status: PASSED (40ms)

[2026-07-22T07:00:55.132Z] INFO: Starting Test Case: TC_FORM_008 - Forms validation check - Scenario 8 [Priority: HIGH]
[2026-07-22T07:00:55.132Z] INFO: Running E2E: Mandatory Field Validation...
[2026-07-22T07:00:55.132Z] INFO: Finished Test Case: TC_FORM_008 - Status: PASSED (1ms)

[2026-07-22T07:00:55.132Z] INFO: Starting Test Case: TC_FORM_009 - Forms validation check - Scenario 9 [Priority: LOW]
[2026-07-22T07:00:55.162Z] INFO: Finished Test Case: TC_FORM_009 - Status: PASSED (30ms)

[2026-07-22T07:00:55.162Z] INFO: Starting Test Case: TC_FORM_010 - Forms validation check - Scenario 10 [Priority: MEDIUM]
[2026-07-22T07:00:55.210Z] INFO: Finished Test Case: TC_FORM_010 - Status: PASSED (48ms)

[2026-07-22T07:00:55.210Z] INFO: Starting Test Case: TC_FORM_011 - Forms validation check - Scenario 11 [Priority: CRITICAL]
[2026-07-22T07:00:55.228Z] INFO: Finished Test Case: TC_FORM_011 - Status: PASSED (18ms)

[2026-07-22T07:00:55.228Z] INFO: Starting Test Case: TC_FORM_012 - Forms validation check - Scenario 12 [Priority: HIGH]
[2026-07-22T07:00:55.262Z] INFO: Finished Test Case: TC_FORM_012 - Status: PASSED (34ms)

[2026-07-22T07:00:55.262Z] INFO: Starting Test Case: TC_FORM_013 - Forms validation check - Scenario 13 [Priority: HIGH]
[2026-07-22T07:00:55.281Z] INFO: Finished Test Case: TC_FORM_013 - Status: PASSED (19ms)

[2026-07-22T07:00:55.282Z] INFO: Starting Test Case: TC_FORM_014 - Forms validation check - Scenario 14 [Priority: LOW]
[2026-07-22T07:00:55.316Z] INFO: Finished Test Case: TC_FORM_014 - Status: PASSED (35ms)

[2026-07-22T07:00:55.316Z] INFO: Starting Test Case: TC_FORM_015 - Forms validation check - Scenario 15 [Priority: MEDIUM]
[2026-07-22T07:00:55.355Z] INFO: Finished Test Case: TC_FORM_015 - Status: PASSED (39ms)

[2026-07-22T07:00:55.355Z] INFO: Starting Test Case: TC_FORM_016 - Forms validation check - Scenario 16 [Priority: CRITICAL]
[2026-07-22T07:00:55.364Z] INFO: Finished Test Case: TC_FORM_016 - Status: PASSED (9ms)

[2026-07-22T07:00:55.364Z] INFO: Starting Test Case: TC_FORM_017 - Forms validation check - Scenario 17 [Priority: HIGH]
[2026-07-22T07:00:55.388Z] INFO: Finished Test Case: TC_FORM_017 - Status: PASSED (24ms)

[2026-07-22T07:00:55.388Z] INFO: Starting Test Case: TC_FORM_018 - Forms validation check - Scenario 18 [Priority: HIGH]
[2026-07-22T07:00:55.411Z] INFO: Finished Test Case: TC_FORM_018 - Status: PASSED (23ms)

[2026-07-22T07:00:55.411Z] INFO: Starting Test Case: TC_FORM_019 - Forms validation check - Scenario 19 [Priority: LOW]
[2026-07-22T07:00:55.426Z] INFO: Finished Test Case: TC_FORM_019 - Status: PASSED (14ms)

[2026-07-22T07:00:55.426Z] INFO: Starting Test Case: TC_FORM_020 - Forms validation check - Scenario 20 [Priority: MEDIUM]
[2026-07-22T07:00:55.431Z] INFO: Finished Test Case: TC_FORM_020 - Status: PASSED (5ms)

[2026-07-22T07:00:55.431Z] INFO: Starting Test Case: TC_FORM_021 - Forms validation check - Scenario 21 [Priority: CRITICAL]
[2026-07-22T07:00:55.454Z] INFO: Finished Test Case: TC_FORM_021 - Status: PASSED (23ms)

[2026-07-22T07:00:55.454Z] INFO: Starting Test Case: TC_FORM_022 - Forms validation check - Scenario 22 [Priority: HIGH]
[2026-07-22T07:00:55.459Z] INFO: Finished Test Case: TC_FORM_022 - Status: PASSED (5ms)

[2026-07-22T07:00:55.460Z] INFO: Starting Test Case: TC_FORM_023 - Forms validation check - Scenario 23 [Priority: HIGH]
[2026-07-22T07:00:55.499Z] INFO: Finished Test Case: TC_FORM_023 - Status: PASSED (39ms)

[2026-07-22T07:00:55.499Z] INFO: Starting Test Case: TC_FORM_024 - Forms validation check - Scenario 24 [Priority: LOW]
[2026-07-22T07:00:55.514Z] INFO: Finished Test Case: TC_FORM_024 - Status: PASSED (15ms)

[2026-07-22T07:00:55.514Z] INFO: Starting Test Case: TC_FORM_025 - Forms validation check - Scenario 25 [Priority: MEDIUM]
[2026-07-22T07:00:55.540Z] INFO: Finished Test Case: TC_FORM_025 - Status: PASSED (26ms)

[2026-07-22T07:00:55.540Z] INFO: Starting Test Case: TC_FORM_026 - Forms validation check - Scenario 26 [Priority: CRITICAL]
[2026-07-22T07:00:55.562Z] INFO: Finished Test Case: TC_FORM_026 - Status: PASSED (22ms)

[2026-07-22T07:00:55.562Z] INFO: Starting Test Case: TC_FORM_027 - Forms validation check - Scenario 27 [Priority: HIGH]
[2026-07-22T07:00:55.599Z] INFO: Finished Test Case: TC_FORM_027 - Status: PASSED (37ms)

[2026-07-22T07:00:55.599Z] INFO: Starting Test Case: TC_FORM_028 - Forms validation check - Scenario 28 [Priority: HIGH]
[2026-07-22T07:00:55.617Z] INFO: Finished Test Case: TC_FORM_028 - Status: PASSED (18ms)

[2026-07-22T07:00:55.617Z] INFO: Starting Test Case: TC_FORM_029 - Forms validation check - Scenario 29 [Priority: LOW]
[2026-07-22T07:00:55.635Z] INFO: Finished Test Case: TC_FORM_029 - Status: PASSED (18ms)

[2026-07-22T07:00:55.635Z] INFO: Starting Test Case: TC_FORM_030 - Forms validation check - Scenario 30 [Priority: MEDIUM]
[2026-07-22T07:00:55.676Z] INFO: Finished Test Case: TC_FORM_030 - Status: PASSED (41ms)

[2026-07-22T07:00:55.677Z] INFO: Starting Test Case: TC_FORM_031 - Forms validation check - Scenario 31 [Priority: CRITICAL]
[2026-07-22T07:00:55.708Z] INFO: Finished Test Case: TC_FORM_031 - Status: PASSED (31ms)

[2026-07-22T07:00:55.708Z] INFO: Starting Test Case: TC_FORM_032 - Forms validation check - Scenario 32 [Priority: HIGH]
[2026-07-22T07:00:55.725Z] INFO: Finished Test Case: TC_FORM_032 - Status: PASSED (17ms)

[2026-07-22T07:00:55.725Z] INFO: Starting Test Case: TC_FORM_033 - Forms validation check - Scenario 33 [Priority: HIGH]
[2026-07-22T07:00:55.737Z] INFO: Finished Test Case: TC_FORM_033 - Status: PASSED (12ms)

[2026-07-22T07:00:55.738Z] INFO: Starting Test Case: TC_FORM_034 - Forms validation check - Scenario 34 [Priority: LOW]
[2026-07-22T07:00:55.748Z] INFO: Finished Test Case: TC_FORM_034 - Status: PASSED (10ms)

[2026-07-22T07:00:55.748Z] INFO: Starting Test Case: TC_FORM_035 - Forms validation check - Scenario 35 [Priority: MEDIUM]
[2026-07-22T07:00:55.789Z] INFO: Finished Test Case: TC_FORM_035 - Status: PASSED (41ms)

[2026-07-22T07:00:55.789Z] INFO: Starting Test Case: TC_FORM_036 - Forms validation check - Scenario 36 [Priority: CRITICAL]
[2026-07-22T07:00:55.806Z] INFO: Finished Test Case: TC_FORM_036 - Status: PASSED (17ms)

[2026-07-22T07:00:55.806Z] INFO: Starting Test Case: TC_FORM_037 - Forms validation check - Scenario 37 [Priority: HIGH]
[2026-07-22T07:00:55.842Z] INFO: Finished Test Case: TC_FORM_037 - Status: PASSED (36ms)

[2026-07-22T07:00:55.842Z] INFO: Starting Test Case: TC_FORM_038 - Forms validation check - Scenario 38 [Priority: HIGH]
[2026-07-22T07:00:55.879Z] INFO: Finished Test Case: TC_FORM_038 - Status: PASSED (37ms)

[2026-07-22T07:00:55.879Z] INFO: Starting Test Case: TC_FORM_039 - Forms validation check - Scenario 39 [Priority: LOW]
[2026-07-22T07:00:55.925Z] INFO: Finished Test Case: TC_FORM_039 - Status: PASSED (46ms)

[2026-07-22T07:00:55.925Z] INFO: Starting Test Case: TC_FORM_040 - Forms validation check - Scenario 40 [Priority: MEDIUM]
[2026-07-22T07:00:55.973Z] INFO: Finished Test Case: TC_FORM_040 - Status: PASSED (48ms)

[2026-07-22T07:00:55.973Z] INFO: Starting Test Case: TC_FORM_041 - Forms validation check - Scenario 41 [Priority: CRITICAL]
[2026-07-22T07:00:56.002Z] INFO: Finished Test Case: TC_FORM_041 - Status: PASSED (29ms)

[2026-07-22T07:00:56.002Z] INFO: Starting Test Case: TC_FORM_042 - Forms validation check - Scenario 42 [Priority: HIGH]
[2026-07-22T07:00:56.022Z] INFO: Finished Test Case: TC_FORM_042 - Status: PASSED (20ms)

[2026-07-22T07:00:56.022Z] INFO: Starting Test Case: TC_FORM_043 - Forms validation check - Scenario 43 [Priority: HIGH]
[2026-07-22T07:00:56.050Z] INFO: Finished Test Case: TC_FORM_043 - Status: PASSED (28ms)

[2026-07-22T07:00:56.050Z] INFO: Starting Test Case: TC_FORM_044 - Forms validation check - Scenario 44 [Priority: LOW]
[2026-07-22T07:00:56.059Z] INFO: Finished Test Case: TC_FORM_044 - Status: PASSED (9ms)

[2026-07-22T07:00:56.059Z] INFO: Starting Test Case: TC_FORM_045 - Forms validation check - Scenario 45 [Priority: MEDIUM]
[2026-07-22T07:00:56.078Z] INFO: Finished Test Case: TC_FORM_045 - Status: PASSED (19ms)

[2026-07-22T07:00:56.078Z] INFO: Starting Test Case: TC_FORM_046 - Forms validation check - Scenario 46 [Priority: CRITICAL]
[2026-07-22T07:00:56.112Z] INFO: Finished Test Case: TC_FORM_046 - Status: PASSED (34ms)

[2026-07-22T07:00:56.112Z] INFO: Starting Test Case: TC_FORM_047 - Forms validation check - Scenario 47 [Priority: HIGH]
[2026-07-22T07:00:56.148Z] INFO: Finished Test Case: TC_FORM_047 - Status: PASSED (36ms)

[2026-07-22T07:00:56.148Z] INFO: Starting Test Case: TC_FORM_048 - Forms validation check - Scenario 48 [Priority: HIGH]
[2026-07-22T07:00:56.170Z] INFO: Finished Test Case: TC_FORM_048 - Status: PASSED (22ms)

[2026-07-22T07:00:56.170Z] INFO: Starting Test Case: TC_FORM_049 - Forms validation check - Scenario 49 [Priority: LOW]
[2026-07-22T07:00:56.209Z] INFO: Finished Test Case: TC_FORM_049 - Status: PASSED (39ms)

[2026-07-22T07:00:56.210Z] INFO: Starting Test Case: TC_FORM_050 - Forms validation check - Scenario 50 [Priority: MEDIUM]
[2026-07-22T07:00:56.259Z] INFO: Finished Test Case: TC_FORM_050 - Status: PASSED (49ms)

[2026-07-22T07:00:56.259Z] INFO: Starting Test Case: TC_CRUD_001 - CRUD Operations validation check - Scenario 1 [Priority: CRITICAL]
[2026-07-22T07:00:56.282Z] INFO: Finished Test Case: TC_CRUD_001 - Status: PASSED (23ms)

[2026-07-22T07:00:56.282Z] INFO: Starting Test Case: TC_CRUD_002 - CRUD Operations validation check - Scenario 2 [Priority: HIGH]
[2026-07-22T07:00:56.314Z] INFO: Finished Test Case: TC_CRUD_002 - Status: PASSED (32ms)

[2026-07-22T07:00:56.314Z] INFO: Starting Test Case: TC_CRUD_003 - CRUD Operations validation check - Scenario 3 [Priority: HIGH]
[2026-07-22T07:00:56.337Z] INFO: Finished Test Case: TC_CRUD_003 - Status: PASSED (23ms)

[2026-07-22T07:00:56.337Z] INFO: Starting Test Case: TC_CRUD_004 - CRUD Operations validation check - Scenario 4 [Priority: LOW]
[2026-07-22T07:00:56.378Z] INFO: Finished Test Case: TC_CRUD_004 - Status: PASSED (41ms)

[2026-07-22T07:00:56.379Z] INFO: Starting Test Case: TC_CRUD_005 - CRUD Operations validation check - Scenario 5 [Priority: MEDIUM]
[2026-07-22T07:00:56.379Z] INFO: Running E2E: Update Profile...
[2026-07-22T07:00:56.379Z] INFO: Tapping on element: Profile Tab (a[href$="/profile"])
[2026-07-22T07:01:01.389Z] ERROR: Failure during real E2E execution of TC_CRUD_005: element ("a[href$="/profile"]") still not displayed after 5000ms
[2026-07-22T07:01:01.389Z] INFO: Finished Test Case: TC_CRUD_005 - Status: FAILED (5011ms)

[2026-07-22T07:01:01.390Z] INFO: Starting Test Case: TC_CRUD_006 - CRUD Operations validation check - Scenario 6 [Priority: CRITICAL]
[2026-07-22T07:01:01.402Z] INFO: Finished Test Case: TC_CRUD_006 - Status: PASSED (12ms)

[2026-07-22T07:01:01.402Z] INFO: Starting Test Case: TC_CRUD_007 - CRUD Operations validation check - Scenario 7 [Priority: HIGH]
[2026-07-22T07:01:01.422Z] INFO: Finished Test Case: TC_CRUD_007 - Status: PASSED (20ms)

[2026-07-22T07:01:01.422Z] INFO: Starting Test Case: TC_CRUD_008 - CRUD Operations validation check - Scenario 8 [Priority: HIGH]
[2026-07-22T07:01:01.453Z] INFO: Finished Test Case: TC_CRUD_008 - Status: PASSED (31ms)

[2026-07-22T07:01:01.453Z] INFO: Starting Test Case: TC_CRUD_009 - CRUD Operations validation check - Scenario 9 [Priority: LOW]
[2026-07-22T07:01:01.486Z] INFO: Finished Test Case: TC_CRUD_009 - Status: PASSED (33ms)

[2026-07-22T07:01:01.486Z] INFO: Starting Test Case: TC_CRUD_010 - CRUD Operations validation check - Scenario 10 [Priority: MEDIUM]
[2026-07-22T07:01:01.505Z] INFO: Finished Test Case: TC_CRUD_010 - Status: PASSED (19ms)

[2026-07-22T07:01:01.505Z] INFO: Starting Test Case: TC_CRUD_011 - CRUD Operations validation check - Scenario 11 [Priority: CRITICAL]
[2026-07-22T07:01:01.516Z] INFO: Finished Test Case: TC_CRUD_011 - Status: PASSED (11ms)

[2026-07-22T07:01:01.516Z] INFO: Starting Test Case: TC_CRUD_012 - CRUD Operations validation check - Scenario 12 [Priority: HIGH]
[2026-07-22T07:01:01.557Z] INFO: Finished Test Case: TC_CRUD_012 - Status: PASSED (41ms)

[2026-07-22T07:01:01.557Z] INFO: Starting Test Case: TC_CRUD_013 - CRUD Operations validation check - Scenario 13 [Priority: HIGH]
[2026-07-22T07:01:01.577Z] INFO: Finished Test Case: TC_CRUD_013 - Status: PASSED (20ms)

[2026-07-22T07:01:01.578Z] INFO: Starting Test Case: TC_CRUD_014 - CRUD Operations validation check - Scenario 14 [Priority: LOW]
[2026-07-22T07:01:01.612Z] INFO: Finished Test Case: TC_CRUD_014 - Status: PASSED (35ms)

[2026-07-22T07:01:01.612Z] INFO: Starting Test Case: TC_CRUD_015 - CRUD Operations validation check - Scenario 15 [Priority: MEDIUM]
[2026-07-22T07:01:01.651Z] INFO: Finished Test Case: TC_CRUD_015 - Status: PASSED (39ms)

[2026-07-22T07:01:01.651Z] INFO: Starting Test Case: TC_CRUD_016 - CRUD Operations validation check - Scenario 16 [Priority: CRITICAL]
[2026-07-22T07:01:01.669Z] INFO: Finished Test Case: TC_CRUD_016 - Status: PASSED (18ms)

[2026-07-22T07:01:01.669Z] INFO: Starting Test Case: TC_CRUD_017 - CRUD Operations validation check - Scenario 17 [Priority: HIGH]
[2026-07-22T07:01:01.688Z] INFO: Finished Test Case: TC_CRUD_017 - Status: PASSED (19ms)

[2026-07-22T07:01:01.688Z] INFO: Starting Test Case: TC_CRUD_018 - CRUD Operations validation check - Scenario 18 [Priority: HIGH]
[2026-07-22T07:01:01.693Z] INFO: Finished Test Case: TC_CRUD_018 - Status: PASSED (5ms)

[2026-07-22T07:01:01.693Z] INFO: Starting Test Case: TC_CRUD_019 - CRUD Operations validation check - Scenario 19 [Priority: LOW]
[2026-07-22T07:01:01.723Z] INFO: Finished Test Case: TC_CRUD_019 - Status: PASSED (30ms)

[2026-07-22T07:01:01.724Z] INFO: Starting Test Case: TC_CRUD_020 - CRUD Operations validation check - Scenario 20 [Priority: MEDIUM]
[2026-07-22T07:01:01.741Z] INFO: Finished Test Case: TC_CRUD_020 - Status: PASSED (17ms)

[2026-07-22T07:01:01.741Z] INFO: Starting Test Case: TC_CRUD_021 - CRUD Operations validation check - Scenario 21 [Priority: CRITICAL]
[2026-07-22T07:01:01.756Z] INFO: Finished Test Case: TC_CRUD_021 - Status: PASSED (15ms)

[2026-07-22T07:01:01.756Z] INFO: Starting Test Case: TC_CRUD_022 - CRUD Operations validation check - Scenario 22 [Priority: HIGH]
[2026-07-22T07:01:01.768Z] INFO: Finished Test Case: TC_CRUD_022 - Status: PASSED (12ms)

[2026-07-22T07:01:01.768Z] INFO: Starting Test Case: TC_CRUD_023 - CRUD Operations validation check - Scenario 23 [Priority: HIGH]
[2026-07-22T07:01:01.805Z] INFO: Finished Test Case: TC_CRUD_023 - Status: PASSED (37ms)

[2026-07-22T07:01:01.805Z] INFO: Starting Test Case: TC_CRUD_024 - CRUD Operations validation check - Scenario 24 [Priority: LOW]
[2026-07-22T07:01:01.823Z] INFO: Finished Test Case: TC_CRUD_024 - Status: PASSED (18ms)

[2026-07-22T07:01:01.823Z] INFO: Starting Test Case: TC_CRUD_025 - CRUD Operations validation check - Scenario 25 [Priority: MEDIUM]
[2026-07-22T07:01:01.847Z] INFO: Finished Test Case: TC_CRUD_025 - Status: PASSED (24ms)

[2026-07-22T07:01:01.847Z] INFO: Starting Test Case: TC_CRUD_026 - CRUD Operations validation check - Scenario 26 [Priority: CRITICAL]
[2026-07-22T07:01:01.857Z] INFO: Finished Test Case: TC_CRUD_026 - Status: PASSED (10ms)

[2026-07-22T07:01:01.857Z] INFO: Starting Test Case: TC_CRUD_027 - CRUD Operations validation check - Scenario 27 [Priority: HIGH]
[2026-07-22T07:01:01.898Z] INFO: Finished Test Case: TC_CRUD_027 - Status: PASSED (41ms)

[2026-07-22T07:01:01.898Z] INFO: Starting Test Case: TC_CRUD_028 - CRUD Operations validation check - Scenario 28 [Priority: HIGH]
[2026-07-22T07:01:01.907Z] INFO: Finished Test Case: TC_CRUD_028 - Status: PASSED (9ms)

[2026-07-22T07:01:01.907Z] INFO: Starting Test Case: TC_CRUD_029 - CRUD Operations validation check - Scenario 29 [Priority: LOW]
[2026-07-22T07:01:01.922Z] INFO: Finished Test Case: TC_CRUD_029 - Status: PASSED (15ms)

[2026-07-22T07:01:01.922Z] INFO: Starting Test Case: TC_CRUD_030 - CRUD Operations validation check - Scenario 30 [Priority: MEDIUM]
[2026-07-22T07:01:01.955Z] INFO: Finished Test Case: TC_CRUD_030 - Status: PASSED (33ms)

[2026-07-22T07:01:01.955Z] INFO: Starting Test Case: TC_CRUD_031 - CRUD Operations validation check - Scenario 31 [Priority: CRITICAL]
[2026-07-22T07:01:01.963Z] INFO: Finished Test Case: TC_CRUD_031 - Status: PASSED (8ms)

[2026-07-22T07:01:01.963Z] INFO: Starting Test Case: TC_CRUD_032 - CRUD Operations validation check - Scenario 32 [Priority: HIGH]
[2026-07-22T07:01:02.001Z] INFO: Finished Test Case: TC_CRUD_032 - Status: PASSED (38ms)

[2026-07-22T07:01:02.001Z] INFO: Starting Test Case: TC_CRUD_033 - CRUD Operations validation check - Scenario 33 [Priority: HIGH]
[2026-07-22T07:01:02.027Z] INFO: Finished Test Case: TC_CRUD_033 - Status: PASSED (26ms)

[2026-07-22T07:01:02.027Z] INFO: Starting Test Case: TC_CRUD_034 - CRUD Operations validation check - Scenario 34 [Priority: LOW]
[2026-07-22T07:01:02.042Z] INFO: Finished Test Case: TC_CRUD_034 - Status: PASSED (15ms)

[2026-07-22T07:01:02.042Z] INFO: Starting Test Case: TC_CRUD_035 - CRUD Operations validation check - Scenario 35 [Priority: MEDIUM]
[2026-07-22T07:01:02.082Z] INFO: Finished Test Case: TC_CRUD_035 - Status: PASSED (40ms)

[2026-07-22T07:01:02.082Z] INFO: Starting Test Case: TC_CRUD_036 - CRUD Operations validation check - Scenario 36 [Priority: CRITICAL]
[2026-07-22T07:01:02.119Z] INFO: Finished Test Case: TC_CRUD_036 - Status: PASSED (37ms)

[2026-07-22T07:01:02.119Z] INFO: Starting Test Case: TC_CRUD_037 - CRUD Operations validation check - Scenario 37 [Priority: HIGH]
[2026-07-22T07:01:02.127Z] INFO: Finished Test Case: TC_CRUD_037 - Status: PASSED (8ms)

[2026-07-22T07:01:02.127Z] INFO: Starting Test Case: TC_CRUD_038 - CRUD Operations validation check - Scenario 38 [Priority: HIGH]
[2026-07-22T07:01:02.136Z] INFO: Finished Test Case: TC_CRUD_038 - Status: PASSED (9ms)

[2026-07-22T07:01:02.136Z] INFO: Starting Test Case: TC_CRUD_039 - CRUD Operations validation check - Scenario 39 [Priority: LOW]
[2026-07-22T07:01:02.166Z] INFO: Finished Test Case: TC_CRUD_039 - Status: PASSED (30ms)

[2026-07-22T07:01:02.166Z] INFO: Starting Test Case: TC_CRUD_040 - CRUD Operations validation check - Scenario 40 [Priority: MEDIUM]
[2026-07-22T07:01:02.176Z] INFO: Finished Test Case: TC_CRUD_040 - Status: PASSED (10ms)

[2026-07-22T07:01:02.176Z] INFO: Starting Test Case: TC_CRUD_041 - CRUD Operations validation check - Scenario 41 [Priority: CRITICAL]
[2026-07-22T07:01:02.187Z] INFO: Finished Test Case: TC_CRUD_041 - Status: PASSED (11ms)

[2026-07-22T07:01:02.187Z] INFO: Starting Test Case: TC_CRUD_042 - CRUD Operations validation check - Scenario 42 [Priority: HIGH]
[2026-07-22T07:01:02.210Z] INFO: Finished Test Case: TC_CRUD_042 - Status: PASSED (23ms)

[2026-07-22T07:01:02.210Z] INFO: Starting Test Case: TC_CRUD_043 - CRUD Operations validation check - Scenario 43 [Priority: HIGH]
[2026-07-22T07:01:02.234Z] INFO: Finished Test Case: TC_CRUD_043 - Status: PASSED (24ms)

[2026-07-22T07:01:02.234Z] INFO: Starting Test Case: TC_CRUD_044 - CRUD Operations validation check - Scenario 44 [Priority: LOW]
[2026-07-22T07:01:02.278Z] INFO: Finished Test Case: TC_CRUD_044 - Status: PASSED (44ms)

[2026-07-22T07:01:02.279Z] INFO: Starting Test Case: TC_CRUD_045 - CRUD Operations validation check - Scenario 45 [Priority: MEDIUM]
[2026-07-22T07:01:02.321Z] INFO: Finished Test Case: TC_CRUD_045 - Status: PASSED (42ms)

[2026-07-22T07:01:02.321Z] INFO: Starting Test Case: TC_CRUD_046 - CRUD Operations validation check - Scenario 46 [Priority: CRITICAL]
[2026-07-22T07:01:02.350Z] INFO: Finished Test Case: TC_CRUD_046 - Status: PASSED (29ms)

[2026-07-22T07:01:02.350Z] INFO: Starting Test Case: TC_CRUD_047 - CRUD Operations validation check - Scenario 47 [Priority: HIGH]
[2026-07-22T07:01:02.363Z] INFO: Finished Test Case: TC_CRUD_047 - Status: PASSED (13ms)

[2026-07-22T07:01:02.363Z] INFO: Starting Test Case: TC_CRUD_048 - CRUD Operations validation check - Scenario 48 [Priority: HIGH]
[2026-07-22T07:01:02.402Z] INFO: Finished Test Case: TC_CRUD_048 - Status: PASSED (39ms)

[2026-07-22T07:01:02.402Z] INFO: Starting Test Case: TC_CRUD_049 - CRUD Operations validation check - Scenario 49 [Priority: LOW]
[2026-07-22T07:01:02.419Z] INFO: Finished Test Case: TC_CRUD_049 - Status: PASSED (17ms)

[2026-07-22T07:01:02.420Z] INFO: Starting Test Case: TC_CRUD_050 - CRUD Operations validation check - Scenario 50 [Priority: MEDIUM]
[2026-07-22T07:01:02.461Z] INFO: Finished Test Case: TC_CRUD_050 - Status: PASSED (41ms)

[2026-07-22T07:01:02.461Z] INFO: Starting Test Case: TC_VALIDATION_001 - Input Validation validation check - Scenario 1 [Priority: CRITICAL]
[2026-07-22T07:01:02.475Z] INFO: Finished Test Case: TC_VALIDATION_001 - Status: PASSED (14ms)

[2026-07-22T07:01:02.475Z] INFO: Starting Test Case: TC_VALIDATION_002 - Input Validation validation check - Scenario 2 [Priority: HIGH]
[2026-07-22T07:01:02.521Z] INFO: Finished Test Case: TC_VALIDATION_002 - Status: PASSED (45ms)

[2026-07-22T07:01:02.521Z] INFO: Starting Test Case: TC_VALIDATION_003 - Input Validation validation check - Scenario 3 [Priority: HIGH]
[2026-07-22T07:01:02.567Z] INFO: Finished Test Case: TC_VALIDATION_003 - Status: PASSED (46ms)

[2026-07-22T07:01:02.567Z] INFO: Starting Test Case: TC_VALIDATION_004 - Input Validation validation check - Scenario 4 [Priority: LOW]
[2026-07-22T07:01:02.610Z] INFO: Finished Test Case: TC_VALIDATION_004 - Status: PASSED (43ms)

[2026-07-22T07:01:02.611Z] INFO: Starting Test Case: TC_VALIDATION_005 - Input Validation validation check - Scenario 5 [Priority: MEDIUM]
[2026-07-22T07:01:02.629Z] INFO: Finished Test Case: TC_VALIDATION_005 - Status: PASSED (19ms)

[2026-07-22T07:01:02.629Z] INFO: Starting Test Case: TC_VALIDATION_006 - Input Validation validation check - Scenario 6 [Priority: CRITICAL]
[2026-07-22T07:01:02.644Z] INFO: Finished Test Case: TC_VALIDATION_006 - Status: PASSED (15ms)

[2026-07-22T07:01:02.644Z] INFO: Starting Test Case: TC_VALIDATION_007 - Input Validation validation check - Scenario 7 [Priority: HIGH]
[2026-07-22T07:01:02.693Z] INFO: Finished Test Case: TC_VALIDATION_007 - Status: PASSED (49ms)

[2026-07-22T07:01:02.694Z] INFO: Starting Test Case: TC_VALIDATION_008 - Input Validation validation check - Scenario 8 [Priority: HIGH]
[2026-07-22T07:01:02.743Z] INFO: Finished Test Case: TC_VALIDATION_008 - Status: PASSED (49ms)

[2026-07-22T07:01:02.743Z] INFO: Starting Test Case: TC_VALIDATION_009 - Input Validation validation check - Scenario 9 [Priority: LOW]
[2026-07-22T07:01:02.781Z] INFO: Finished Test Case: TC_VALIDATION_009 - Status: PASSED (38ms)

[2026-07-22T07:01:02.781Z] INFO: Starting Test Case: TC_VALIDATION_010 - Input Validation validation check - Scenario 10 [Priority: MEDIUM]
[2026-07-22T07:01:02.797Z] INFO: Finished Test Case: TC_VALIDATION_010 - Status: PASSED (16ms)

[2026-07-22T07:01:02.797Z] INFO: Starting Test Case: TC_VALIDATION_011 - Input Validation validation check - Scenario 11 [Priority: CRITICAL]
[2026-07-22T07:01:02.843Z] INFO: Finished Test Case: TC_VALIDATION_011 - Status: PASSED (46ms)

[2026-07-22T07:01:02.843Z] INFO: Starting Test Case: TC_VALIDATION_012 - Input Validation validation check - Scenario 12 [Priority: HIGH]
[2026-07-22T07:01:02.887Z] INFO: Finished Test Case: TC_VALIDATION_012 - Status: PASSED (44ms)

[2026-07-22T07:01:02.888Z] INFO: Starting Test Case: TC_VALIDATION_013 - Input Validation validation check - Scenario 13 [Priority: HIGH]
[2026-07-22T07:01:02.923Z] INFO: Finished Test Case: TC_VALIDATION_013 - Status: PASSED (35ms)

[2026-07-22T07:01:02.923Z] INFO: Starting Test Case: TC_VALIDATION_014 - Input Validation validation check - Scenario 14 [Priority: LOW]
[2026-07-22T07:01:02.942Z] INFO: Finished Test Case: TC_VALIDATION_014 - Status: PASSED (19ms)

[2026-07-22T07:01:02.942Z] INFO: Starting Test Case: TC_VALIDATION_015 - Input Validation validation check - Scenario 15 [Priority: MEDIUM]
[2026-07-22T07:01:02.951Z] INFO: Finished Test Case: TC_VALIDATION_015 - Status: PASSED (9ms)

[2026-07-22T07:01:02.951Z] INFO: Starting Test Case: TC_VALIDATION_016 - Input Validation validation check - Scenario 16 [Priority: CRITICAL]
[2026-07-22T07:01:02.992Z] INFO: Finished Test Case: TC_VALIDATION_016 - Status: PASSED (41ms)

[2026-07-22T07:01:02.992Z] INFO: Starting Test Case: TC_VALIDATION_017 - Input Validation validation check - Scenario 17 [Priority: HIGH]
[2026-07-22T07:01:03.013Z] INFO: Finished Test Case: TC_VALIDATION_017 - Status: PASSED (21ms)

[2026-07-22T07:01:03.013Z] INFO: Starting Test Case: TC_VALIDATION_018 - Input Validation validation check - Scenario 18 [Priority: HIGH]
[2026-07-22T07:01:03.021Z] INFO: Finished Test Case: TC_VALIDATION_018 - Status: PASSED (8ms)

[2026-07-22T07:01:03.021Z] INFO: Starting Test Case: TC_VALIDATION_019 - Input Validation validation check - Scenario 19 [Priority: LOW]
[2026-07-22T07:01:03.029Z] INFO: Finished Test Case: TC_VALIDATION_019 - Status: PASSED (8ms)

[2026-07-22T07:01:03.029Z] INFO: Starting Test Case: TC_VALIDATION_020 - Input Validation validation check - Scenario 20 [Priority: MEDIUM]
[2026-07-22T07:01:03.041Z] INFO: Finished Test Case: TC_VALIDATION_020 - Status: PASSED (12ms)

[2026-07-22T07:01:03.041Z] INFO: Starting Test Case: TC_VALIDATION_021 - Input Validation validation check - Scenario 21 [Priority: CRITICAL]
[2026-07-22T07:01:03.052Z] INFO: Finished Test Case: TC_VALIDATION_021 - Status: PASSED (11ms)

[2026-07-22T07:01:03.052Z] INFO: Starting Test Case: TC_VALIDATION_022 - Input Validation validation check - Scenario 22 [Priority: HIGH]
[2026-07-22T07:01:03.101Z] INFO: Finished Test Case: TC_VALIDATION_022 - Status: PASSED (49ms)

[2026-07-22T07:01:03.101Z] INFO: Starting Test Case: TC_VALIDATION_023 - Input Validation validation check - Scenario 23 [Priority: HIGH]
[2026-07-22T07:01:03.129Z] INFO: Finished Test Case: TC_VALIDATION_023 - Status: PASSED (28ms)

[2026-07-22T07:01:03.129Z] INFO: Starting Test Case: TC_VALIDATION_024 - Input Validation validation check - Scenario 24 [Priority: LOW]
[2026-07-22T07:01:03.155Z] INFO: Finished Test Case: TC_VALIDATION_024 - Status: PASSED (26ms)

[2026-07-22T07:01:03.155Z] INFO: Starting Test Case: TC_VALIDATION_025 - Input Validation validation check - Scenario 25 [Priority: MEDIUM]
[2026-07-22T07:01:03.194Z] INFO: Finished Test Case: TC_VALIDATION_025 - Status: PASSED (39ms)

[2026-07-22T07:01:03.194Z] INFO: Starting Test Case: TC_VALIDATION_026 - Input Validation validation check - Scenario 26 [Priority: CRITICAL]
[2026-07-22T07:01:03.212Z] INFO: Finished Test Case: TC_VALIDATION_026 - Status: PASSED (18ms)

[2026-07-22T07:01:03.213Z] INFO: Starting Test Case: TC_VALIDATION_027 - Input Validation validation check - Scenario 27 [Priority: HIGH]
[2026-07-22T07:01:03.226Z] INFO: Finished Test Case: TC_VALIDATION_027 - Status: PASSED (14ms)

[2026-07-22T07:01:03.226Z] INFO: Starting Test Case: TC_VALIDATION_028 - Input Validation validation check - Scenario 28 [Priority: HIGH]
[2026-07-22T07:01:03.272Z] INFO: Finished Test Case: TC_VALIDATION_028 - Status: PASSED (46ms)

[2026-07-22T07:01:03.272Z] INFO: Starting Test Case: TC_VALIDATION_029 - Input Validation validation check - Scenario 29 [Priority: LOW]
[2026-07-22T07:01:03.284Z] INFO: Finished Test Case: TC_VALIDATION_029 - Status: PASSED (12ms)

[2026-07-22T07:01:03.285Z] INFO: Starting Test Case: TC_VALIDATION_030 - Input Validation validation check - Scenario 30 [Priority: MEDIUM]
[2026-07-22T07:01:03.332Z] INFO: Finished Test Case: TC_VALIDATION_030 - Status: PASSED (47ms)

[2026-07-22T07:01:03.332Z] INFO: Starting Test Case: TC_VALIDATION_031 - Input Validation validation check - Scenario 31 [Priority: CRITICAL]
[2026-07-22T07:01:03.364Z] INFO: Finished Test Case: TC_VALIDATION_031 - Status: PASSED (32ms)

[2026-07-22T07:01:03.365Z] INFO: Starting Test Case: TC_VALIDATION_032 - Input Validation validation check - Scenario 32 [Priority: HIGH]
[2026-07-22T07:01:03.385Z] INFO: Finished Test Case: TC_VALIDATION_032 - Status: PASSED (21ms)

[2026-07-22T07:01:03.385Z] INFO: Starting Test Case: TC_VALIDATION_033 - Input Validation validation check - Scenario 33 [Priority: HIGH]
[2026-07-22T07:01:03.400Z] INFO: Finished Test Case: TC_VALIDATION_033 - Status: PASSED (15ms)

[2026-07-22T07:01:03.400Z] INFO: Starting Test Case: TC_VALIDATION_034 - Input Validation validation check - Scenario 34 [Priority: LOW]
[2026-07-22T07:01:03.405Z] INFO: Finished Test Case: TC_VALIDATION_034 - Status: PASSED (5ms)

[2026-07-22T07:01:03.406Z] INFO: Starting Test Case: TC_VALIDATION_035 - Input Validation validation check - Scenario 35 [Priority: MEDIUM]
[2026-07-22T07:01:03.455Z] INFO: Finished Test Case: TC_VALIDATION_035 - Status: PASSED (49ms)

[2026-07-22T07:01:03.455Z] INFO: Starting Test Case: TC_VALIDATION_036 - Input Validation validation check - Scenario 36 [Priority: CRITICAL]
[2026-07-22T07:01:03.486Z] INFO: Finished Test Case: TC_VALIDATION_036 - Status: PASSED (31ms)

[2026-07-22T07:01:03.486Z] INFO: Starting Test Case: TC_VALIDATION_037 - Input Validation validation check - Scenario 37 [Priority: HIGH]
[2026-07-22T07:01:03.508Z] INFO: Finished Test Case: TC_VALIDATION_037 - Status: PASSED (22ms)

[2026-07-22T07:01:03.508Z] INFO: Starting Test Case: TC_VALIDATION_038 - Input Validation validation check - Scenario 38 [Priority: HIGH]
[2026-07-22T07:01:03.534Z] INFO: Finished Test Case: TC_VALIDATION_038 - Status: PASSED (26ms)

[2026-07-22T07:01:03.534Z] INFO: Starting Test Case: TC_VALIDATION_039 - Input Validation validation check - Scenario 39 [Priority: LOW]
[2026-07-22T07:01:03.583Z] INFO: Finished Test Case: TC_VALIDATION_039 - Status: PASSED (49ms)

[2026-07-22T07:01:03.583Z] INFO: Starting Test Case: TC_VALIDATION_040 - Input Validation validation check - Scenario 40 [Priority: MEDIUM]
[2026-07-22T07:01:03.595Z] INFO: Finished Test Case: TC_VALIDATION_040 - Status: PASSED (12ms)

[2026-07-22T07:01:03.595Z] INFO: Starting Test Case: TC_ERROR_001 - Error Handling validation check - Scenario 1 [Priority: CRITICAL]
[2026-07-22T07:01:03.602Z] INFO: Finished Test Case: TC_ERROR_001 - Status: PASSED (7ms)

[2026-07-22T07:01:03.602Z] INFO: Starting Test Case: TC_ERROR_002 - Error Handling validation check - Scenario 2 [Priority: HIGH]
[2026-07-22T07:01:03.646Z] INFO: Finished Test Case: TC_ERROR_002 - Status: PASSED (44ms)

[2026-07-22T07:01:03.646Z] INFO: Starting Test Case: TC_ERROR_003 - Error Handling validation check - Scenario 3 [Priority: HIGH]
[2026-07-22T07:01:03.655Z] INFO: Finished Test Case: TC_ERROR_003 - Status: PASSED (9ms)

[2026-07-22T07:01:03.655Z] INFO: Starting Test Case: TC_ERROR_004 - Error Handling validation check - Scenario 4 [Priority: LOW]
[2026-07-22T07:01:03.678Z] INFO: Finished Test Case: TC_ERROR_004 - Status: PASSED (23ms)

[2026-07-22T07:01:03.678Z] INFO: Starting Test Case: TC_ERROR_005 - Error Handling validation check - Scenario 5 [Priority: MEDIUM]
[2026-07-22T07:01:03.713Z] INFO: Finished Test Case: TC_ERROR_005 - Status: PASSED (35ms)

[2026-07-22T07:01:03.713Z] INFO: Starting Test Case: TC_ERROR_006 - Error Handling validation check - Scenario 6 [Priority: CRITICAL]
[2026-07-22T07:01:03.760Z] INFO: Finished Test Case: TC_ERROR_006 - Status: PASSED (47ms)

[2026-07-22T07:01:03.760Z] INFO: Starting Test Case: TC_ERROR_007 - Error Handling validation check - Scenario 7 [Priority: HIGH]
[2026-07-22T07:01:03.782Z] INFO: Finished Test Case: TC_ERROR_007 - Status: PASSED (22ms)

[2026-07-22T07:01:03.782Z] INFO: Starting Test Case: TC_ERROR_008 - Error Handling validation check - Scenario 8 [Priority: HIGH]
[2026-07-22T07:01:03.808Z] INFO: Finished Test Case: TC_ERROR_008 - Status: PASSED (26ms)

[2026-07-22T07:01:03.809Z] INFO: Starting Test Case: TC_ERROR_009 - Error Handling validation check - Scenario 9 [Priority: LOW]
[2026-07-22T07:01:03.855Z] INFO: Finished Test Case: TC_ERROR_009 - Status: PASSED (46ms)

[2026-07-22T07:01:03.855Z] INFO: Starting Test Case: TC_ERROR_010 - Error Handling validation check - Scenario 10 [Priority: MEDIUM]
[2026-07-22T07:01:03.878Z] INFO: Finished Test Case: TC_ERROR_010 - Status: PASSED (23ms)

[2026-07-22T07:01:03.879Z] INFO: Starting Test Case: TC_ERROR_011 - Error Handling validation check - Scenario 11 [Priority: CRITICAL]
[2026-07-22T07:01:03.888Z] INFO: Finished Test Case: TC_ERROR_011 - Status: PASSED (10ms)

[2026-07-22T07:01:03.888Z] INFO: Starting Test Case: TC_ERROR_012 - Error Handling validation check - Scenario 12 [Priority: HIGH]
[2026-07-22T07:01:03.910Z] INFO: Finished Test Case: TC_ERROR_012 - Status: PASSED (22ms)

[2026-07-22T07:01:03.910Z] INFO: Starting Test Case: TC_ERROR_013 - Error Handling validation check - Scenario 13 [Priority: HIGH]
[2026-07-22T07:01:03.932Z] INFO: Finished Test Case: TC_ERROR_013 - Status: PASSED (22ms)

[2026-07-22T07:01:03.933Z] INFO: Starting Test Case: TC_ERROR_014 - Error Handling validation check - Scenario 14 [Priority: LOW]
[2026-07-22T07:01:03.939Z] INFO: Finished Test Case: TC_ERROR_014 - Status: PASSED (6ms)

[2026-07-22T07:01:03.939Z] INFO: Starting Test Case: TC_ERROR_015 - Error Handling validation check - Scenario 15 [Priority: MEDIUM]
[2026-07-22T07:01:03.959Z] INFO: Finished Test Case: TC_ERROR_015 - Status: PASSED (20ms)

[2026-07-22T07:01:03.959Z] INFO: Starting Test Case: TC_ERROR_016 - Error Handling validation check - Scenario 16 [Priority: CRITICAL]
[2026-07-22T07:01:03.974Z] INFO: Finished Test Case: TC_ERROR_016 - Status: PASSED (15ms)

[2026-07-22T07:01:03.974Z] INFO: Starting Test Case: TC_ERROR_017 - Error Handling validation check - Scenario 17 [Priority: HIGH]
[2026-07-22T07:01:03.994Z] INFO: Finished Test Case: TC_ERROR_017 - Status: PASSED (20ms)

[2026-07-22T07:01:03.994Z] INFO: Starting Test Case: TC_ERROR_018 - Error Handling validation check - Scenario 18 [Priority: HIGH]
[2026-07-22T07:01:04.018Z] INFO: Finished Test Case: TC_ERROR_018 - Status: PASSED (24ms)

[2026-07-22T07:01:04.018Z] INFO: Starting Test Case: TC_ERROR_019 - Error Handling validation check - Scenario 19 [Priority: LOW]
[2026-07-22T07:01:04.062Z] INFO: Finished Test Case: TC_ERROR_019 - Status: PASSED (44ms)

[2026-07-22T07:01:04.063Z] INFO: Starting Test Case: TC_ERROR_020 - Error Handling validation check - Scenario 20 [Priority: MEDIUM]
[2026-07-22T07:01:04.093Z] INFO: Finished Test Case: TC_ERROR_020 - Status: PASSED (31ms)

[2026-07-22T07:01:04.093Z] INFO: Starting Test Case: TC_SESSION_001 - Session Management validation check - Scenario 1 [Priority: CRITICAL]
[2026-07-22T07:01:04.106Z] INFO: Finished Test Case: TC_SESSION_001 - Status: PASSED (13ms)

[2026-07-22T07:01:04.106Z] INFO: Starting Test Case: TC_SESSION_002 - Session Management validation check - Scenario 2 [Priority: HIGH]
[2026-07-22T07:01:04.125Z] INFO: Finished Test Case: TC_SESSION_002 - Status: PASSED (19ms)

[2026-07-22T07:01:04.126Z] INFO: Starting Test Case: TC_SESSION_003 - Session Management validation check - Scenario 3 [Priority: HIGH]
[2026-07-22T07:01:04.133Z] INFO: Finished Test Case: TC_SESSION_003 - Status: PASSED (7ms)

[2026-07-22T07:01:04.133Z] INFO: Starting Test Case: TC_SESSION_004 - Session Management validation check - Scenario 4 [Priority: LOW]
[2026-07-22T07:01:04.151Z] INFO: Finished Test Case: TC_SESSION_004 - Status: PASSED (18ms)

[2026-07-22T07:01:04.151Z] INFO: Starting Test Case: TC_SESSION_005 - Session Management validation check - Scenario 5 [Priority: MEDIUM]
[2026-07-22T07:01:04.188Z] INFO: Finished Test Case: TC_SESSION_005 - Status: PASSED (37ms)

[2026-07-22T07:01:04.188Z] INFO: Starting Test Case: TC_SESSION_006 - Session Management validation check - Scenario 6 [Priority: CRITICAL]
[2026-07-22T07:01:04.234Z] INFO: Finished Test Case: TC_SESSION_006 - Status: PASSED (46ms)

[2026-07-22T07:01:04.234Z] INFO: Starting Test Case: TC_SESSION_007 - Session Management validation check - Scenario 7 [Priority: HIGH]
[2026-07-22T07:01:04.242Z] INFO: Finished Test Case: TC_SESSION_007 - Status: PASSED (8ms)

[2026-07-22T07:01:04.242Z] INFO: Starting Test Case: TC_SESSION_008 - Session Management validation check - Scenario 8 [Priority: HIGH]
[2026-07-22T07:01:04.266Z] INFO: Finished Test Case: TC_SESSION_008 - Status: PASSED (24ms)

[2026-07-22T07:01:04.266Z] INFO: Starting Test Case: TC_SESSION_009 - Session Management validation check - Scenario 9 [Priority: LOW]
[2026-07-22T07:01:04.281Z] INFO: Finished Test Case: TC_SESSION_009 - Status: PASSED (15ms)

[2026-07-22T07:01:04.281Z] INFO: Starting Test Case: TC_SESSION_010 - Session Management validation check - Scenario 10 [Priority: MEDIUM]
[2026-07-22T07:01:04.305Z] INFO: Finished Test Case: TC_SESSION_010 - Status: PASSED (24ms)

[2026-07-22T07:01:04.305Z] INFO: Starting Test Case: TC_SESSION_011 - Session Management validation check - Scenario 11 [Priority: CRITICAL]
[2026-07-22T07:01:04.314Z] INFO: Finished Test Case: TC_SESSION_011 - Status: PASSED (9ms)

[2026-07-22T07:01:04.314Z] INFO: Starting Test Case: TC_SESSION_012 - Session Management validation check - Scenario 12 [Priority: HIGH]
[2026-07-22T07:01:04.337Z] INFO: Finished Test Case: TC_SESSION_012 - Status: PASSED (23ms)

[2026-07-22T07:01:04.338Z] INFO: Starting Test Case: TC_SESSION_013 - Session Management validation check - Scenario 13 [Priority: HIGH]
[2026-07-22T07:01:04.355Z] INFO: Finished Test Case: TC_SESSION_013 - Status: PASSED (17ms)

[2026-07-22T07:01:04.355Z] INFO: Starting Test Case: TC_SESSION_014 - Session Management validation check - Scenario 14 [Priority: LOW]
[2026-07-22T07:01:04.398Z] INFO: Finished Test Case: TC_SESSION_014 - Status: PASSED (43ms)

[2026-07-22T07:01:04.398Z] INFO: Starting Test Case: TC_SESSION_015 - Session Management validation check - Scenario 15 [Priority: MEDIUM]
[2026-07-22T07:01:04.429Z] INFO: Finished Test Case: TC_SESSION_015 - Status: PASSED (31ms)

[2026-07-22T07:01:04.429Z] INFO: Starting Test Case: TC_SESSION_016 - Session Management validation check - Scenario 16 [Priority: CRITICAL]
[2026-07-22T07:01:04.436Z] INFO: Finished Test Case: TC_SESSION_016 - Status: PASSED (7ms)

[2026-07-22T07:01:04.436Z] INFO: Starting Test Case: TC_SESSION_017 - Session Management validation check - Scenario 17 [Priority: HIGH]
[2026-07-22T07:01:04.456Z] INFO: Finished Test Case: TC_SESSION_017 - Status: PASSED (20ms)

[2026-07-22T07:01:04.456Z] INFO: Starting Test Case: TC_SESSION_018 - Session Management validation check - Scenario 18 [Priority: HIGH]
[2026-07-22T07:01:04.496Z] INFO: Finished Test Case: TC_SESSION_018 - Status: PASSED (40ms)

[2026-07-22T07:01:04.496Z] INFO: Starting Test Case: TC_SESSION_019 - Session Management validation check - Scenario 19 [Priority: LOW]
[2026-07-22T07:01:04.540Z] INFO: Finished Test Case: TC_SESSION_019 - Status: PASSED (44ms)

[2026-07-22T07:01:04.540Z] INFO: Starting Test Case: TC_SESSION_020 - Session Management validation check - Scenario 20 [Priority: MEDIUM]
[2026-07-22T07:01:04.546Z] INFO: Finished Test Case: TC_SESSION_020 - Status: PASSED (6ms)

[2026-07-22T07:01:04.546Z] INFO: Starting Test Case: TC_FILE_001 - File Upload validation check - Scenario 1 [Priority: CRITICAL]
[2026-07-22T07:01:04.586Z] INFO: Finished Test Case: TC_FILE_001 - Status: PASSED (40ms)

[2026-07-22T07:01:04.586Z] INFO: Starting Test Case: TC_FILE_002 - File Upload validation check - Scenario 2 [Priority: HIGH]
[2026-07-22T07:01:04.586Z] INFO: Running E2E: Large File Upload...
[2026-07-22T07:01:04.586Z] INFO: Finished Test Case: TC_FILE_002 - Status: PASSED (0ms)

[2026-07-22T07:01:04.586Z] INFO: Starting Test Case: TC_FILE_003 - File Upload validation check - Scenario 3 [Priority: HIGH]
[2026-07-22T07:01:04.621Z] INFO: Finished Test Case: TC_FILE_003 - Status: PASSED (35ms)

[2026-07-22T07:01:04.621Z] INFO: Starting Test Case: TC_FILE_004 - File Upload validation check - Scenario 4 [Priority: LOW]
[2026-07-22T07:01:04.629Z] INFO: Finished Test Case: TC_FILE_004 - Status: PASSED (8ms)

[2026-07-22T07:01:04.629Z] INFO: Starting Test Case: TC_FILE_005 - File Upload validation check - Scenario 5 [Priority: MEDIUM]
[2026-07-22T07:01:04.677Z] INFO: Finished Test Case: TC_FILE_005 - Status: PASSED (48ms)

[2026-07-22T07:01:04.677Z] INFO: Starting Test Case: TC_FILE_006 - File Upload validation check - Scenario 6 [Priority: CRITICAL]
[2026-07-22T07:01:04.702Z] INFO: Finished Test Case: TC_FILE_006 - Status: PASSED (25ms)

[2026-07-22T07:01:04.702Z] INFO: Starting Test Case: TC_FILE_007 - File Upload validation check - Scenario 7 [Priority: HIGH]
[2026-07-22T07:01:04.712Z] INFO: Finished Test Case: TC_FILE_007 - Status: PASSED (10ms)

[2026-07-22T07:01:04.712Z] INFO: Starting Test Case: TC_FILE_008 - File Upload validation check - Scenario 8 [Priority: HIGH]
[2026-07-22T07:01:04.729Z] INFO: Finished Test Case: TC_FILE_008 - Status: PASSED (17ms)

[2026-07-22T07:01:04.729Z] INFO: Starting Test Case: TC_FILE_009 - File Upload validation check - Scenario 9 [Priority: LOW]
[2026-07-22T07:01:04.754Z] INFO: Finished Test Case: TC_FILE_009 - Status: PASSED (25ms)

[2026-07-22T07:01:04.754Z] INFO: Starting Test Case: TC_FILE_010 - File Upload validation check - Scenario 10 [Priority: MEDIUM]
[2026-07-22T07:01:04.779Z] INFO: Finished Test Case: TC_FILE_010 - Status: PASSED (25ms)

[2026-07-22T07:01:04.779Z] INFO: Starting Test Case: TC_FILE_011 - File Upload validation check - Scenario 11 [Priority: CRITICAL]
[2026-07-22T07:01:04.817Z] INFO: Finished Test Case: TC_FILE_011 - Status: PASSED (38ms)

[2026-07-22T07:01:04.817Z] INFO: Starting Test Case: TC_FILE_012 - File Upload validation check - Scenario 12 [Priority: HIGH]
[2026-07-22T07:01:04.850Z] INFO: Finished Test Case: TC_FILE_012 - Status: PASSED (33ms)

[2026-07-22T07:01:04.851Z] INFO: Starting Test Case: TC_FILE_013 - File Upload validation check - Scenario 13 [Priority: HIGH]
[2026-07-22T07:01:04.857Z] INFO: Finished Test Case: TC_FILE_013 - Status: PASSED (7ms)

[2026-07-22T07:01:04.857Z] INFO: Starting Test Case: TC_FILE_014 - File Upload validation check - Scenario 14 [Priority: LOW]
[2026-07-22T07:01:04.868Z] INFO: Finished Test Case: TC_FILE_014 - Status: PASSED (11ms)

[2026-07-22T07:01:04.868Z] INFO: Starting Test Case: TC_FILE_015 - File Upload validation check - Scenario 15 [Priority: MEDIUM]
[2026-07-22T07:01:04.910Z] INFO: Finished Test Case: TC_FILE_015 - Status: PASSED (42ms)

[2026-07-22T07:01:04.910Z] INFO: Starting Test Case: TC_FILE_016 - File Upload validation check - Scenario 16 [Priority: CRITICAL]
[2026-07-22T07:01:04.917Z] INFO: Finished Test Case: TC_FILE_016 - Status: PASSED (7ms)

[2026-07-22T07:01:04.917Z] INFO: Starting Test Case: TC_FILE_017 - File Upload validation check - Scenario 17 [Priority: HIGH]
[2026-07-22T07:01:04.928Z] INFO: Finished Test Case: TC_FILE_017 - Status: PASSED (11ms)

[2026-07-22T07:01:04.928Z] INFO: Starting Test Case: TC_FILE_018 - File Upload validation check - Scenario 18 [Priority: HIGH]
[2026-07-22T07:01:04.936Z] INFO: Finished Test Case: TC_FILE_018 - Status: PASSED (8ms)

[2026-07-22T07:01:04.936Z] INFO: Starting Test Case: TC_FILE_019 - File Upload validation check - Scenario 19 [Priority: LOW]
[2026-07-22T07:01:04.982Z] INFO: Finished Test Case: TC_FILE_019 - Status: PASSED (46ms)

[2026-07-22T07:01:04.982Z] INFO: Starting Test Case: TC_FILE_020 - File Upload validation check - Scenario 20 [Priority: MEDIUM]
[2026-07-22T07:01:04.996Z] INFO: Finished Test Case: TC_FILE_020 - Status: PASSED (14ms)

[2026-07-22T07:01:04.996Z] INFO: Starting Test Case: TC_A11Y_001 - Accessibility validation check - Scenario 1 [Priority: CRITICAL]
[2026-07-22T07:01:05.010Z] INFO: Finished Test Case: TC_A11Y_001 - Status: PASSED (14ms)

[2026-07-22T07:01:05.010Z] INFO: Starting Test Case: TC_A11Y_002 - Accessibility validation check - Scenario 2 [Priority: HIGH]
[2026-07-22T07:01:05.060Z] INFO: Finished Test Case: TC_A11Y_002 - Status: PASSED (50ms)

[2026-07-22T07:01:05.060Z] INFO: Starting Test Case: TC_A11Y_003 - Accessibility validation check - Scenario 3 [Priority: HIGH]
[2026-07-22T07:01:05.101Z] INFO: Finished Test Case: TC_A11Y_003 - Status: PASSED (41ms)

[2026-07-22T07:01:05.101Z] INFO: Starting Test Case: TC_A11Y_004 - Accessibility validation check - Scenario 4 [Priority: LOW]
[2026-07-22T07:01:05.108Z] INFO: Finished Test Case: TC_A11Y_004 - Status: PASSED (7ms)

[2026-07-22T07:01:05.109Z] INFO: Starting Test Case: TC_A11Y_005 - Accessibility validation check - Scenario 5 [Priority: MEDIUM]
[2026-07-22T07:01:05.124Z] INFO: Finished Test Case: TC_A11Y_005 - Status: PASSED (15ms)

[2026-07-22T07:01:05.124Z] INFO: Starting Test Case: TC_A11Y_006 - Accessibility validation check - Scenario 6 [Priority: CRITICAL]
[2026-07-22T07:01:05.144Z] INFO: Finished Test Case: TC_A11Y_006 - Status: PASSED (20ms)

[2026-07-22T07:01:05.144Z] INFO: Starting Test Case: TC_A11Y_007 - Accessibility validation check - Scenario 7 [Priority: HIGH]
[2026-07-22T07:01:05.149Z] INFO: Finished Test Case: TC_A11Y_007 - Status: PASSED (5ms)

[2026-07-22T07:01:05.149Z] INFO: Starting Test Case: TC_A11Y_008 - Accessibility validation check - Scenario 8 [Priority: HIGH]
[2026-07-22T07:01:05.168Z] INFO: Finished Test Case: TC_A11Y_008 - Status: PASSED (19ms)

[2026-07-22T07:01:05.168Z] INFO: Starting Test Case: TC_A11Y_009 - Accessibility validation check - Scenario 9 [Priority: LOW]
[2026-07-22T07:01:05.211Z] INFO: Finished Test Case: TC_A11Y_009 - Status: PASSED (43ms)

[2026-07-22T07:01:05.211Z] INFO: Starting Test Case: TC_A11Y_010 - Accessibility validation check - Scenario 10 [Priority: MEDIUM]
[2026-07-22T07:01:05.237Z] INFO: Finished Test Case: TC_A11Y_010 - Status: PASSED (26ms)

[2026-07-22T07:01:05.238Z] INFO: Starting Test Case: TC_A11Y_011 - Accessibility validation check - Scenario 11 [Priority: CRITICAL]
[2026-07-22T07:01:05.261Z] INFO: Finished Test Case: TC_A11Y_011 - Status: PASSED (24ms)

[2026-07-22T07:01:05.261Z] INFO: Starting Test Case: TC_A11Y_012 - Accessibility validation check - Scenario 12 [Priority: HIGH]
[2026-07-22T07:01:05.286Z] INFO: Finished Test Case: TC_A11Y_012 - Status: PASSED (25ms)

[2026-07-22T07:01:05.286Z] INFO: Starting Test Case: TC_A11Y_013 - Accessibility validation check - Scenario 13 [Priority: HIGH]
[2026-07-22T07:01:05.331Z] INFO: Finished Test Case: TC_A11Y_013 - Status: PASSED (45ms)

[2026-07-22T07:01:05.332Z] INFO: Starting Test Case: TC_A11Y_014 - Accessibility validation check - Scenario 14 [Priority: LOW]
[2026-07-22T07:01:05.338Z] INFO: Finished Test Case: TC_A11Y_014 - Status: PASSED (6ms)

[2026-07-22T07:01:05.338Z] INFO: Starting Test Case: TC_A11Y_015 - Accessibility validation check - Scenario 15 [Priority: MEDIUM]
[2026-07-22T07:01:05.343Z] INFO: Finished Test Case: TC_A11Y_015 - Status: PASSED (5ms)

[2026-07-22T07:01:05.343Z] INFO: Starting Test Case: TC_A11Y_016 - Accessibility validation check - Scenario 16 [Priority: CRITICAL]
[2026-07-22T07:01:05.353Z] INFO: Finished Test Case: TC_A11Y_016 - Status: PASSED (10ms)

[2026-07-22T07:01:05.354Z] INFO: Starting Test Case: TC_A11Y_017 - Accessibility validation check - Scenario 17 [Priority: HIGH]
[2026-07-22T07:01:05.377Z] INFO: Finished Test Case: TC_A11Y_017 - Status: PASSED (24ms)

[2026-07-22T07:01:05.377Z] INFO: Starting Test Case: TC_A11Y_018 - Accessibility validation check - Scenario 18 [Priority: HIGH]
[2026-07-22T07:01:05.419Z] INFO: Finished Test Case: TC_A11Y_018 - Status: PASSED (42ms)

[2026-07-22T07:01:05.419Z] INFO: Starting Test Case: TC_A11Y_019 - Accessibility validation check - Scenario 19 [Priority: LOW]
[2026-07-22T07:01:05.453Z] INFO: Finished Test Case: TC_A11Y_019 - Status: PASSED (34ms)

[2026-07-22T07:01:05.454Z] INFO: Starting Test Case: TC_A11Y_020 - Accessibility validation check - Scenario 20 [Priority: MEDIUM]
[2026-07-22T07:01:05.473Z] INFO: Finished Test Case: TC_A11Y_020 - Status: PASSED (19ms)

[2026-07-22T07:01:05.473Z] INFO: Starting Test Case: TC_RESPONSIVE_001 - Responsive Design validation check - Scenario 1 [Priority: CRITICAL]
[2026-07-22T07:01:05.496Z] INFO: Finished Test Case: TC_RESPONSIVE_001 - Status: PASSED (23ms)

[2026-07-22T07:01:05.496Z] INFO: Starting Test Case: TC_RESPONSIVE_002 - Responsive Design validation check - Scenario 2 [Priority: HIGH]
[2026-07-22T07:01:05.540Z] INFO: Finished Test Case: TC_RESPONSIVE_002 - Status: PASSED (43ms)

[2026-07-22T07:01:05.540Z] INFO: Starting Test Case: TC_RESPONSIVE_003 - Responsive Design validation check - Scenario 3 [Priority: HIGH]
[2026-07-22T07:01:05.579Z] INFO: Finished Test Case: TC_RESPONSIVE_003 - Status: PASSED (39ms)

[2026-07-22T07:01:05.579Z] INFO: Starting Test Case: TC_RESPONSIVE_004 - Responsive Design validation check - Scenario 4 [Priority: LOW]
[2026-07-22T07:01:05.625Z] INFO: Finished Test Case: TC_RESPONSIVE_004 - Status: PASSED (46ms)

[2026-07-22T07:01:05.626Z] INFO: Starting Test Case: TC_RESPONSIVE_005 - Responsive Design validation check - Scenario 5 [Priority: MEDIUM]
[2026-07-22T07:01:05.651Z] INFO: Finished Test Case: TC_RESPONSIVE_005 - Status: PASSED (26ms)

[2026-07-22T07:01:05.651Z] INFO: Starting Test Case: TC_RESPONSIVE_006 - Responsive Design validation check - Scenario 6 [Priority: CRITICAL]
[2026-07-22T07:01:05.669Z] INFO: Finished Test Case: TC_RESPONSIVE_006 - Status: PASSED (18ms)

[2026-07-22T07:01:05.669Z] INFO: Starting Test Case: TC_RESPONSIVE_007 - Responsive Design validation check - Scenario 7 [Priority: HIGH]
[2026-07-22T07:01:05.690Z] INFO: Finished Test Case: TC_RESPONSIVE_007 - Status: PASSED (21ms)

[2026-07-22T07:01:05.691Z] INFO: Starting Test Case: TC_RESPONSIVE_008 - Responsive Design validation check - Scenario 8 [Priority: HIGH]
[2026-07-22T07:01:05.733Z] INFO: Finished Test Case: TC_RESPONSIVE_008 - Status: PASSED (42ms)

[2026-07-22T07:01:05.733Z] INFO: Starting Test Case: TC_RESPONSIVE_009 - Responsive Design validation check - Scenario 9 [Priority: LOW]
[2026-07-22T07:01:05.774Z] INFO: Finished Test Case: TC_RESPONSIVE_009 - Status: PASSED (41ms)

[2026-07-22T07:01:05.774Z] INFO: Starting Test Case: TC_RESPONSIVE_010 - Responsive Design validation check - Scenario 10 [Priority: MEDIUM]
[2026-07-22T07:01:05.792Z] INFO: Finished Test Case: TC_RESPONSIVE_010 - Status: PASSED (18ms)

[2026-07-22T07:01:05.792Z] INFO: Starting Test Case: TC_RESPONSIVE_011 - Responsive Design validation check - Scenario 11 [Priority: CRITICAL]
[2026-07-22T07:01:05.810Z] INFO: Finished Test Case: TC_RESPONSIVE_011 - Status: PASSED (18ms)

[2026-07-22T07:01:05.810Z] INFO: Starting Test Case: TC_RESPONSIVE_012 - Responsive Design validation check - Scenario 12 [Priority: HIGH]
[2026-07-22T07:01:05.848Z] INFO: Finished Test Case: TC_RESPONSIVE_012 - Status: PASSED (38ms)

[2026-07-22T07:01:05.848Z] INFO: Starting Test Case: TC_RESPONSIVE_013 - Responsive Design validation check - Scenario 13 [Priority: HIGH]
[2026-07-22T07:01:05.880Z] INFO: Finished Test Case: TC_RESPONSIVE_013 - Status: PASSED (32ms)

[2026-07-22T07:01:05.880Z] INFO: Starting Test Case: TC_RESPONSIVE_014 - Responsive Design validation check - Scenario 14 [Priority: LOW]
[2026-07-22T07:01:05.923Z] INFO: Finished Test Case: TC_RESPONSIVE_014 - Status: PASSED (43ms)

[2026-07-22T07:01:05.923Z] INFO: Starting Test Case: TC_RESPONSIVE_015 - Responsive Design validation check - Scenario 15 [Priority: MEDIUM]
[2026-07-22T07:01:05.947Z] INFO: Finished Test Case: TC_RESPONSIVE_015 - Status: PASSED (24ms)

[2026-07-22T07:01:05.947Z] INFO: Starting Test Case: TC_RESPONSIVE_016 - Responsive Design validation check - Scenario 16 [Priority: CRITICAL]
[2026-07-22T07:01:05.962Z] INFO: Finished Test Case: TC_RESPONSIVE_016 - Status: PASSED (15ms)

[2026-07-22T07:01:05.962Z] INFO: Starting Test Case: TC_RESPONSIVE_017 - Responsive Design validation check - Scenario 17 [Priority: HIGH]
[2026-07-22T07:01:06.004Z] INFO: Finished Test Case: TC_RESPONSIVE_017 - Status: PASSED (42ms)

[2026-07-22T07:01:06.004Z] INFO: Starting Test Case: TC_RESPONSIVE_018 - Responsive Design validation check - Scenario 18 [Priority: HIGH]
[2026-07-22T07:01:06.009Z] INFO: Finished Test Case: TC_RESPONSIVE_018 - Status: PASSED (5ms)

[2026-07-22T07:01:06.010Z] INFO: Starting Test Case: TC_RESPONSIVE_019 - Responsive Design validation check - Scenario 19 [Priority: LOW]
[2026-07-22T07:01:06.027Z] INFO: Finished Test Case: TC_RESPONSIVE_019 - Status: PASSED (17ms)

[2026-07-22T07:01:06.027Z] INFO: Starting Test Case: TC_RESPONSIVE_020 - Responsive Design validation check - Scenario 20 [Priority: MEDIUM]
[2026-07-22T07:01:06.048Z] INFO: Finished Test Case: TC_RESPONSIVE_020 - Status: PASSED (21ms)

[2026-07-22T07:01:06.048Z] INFO: Starting Test Case: TC_PERF_001 - Performance Smoke validation check - Scenario 1 [Priority: CRITICAL]
[2026-07-22T07:01:06.070Z] INFO: Finished Test Case: TC_PERF_001 - Status: PASSED (22ms)

[2026-07-22T07:01:06.070Z] INFO: Starting Test Case: TC_PERF_002 - Performance Smoke validation check - Scenario 2 [Priority: HIGH]
[2026-07-22T07:01:06.085Z] INFO: Finished Test Case: TC_PERF_002 - Status: PASSED (15ms)

[2026-07-22T07:01:06.085Z] INFO: Starting Test Case: TC_PERF_003 - Performance Smoke validation check - Scenario 3 [Priority: HIGH]
[2026-07-22T07:01:06.127Z] INFO: Finished Test Case: TC_PERF_003 - Status: PASSED (42ms)

[2026-07-22T07:01:06.127Z] INFO: Starting Test Case: TC_PERF_004 - Performance Smoke validation check - Scenario 4 [Priority: LOW]
[2026-07-22T07:01:06.169Z] INFO: Finished Test Case: TC_PERF_004 - Status: PASSED (42ms)

[2026-07-22T07:01:06.169Z] INFO: Starting Test Case: TC_PERF_005 - Performance Smoke validation check - Scenario 5 [Priority: MEDIUM]
[2026-07-22T07:01:06.204Z] INFO: Finished Test Case: TC_PERF_005 - Status: PASSED (35ms)

[2026-07-22T07:01:06.204Z] INFO: Starting Test Case: TC_PERF_006 - Performance Smoke validation check - Scenario 6 [Priority: CRITICAL]
[2026-07-22T07:01:06.220Z] INFO: Finished Test Case: TC_PERF_006 - Status: PASSED (16ms)

[2026-07-22T07:01:06.220Z] INFO: Starting Test Case: TC_PERF_007 - Performance Smoke validation check - Scenario 7 [Priority: HIGH]
[2026-07-22T07:01:06.245Z] INFO: Finished Test Case: TC_PERF_007 - Status: PASSED (25ms)

[2026-07-22T07:01:06.245Z] INFO: Starting Test Case: TC_PERF_008 - Performance Smoke validation check - Scenario 8 [Priority: HIGH]
[2026-07-22T07:01:06.250Z] INFO: Finished Test Case: TC_PERF_008 - Status: PASSED (5ms)

[2026-07-22T07:01:06.250Z] INFO: Starting Test Case: TC_PERF_009 - Performance Smoke validation check - Scenario 9 [Priority: LOW]
[2026-07-22T07:01:06.297Z] INFO: Finished Test Case: TC_PERF_009 - Status: PASSED (47ms)

[2026-07-22T07:01:06.297Z] INFO: Starting Test Case: TC_PERF_010 - Performance Smoke validation check - Scenario 10 [Priority: MEDIUM]
[2026-07-22T07:01:06.315Z] INFO: Finished Test Case: TC_PERF_010 - Status: PASSED (18ms)

[2026-07-22T07:01:06.315Z] INFO: Starting Test Case: TC_PERF_011 - Performance Smoke validation check - Scenario 11 [Priority: CRITICAL]
[2026-07-22T07:01:06.342Z] INFO: Finished Test Case: TC_PERF_011 - Status: PASSED (27ms)

[2026-07-22T07:01:06.343Z] INFO: Starting Test Case: TC_PERF_012 - Performance Smoke validation check - Scenario 12 [Priority: HIGH]
[2026-07-22T07:01:06.370Z] INFO: Finished Test Case: TC_PERF_012 - Status: PASSED (27ms)

[2026-07-22T07:01:06.370Z] INFO: Starting Test Case: TC_PERF_013 - Performance Smoke validation check - Scenario 13 [Priority: HIGH]
[2026-07-22T07:01:06.387Z] INFO: Finished Test Case: TC_PERF_013 - Status: PASSED (17ms)

[2026-07-22T07:01:06.387Z] INFO: Starting Test Case: TC_PERF_014 - Performance Smoke validation check - Scenario 14 [Priority: LOW]
[2026-07-22T07:01:06.397Z] INFO: Finished Test Case: TC_PERF_014 - Status: PASSED (9ms)

[2026-07-22T07:01:06.397Z] INFO: Starting Test Case: TC_PERF_015 - Performance Smoke validation check - Scenario 15 [Priority: MEDIUM]
[2026-07-22T07:01:06.440Z] INFO: Finished Test Case: TC_PERF_015 - Status: PASSED (43ms)

[2026-07-22T07:01:06.440Z] INFO: Starting Test Case: TC_PERF_016 - Performance Smoke validation check - Scenario 16 [Priority: CRITICAL]
[2026-07-22T07:01:06.452Z] INFO: Finished Test Case: TC_PERF_016 - Status: PASSED (12ms)

[2026-07-22T07:01:06.452Z] INFO: Starting Test Case: TC_PERF_017 - Performance Smoke validation check - Scenario 17 [Priority: HIGH]
[2026-07-22T07:01:06.482Z] INFO: Finished Test Case: TC_PERF_017 - Status: PASSED (30ms)

[2026-07-22T07:01:06.482Z] INFO: Starting Test Case: TC_PERF_018 - Performance Smoke validation check - Scenario 18 [Priority: HIGH]
[2026-07-22T07:01:06.518Z] INFO: Finished Test Case: TC_PERF_018 - Status: PASSED (36ms)

[2026-07-22T07:01:06.518Z] INFO: Starting Test Case: TC_PERF_019 - Performance Smoke validation check - Scenario 19 [Priority: LOW]
[2026-07-22T07:01:06.535Z] INFO: Finished Test Case: TC_PERF_019 - Status: PASSED (17ms)

[2026-07-22T07:01:06.535Z] INFO: Starting Test Case: TC_PERF_020 - Performance Smoke validation check - Scenario 20 [Priority: MEDIUM]
[2026-07-22T07:01:06.579Z] INFO: Finished Test Case: TC_PERF_020 - Status: PASSED (44ms)

[2026-07-22T07:01:06.579Z] INFO: Starting Test Case: TC_REGR_001 - Regression validation check - Scenario 1 [Priority: CRITICAL]
[2026-07-22T07:01:06.614Z] INFO: Finished Test Case: TC_REGR_001 - Status: PASSED (35ms)

[2026-07-22T07:01:06.614Z] INFO: Starting Test Case: TC_REGR_002 - Regression validation check - Scenario 2 [Priority: HIGH]
[2026-07-22T07:01:06.657Z] INFO: Finished Test Case: TC_REGR_002 - Status: PASSED (43ms)

[2026-07-22T07:01:06.658Z] INFO: Starting Test Case: TC_REGR_003 - Regression validation check - Scenario 3 [Priority: HIGH]
[2026-07-22T07:01:06.671Z] INFO: Finished Test Case: TC_REGR_003 - Status: PASSED (13ms)

[2026-07-22T07:01:06.671Z] INFO: Starting Test Case: TC_REGR_004 - Regression validation check - Scenario 4 [Priority: LOW]
[2026-07-22T07:01:06.712Z] INFO: Finished Test Case: TC_REGR_004 - Status: PASSED (41ms)

[2026-07-22T07:01:06.712Z] INFO: Starting Test Case: TC_REGR_005 - Regression validation check - Scenario 5 [Priority: MEDIUM]
[2026-07-22T07:01:06.729Z] INFO: Finished Test Case: TC_REGR_005 - Status: PASSED (17ms)

[2026-07-22T07:01:06.729Z] INFO: Starting Test Case: TC_REGR_006 - Regression validation check - Scenario 6 [Priority: CRITICAL]
[2026-07-22T07:01:06.775Z] INFO: Finished Test Case: TC_REGR_006 - Status: PASSED (46ms)

[2026-07-22T07:01:06.775Z] INFO: Starting Test Case: TC_REGR_007 - Regression validation check - Scenario 7 [Priority: HIGH]
[2026-07-22T07:01:06.793Z] INFO: Finished Test Case: TC_REGR_007 - Status: PASSED (18ms)

[2026-07-22T07:01:06.793Z] INFO: Starting Test Case: TC_REGR_008 - Regression validation check - Scenario 8 [Priority: HIGH]
[2026-07-22T07:01:06.835Z] INFO: Finished Test Case: TC_REGR_008 - Status: PASSED (42ms)

[2026-07-22T07:01:06.835Z] INFO: Starting Test Case: TC_REGR_009 - Regression validation check - Scenario 9 [Priority: LOW]
[2026-07-22T07:01:06.843Z] INFO: Finished Test Case: TC_REGR_009 - Status: PASSED (8ms)

[2026-07-22T07:01:06.843Z] INFO: Starting Test Case: TC_REGR_010 - Regression validation check - Scenario 10 [Priority: MEDIUM]
[2026-07-22T07:01:06.874Z] INFO: Finished Test Case: TC_REGR_010 - Status: PASSED (31ms)

[2026-07-22T07:01:06.875Z] INFO: Starting Test Case: TC_REGR_011 - Regression validation check - Scenario 11 [Priority: CRITICAL]
[2026-07-22T07:01:06.916Z] INFO: Finished Test Case: TC_REGR_011 - Status: PASSED (41ms)

[2026-07-22T07:01:06.916Z] INFO: Starting Test Case: TC_REGR_012 - Regression validation check - Scenario 12 [Priority: HIGH]
[2026-07-22T07:01:06.935Z] INFO: Finished Test Case: TC_REGR_012 - Status: PASSED (19ms)

[2026-07-22T07:01:06.935Z] INFO: Starting Test Case: TC_REGR_013 - Regression validation check - Scenario 13 [Priority: HIGH]
[2026-07-22T07:01:06.954Z] INFO: Finished Test Case: TC_REGR_013 - Status: PASSED (19ms)

[2026-07-22T07:01:06.955Z] INFO: Starting Test Case: TC_REGR_014 - Regression validation check - Scenario 14 [Priority: LOW]
[2026-07-22T07:01:07.004Z] INFO: Finished Test Case: TC_REGR_014 - Status: PASSED (49ms)

[2026-07-22T07:01:07.004Z] INFO: Starting Test Case: TC_REGR_015 - Regression validation check - Scenario 15 [Priority: MEDIUM]
[2026-07-22T07:01:07.009Z] INFO: Finished Test Case: TC_REGR_015 - Status: PASSED (5ms)

[2026-07-22T07:01:07.009Z] INFO: Starting Test Case: TC_REGR_016 - Regression validation check - Scenario 16 [Priority: CRITICAL]
[2026-07-22T07:01:07.019Z] INFO: Finished Test Case: TC_REGR_016 - Status: PASSED (9ms)

[2026-07-22T07:01:07.019Z] INFO: Starting Test Case: TC_REGR_017 - Regression validation check - Scenario 17 [Priority: HIGH]
[2026-07-22T07:01:07.055Z] INFO: Finished Test Case: TC_REGR_017 - Status: PASSED (36ms)

[2026-07-22T07:01:07.055Z] INFO: Starting Test Case: TC_REGR_018 - Regression validation check - Scenario 18 [Priority: HIGH]
[2026-07-22T07:01:07.089Z] INFO: Finished Test Case: TC_REGR_018 - Status: PASSED (34ms)

[2026-07-22T07:01:07.089Z] INFO: Starting Test Case: TC_REGR_019 - Regression validation check - Scenario 19 [Priority: LOW]
[2026-07-22T07:01:07.123Z] INFO: Finished Test Case: TC_REGR_019 - Status: PASSED (34ms)

[2026-07-22T07:01:07.123Z] INFO: Starting Test Case: TC_REGR_020 - Regression validation check - Scenario 20 [Priority: MEDIUM]
[2026-07-22T07:01:07.147Z] INFO: Finished Test Case: TC_REGR_020 - Status: PASSED (24ms)

[2026-07-22T07:01:07.147Z] INFO: Starting Test Case: TC_REGR_021 - Regression validation check - Scenario 21 [Priority: CRITICAL]
[2026-07-22T07:01:07.163Z] INFO: Finished Test Case: TC_REGR_021 - Status: PASSED (16ms)

[2026-07-22T07:01:07.163Z] INFO: Starting Test Case: TC_REGR_022 - Regression validation check - Scenario 22 [Priority: HIGH]
[2026-07-22T07:01:07.201Z] INFO: Finished Test Case: TC_REGR_022 - Status: PASSED (38ms)

[2026-07-22T07:01:07.201Z] INFO: Starting Test Case: TC_REGR_023 - Regression validation check - Scenario 23 [Priority: HIGH]
[2026-07-22T07:01:07.214Z] INFO: Finished Test Case: TC_REGR_023 - Status: PASSED (13ms)

[2026-07-22T07:01:07.214Z] INFO: Starting Test Case: TC_REGR_024 - Regression validation check - Scenario 24 [Priority: LOW]
[2026-07-22T07:01:07.235Z] INFO: Finished Test Case: TC_REGR_024 - Status: PASSED (21ms)

[2026-07-22T07:01:07.236Z] INFO: Starting Test Case: TC_REGR_025 - Regression validation check - Scenario 25 [Priority: MEDIUM]
[2026-07-22T07:01:07.284Z] INFO: Finished Test Case: TC_REGR_025 - Status: PASSED (48ms)

[2026-07-22T07:01:07.284Z] INFO: Starting Test Case: TC_REGR_026 - Regression validation check - Scenario 26 [Priority: CRITICAL]
[2026-07-22T07:01:07.317Z] INFO: Finished Test Case: TC_REGR_026 - Status: PASSED (33ms)

[2026-07-22T07:01:07.317Z] INFO: Starting Test Case: TC_REGR_027 - Regression validation check - Scenario 27 [Priority: HIGH]
[2026-07-22T07:01:07.351Z] INFO: Finished Test Case: TC_REGR_027 - Status: PASSED (34ms)

[2026-07-22T07:01:07.351Z] INFO: Starting Test Case: TC_REGR_028 - Regression validation check - Scenario 28 [Priority: HIGH]
[2026-07-22T07:01:07.367Z] INFO: Finished Test Case: TC_REGR_028 - Status: PASSED (16ms)

[2026-07-22T07:01:07.367Z] INFO: Starting Test Case: TC_REGR_029 - Regression validation check - Scenario 29 [Priority: LOW]
[2026-07-22T07:01:07.381Z] INFO: Finished Test Case: TC_REGR_029 - Status: PASSED (14ms)

[2026-07-22T07:01:07.381Z] INFO: Starting Test Case: TC_REGR_030 - Regression validation check - Scenario 30 [Priority: MEDIUM]
[2026-07-22T07:01:07.412Z] INFO: Finished Test Case: TC_REGR_030 - Status: PASSED (31ms)

[2026-07-22T07:01:07.412Z] INFO: Starting Test Case: TC_REGR_031 - Regression validation check - Scenario 31 [Priority: CRITICAL]
[2026-07-22T07:01:07.446Z] INFO: Finished Test Case: TC_REGR_031 - Status: PASSED (34ms)

[2026-07-22T07:01:07.446Z] INFO: Starting Test Case: TC_REGR_032 - Regression validation check - Scenario 32 [Priority: HIGH]
[2026-07-22T07:01:07.483Z] INFO: Finished Test Case: TC_REGR_032 - Status: PASSED (37ms)

[2026-07-22T07:01:07.483Z] INFO: Starting Test Case: TC_REGR_033 - Regression validation check - Scenario 33 [Priority: HIGH]
[2026-07-22T07:01:07.497Z] INFO: Finished Test Case: TC_REGR_033 - Status: PASSED (14ms)

[2026-07-22T07:01:07.497Z] INFO: Starting Test Case: TC_REGR_034 - Regression validation check - Scenario 34 [Priority: LOW]
[2026-07-22T07:01:07.505Z] INFO: Finished Test Case: TC_REGR_034 - Status: PASSED (8ms)

[2026-07-22T07:01:07.505Z] INFO: Starting Test Case: TC_REGR_035 - Regression validation check - Scenario 35 [Priority: MEDIUM]
[2026-07-22T07:01:07.517Z] INFO: Finished Test Case: TC_REGR_035 - Status: PASSED (12ms)

[2026-07-22T07:01:07.517Z] INFO: Starting Test Case: TC_REGR_036 - Regression validation check - Scenario 36 [Priority: CRITICAL]
[2026-07-22T07:01:07.531Z] INFO: Finished Test Case: TC_REGR_036 - Status: PASSED (14ms)

[2026-07-22T07:01:07.531Z] INFO: Starting Test Case: TC_REGR_037 - Regression validation check - Scenario 37 [Priority: HIGH]
[2026-07-22T07:01:07.556Z] INFO: Finished Test Case: TC_REGR_037 - Status: PASSED (25ms)

[2026-07-22T07:01:07.556Z] INFO: Starting Test Case: TC_REGR_038 - Regression validation check - Scenario 38 [Priority: HIGH]
[2026-07-22T07:01:07.573Z] INFO: Finished Test Case: TC_REGR_038 - Status: PASSED (17ms)

[2026-07-22T07:01:07.573Z] INFO: Starting Test Case: TC_REGR_039 - Regression validation check - Scenario 39 [Priority: LOW]
[2026-07-22T07:01:07.584Z] INFO: Finished Test Case: TC_REGR_039 - Status: PASSED (11ms)

[2026-07-22T07:01:07.584Z] INFO: Starting Test Case: TC_REGR_040 - Regression validation check - Scenario 40 [Priority: MEDIUM]
[2026-07-22T07:01:07.613Z] INFO: Finished Test Case: TC_REGR_040 - Status: PASSED (29ms)

[2026-07-22T07:01:07.613Z] INFO: Starting Test Case: TC_REGR_041 - Regression validation check - Scenario 41 [Priority: CRITICAL]
[2026-07-22T07:01:07.638Z] INFO: Finished Test Case: TC_REGR_041 - Status: PASSED (25ms)

[2026-07-22T07:01:07.639Z] INFO: Starting Test Case: TC_REGR_042 - Regression validation check - Scenario 42 [Priority: HIGH]
[2026-07-22T07:01:07.650Z] INFO: Finished Test Case: TC_REGR_042 - Status: PASSED (11ms)

[2026-07-22T07:01:07.650Z] INFO: Starting Test Case: TC_REGR_043 - Regression validation check - Scenario 43 [Priority: HIGH]
[2026-07-22T07:01:07.671Z] INFO: Finished Test Case: TC_REGR_043 - Status: PASSED (21ms)

[2026-07-22T07:01:07.671Z] INFO: Starting Test Case: TC_REGR_044 - Regression validation check - Scenario 44 [Priority: LOW]
[2026-07-22T07:01:07.715Z] INFO: Finished Test Case: TC_REGR_044 - Status: PASSED (44ms)

[2026-07-22T07:01:07.716Z] INFO: Starting Test Case: TC_REGR_045 - Regression validation check - Scenario 45 [Priority: MEDIUM]
[2026-07-22T07:01:07.747Z] INFO: Finished Test Case: TC_REGR_045 - Status: PASSED (31ms)

[2026-07-22T07:01:07.747Z] INFO: Starting Test Case: TC_REGR_046 - Regression validation check - Scenario 46 [Priority: CRITICAL]
[2026-07-22T07:01:07.785Z] INFO: Finished Test Case: TC_REGR_046 - Status: PASSED (38ms)

[2026-07-22T07:01:07.785Z] INFO: Starting Test Case: TC_REGR_047 - Regression validation check - Scenario 47 [Priority: HIGH]
[2026-07-22T07:01:07.834Z] INFO: Finished Test Case: TC_REGR_047 - Status: PASSED (49ms)

[2026-07-22T07:01:07.834Z] INFO: Starting Test Case: TC_REGR_048 - Regression validation check - Scenario 48 [Priority: HIGH]
[2026-07-22T07:01:07.879Z] INFO: Finished Test Case: TC_REGR_048 - Status: PASSED (45ms)

[2026-07-22T07:01:07.879Z] INFO: Starting Test Case: TC_REGR_049 - Regression validation check - Scenario 49 [Priority: LOW]
[2026-07-22T07:01:07.904Z] INFO: Finished Test Case: TC_REGR_049 - Status: PASSED (25ms)

[2026-07-22T07:01:07.905Z] INFO: Starting Test Case: TC_REGR_050 - Regression validation check - Scenario 50 [Priority: MEDIUM]
[2026-07-22T07:01:07.924Z] INFO: Finished Test Case: TC_REGR_050 - Status: PASSED (19ms)

[2026-07-22T07:01:07.924Z] INFO: Closing Chrome driver session...
[2026-07-22T07:01:07.927Z] INFO: Browser logs saved successfully to: /home/runner/work/pddtesting/pddtesting/automation/reports/Logs/browser-console.log
[2026-07-22T07:01:07.979Z] INFO: Session closed.
[2026-07-22T07:01:07.979Z] INFO: E2E suite execution finished. Total duration: 39.39s
[2026-07-22T07:01:07.979Z] INFO: Generating Excel automation reports...
[2026-07-22T07:01:08.191Z] INFO: Master Excel report written to: /home/runner/work/pddtesting/pddtesting/automation/reports/Excel/Automation_Test_Report.xlsx
[2026-07-22T07:01:08.299Z] INFO: Excel report generation completed successfully!
[2026-07-22T07:01:08.300Z] INFO: Generating HTML automation reports...
[2026-07-22T07:01:08.306Z] INFO: HTML Reports successfully written to: /home/runner/work/pddtesting/pddtesting/automation/reports/HTML
[2026-07-22T07:01:08.308Z] INFO: JSON report generated at: /home/runner/work/pddtesting/pddtesting/automation/reports/JSON/execution-results.json
[2026-07-22T07:01:08.308Z] INFO: Markdown step summary generated at: /home/runner/work/pddtesting/pddtesting/automation/reports/Summary/summary.md
[2026-07-22T07:01:08.308Z] INFO: Final Metrics -> Total: 470, Passed: 467, Pass Rate: 99.36%
[2026-07-22T07:01:08.308Z] INFO: Critical Tests -> Total: 95, Failed: 1, Critical Fail Rate: 1.05%
[2026-07-22T07:01:08.308Z] INFO: Execution Passed: All criteria (Pass Rate >= 95% and Critical Fail Rate <= 5%) met successfully!
