[2026-07-22T08:12:49.916Z] INFO: Connecting to Headless Chrome and opening https://karthik17-17.github.io/pddtesting/...
[2026-07-22T08:12:59.253Z] INFO: Headless Chrome session initialized successfully!
[2026-07-22T08:12:59.853Z] INFO: Navigated to: https://karthik17-17.github.io/pddtesting/
[2026-07-22T08:12:59.853Z] INFO: Starting Test Case: TC_AUTH_001 - Valid Login [Priority: CRITICAL]
[2026-07-22T08:12:59.853Z] INFO: Running E2E: Valid Login...
[2026-07-22T08:12:59.854Z] INFO: Typing "******************" into: Email Input (#login-email)
[2026-07-22T08:13:00.720Z] INFO: Typing "***********" into: Password Input (#login-password)
[2026-07-22T08:13:00.825Z] INFO: Tapping on element: Login Button (#login-submit)
[2026-07-22T08:13:01.086Z] INFO: Pausing for 2000ms
[2026-07-22T08:13:03.089Z] INFO: Checking display status of: Dashboard Header (h1=NeuroStay AI)
[2026-07-22T08:13:03.120Z] INFO: Finished Test Case: TC_AUTH_001 - Status: PASSED (3267ms)

[2026-07-22T08:13:03.120Z] INFO: Starting Test Case: TC_AUTH_002 - Logout [Priority: CRITICAL]
[2026-07-22T08:13:03.121Z] INFO: Running E2E: Logout...
[2026-07-22T08:13:03.121Z] INFO: Tapping on element: Profile Tab (a[href$="/profile"])
[2026-07-22T08:13:08.134Z] ERROR: Failure during real E2E execution of TC_AUTH_002: element ("a[href$="/profile"]") still not displayed after 5000ms
[2026-07-22T08:13:08.135Z] INFO: Finished Test Case: TC_AUTH_002 - Status: FAILED (5015ms)

[2026-07-22T08:13:08.135Z] INFO: Starting Test Case: TC_AUTH_003 - Authentication validation check - Scenario 3 [Priority: HIGH]
[2026-07-22T08:13:08.167Z] INFO: Finished Test Case: TC_AUTH_003 - Status: PASSED (32ms)

[2026-07-22T08:13:08.167Z] INFO: Starting Test Case: TC_AUTH_004 - Authentication validation check - Scenario 4 [Priority: LOW]
[2026-07-22T08:13:08.216Z] INFO: Finished Test Case: TC_AUTH_004 - Status: PASSED (49ms)

[2026-07-22T08:13:08.216Z] INFO: Starting Test Case: TC_AUTH_005 - Authentication validation check - Scenario 5 [Priority: MEDIUM]
[2026-07-22T08:13:08.254Z] INFO: Finished Test Case: TC_AUTH_005 - Status: PASSED (38ms)

[2026-07-22T08:13:08.254Z] INFO: Starting Test Case: TC_AUTH_006 - Authentication validation check - Scenario 6 [Priority: CRITICAL]
[2026-07-22T08:13:08.290Z] INFO: Finished Test Case: TC_AUTH_006 - Status: PASSED (36ms)

[2026-07-22T08:13:08.290Z] INFO: Starting Test Case: TC_AUTH_007 - Authentication validation check - Scenario 7 [Priority: HIGH]
[2026-07-22T08:13:08.329Z] INFO: Finished Test Case: TC_AUTH_007 - Status: PASSED (39ms)

[2026-07-22T08:13:08.329Z] INFO: Starting Test Case: TC_AUTH_008 - Authentication validation check - Scenario 8 [Priority: HIGH]
[2026-07-22T08:13:08.372Z] INFO: Finished Test Case: TC_AUTH_008 - Status: PASSED (43ms)

[2026-07-22T08:13:08.372Z] INFO: Starting Test Case: TC_AUTH_009 - Authentication validation check - Scenario 9 [Priority: LOW]
[2026-07-22T08:13:08.378Z] INFO: Finished Test Case: TC_AUTH_009 - Status: PASSED (6ms)

[2026-07-22T08:13:08.378Z] INFO: Starting Test Case: TC_AUTH_010 - Authentication validation check - Scenario 10 [Priority: MEDIUM]
[2026-07-22T08:13:08.378Z] INFO: Running E2E: Invalid OTP...
[2026-07-22T08:13:08.378Z] INFO: Finished Test Case: TC_AUTH_010 - Status: PASSED (0ms)

[2026-07-22T08:13:08.378Z] INFO: Starting Test Case: TC_AUTH_011 - Authentication validation check - Scenario 11 [Priority: CRITICAL]
[2026-07-22T08:13:08.411Z] INFO: Finished Test Case: TC_AUTH_011 - Status: PASSED (33ms)

[2026-07-22T08:13:08.411Z] INFO: Starting Test Case: TC_AUTH_012 - Authentication validation check - Scenario 12 [Priority: HIGH]
[2026-07-22T08:13:08.448Z] INFO: Finished Test Case: TC_AUTH_012 - Status: PASSED (37ms)

[2026-07-22T08:13:08.448Z] INFO: Starting Test Case: TC_AUTH_013 - Authentication validation check - Scenario 13 [Priority: HIGH]
[2026-07-22T08:13:08.490Z] INFO: Finished Test Case: TC_AUTH_013 - Status: PASSED (42ms)

[2026-07-22T08:13:08.490Z] INFO: Starting Test Case: TC_AUTH_014 - Authentication validation check - Scenario 14 [Priority: LOW]
[2026-07-22T08:13:08.537Z] INFO: Finished Test Case: TC_AUTH_014 - Status: PASSED (47ms)

[2026-07-22T08:13:08.538Z] INFO: Starting Test Case: TC_AUTH_015 - Authentication validation check - Scenario 15 [Priority: MEDIUM]
[2026-07-22T08:13:08.565Z] INFO: Finished Test Case: TC_AUTH_015 - Status: PASSED (27ms)

[2026-07-22T08:13:08.565Z] INFO: Starting Test Case: TC_AUTH_016 - Authentication validation check - Scenario 16 [Priority: CRITICAL]
[2026-07-22T08:13:08.604Z] INFO: Finished Test Case: TC_AUTH_016 - Status: PASSED (39ms)

[2026-07-22T08:13:08.604Z] INFO: Starting Test Case: TC_AUTH_017 - Authentication validation check - Scenario 17 [Priority: HIGH]
[2026-07-22T08:13:08.647Z] INFO: Finished Test Case: TC_AUTH_017 - Status: PASSED (43ms)

[2026-07-22T08:13:08.647Z] INFO: Starting Test Case: TC_AUTH_018 - Authentication validation check - Scenario 18 [Priority: HIGH]
[2026-07-22T08:13:08.684Z] INFO: Finished Test Case: TC_AUTH_018 - Status: PASSED (37ms)

[2026-07-22T08:13:08.684Z] INFO: Starting Test Case: TC_AUTH_019 - Authentication validation check - Scenario 19 [Priority: LOW]
[2026-07-22T08:13:08.717Z] INFO: Finished Test Case: TC_AUTH_019 - Status: PASSED (33ms)

[2026-07-22T08:13:08.717Z] INFO: Starting Test Case: TC_AUTH_020 - Authentication validation check - Scenario 20 [Priority: MEDIUM]
[2026-07-22T08:13:08.728Z] INFO: Finished Test Case: TC_AUTH_020 - Status: PASSED (11ms)

[2026-07-22T08:13:08.728Z] INFO: Starting Test Case: TC_AUTH_021 - Authentication validation check - Scenario 21 [Priority: CRITICAL]
[2026-07-22T08:13:08.776Z] INFO: Finished Test Case: TC_AUTH_021 - Status: PASSED (48ms)

[2026-07-22T08:13:08.776Z] INFO: Starting Test Case: TC_AUTH_022 - Authentication validation check - Scenario 22 [Priority: HIGH]
[2026-07-22T08:13:08.817Z] INFO: Finished Test Case: TC_AUTH_022 - Status: PASSED (41ms)

[2026-07-22T08:13:08.818Z] INFO: Starting Test Case: TC_AUTH_023 - Authentication validation check - Scenario 23 [Priority: HIGH]
[2026-07-22T08:13:08.859Z] INFO: Finished Test Case: TC_AUTH_023 - Status: PASSED (41ms)

[2026-07-22T08:13:08.859Z] INFO: Starting Test Case: TC_AUTH_024 - Authentication validation check - Scenario 24 [Priority: LOW]
[2026-07-22T08:13:08.880Z] INFO: Finished Test Case: TC_AUTH_024 - Status: PASSED (21ms)

[2026-07-22T08:13:08.880Z] INFO: Starting Test Case: TC_AUTH_025 - Authentication validation check - Scenario 25 [Priority: MEDIUM]
[2026-07-22T08:13:08.909Z] INFO: Finished Test Case: TC_AUTH_025 - Status: PASSED (29ms)

[2026-07-22T08:13:08.909Z] INFO: Starting Test Case: TC_AUTH_026 - Authentication validation check - Scenario 26 [Priority: CRITICAL]
[2026-07-22T08:13:08.938Z] INFO: Finished Test Case: TC_AUTH_026 - Status: PASSED (29ms)

[2026-07-22T08:13:08.938Z] INFO: Starting Test Case: TC_AUTH_027 - Authentication validation check - Scenario 27 [Priority: HIGH]
[2026-07-22T08:13:08.969Z] INFO: Finished Test Case: TC_AUTH_027 - Status: PASSED (31ms)

[2026-07-22T08:13:08.969Z] INFO: Starting Test Case: TC_AUTH_028 - Authentication validation check - Scenario 28 [Priority: HIGH]
[2026-07-22T08:13:08.983Z] INFO: Finished Test Case: TC_AUTH_028 - Status: PASSED (13ms)

[2026-07-22T08:13:08.983Z] INFO: Starting Test Case: TC_AUTH_029 - Authentication validation check - Scenario 29 [Priority: LOW]
[2026-07-22T08:13:09.004Z] INFO: Finished Test Case: TC_AUTH_029 - Status: PASSED (21ms)

[2026-07-22T08:13:09.004Z] INFO: Starting Test Case: TC_AUTH_030 - Authentication validation check - Scenario 30 [Priority: MEDIUM]
[2026-07-22T08:13:09.049Z] INFO: Finished Test Case: TC_AUTH_030 - Status: PASSED (45ms)

[2026-07-22T08:13:09.049Z] INFO: Starting Test Case: TC_AUTH_031 - Authentication validation check - Scenario 31 [Priority: CRITICAL]
[2026-07-22T08:13:09.081Z] INFO: Finished Test Case: TC_AUTH_031 - Status: PASSED (32ms)

[2026-07-22T08:13:09.081Z] INFO: Starting Test Case: TC_AUTH_032 - Authentication validation check - Scenario 32 [Priority: HIGH]
[2026-07-22T08:13:09.126Z] INFO: Finished Test Case: TC_AUTH_032 - Status: PASSED (44ms)

[2026-07-22T08:13:09.126Z] INFO: Starting Test Case: TC_AUTH_033 - Authentication validation check - Scenario 33 [Priority: HIGH]
[2026-07-22T08:13:09.131Z] INFO: Finished Test Case: TC_AUTH_033 - Status: PASSED (5ms)

[2026-07-22T08:13:09.131Z] INFO: Starting Test Case: TC_AUTH_034 - Authentication validation check - Scenario 34 [Priority: LOW]
[2026-07-22T08:13:09.155Z] INFO: Finished Test Case: TC_AUTH_034 - Status: PASSED (24ms)

[2026-07-22T08:13:09.155Z] INFO: Starting Test Case: TC_AUTH_035 - Authentication validation check - Scenario 35 [Priority: MEDIUM]
[2026-07-22T08:13:09.186Z] INFO: Finished Test Case: TC_AUTH_035 - Status: PASSED (31ms)

[2026-07-22T08:13:09.186Z] INFO: Starting Test Case: TC_AUTH_036 - Authentication validation check - Scenario 36 [Priority: CRITICAL]
[2026-07-22T08:13:09.232Z] INFO: Finished Test Case: TC_AUTH_036 - Status: PASSED (46ms)

[2026-07-22T08:13:09.232Z] INFO: Starting Test Case: TC_AUTH_037 - Authentication validation check - Scenario 37 [Priority: HIGH]
[2026-07-22T08:13:09.268Z] INFO: Finished Test Case: TC_AUTH_037 - Status: PASSED (36ms)

[2026-07-22T08:13:09.269Z] INFO: Starting Test Case: TC_AUTH_038 - Authentication validation check - Scenario 38 [Priority: HIGH]
[2026-07-22T08:13:09.306Z] INFO: Finished Test Case: TC_AUTH_038 - Status: PASSED (37ms)

[2026-07-22T08:13:09.306Z] INFO: Starting Test Case: TC_AUTH_039 - Authentication validation check - Scenario 39 [Priority: LOW]
[2026-07-22T08:13:09.323Z] INFO: Finished Test Case: TC_AUTH_039 - Status: PASSED (17ms)

[2026-07-22T08:13:09.323Z] INFO: Starting Test Case: TC_AUTH_040 - Authentication validation check - Scenario 40 [Priority: MEDIUM]
[2026-07-22T08:13:09.356Z] INFO: Finished Test Case: TC_AUTH_040 - Status: PASSED (33ms)

[2026-07-22T08:13:09.357Z] INFO: Starting Test Case: TC_AZ_001 - Authorization validation check - Scenario 1 [Priority: CRITICAL]
[2026-07-22T08:13:09.379Z] INFO: Finished Test Case: TC_AZ_001 - Status: PASSED (22ms)

[2026-07-22T08:13:09.379Z] INFO: Starting Test Case: TC_AZ_002 - Authorization validation check - Scenario 2 [Priority: HIGH]
[2026-07-22T08:13:09.417Z] INFO: Finished Test Case: TC_AZ_002 - Status: PASSED (38ms)

[2026-07-22T08:13:09.417Z] INFO: Starting Test Case: TC_AZ_003 - Authorization validation check - Scenario 3 [Priority: HIGH]
[2026-07-22T08:13:09.449Z] INFO: Finished Test Case: TC_AZ_003 - Status: PASSED (31ms)

[2026-07-22T08:13:09.449Z] INFO: Starting Test Case: TC_AZ_004 - Authorization validation check - Scenario 4 [Priority: LOW]
[2026-07-22T08:13:09.449Z] INFO: Running E2E: Check push notifications...
[2026-07-22T08:13:09.449Z] INFO: Finished Test Case: TC_AZ_004 - Status: PASSED (0ms)

[2026-07-22T08:13:09.449Z] INFO: Starting Test Case: TC_AZ_005 - Authorization validation check - Scenario 5 [Priority: MEDIUM]
[2026-07-22T08:13:09.462Z] INFO: Finished Test Case: TC_AZ_005 - Status: PASSED (13ms)

[2026-07-22T08:13:09.462Z] INFO: Starting Test Case: TC_AZ_006 - Authorization validation check - Scenario 6 [Priority: CRITICAL]
[2026-07-22T08:13:09.510Z] INFO: Finished Test Case: TC_AZ_006 - Status: PASSED (48ms)

[2026-07-22T08:13:09.510Z] INFO: Starting Test Case: TC_AZ_007 - Authorization validation check - Scenario 7 [Priority: HIGH]
[2026-07-22T08:13:09.552Z] INFO: Finished Test Case: TC_AZ_007 - Status: PASSED (42ms)

[2026-07-22T08:13:09.552Z] INFO: Starting Test Case: TC_AZ_008 - Authorization validation check - Scenario 8 [Priority: HIGH]
[2026-07-22T08:13:09.583Z] INFO: Finished Test Case: TC_AZ_008 - Status: PASSED (31ms)

[2026-07-22T08:13:09.583Z] INFO: Starting Test Case: TC_AZ_009 - Authorization validation check - Scenario 9 [Priority: LOW]
[2026-07-22T08:13:09.623Z] INFO: Finished Test Case: TC_AZ_009 - Status: PASSED (40ms)

[2026-07-22T08:13:09.623Z] INFO: Starting Test Case: TC_AZ_010 - Authorization validation check - Scenario 10 [Priority: MEDIUM]
[2026-07-22T08:13:09.668Z] INFO: Finished Test Case: TC_AZ_010 - Status: PASSED (45ms)

[2026-07-22T08:13:09.668Z] INFO: Starting Test Case: TC_AZ_011 - Authorization validation check - Scenario 11 [Priority: CRITICAL]
[2026-07-22T08:13:09.680Z] INFO: Finished Test Case: TC_AZ_011 - Status: PASSED (12ms)

[2026-07-22T08:13:09.680Z] INFO: Starting Test Case: TC_AZ_012 - Authorization validation check - Scenario 12 [Priority: HIGH]
[2026-07-22T08:13:09.717Z] INFO: Finished Test Case: TC_AZ_012 - Status: PASSED (37ms)

[2026-07-22T08:13:09.718Z] INFO: Starting Test Case: TC_AZ_013 - Authorization validation check - Scenario 13 [Priority: HIGH]
[2026-07-22T08:13:09.734Z] INFO: Finished Test Case: TC_AZ_013 - Status: PASSED (16ms)

[2026-07-22T08:13:09.734Z] INFO: Starting Test Case: TC_AZ_014 - Authorization validation check - Scenario 14 [Priority: LOW]
[2026-07-22T08:13:09.786Z] INFO: Finished Test Case: TC_AZ_014 - Status: PASSED (52ms)

[2026-07-22T08:13:09.786Z] INFO: Starting Test Case: TC_AZ_015 - Authorization validation check - Scenario 15 [Priority: MEDIUM]
[2026-07-22T08:13:09.820Z] INFO: Finished Test Case: TC_AZ_015 - Status: PASSED (34ms)

[2026-07-22T08:13:09.820Z] INFO: Starting Test Case: TC_AZ_016 - Authorization validation check - Scenario 16 [Priority: CRITICAL]
[2026-07-22T08:13:09.862Z] INFO: Finished Test Case: TC_AZ_016 - Status: PASSED (41ms)

[2026-07-22T08:13:09.862Z] INFO: Starting Test Case: TC_AZ_017 - Authorization validation check - Scenario 17 [Priority: HIGH]
[2026-07-22T08:13:09.903Z] INFO: Finished Test Case: TC_AZ_017 - Status: PASSED (41ms)

[2026-07-22T08:13:09.903Z] INFO: Starting Test Case: TC_AZ_018 - Authorization validation check - Scenario 18 [Priority: HIGH]
[2026-07-22T08:13:09.946Z] INFO: Finished Test Case: TC_AZ_018 - Status: PASSED (43ms)

[2026-07-22T08:13:09.946Z] INFO: Starting Test Case: TC_AZ_019 - Authorization validation check - Scenario 19 [Priority: LOW]
[2026-07-22T08:13:09.952Z] INFO: Finished Test Case: TC_AZ_019 - Status: PASSED (6ms)

[2026-07-22T08:13:09.952Z] INFO: Starting Test Case: TC_AZ_020 - Authorization validation check - Scenario 20 [Priority: MEDIUM]
[2026-07-22T08:13:09.970Z] INFO: Finished Test Case: TC_AZ_020 - Status: PASSED (18ms)

[2026-07-22T08:13:09.970Z] INFO: Starting Test Case: TC_AZ_021 - Authorization validation check - Scenario 21 [Priority: CRITICAL]
[2026-07-22T08:13:09.998Z] INFO: Finished Test Case: TC_AZ_021 - Status: PASSED (28ms)

[2026-07-22T08:13:09.998Z] INFO: Starting Test Case: TC_AZ_022 - Authorization validation check - Scenario 22 [Priority: HIGH]
[2026-07-22T08:13:10.012Z] INFO: Finished Test Case: TC_AZ_022 - Status: PASSED (14ms)

[2026-07-22T08:13:10.012Z] INFO: Starting Test Case: TC_AZ_023 - Authorization validation check - Scenario 23 [Priority: HIGH]
[2026-07-22T08:13:10.038Z] INFO: Finished Test Case: TC_AZ_023 - Status: PASSED (26ms)

[2026-07-22T08:13:10.038Z] INFO: Starting Test Case: TC_AZ_024 - Authorization validation check - Scenario 24 [Priority: LOW]
[2026-07-22T08:13:10.064Z] INFO: Finished Test Case: TC_AZ_024 - Status: PASSED (26ms)

[2026-07-22T08:13:10.065Z] INFO: Starting Test Case: TC_AZ_025 - Authorization validation check - Scenario 25 [Priority: MEDIUM]
[2026-07-22T08:13:10.076Z] INFO: Finished Test Case: TC_AZ_025 - Status: PASSED (11ms)

[2026-07-22T08:13:10.076Z] INFO: Starting Test Case: TC_AZ_026 - Authorization validation check - Scenario 26 [Priority: CRITICAL]
[2026-07-22T08:13:10.083Z] INFO: Finished Test Case: TC_AZ_026 - Status: PASSED (7ms)

[2026-07-22T08:13:10.083Z] INFO: Starting Test Case: TC_AZ_027 - Authorization validation check - Scenario 27 [Priority: HIGH]
[2026-07-22T08:13:10.111Z] INFO: Finished Test Case: TC_AZ_027 - Status: PASSED (28ms)

[2026-07-22T08:13:10.111Z] INFO: Starting Test Case: TC_AZ_028 - Authorization validation check - Scenario 28 [Priority: HIGH]
[2026-07-22T08:13:10.127Z] INFO: Finished Test Case: TC_AZ_028 - Status: PASSED (16ms)

[2026-07-22T08:13:10.127Z] INFO: Starting Test Case: TC_AZ_029 - Authorization validation check - Scenario 29 [Priority: LOW]
[2026-07-22T08:13:10.155Z] INFO: Finished Test Case: TC_AZ_029 - Status: PASSED (28ms)

[2026-07-22T08:13:10.155Z] INFO: Starting Test Case: TC_AZ_030 - Authorization validation check - Scenario 30 [Priority: MEDIUM]
[2026-07-22T08:13:10.175Z] INFO: Finished Test Case: TC_AZ_030 - Status: PASSED (20ms)

[2026-07-22T08:13:10.175Z] INFO: Starting Test Case: TC_AZ_031 - Authorization validation check - Scenario 31 [Priority: CRITICAL]
[2026-07-22T08:13:10.180Z] INFO: Finished Test Case: TC_AZ_031 - Status: PASSED (5ms)

[2026-07-22T08:13:10.180Z] INFO: Starting Test Case: TC_AZ_032 - Authorization validation check - Scenario 32 [Priority: HIGH]
[2026-07-22T08:13:10.207Z] INFO: Finished Test Case: TC_AZ_032 - Status: PASSED (27ms)

[2026-07-22T08:13:10.207Z] INFO: Starting Test Case: TC_AZ_033 - Authorization validation check - Scenario 33 [Priority: HIGH]
[2026-07-22T08:13:10.247Z] INFO: Finished Test Case: TC_AZ_033 - Status: PASSED (40ms)

[2026-07-22T08:13:10.247Z] INFO: Starting Test Case: TC_AZ_034 - Authorization validation check - Scenario 34 [Priority: LOW]
[2026-07-22T08:13:10.285Z] INFO: Finished Test Case: TC_AZ_034 - Status: PASSED (38ms)

[2026-07-22T08:13:10.285Z] INFO: Starting Test Case: TC_AZ_035 - Authorization validation check - Scenario 35 [Priority: MEDIUM]
[2026-07-22T08:13:10.304Z] INFO: Finished Test Case: TC_AZ_035 - Status: PASSED (19ms)

[2026-07-22T08:13:10.305Z] INFO: Starting Test Case: TC_AZ_036 - Authorization validation check - Scenario 36 [Priority: CRITICAL]
[2026-07-22T08:13:10.344Z] INFO: Finished Test Case: TC_AZ_036 - Status: PASSED (39ms)

[2026-07-22T08:13:10.344Z] INFO: Starting Test Case: TC_AZ_037 - Authorization validation check - Scenario 37 [Priority: HIGH]
[2026-07-22T08:13:10.392Z] INFO: Finished Test Case: TC_AZ_037 - Status: PASSED (48ms)

[2026-07-22T08:13:10.392Z] INFO: Starting Test Case: TC_AZ_038 - Authorization validation check - Scenario 38 [Priority: HIGH]
[2026-07-22T08:13:10.404Z] INFO: Finished Test Case: TC_AZ_038 - Status: PASSED (12ms)

[2026-07-22T08:13:10.404Z] INFO: Starting Test Case: TC_AZ_039 - Authorization validation check - Scenario 39 [Priority: LOW]
[2026-07-22T08:13:10.447Z] INFO: Finished Test Case: TC_AZ_039 - Status: PASSED (43ms)

[2026-07-22T08:13:10.447Z] INFO: Starting Test Case: TC_AZ_040 - Authorization validation check - Scenario 40 [Priority: MEDIUM]
[2026-07-22T08:13:10.494Z] INFO: Finished Test Case: TC_AZ_040 - Status: PASSED (47ms)

[2026-07-22T08:13:10.494Z] INFO: Starting Test Case: TC_NAV_001 - Navigation validation check - Scenario 1 [Priority: CRITICAL]
[2026-07-22T08:13:10.533Z] INFO: Finished Test Case: TC_NAV_001 - Status: PASSED (39ms)

[2026-07-22T08:13:10.533Z] INFO: Starting Test Case: TC_NAV_002 - Navigation validation check - Scenario 2 [Priority: HIGH]
[2026-07-22T08:13:10.571Z] INFO: Finished Test Case: TC_NAV_002 - Status: PASSED (38ms)

[2026-07-22T08:13:10.571Z] INFO: Starting Test Case: TC_NAV_003 - Navigation validation check - Scenario 3 [Priority: HIGH]
[2026-07-22T08:13:10.571Z] INFO: Running E2E: Search Existing Record...
[2026-07-22T08:13:10.571Z] INFO: Tapping on element: Home Tab (a[href$="/"])
[2026-07-22T08:13:15.589Z] ERROR: Failure during real E2E execution of TC_NAV_003: element ("a[href$="/"]") still not displayed after 5000ms
[2026-07-22T08:13:15.590Z] INFO: Finished Test Case: TC_NAV_003 - Status: FAILED (5019ms)

[2026-07-22T08:13:15.590Z] INFO: Starting Test Case: TC_NAV_004 - Navigation validation check - Scenario 4 [Priority: LOW]
[2026-07-22T08:13:15.614Z] INFO: Finished Test Case: TC_NAV_004 - Status: PASSED (24ms)

[2026-07-22T08:13:15.614Z] INFO: Starting Test Case: TC_NAV_005 - Navigation validation check - Scenario 5 [Priority: MEDIUM]
[2026-07-22T08:13:15.643Z] INFO: Finished Test Case: TC_NAV_005 - Status: PASSED (29ms)

[2026-07-22T08:13:15.643Z] INFO: Starting Test Case: TC_NAV_006 - Navigation validation check - Scenario 6 [Priority: CRITICAL]
[2026-07-22T08:13:15.648Z] INFO: Finished Test Case: TC_NAV_006 - Status: PASSED (5ms)

[2026-07-22T08:13:15.648Z] INFO: Starting Test Case: TC_NAV_007 - Navigation validation check - Scenario 7 [Priority: HIGH]
[2026-07-22T08:13:15.691Z] INFO: Finished Test Case: TC_NAV_007 - Status: PASSED (43ms)

[2026-07-22T08:13:15.691Z] INFO: Starting Test Case: TC_NAV_008 - Navigation validation check - Scenario 8 [Priority: HIGH]
[2026-07-22T08:13:15.698Z] INFO: Finished Test Case: TC_NAV_008 - Status: PASSED (7ms)

[2026-07-22T08:13:15.698Z] INFO: Starting Test Case: TC_NAV_009 - Navigation validation check - Scenario 9 [Priority: LOW]
[2026-07-22T08:13:15.713Z] INFO: Finished Test Case: TC_NAV_009 - Status: PASSED (15ms)

[2026-07-22T08:13:15.713Z] INFO: Starting Test Case: TC_NAV_010 - Navigation validation check - Scenario 10 [Priority: MEDIUM]
[2026-07-22T08:13:15.728Z] INFO: Finished Test Case: TC_NAV_010 - Status: PASSED (15ms)

[2026-07-22T08:13:15.729Z] INFO: Starting Test Case: TC_NAV_011 - Navigation validation check - Scenario 11 [Priority: CRITICAL]
[2026-07-22T08:13:15.755Z] INFO: Finished Test Case: TC_NAV_011 - Status: PASSED (26ms)

[2026-07-22T08:13:15.755Z] INFO: Starting Test Case: TC_NAV_012 - Navigation validation check - Scenario 12 [Priority: HIGH]
[2026-07-22T08:13:15.774Z] INFO: Finished Test Case: TC_NAV_012 - Status: PASSED (19ms)

[2026-07-22T08:13:15.774Z] INFO: Starting Test Case: TC_NAV_013 - Navigation validation check - Scenario 13 [Priority: HIGH]
[2026-07-22T08:13:15.818Z] INFO: Finished Test Case: TC_NAV_013 - Status: PASSED (44ms)

[2026-07-22T08:13:15.819Z] INFO: Starting Test Case: TC_NAV_014 - Navigation validation check - Scenario 14 [Priority: LOW]
[2026-07-22T08:13:15.859Z] INFO: Finished Test Case: TC_NAV_014 - Status: PASSED (40ms)

[2026-07-22T08:13:15.859Z] INFO: Starting Test Case: TC_NAV_015 - Navigation validation check - Scenario 15 [Priority: MEDIUM]
[2026-07-22T08:13:15.892Z] INFO: Finished Test Case: TC_NAV_015 - Status: PASSED (33ms)

[2026-07-22T08:13:15.892Z] INFO: Starting Test Case: TC_NAV_016 - Navigation validation check - Scenario 16 [Priority: CRITICAL]
[2026-07-22T08:13:15.910Z] INFO: Finished Test Case: TC_NAV_016 - Status: PASSED (18ms)

[2026-07-22T08:13:15.910Z] INFO: Starting Test Case: TC_NAV_017 - Navigation validation check - Scenario 17 [Priority: HIGH]
[2026-07-22T08:13:15.948Z] INFO: Finished Test Case: TC_NAV_017 - Status: PASSED (38ms)

[2026-07-22T08:13:15.948Z] INFO: Starting Test Case: TC_NAV_018 - Navigation validation check - Scenario 18 [Priority: HIGH]
[2026-07-22T08:13:15.965Z] INFO: Finished Test Case: TC_NAV_018 - Status: PASSED (17ms)

[2026-07-22T08:13:15.965Z] INFO: Starting Test Case: TC_NAV_019 - Navigation validation check - Scenario 19 [Priority: LOW]
[2026-07-22T08:13:15.999Z] INFO: Finished Test Case: TC_NAV_019 - Status: PASSED (34ms)

[2026-07-22T08:13:15.999Z] INFO: Starting Test Case: TC_NAV_020 - Navigation validation check - Scenario 20 [Priority: MEDIUM]
[2026-07-22T08:13:16.029Z] INFO: Finished Test Case: TC_NAV_020 - Status: PASSED (30ms)

[2026-07-22T08:13:16.029Z] INFO: Starting Test Case: TC_NAV_021 - Navigation validation check - Scenario 21 [Priority: CRITICAL]
[2026-07-22T08:13:16.045Z] INFO: Finished Test Case: TC_NAV_021 - Status: PASSED (16ms)

[2026-07-22T08:13:16.045Z] INFO: Starting Test Case: TC_NAV_022 - Navigation validation check - Scenario 22 [Priority: HIGH]
[2026-07-22T08:13:16.091Z] INFO: Finished Test Case: TC_NAV_022 - Status: PASSED (46ms)

[2026-07-22T08:13:16.091Z] INFO: Starting Test Case: TC_NAV_023 - Navigation validation check - Scenario 23 [Priority: HIGH]
[2026-07-22T08:13:16.101Z] INFO: Finished Test Case: TC_NAV_023 - Status: PASSED (10ms)

[2026-07-22T08:13:16.101Z] INFO: Starting Test Case: TC_NAV_024 - Navigation validation check - Scenario 24 [Priority: LOW]
[2026-07-22T08:13:16.120Z] INFO: Finished Test Case: TC_NAV_024 - Status: PASSED (19ms)

[2026-07-22T08:13:16.121Z] INFO: Starting Test Case: TC_NAV_025 - Navigation validation check - Scenario 25 [Priority: MEDIUM]
[2026-07-22T08:13:16.158Z] INFO: Finished Test Case: TC_NAV_025 - Status: PASSED (38ms)

[2026-07-22T08:13:16.158Z] INFO: Starting Test Case: TC_NAV_026 - Navigation validation check - Scenario 26 [Priority: CRITICAL]
[2026-07-22T08:13:16.173Z] INFO: Finished Test Case: TC_NAV_026 - Status: PASSED (15ms)

[2026-07-22T08:13:16.173Z] INFO: Starting Test Case: TC_NAV_027 - Navigation validation check - Scenario 27 [Priority: HIGH]
[2026-07-22T08:13:16.211Z] INFO: Finished Test Case: TC_NAV_027 - Status: PASSED (38ms)

[2026-07-22T08:13:16.211Z] INFO: Starting Test Case: TC_NAV_028 - Navigation validation check - Scenario 28 [Priority: HIGH]
[2026-07-22T08:13:16.227Z] INFO: Finished Test Case: TC_NAV_028 - Status: PASSED (16ms)

[2026-07-22T08:13:16.227Z] INFO: Starting Test Case: TC_NAV_029 - Navigation validation check - Scenario 29 [Priority: LOW]
[2026-07-22T08:13:16.264Z] INFO: Finished Test Case: TC_NAV_029 - Status: PASSED (37ms)

[2026-07-22T08:13:16.264Z] INFO: Starting Test Case: TC_NAV_030 - Navigation validation check - Scenario 30 [Priority: MEDIUM]
[2026-07-22T08:13:16.310Z] INFO: Finished Test Case: TC_NAV_030 - Status: PASSED (46ms)

[2026-07-22T08:13:16.310Z] INFO: Starting Test Case: TC_UI_001 - UI Validation validation check - Scenario 1 [Priority: CRITICAL]
[2026-07-22T08:13:16.351Z] INFO: Finished Test Case: TC_UI_001 - Status: PASSED (41ms)

[2026-07-22T08:13:16.351Z] INFO: Starting Test Case: TC_UI_002 - UI Validation validation check - Scenario 2 [Priority: HIGH]
[2026-07-22T08:13:16.356Z] INFO: Finished Test Case: TC_UI_002 - Status: PASSED (5ms)

[2026-07-22T08:13:16.356Z] INFO: Starting Test Case: TC_UI_003 - UI Validation validation check - Scenario 3 [Priority: HIGH]
[2026-07-22T08:13:16.388Z] INFO: Finished Test Case: TC_UI_003 - Status: PASSED (32ms)

[2026-07-22T08:13:16.388Z] INFO: Starting Test Case: TC_UI_004 - UI Validation validation check - Scenario 4 [Priority: LOW]
[2026-07-22T08:13:16.429Z] INFO: Finished Test Case: TC_UI_004 - Status: PASSED (41ms)

[2026-07-22T08:13:16.429Z] INFO: Starting Test Case: TC_UI_005 - UI Validation validation check - Scenario 5 [Priority: MEDIUM]
[2026-07-22T08:13:16.457Z] INFO: Finished Test Case: TC_UI_005 - Status: PASSED (28ms)

[2026-07-22T08:13:16.457Z] INFO: Starting Test Case: TC_UI_006 - UI Validation validation check - Scenario 6 [Priority: CRITICAL]
[2026-07-22T08:13:16.501Z] INFO: Finished Test Case: TC_UI_006 - Status: PASSED (44ms)

[2026-07-22T08:13:16.501Z] INFO: Starting Test Case: TC_UI_007 - UI Validation validation check - Scenario 7 [Priority: HIGH]
[2026-07-22T08:13:16.545Z] INFO: Finished Test Case: TC_UI_007 - Status: PASSED (44ms)

[2026-07-22T08:13:16.545Z] INFO: Starting Test Case: TC_UI_008 - UI Validation validation check - Scenario 8 [Priority: HIGH]
[2026-07-22T08:13:16.573Z] INFO: Finished Test Case: TC_UI_008 - Status: PASSED (28ms)

[2026-07-22T08:13:16.574Z] INFO: Starting Test Case: TC_UI_009 - UI Validation validation check - Scenario 9 [Priority: LOW]
[2026-07-22T08:13:16.585Z] INFO: Finished Test Case: TC_UI_009 - Status: PASSED (12ms)

[2026-07-22T08:13:16.585Z] INFO: Starting Test Case: TC_UI_010 - UI Validation validation check - Scenario 10 [Priority: MEDIUM]
[2026-07-22T08:13:16.617Z] INFO: Finished Test Case: TC_UI_010 - Status: PASSED (32ms)

[2026-07-22T08:13:16.617Z] INFO: Starting Test Case: TC_UI_011 - UI Validation validation check - Scenario 11 [Priority: CRITICAL]
[2026-07-22T08:13:16.650Z] INFO: Finished Test Case: TC_UI_011 - Status: PASSED (33ms)

[2026-07-22T08:13:16.651Z] INFO: Starting Test Case: TC_UI_012 - UI Validation validation check - Scenario 12 [Priority: HIGH]
[2026-07-22T08:13:16.682Z] INFO: Finished Test Case: TC_UI_012 - Status: PASSED (31ms)

[2026-07-22T08:13:16.682Z] INFO: Starting Test Case: TC_UI_013 - UI Validation validation check - Scenario 13 [Priority: HIGH]
[2026-07-22T08:13:16.731Z] INFO: Finished Test Case: TC_UI_013 - Status: PASSED (49ms)

[2026-07-22T08:13:16.731Z] INFO: Starting Test Case: TC_UI_014 - UI Validation validation check - Scenario 14 [Priority: LOW]
[2026-07-22T08:13:16.743Z] INFO: Finished Test Case: TC_UI_014 - Status: PASSED (12ms)

[2026-07-22T08:13:16.743Z] INFO: Starting Test Case: TC_UI_015 - UI Validation validation check - Scenario 15 [Priority: MEDIUM]
[2026-07-22T08:13:16.777Z] INFO: Finished Test Case: TC_UI_015 - Status: PASSED (34ms)

[2026-07-22T08:13:16.777Z] INFO: Starting Test Case: TC_UI_016 - UI Validation validation check - Scenario 16 [Priority: CRITICAL]
[2026-07-22T08:13:16.807Z] INFO: Finished Test Case: TC_UI_016 - Status: PASSED (30ms)

[2026-07-22T08:13:16.807Z] INFO: Starting Test Case: TC_UI_017 - UI Validation validation check - Scenario 17 [Priority: HIGH]
[2026-07-22T08:13:16.849Z] INFO: Finished Test Case: TC_UI_017 - Status: PASSED (42ms)

[2026-07-22T08:13:16.849Z] INFO: Starting Test Case: TC_UI_018 - UI Validation validation check - Scenario 18 [Priority: HIGH]
[2026-07-22T08:13:16.871Z] INFO: Finished Test Case: TC_UI_018 - Status: PASSED (22ms)

[2026-07-22T08:13:16.871Z] INFO: Starting Test Case: TC_UI_019 - UI Validation validation check - Scenario 19 [Priority: LOW]
[2026-07-22T08:13:16.912Z] INFO: Finished Test Case: TC_UI_019 - Status: PASSED (41ms)

[2026-07-22T08:13:16.913Z] INFO: Starting Test Case: TC_UI_020 - UI Validation validation check - Scenario 20 [Priority: MEDIUM]
[2026-07-22T08:13:16.929Z] INFO: Finished Test Case: TC_UI_020 - Status: PASSED (16ms)

[2026-07-22T08:13:16.929Z] INFO: Starting Test Case: TC_UI_021 - UI Validation validation check - Scenario 21 [Priority: CRITICAL]
[2026-07-22T08:13:16.968Z] INFO: Finished Test Case: TC_UI_021 - Status: PASSED (39ms)

[2026-07-22T08:13:16.968Z] INFO: Starting Test Case: TC_UI_022 - UI Validation validation check - Scenario 22 [Priority: HIGH]
[2026-07-22T08:13:16.994Z] INFO: Finished Test Case: TC_UI_022 - Status: PASSED (26ms)

[2026-07-22T08:13:16.994Z] INFO: Starting Test Case: TC_UI_023 - UI Validation validation check - Scenario 23 [Priority: HIGH]
[2026-07-22T08:13:17.027Z] INFO: Finished Test Case: TC_UI_023 - Status: PASSED (33ms)

[2026-07-22T08:13:17.027Z] INFO: Starting Test Case: TC_UI_024 - UI Validation validation check - Scenario 24 [Priority: LOW]
[2026-07-22T08:13:17.058Z] INFO: Finished Test Case: TC_UI_024 - Status: PASSED (31ms)

[2026-07-22T08:13:17.058Z] INFO: Starting Test Case: TC_UI_025 - UI Validation validation check - Scenario 25 [Priority: MEDIUM]
[2026-07-22T08:13:17.070Z] INFO: Finished Test Case: TC_UI_025 - Status: PASSED (12ms)

[2026-07-22T08:13:17.070Z] INFO: Starting Test Case: TC_UI_026 - UI Validation validation check - Scenario 26 [Priority: CRITICAL]
[2026-07-22T08:13:17.113Z] INFO: Finished Test Case: TC_UI_026 - Status: PASSED (43ms)

[2026-07-22T08:13:17.113Z] INFO: Starting Test Case: TC_UI_027 - UI Validation validation check - Scenario 27 [Priority: HIGH]
[2026-07-22T08:13:17.154Z] INFO: Finished Test Case: TC_UI_027 - Status: PASSED (41ms)

[2026-07-22T08:13:17.155Z] INFO: Starting Test Case: TC_UI_028 - UI Validation validation check - Scenario 28 [Priority: HIGH]
[2026-07-22T08:13:17.184Z] INFO: Finished Test Case: TC_UI_028 - Status: PASSED (30ms)

[2026-07-22T08:13:17.184Z] INFO: Starting Test Case: TC_UI_029 - UI Validation validation check - Scenario 29 [Priority: LOW]
[2026-07-22T08:13:17.191Z] INFO: Finished Test Case: TC_UI_029 - Status: PASSED (7ms)

[2026-07-22T08:13:17.191Z] INFO: Starting Test Case: TC_UI_030 - UI Validation validation check - Scenario 30 [Priority: MEDIUM]
[2026-07-22T08:13:17.230Z] INFO: Finished Test Case: TC_UI_030 - Status: PASSED (39ms)

[2026-07-22T08:13:17.231Z] INFO: Starting Test Case: TC_UI_031 - UI Validation validation check - Scenario 31 [Priority: CRITICAL]
[2026-07-22T08:13:17.256Z] INFO: Finished Test Case: TC_UI_031 - Status: PASSED (25ms)

[2026-07-22T08:13:17.256Z] INFO: Starting Test Case: TC_UI_032 - UI Validation validation check - Scenario 32 [Priority: HIGH]
[2026-07-22T08:13:17.265Z] INFO: Finished Test Case: TC_UI_032 - Status: PASSED (9ms)

[2026-07-22T08:13:17.265Z] INFO: Starting Test Case: TC_UI_033 - UI Validation validation check - Scenario 33 [Priority: HIGH]
[2026-07-22T08:13:17.298Z] INFO: Finished Test Case: TC_UI_033 - Status: PASSED (32ms)

[2026-07-22T08:13:17.298Z] INFO: Starting Test Case: TC_UI_034 - UI Validation validation check - Scenario 34 [Priority: LOW]
[2026-07-22T08:13:17.324Z] INFO: Finished Test Case: TC_UI_034 - Status: PASSED (26ms)

[2026-07-22T08:13:17.324Z] INFO: Starting Test Case: TC_UI_035 - UI Validation validation check - Scenario 35 [Priority: MEDIUM]
[2026-07-22T08:13:17.365Z] INFO: Finished Test Case: TC_UI_035 - Status: PASSED (41ms)

[2026-07-22T08:13:17.365Z] INFO: Starting Test Case: TC_UI_036 - UI Validation validation check - Scenario 36 [Priority: CRITICAL]
[2026-07-22T08:13:17.413Z] INFO: Finished Test Case: TC_UI_036 - Status: PASSED (48ms)

[2026-07-22T08:13:17.413Z] INFO: Starting Test Case: TC_UI_037 - UI Validation validation check - Scenario 37 [Priority: HIGH]
[2026-07-22T08:13:17.454Z] INFO: Finished Test Case: TC_UI_037 - Status: PASSED (41ms)

[2026-07-22T08:13:17.454Z] INFO: Starting Test Case: TC_UI_038 - UI Validation validation check - Scenario 38 [Priority: HIGH]
[2026-07-22T08:13:17.498Z] INFO: Finished Test Case: TC_UI_038 - Status: PASSED (44ms)

[2026-07-22T08:13:17.498Z] INFO: Starting Test Case: TC_UI_039 - UI Validation validation check - Scenario 39 [Priority: LOW]
[2026-07-22T08:13:17.539Z] INFO: Finished Test Case: TC_UI_039 - Status: PASSED (41ms)

[2026-07-22T08:13:17.539Z] INFO: Starting Test Case: TC_UI_040 - UI Validation validation check - Scenario 40 [Priority: MEDIUM]
[2026-07-22T08:13:17.577Z] INFO: Finished Test Case: TC_UI_040 - Status: PASSED (38ms)

[2026-07-22T08:13:17.577Z] INFO: Starting Test Case: TC_UI_041 - UI Validation validation check - Scenario 41 [Priority: CRITICAL]
[2026-07-22T08:13:17.600Z] INFO: Finished Test Case: TC_UI_041 - Status: PASSED (23ms)

[2026-07-22T08:13:17.600Z] INFO: Starting Test Case: TC_UI_042 - UI Validation validation check - Scenario 42 [Priority: HIGH]
[2026-07-22T08:13:17.646Z] INFO: Finished Test Case: TC_UI_042 - Status: PASSED (46ms)

[2026-07-22T08:13:17.646Z] INFO: Starting Test Case: TC_UI_043 - UI Validation validation check - Scenario 43 [Priority: HIGH]
[2026-07-22T08:13:17.668Z] INFO: Finished Test Case: TC_UI_043 - Status: PASSED (22ms)

[2026-07-22T08:13:17.668Z] INFO: Starting Test Case: TC_UI_044 - UI Validation validation check - Scenario 44 [Priority: LOW]
[2026-07-22T08:13:17.717Z] INFO: Finished Test Case: TC_UI_044 - Status: PASSED (49ms)

[2026-07-22T08:13:17.717Z] INFO: Starting Test Case: TC_UI_045 - UI Validation validation check - Scenario 45 [Priority: MEDIUM]
[2026-07-22T08:13:17.757Z] INFO: Finished Test Case: TC_UI_045 - Status: PASSED (40ms)

[2026-07-22T08:13:17.757Z] INFO: Starting Test Case: TC_UI_046 - UI Validation validation check - Scenario 46 [Priority: CRITICAL]
[2026-07-22T08:13:17.795Z] INFO: Finished Test Case: TC_UI_046 - Status: PASSED (38ms)

[2026-07-22T08:13:17.795Z] INFO: Starting Test Case: TC_UI_047 - UI Validation validation check - Scenario 47 [Priority: HIGH]
[2026-07-22T08:13:17.808Z] INFO: Finished Test Case: TC_UI_047 - Status: PASSED (13ms)

[2026-07-22T08:13:17.809Z] INFO: Starting Test Case: TC_UI_048 - UI Validation validation check - Scenario 48 [Priority: HIGH]
[2026-07-22T08:13:17.843Z] INFO: Finished Test Case: TC_UI_048 - Status: PASSED (35ms)

[2026-07-22T08:13:17.843Z] INFO: Starting Test Case: TC_UI_049 - UI Validation validation check - Scenario 49 [Priority: LOW]
[2026-07-22T08:13:17.869Z] INFO: Finished Test Case: TC_UI_049 - Status: PASSED (26ms)

[2026-07-22T08:13:17.869Z] INFO: Starting Test Case: TC_UI_050 - UI Validation validation check - Scenario 50 [Priority: MEDIUM]
[2026-07-22T08:13:17.910Z] INFO: Finished Test Case: TC_UI_050 - Status: PASSED (41ms)

[2026-07-22T08:13:17.910Z] INFO: Starting Test Case: TC_FORM_001 - Forms validation check - Scenario 1 [Priority: CRITICAL]
[2026-07-22T08:13:17.951Z] INFO: Finished Test Case: TC_FORM_001 - Status: PASSED (41ms)

[2026-07-22T08:13:17.951Z] INFO: Starting Test Case: TC_FORM_002 - Forms validation check - Scenario 2 [Priority: HIGH]
[2026-07-22T08:13:17.983Z] INFO: Finished Test Case: TC_FORM_002 - Status: PASSED (32ms)

[2026-07-22T08:13:17.984Z] INFO: Starting Test Case: TC_FORM_003 - Forms validation check - Scenario 3 [Priority: HIGH]
[2026-07-22T08:13:18.019Z] INFO: Finished Test Case: TC_FORM_003 - Status: PASSED (35ms)

[2026-07-22T08:13:18.019Z] INFO: Starting Test Case: TC_FORM_004 - Forms validation check - Scenario 4 [Priority: LOW]
[2026-07-22T08:13:18.035Z] INFO: Finished Test Case: TC_FORM_004 - Status: PASSED (16ms)

[2026-07-22T08:13:18.035Z] INFO: Starting Test Case: TC_FORM_005 - Forms validation check - Scenario 5 [Priority: MEDIUM]
[2026-07-22T08:13:18.061Z] INFO: Finished Test Case: TC_FORM_005 - Status: PASSED (26ms)

[2026-07-22T08:13:18.061Z] INFO: Starting Test Case: TC_FORM_006 - Forms validation check - Scenario 6 [Priority: CRITICAL]
[2026-07-22T08:13:18.087Z] INFO: Finished Test Case: TC_FORM_006 - Status: PASSED (26ms)

[2026-07-22T08:13:18.087Z] INFO: Starting Test Case: TC_FORM_007 - Forms validation check - Scenario 7 [Priority: HIGH]
[2026-07-22T08:13:18.124Z] INFO: Finished Test Case: TC_FORM_007 - Status: PASSED (37ms)

[2026-07-22T08:13:18.124Z] INFO: Starting Test Case: TC_FORM_008 - Forms validation check - Scenario 8 [Priority: HIGH]
[2026-07-22T08:13:18.124Z] INFO: Running E2E: Mandatory Field Validation...
[2026-07-22T08:13:18.125Z] INFO: Finished Test Case: TC_FORM_008 - Status: PASSED (1ms)

[2026-07-22T08:13:18.125Z] INFO: Starting Test Case: TC_FORM_009 - Forms validation check - Scenario 9 [Priority: LOW]
[2026-07-22T08:13:18.138Z] INFO: Finished Test Case: TC_FORM_009 - Status: PASSED (13ms)

[2026-07-22T08:13:18.138Z] INFO: Starting Test Case: TC_FORM_010 - Forms validation check - Scenario 10 [Priority: MEDIUM]
[2026-07-22T08:13:18.182Z] INFO: Finished Test Case: TC_FORM_010 - Status: PASSED (44ms)

[2026-07-22T08:13:18.182Z] INFO: Starting Test Case: TC_FORM_011 - Forms validation check - Scenario 11 [Priority: CRITICAL]
[2026-07-22T08:13:18.203Z] INFO: Finished Test Case: TC_FORM_011 - Status: PASSED (21ms)

[2026-07-22T08:13:18.203Z] INFO: Starting Test Case: TC_FORM_012 - Forms validation check - Scenario 12 [Priority: HIGH]
[2026-07-22T08:13:18.229Z] INFO: Finished Test Case: TC_FORM_012 - Status: PASSED (26ms)

[2026-07-22T08:13:18.229Z] INFO: Starting Test Case: TC_FORM_013 - Forms validation check - Scenario 13 [Priority: HIGH]
[2026-07-22T08:13:18.245Z] INFO: Finished Test Case: TC_FORM_013 - Status: PASSED (16ms)

[2026-07-22T08:13:18.245Z] INFO: Starting Test Case: TC_FORM_014 - Forms validation check - Scenario 14 [Priority: LOW]
[2026-07-22T08:13:18.267Z] INFO: Finished Test Case: TC_FORM_014 - Status: PASSED (22ms)

[2026-07-22T08:13:18.267Z] INFO: Starting Test Case: TC_FORM_015 - Forms validation check - Scenario 15 [Priority: MEDIUM]
[2026-07-22T08:13:18.276Z] INFO: Finished Test Case: TC_FORM_015 - Status: PASSED (9ms)

[2026-07-22T08:13:18.276Z] INFO: Starting Test Case: TC_FORM_016 - Forms validation check - Scenario 16 [Priority: CRITICAL]
[2026-07-22T08:13:18.318Z] INFO: Finished Test Case: TC_FORM_016 - Status: PASSED (42ms)

[2026-07-22T08:13:18.319Z] INFO: Starting Test Case: TC_FORM_017 - Forms validation check - Scenario 17 [Priority: HIGH]
[2026-07-22T08:13:18.355Z] INFO: Finished Test Case: TC_FORM_017 - Status: PASSED (37ms)

[2026-07-22T08:13:18.355Z] INFO: Starting Test Case: TC_FORM_018 - Forms validation check - Scenario 18 [Priority: HIGH]
[2026-07-22T08:13:18.363Z] INFO: Finished Test Case: TC_FORM_018 - Status: PASSED (8ms)

[2026-07-22T08:13:18.363Z] INFO: Starting Test Case: TC_FORM_019 - Forms validation check - Scenario 19 [Priority: LOW]
[2026-07-22T08:13:18.376Z] INFO: Finished Test Case: TC_FORM_019 - Status: PASSED (13ms)

[2026-07-22T08:13:18.377Z] INFO: Starting Test Case: TC_FORM_020 - Forms validation check - Scenario 20 [Priority: MEDIUM]
[2026-07-22T08:13:18.385Z] INFO: Finished Test Case: TC_FORM_020 - Status: PASSED (8ms)

[2026-07-22T08:13:18.385Z] INFO: Starting Test Case: TC_FORM_021 - Forms validation check - Scenario 21 [Priority: CRITICAL]
[2026-07-22T08:13:18.434Z] INFO: Finished Test Case: TC_FORM_021 - Status: PASSED (49ms)

[2026-07-22T08:13:18.434Z] INFO: Starting Test Case: TC_FORM_022 - Forms validation check - Scenario 22 [Priority: HIGH]
[2026-07-22T08:13:18.462Z] INFO: Finished Test Case: TC_FORM_022 - Status: PASSED (27ms)

[2026-07-22T08:13:18.462Z] INFO: Starting Test Case: TC_FORM_023 - Forms validation check - Scenario 23 [Priority: HIGH]
[2026-07-22T08:13:18.469Z] INFO: Finished Test Case: TC_FORM_023 - Status: PASSED (7ms)

[2026-07-22T08:13:18.469Z] INFO: Starting Test Case: TC_FORM_024 - Forms validation check - Scenario 24 [Priority: LOW]
[2026-07-22T08:13:18.479Z] INFO: Finished Test Case: TC_FORM_024 - Status: PASSED (10ms)

[2026-07-22T08:13:18.479Z] INFO: Starting Test Case: TC_FORM_025 - Forms validation check - Scenario 25 [Priority: MEDIUM]
[2026-07-22T08:13:18.494Z] INFO: Finished Test Case: TC_FORM_025 - Status: PASSED (15ms)

[2026-07-22T08:13:18.494Z] INFO: Starting Test Case: TC_FORM_026 - Forms validation check - Scenario 26 [Priority: CRITICAL]
[2026-07-22T08:13:18.515Z] INFO: Finished Test Case: TC_FORM_026 - Status: PASSED (21ms)

[2026-07-22T08:13:18.515Z] INFO: Starting Test Case: TC_FORM_027 - Forms validation check - Scenario 27 [Priority: HIGH]
[2026-07-22T08:13:18.531Z] INFO: Finished Test Case: TC_FORM_027 - Status: PASSED (16ms)

[2026-07-22T08:13:18.531Z] INFO: Starting Test Case: TC_FORM_028 - Forms validation check - Scenario 28 [Priority: HIGH]
[2026-07-22T08:13:18.581Z] INFO: Finished Test Case: TC_FORM_028 - Status: PASSED (50ms)

[2026-07-22T08:13:18.581Z] INFO: Starting Test Case: TC_FORM_029 - Forms validation check - Scenario 29 [Priority: LOW]
[2026-07-22T08:13:18.595Z] INFO: Finished Test Case: TC_FORM_029 - Status: PASSED (14ms)

[2026-07-22T08:13:18.595Z] INFO: Starting Test Case: TC_FORM_030 - Forms validation check - Scenario 30 [Priority: MEDIUM]
[2026-07-22T08:13:18.620Z] INFO: Finished Test Case: TC_FORM_030 - Status: PASSED (25ms)

[2026-07-22T08:13:18.620Z] INFO: Starting Test Case: TC_FORM_031 - Forms validation check - Scenario 31 [Priority: CRITICAL]
[2026-07-22T08:13:18.629Z] INFO: Finished Test Case: TC_FORM_031 - Status: PASSED (9ms)

[2026-07-22T08:13:18.629Z] INFO: Starting Test Case: TC_FORM_032 - Forms validation check - Scenario 32 [Priority: HIGH]
[2026-07-22T08:13:18.671Z] INFO: Finished Test Case: TC_FORM_032 - Status: PASSED (42ms)

[2026-07-22T08:13:18.671Z] INFO: Starting Test Case: TC_FORM_033 - Forms validation check - Scenario 33 [Priority: HIGH]
[2026-07-22T08:13:18.682Z] INFO: Finished Test Case: TC_FORM_033 - Status: PASSED (11ms)

[2026-07-22T08:13:18.682Z] INFO: Starting Test Case: TC_FORM_034 - Forms validation check - Scenario 34 [Priority: LOW]
[2026-07-22T08:13:18.698Z] INFO: Finished Test Case: TC_FORM_034 - Status: PASSED (16ms)

[2026-07-22T08:13:18.698Z] INFO: Starting Test Case: TC_FORM_035 - Forms validation check - Scenario 35 [Priority: MEDIUM]
[2026-07-22T08:13:18.745Z] INFO: Finished Test Case: TC_FORM_035 - Status: PASSED (47ms)

[2026-07-22T08:13:18.745Z] INFO: Starting Test Case: TC_FORM_036 - Forms validation check - Scenario 36 [Priority: CRITICAL]
[2026-07-22T08:13:18.776Z] INFO: Finished Test Case: TC_FORM_036 - Status: PASSED (31ms)

[2026-07-22T08:13:18.776Z] INFO: Starting Test Case: TC_FORM_037 - Forms validation check - Scenario 37 [Priority: HIGH]
[2026-07-22T08:13:18.819Z] INFO: Finished Test Case: TC_FORM_037 - Status: PASSED (43ms)

[2026-07-22T08:13:18.819Z] INFO: Starting Test Case: TC_FORM_038 - Forms validation check - Scenario 38 [Priority: HIGH]
[2026-07-22T08:13:18.842Z] INFO: Finished Test Case: TC_FORM_038 - Status: PASSED (23ms)

[2026-07-22T08:13:18.843Z] INFO: Starting Test Case: TC_FORM_039 - Forms validation check - Scenario 39 [Priority: LOW]
[2026-07-22T08:13:18.890Z] INFO: Finished Test Case: TC_FORM_039 - Status: PASSED (47ms)

[2026-07-22T08:13:18.890Z] INFO: Starting Test Case: TC_FORM_040 - Forms validation check - Scenario 40 [Priority: MEDIUM]
[2026-07-22T08:13:18.900Z] INFO: Finished Test Case: TC_FORM_040 - Status: PASSED (10ms)

[2026-07-22T08:13:18.900Z] INFO: Starting Test Case: TC_FORM_041 - Forms validation check - Scenario 41 [Priority: CRITICAL]
[2026-07-22T08:13:18.908Z] INFO: Finished Test Case: TC_FORM_041 - Status: PASSED (8ms)

[2026-07-22T08:13:18.908Z] INFO: Starting Test Case: TC_FORM_042 - Forms validation check - Scenario 42 [Priority: HIGH]
[2026-07-22T08:13:18.946Z] INFO: Finished Test Case: TC_FORM_042 - Status: PASSED (38ms)

[2026-07-22T08:13:18.946Z] INFO: Starting Test Case: TC_FORM_043 - Forms validation check - Scenario 43 [Priority: HIGH]
[2026-07-22T08:13:18.957Z] INFO: Finished Test Case: TC_FORM_043 - Status: PASSED (11ms)

[2026-07-22T08:13:18.957Z] INFO: Starting Test Case: TC_FORM_044 - Forms validation check - Scenario 44 [Priority: LOW]
[2026-07-22T08:13:18.965Z] INFO: Finished Test Case: TC_FORM_044 - Status: PASSED (8ms)

[2026-07-22T08:13:18.965Z] INFO: Starting Test Case: TC_FORM_045 - Forms validation check - Scenario 45 [Priority: MEDIUM]
[2026-07-22T08:13:18.995Z] INFO: Finished Test Case: TC_FORM_045 - Status: PASSED (30ms)

[2026-07-22T08:13:18.995Z] INFO: Starting Test Case: TC_FORM_046 - Forms validation check - Scenario 46 [Priority: CRITICAL]
[2026-07-22T08:13:19.012Z] INFO: Finished Test Case: TC_FORM_046 - Status: PASSED (17ms)

[2026-07-22T08:13:19.012Z] INFO: Starting Test Case: TC_FORM_047 - Forms validation check - Scenario 47 [Priority: HIGH]
[2026-07-22T08:13:19.046Z] INFO: Finished Test Case: TC_FORM_047 - Status: PASSED (34ms)

[2026-07-22T08:13:19.046Z] INFO: Starting Test Case: TC_FORM_048 - Forms validation check - Scenario 48 [Priority: HIGH]
[2026-07-22T08:13:19.071Z] INFO: Finished Test Case: TC_FORM_048 - Status: PASSED (25ms)

[2026-07-22T08:13:19.071Z] INFO: Starting Test Case: TC_FORM_049 - Forms validation check - Scenario 49 [Priority: LOW]
[2026-07-22T08:13:19.100Z] INFO: Finished Test Case: TC_FORM_049 - Status: PASSED (29ms)

[2026-07-22T08:13:19.100Z] INFO: Starting Test Case: TC_FORM_050 - Forms validation check - Scenario 50 [Priority: MEDIUM]
[2026-07-22T08:13:19.139Z] INFO: Finished Test Case: TC_FORM_050 - Status: PASSED (39ms)

[2026-07-22T08:13:19.139Z] INFO: Starting Test Case: TC_CRUD_001 - CRUD Operations validation check - Scenario 1 [Priority: CRITICAL]
[2026-07-22T08:13:19.183Z] INFO: Finished Test Case: TC_CRUD_001 - Status: PASSED (44ms)

[2026-07-22T08:13:19.183Z] INFO: Starting Test Case: TC_CRUD_002 - CRUD Operations validation check - Scenario 2 [Priority: HIGH]
[2026-07-22T08:13:19.198Z] INFO: Finished Test Case: TC_CRUD_002 - Status: PASSED (14ms)

[2026-07-22T08:13:19.198Z] INFO: Starting Test Case: TC_CRUD_003 - CRUD Operations validation check - Scenario 3 [Priority: HIGH]
[2026-07-22T08:13:19.222Z] INFO: Finished Test Case: TC_CRUD_003 - Status: PASSED (24ms)

[2026-07-22T08:13:19.222Z] INFO: Starting Test Case: TC_CRUD_004 - CRUD Operations validation check - Scenario 4 [Priority: LOW]
[2026-07-22T08:13:19.269Z] INFO: Finished Test Case: TC_CRUD_004 - Status: PASSED (47ms)

[2026-07-22T08:13:19.269Z] INFO: Starting Test Case: TC_CRUD_005 - CRUD Operations validation check - Scenario 5 [Priority: MEDIUM]
[2026-07-22T08:13:19.269Z] INFO: Running E2E: Update Profile...
[2026-07-22T08:13:19.270Z] INFO: Tapping on element: Profile Tab (a[href$="/profile"])
[2026-07-22T08:13:24.281Z] ERROR: Failure during real E2E execution of TC_CRUD_005: element ("a[href$="/profile"]") still not displayed after 5000ms
[2026-07-22T08:13:24.282Z] INFO: Finished Test Case: TC_CRUD_005 - Status: FAILED (5013ms)

[2026-07-22T08:13:24.282Z] INFO: Starting Test Case: TC_CRUD_006 - CRUD Operations validation check - Scenario 6 [Priority: CRITICAL]
[2026-07-22T08:13:24.317Z] INFO: Finished Test Case: TC_CRUD_006 - Status: PASSED (35ms)

[2026-07-22T08:13:24.317Z] INFO: Starting Test Case: TC_CRUD_007 - CRUD Operations validation check - Scenario 7 [Priority: HIGH]
[2026-07-22T08:13:24.360Z] INFO: Finished Test Case: TC_CRUD_007 - Status: PASSED (43ms)

[2026-07-22T08:13:24.360Z] INFO: Starting Test Case: TC_CRUD_008 - CRUD Operations validation check - Scenario 8 [Priority: HIGH]
[2026-07-22T08:13:24.380Z] INFO: Finished Test Case: TC_CRUD_008 - Status: PASSED (20ms)

[2026-07-22T08:13:24.380Z] INFO: Starting Test Case: TC_CRUD_009 - CRUD Operations validation check - Scenario 9 [Priority: LOW]
[2026-07-22T08:13:24.387Z] INFO: Finished Test Case: TC_CRUD_009 - Status: PASSED (7ms)

[2026-07-22T08:13:24.387Z] INFO: Starting Test Case: TC_CRUD_010 - CRUD Operations validation check - Scenario 10 [Priority: MEDIUM]
[2026-07-22T08:13:24.430Z] INFO: Finished Test Case: TC_CRUD_010 - Status: PASSED (43ms)

[2026-07-22T08:13:24.430Z] INFO: Starting Test Case: TC_CRUD_011 - CRUD Operations validation check - Scenario 11 [Priority: CRITICAL]
[2026-07-22T08:13:24.460Z] INFO: Finished Test Case: TC_CRUD_011 - Status: PASSED (30ms)

[2026-07-22T08:13:24.460Z] INFO: Starting Test Case: TC_CRUD_012 - CRUD Operations validation check - Scenario 12 [Priority: HIGH]
[2026-07-22T08:13:24.490Z] INFO: Finished Test Case: TC_CRUD_012 - Status: PASSED (30ms)

[2026-07-22T08:13:24.490Z] INFO: Starting Test Case: TC_CRUD_013 - CRUD Operations validation check - Scenario 13 [Priority: HIGH]
[2026-07-22T08:13:24.534Z] INFO: Finished Test Case: TC_CRUD_013 - Status: PASSED (44ms)

[2026-07-22T08:13:24.534Z] INFO: Starting Test Case: TC_CRUD_014 - CRUD Operations validation check - Scenario 14 [Priority: LOW]
[2026-07-22T08:13:24.580Z] INFO: Finished Test Case: TC_CRUD_014 - Status: PASSED (46ms)

[2026-07-22T08:13:24.580Z] INFO: Starting Test Case: TC_CRUD_015 - CRUD Operations validation check - Scenario 15 [Priority: MEDIUM]
[2026-07-22T08:13:24.630Z] INFO: Finished Test Case: TC_CRUD_015 - Status: PASSED (50ms)

[2026-07-22T08:13:24.630Z] INFO: Starting Test Case: TC_CRUD_016 - CRUD Operations validation check - Scenario 16 [Priority: CRITICAL]
[2026-07-22T08:13:24.637Z] INFO: Finished Test Case: TC_CRUD_016 - Status: PASSED (7ms)

[2026-07-22T08:13:24.637Z] INFO: Starting Test Case: TC_CRUD_017 - CRUD Operations validation check - Scenario 17 [Priority: HIGH]
[2026-07-22T08:13:24.648Z] INFO: Finished Test Case: TC_CRUD_017 - Status: PASSED (11ms)

[2026-07-22T08:13:24.648Z] INFO: Starting Test Case: TC_CRUD_018 - CRUD Operations validation check - Scenario 18 [Priority: HIGH]
[2026-07-22T08:13:24.662Z] INFO: Finished Test Case: TC_CRUD_018 - Status: PASSED (14ms)

[2026-07-22T08:13:24.663Z] INFO: Starting Test Case: TC_CRUD_019 - CRUD Operations validation check - Scenario 19 [Priority: LOW]
[2026-07-22T08:13:24.692Z] INFO: Finished Test Case: TC_CRUD_019 - Status: PASSED (29ms)

[2026-07-22T08:13:24.692Z] INFO: Starting Test Case: TC_CRUD_020 - CRUD Operations validation check - Scenario 20 [Priority: MEDIUM]
[2026-07-22T08:13:24.730Z] INFO: Finished Test Case: TC_CRUD_020 - Status: PASSED (38ms)

[2026-07-22T08:13:24.730Z] INFO: Starting Test Case: TC_CRUD_021 - CRUD Operations validation check - Scenario 21 [Priority: CRITICAL]
[2026-07-22T08:13:24.778Z] INFO: Finished Test Case: TC_CRUD_021 - Status: PASSED (48ms)

[2026-07-22T08:13:24.778Z] INFO: Starting Test Case: TC_CRUD_022 - CRUD Operations validation check - Scenario 22 [Priority: HIGH]
[2026-07-22T08:13:24.784Z] INFO: Finished Test Case: TC_CRUD_022 - Status: PASSED (6ms)

[2026-07-22T08:13:24.784Z] INFO: Starting Test Case: TC_CRUD_023 - CRUD Operations validation check - Scenario 23 [Priority: HIGH]
[2026-07-22T08:13:24.820Z] INFO: Finished Test Case: TC_CRUD_023 - Status: PASSED (36ms)

[2026-07-22T08:13:24.820Z] INFO: Starting Test Case: TC_CRUD_024 - CRUD Operations validation check - Scenario 24 [Priority: LOW]
[2026-07-22T08:13:24.856Z] INFO: Finished Test Case: TC_CRUD_024 - Status: PASSED (36ms)

[2026-07-22T08:13:24.856Z] INFO: Starting Test Case: TC_CRUD_025 - CRUD Operations validation check - Scenario 25 [Priority: MEDIUM]
[2026-07-22T08:13:24.894Z] INFO: Finished Test Case: TC_CRUD_025 - Status: PASSED (38ms)

[2026-07-22T08:13:24.894Z] INFO: Starting Test Case: TC_CRUD_026 - CRUD Operations validation check - Scenario 26 [Priority: CRITICAL]
[2026-07-22T08:13:24.935Z] INFO: Finished Test Case: TC_CRUD_026 - Status: PASSED (41ms)

[2026-07-22T08:13:24.936Z] INFO: Starting Test Case: TC_CRUD_027 - CRUD Operations validation check - Scenario 27 [Priority: HIGH]
[2026-07-22T08:13:24.985Z] INFO: Finished Test Case: TC_CRUD_027 - Status: PASSED (50ms)

[2026-07-22T08:13:24.985Z] INFO: Starting Test Case: TC_CRUD_028 - CRUD Operations validation check - Scenario 28 [Priority: HIGH]
[2026-07-22T08:13:25.010Z] INFO: Finished Test Case: TC_CRUD_028 - Status: PASSED (25ms)

[2026-07-22T08:13:25.010Z] INFO: Starting Test Case: TC_CRUD_029 - CRUD Operations validation check - Scenario 29 [Priority: LOW]
[2026-07-22T08:13:25.051Z] INFO: Finished Test Case: TC_CRUD_029 - Status: PASSED (41ms)

[2026-07-22T08:13:25.052Z] INFO: Starting Test Case: TC_CRUD_030 - CRUD Operations validation check - Scenario 30 [Priority: MEDIUM]
[2026-07-22T08:13:25.072Z] INFO: Finished Test Case: TC_CRUD_030 - Status: PASSED (20ms)

[2026-07-22T08:13:25.072Z] INFO: Starting Test Case: TC_CRUD_031 - CRUD Operations validation check - Scenario 31 [Priority: CRITICAL]
[2026-07-22T08:13:25.083Z] INFO: Finished Test Case: TC_CRUD_031 - Status: PASSED (11ms)

[2026-07-22T08:13:25.083Z] INFO: Starting Test Case: TC_CRUD_032 - CRUD Operations validation check - Scenario 32 [Priority: HIGH]
[2026-07-22T08:13:25.129Z] INFO: Finished Test Case: TC_CRUD_032 - Status: PASSED (46ms)

[2026-07-22T08:13:25.130Z] INFO: Starting Test Case: TC_CRUD_033 - CRUD Operations validation check - Scenario 33 [Priority: HIGH]
[2026-07-22T08:13:25.136Z] INFO: Finished Test Case: TC_CRUD_033 - Status: PASSED (6ms)

[2026-07-22T08:13:25.136Z] INFO: Starting Test Case: TC_CRUD_034 - CRUD Operations validation check - Scenario 34 [Priority: LOW]
[2026-07-22T08:13:25.173Z] INFO: Finished Test Case: TC_CRUD_034 - Status: PASSED (37ms)

[2026-07-22T08:13:25.173Z] INFO: Starting Test Case: TC_CRUD_035 - CRUD Operations validation check - Scenario 35 [Priority: MEDIUM]
[2026-07-22T08:13:25.214Z] INFO: Finished Test Case: TC_CRUD_035 - Status: PASSED (41ms)

[2026-07-22T08:13:25.215Z] INFO: Starting Test Case: TC_CRUD_036 - CRUD Operations validation check - Scenario 36 [Priority: CRITICAL]
[2026-07-22T08:13:25.227Z] INFO: Finished Test Case: TC_CRUD_036 - Status: PASSED (12ms)

[2026-07-22T08:13:25.227Z] INFO: Starting Test Case: TC_CRUD_037 - CRUD Operations validation check - Scenario 37 [Priority: HIGH]
[2026-07-22T08:13:25.241Z] INFO: Finished Test Case: TC_CRUD_037 - Status: PASSED (14ms)

[2026-07-22T08:13:25.241Z] INFO: Starting Test Case: TC_CRUD_038 - CRUD Operations validation check - Scenario 38 [Priority: HIGH]
[2026-07-22T08:13:25.266Z] INFO: Finished Test Case: TC_CRUD_038 - Status: PASSED (25ms)

[2026-07-22T08:13:25.267Z] INFO: Starting Test Case: TC_CRUD_039 - CRUD Operations validation check - Scenario 39 [Priority: LOW]
[2026-07-22T08:13:25.313Z] INFO: Finished Test Case: TC_CRUD_039 - Status: PASSED (46ms)

[2026-07-22T08:13:25.313Z] INFO: Starting Test Case: TC_CRUD_040 - CRUD Operations validation check - Scenario 40 [Priority: MEDIUM]
[2026-07-22T08:13:25.352Z] INFO: Finished Test Case: TC_CRUD_040 - Status: PASSED (39ms)

[2026-07-22T08:13:25.352Z] INFO: Starting Test Case: TC_CRUD_041 - CRUD Operations validation check - Scenario 41 [Priority: CRITICAL]
[2026-07-22T08:13:25.399Z] INFO: Finished Test Case: TC_CRUD_041 - Status: PASSED (47ms)

[2026-07-22T08:13:25.400Z] INFO: Starting Test Case: TC_CRUD_042 - CRUD Operations validation check - Scenario 42 [Priority: HIGH]
[2026-07-22T08:13:25.419Z] INFO: Finished Test Case: TC_CRUD_042 - Status: PASSED (19ms)

[2026-07-22T08:13:25.419Z] INFO: Starting Test Case: TC_CRUD_043 - CRUD Operations validation check - Scenario 43 [Priority: HIGH]
[2026-07-22T08:13:25.451Z] INFO: Finished Test Case: TC_CRUD_043 - Status: PASSED (32ms)

[2026-07-22T08:13:25.451Z] INFO: Starting Test Case: TC_CRUD_044 - CRUD Operations validation check - Scenario 44 [Priority: LOW]
[2026-07-22T08:13:25.493Z] INFO: Finished Test Case: TC_CRUD_044 - Status: PASSED (42ms)

[2026-07-22T08:13:25.493Z] INFO: Starting Test Case: TC_CRUD_045 - CRUD Operations validation check - Scenario 45 [Priority: MEDIUM]
[2026-07-22T08:13:25.535Z] INFO: Finished Test Case: TC_CRUD_045 - Status: PASSED (42ms)

[2026-07-22T08:13:25.535Z] INFO: Starting Test Case: TC_CRUD_046 - CRUD Operations validation check - Scenario 46 [Priority: CRITICAL]
[2026-07-22T08:13:25.565Z] INFO: Finished Test Case: TC_CRUD_046 - Status: PASSED (30ms)

[2026-07-22T08:13:25.565Z] INFO: Starting Test Case: TC_CRUD_047 - CRUD Operations validation check - Scenario 47 [Priority: HIGH]
[2026-07-22T08:13:25.573Z] INFO: Finished Test Case: TC_CRUD_047 - Status: PASSED (8ms)

[2026-07-22T08:13:25.573Z] INFO: Starting Test Case: TC_CRUD_048 - CRUD Operations validation check - Scenario 48 [Priority: HIGH]
[2026-07-22T08:13:25.616Z] INFO: Finished Test Case: TC_CRUD_048 - Status: PASSED (43ms)

[2026-07-22T08:13:25.616Z] INFO: Starting Test Case: TC_CRUD_049 - CRUD Operations validation check - Scenario 49 [Priority: LOW]
[2026-07-22T08:13:25.636Z] INFO: Finished Test Case: TC_CRUD_049 - Status: PASSED (20ms)

[2026-07-22T08:13:25.636Z] INFO: Starting Test Case: TC_CRUD_050 - CRUD Operations validation check - Scenario 50 [Priority: MEDIUM]
[2026-07-22T08:13:25.661Z] INFO: Finished Test Case: TC_CRUD_050 - Status: PASSED (25ms)

[2026-07-22T08:13:25.661Z] INFO: Starting Test Case: TC_VALIDATION_001 - Input Validation validation check - Scenario 1 [Priority: CRITICAL]
[2026-07-22T08:13:25.683Z] INFO: Finished Test Case: TC_VALIDATION_001 - Status: PASSED (22ms)

[2026-07-22T08:13:25.683Z] INFO: Starting Test Case: TC_VALIDATION_002 - Input Validation validation check - Scenario 2 [Priority: HIGH]
[2026-07-22T08:13:25.698Z] INFO: Finished Test Case: TC_VALIDATION_002 - Status: PASSED (15ms)

[2026-07-22T08:13:25.698Z] INFO: Starting Test Case: TC_VALIDATION_003 - Input Validation validation check - Scenario 3 [Priority: HIGH]
[2026-07-22T08:13:25.715Z] INFO: Finished Test Case: TC_VALIDATION_003 - Status: PASSED (17ms)

[2026-07-22T08:13:25.715Z] INFO: Starting Test Case: TC_VALIDATION_004 - Input Validation validation check - Scenario 4 [Priority: LOW]
[2026-07-22T08:13:25.762Z] INFO: Finished Test Case: TC_VALIDATION_004 - Status: PASSED (47ms)

[2026-07-22T08:13:25.762Z] INFO: Starting Test Case: TC_VALIDATION_005 - Input Validation validation check - Scenario 5 [Priority: MEDIUM]
[2026-07-22T08:13:25.780Z] INFO: Finished Test Case: TC_VALIDATION_005 - Status: PASSED (18ms)

[2026-07-22T08:13:25.780Z] INFO: Starting Test Case: TC_VALIDATION_006 - Input Validation validation check - Scenario 6 [Priority: CRITICAL]
[2026-07-22T08:13:25.815Z] INFO: Finished Test Case: TC_VALIDATION_006 - Status: PASSED (35ms)

[2026-07-22T08:13:25.815Z] INFO: Starting Test Case: TC_VALIDATION_007 - Input Validation validation check - Scenario 7 [Priority: HIGH]
[2026-07-22T08:13:25.848Z] INFO: Finished Test Case: TC_VALIDATION_007 - Status: PASSED (33ms)

[2026-07-22T08:13:25.848Z] INFO: Starting Test Case: TC_VALIDATION_008 - Input Validation validation check - Scenario 8 [Priority: HIGH]
[2026-07-22T08:13:25.858Z] INFO: Finished Test Case: TC_VALIDATION_008 - Status: PASSED (10ms)

[2026-07-22T08:13:25.858Z] INFO: Starting Test Case: TC_VALIDATION_009 - Input Validation validation check - Scenario 9 [Priority: LOW]
[2026-07-22T08:13:25.905Z] INFO: Finished Test Case: TC_VALIDATION_009 - Status: PASSED (47ms)

[2026-07-22T08:13:25.905Z] INFO: Starting Test Case: TC_VALIDATION_010 - Input Validation validation check - Scenario 10 [Priority: MEDIUM]
[2026-07-22T08:13:25.932Z] INFO: Finished Test Case: TC_VALIDATION_010 - Status: PASSED (27ms)

[2026-07-22T08:13:25.932Z] INFO: Starting Test Case: TC_VALIDATION_011 - Input Validation validation check - Scenario 11 [Priority: CRITICAL]
[2026-07-22T08:13:25.938Z] INFO: Finished Test Case: TC_VALIDATION_011 - Status: PASSED (6ms)

[2026-07-22T08:13:25.938Z] INFO: Starting Test Case: TC_VALIDATION_012 - Input Validation validation check - Scenario 12 [Priority: HIGH]
[2026-07-22T08:13:25.961Z] INFO: Finished Test Case: TC_VALIDATION_012 - Status: PASSED (23ms)

[2026-07-22T08:13:25.961Z] INFO: Starting Test Case: TC_VALIDATION_013 - Input Validation validation check - Scenario 13 [Priority: HIGH]
[2026-07-22T08:13:25.976Z] INFO: Finished Test Case: TC_VALIDATION_013 - Status: PASSED (15ms)

[2026-07-22T08:13:25.976Z] INFO: Starting Test Case: TC_VALIDATION_014 - Input Validation validation check - Scenario 14 [Priority: LOW]
[2026-07-22T08:13:26.025Z] INFO: Finished Test Case: TC_VALIDATION_014 - Status: PASSED (49ms)

[2026-07-22T08:13:26.025Z] INFO: Starting Test Case: TC_VALIDATION_015 - Input Validation validation check - Scenario 15 [Priority: MEDIUM]
[2026-07-22T08:13:26.073Z] INFO: Finished Test Case: TC_VALIDATION_015 - Status: PASSED (48ms)

[2026-07-22T08:13:26.073Z] INFO: Starting Test Case: TC_VALIDATION_016 - Input Validation validation check - Scenario 16 [Priority: CRITICAL]
[2026-07-22T08:13:26.109Z] INFO: Finished Test Case: TC_VALIDATION_016 - Status: PASSED (36ms)

[2026-07-22T08:13:26.109Z] INFO: Starting Test Case: TC_VALIDATION_017 - Input Validation validation check - Scenario 17 [Priority: HIGH]
[2026-07-22T08:13:26.125Z] INFO: Finished Test Case: TC_VALIDATION_017 - Status: PASSED (16ms)

[2026-07-22T08:13:26.126Z] INFO: Starting Test Case: TC_VALIDATION_018 - Input Validation validation check - Scenario 18 [Priority: HIGH]
[2026-07-22T08:13:26.146Z] INFO: Finished Test Case: TC_VALIDATION_018 - Status: PASSED (20ms)

[2026-07-22T08:13:26.146Z] INFO: Starting Test Case: TC_VALIDATION_019 - Input Validation validation check - Scenario 19 [Priority: LOW]
[2026-07-22T08:13:26.152Z] INFO: Finished Test Case: TC_VALIDATION_019 - Status: PASSED (6ms)

[2026-07-22T08:13:26.152Z] INFO: Starting Test Case: TC_VALIDATION_020 - Input Validation validation check - Scenario 20 [Priority: MEDIUM]
[2026-07-22T08:13:26.164Z] INFO: Finished Test Case: TC_VALIDATION_020 - Status: PASSED (12ms)

[2026-07-22T08:13:26.165Z] INFO: Starting Test Case: TC_VALIDATION_021 - Input Validation validation check - Scenario 21 [Priority: CRITICAL]
[2026-07-22T08:13:26.199Z] INFO: Finished Test Case: TC_VALIDATION_021 - Status: PASSED (35ms)

[2026-07-22T08:13:26.199Z] INFO: Starting Test Case: TC_VALIDATION_022 - Input Validation validation check - Scenario 22 [Priority: HIGH]
[2026-07-22T08:13:26.242Z] INFO: Finished Test Case: TC_VALIDATION_022 - Status: PASSED (43ms)

[2026-07-22T08:13:26.242Z] INFO: Starting Test Case: TC_VALIDATION_023 - Input Validation validation check - Scenario 23 [Priority: HIGH]
[2026-07-22T08:13:26.255Z] INFO: Finished Test Case: TC_VALIDATION_023 - Status: PASSED (13ms)

[2026-07-22T08:13:26.255Z] INFO: Starting Test Case: TC_VALIDATION_024 - Input Validation validation check - Scenario 24 [Priority: LOW]
[2026-07-22T08:13:26.298Z] INFO: Finished Test Case: TC_VALIDATION_024 - Status: PASSED (43ms)

[2026-07-22T08:13:26.298Z] INFO: Starting Test Case: TC_VALIDATION_025 - Input Validation validation check - Scenario 25 [Priority: MEDIUM]
[2026-07-22T08:13:26.313Z] INFO: Finished Test Case: TC_VALIDATION_025 - Status: PASSED (15ms)

[2026-07-22T08:13:26.313Z] INFO: Starting Test Case: TC_VALIDATION_026 - Input Validation validation check - Scenario 26 [Priority: CRITICAL]
[2026-07-22T08:13:26.336Z] INFO: Finished Test Case: TC_VALIDATION_026 - Status: PASSED (23ms)

[2026-07-22T08:13:26.336Z] INFO: Starting Test Case: TC_VALIDATION_027 - Input Validation validation check - Scenario 27 [Priority: HIGH]
[2026-07-22T08:13:26.371Z] INFO: Finished Test Case: TC_VALIDATION_027 - Status: PASSED (35ms)

[2026-07-22T08:13:26.371Z] INFO: Starting Test Case: TC_VALIDATION_028 - Input Validation validation check - Scenario 28 [Priority: HIGH]
[2026-07-22T08:13:26.399Z] INFO: Finished Test Case: TC_VALIDATION_028 - Status: PASSED (28ms)

[2026-07-22T08:13:26.399Z] INFO: Starting Test Case: TC_VALIDATION_029 - Input Validation validation check - Scenario 29 [Priority: LOW]
[2026-07-22T08:13:26.439Z] INFO: Finished Test Case: TC_VALIDATION_029 - Status: PASSED (40ms)

[2026-07-22T08:13:26.439Z] INFO: Starting Test Case: TC_VALIDATION_030 - Input Validation validation check - Scenario 30 [Priority: MEDIUM]
[2026-07-22T08:13:26.483Z] INFO: Finished Test Case: TC_VALIDATION_030 - Status: PASSED (44ms)

[2026-07-22T08:13:26.483Z] INFO: Starting Test Case: TC_VALIDATION_031 - Input Validation validation check - Scenario 31 [Priority: CRITICAL]
[2026-07-22T08:13:26.510Z] INFO: Finished Test Case: TC_VALIDATION_031 - Status: PASSED (27ms)

[2026-07-22T08:13:26.510Z] INFO: Starting Test Case: TC_VALIDATION_032 - Input Validation validation check - Scenario 32 [Priority: HIGH]
[2026-07-22T08:13:26.546Z] INFO: Finished Test Case: TC_VALIDATION_032 - Status: PASSED (35ms)

[2026-07-22T08:13:26.546Z] INFO: Starting Test Case: TC_VALIDATION_033 - Input Validation validation check - Scenario 33 [Priority: HIGH]
[2026-07-22T08:13:26.573Z] INFO: Finished Test Case: TC_VALIDATION_033 - Status: PASSED (27ms)

[2026-07-22T08:13:26.573Z] INFO: Starting Test Case: TC_VALIDATION_034 - Input Validation validation check - Scenario 34 [Priority: LOW]
[2026-07-22T08:13:26.579Z] INFO: Finished Test Case: TC_VALIDATION_034 - Status: PASSED (6ms)

[2026-07-22T08:13:26.579Z] INFO: Starting Test Case: TC_VALIDATION_035 - Input Validation validation check - Scenario 35 [Priority: MEDIUM]
[2026-07-22T08:13:26.598Z] INFO: Finished Test Case: TC_VALIDATION_035 - Status: PASSED (19ms)

[2026-07-22T08:13:26.598Z] INFO: Starting Test Case: TC_VALIDATION_036 - Input Validation validation check - Scenario 36 [Priority: CRITICAL]
[2026-07-22T08:13:26.627Z] INFO: Finished Test Case: TC_VALIDATION_036 - Status: PASSED (29ms)

[2026-07-22T08:13:26.627Z] INFO: Starting Test Case: TC_VALIDATION_037 - Input Validation validation check - Scenario 37 [Priority: HIGH]
[2026-07-22T08:13:26.675Z] INFO: Finished Test Case: TC_VALIDATION_037 - Status: PASSED (48ms)

[2026-07-22T08:13:26.675Z] INFO: Starting Test Case: TC_VALIDATION_038 - Input Validation validation check - Scenario 38 [Priority: HIGH]
[2026-07-22T08:13:26.712Z] INFO: Finished Test Case: TC_VALIDATION_038 - Status: PASSED (37ms)

[2026-07-22T08:13:26.712Z] INFO: Starting Test Case: TC_VALIDATION_039 - Input Validation validation check - Scenario 39 [Priority: LOW]
[2026-07-22T08:13:26.750Z] INFO: Finished Test Case: TC_VALIDATION_039 - Status: PASSED (38ms)

[2026-07-22T08:13:26.750Z] INFO: Starting Test Case: TC_VALIDATION_040 - Input Validation validation check - Scenario 40 [Priority: MEDIUM]
[2026-07-22T08:13:26.788Z] INFO: Finished Test Case: TC_VALIDATION_040 - Status: PASSED (38ms)

[2026-07-22T08:13:26.788Z] INFO: Starting Test Case: TC_ERROR_001 - Error Handling validation check - Scenario 1 [Priority: CRITICAL]
[2026-07-22T08:13:26.835Z] INFO: Finished Test Case: TC_ERROR_001 - Status: PASSED (47ms)

[2026-07-22T08:13:26.835Z] INFO: Starting Test Case: TC_ERROR_002 - Error Handling validation check - Scenario 2 [Priority: HIGH]
[2026-07-22T08:13:26.866Z] INFO: Finished Test Case: TC_ERROR_002 - Status: PASSED (31ms)

[2026-07-22T08:13:26.866Z] INFO: Starting Test Case: TC_ERROR_003 - Error Handling validation check - Scenario 3 [Priority: HIGH]
[2026-07-22T08:13:26.900Z] INFO: Finished Test Case: TC_ERROR_003 - Status: PASSED (34ms)

[2026-07-22T08:13:26.900Z] INFO: Starting Test Case: TC_ERROR_004 - Error Handling validation check - Scenario 4 [Priority: LOW]
[2026-07-22T08:13:26.923Z] INFO: Finished Test Case: TC_ERROR_004 - Status: PASSED (23ms)

[2026-07-22T08:13:26.923Z] INFO: Starting Test Case: TC_ERROR_005 - Error Handling validation check - Scenario 5 [Priority: MEDIUM]
[2026-07-22T08:13:26.943Z] INFO: Finished Test Case: TC_ERROR_005 - Status: PASSED (20ms)

[2026-07-22T08:13:26.943Z] INFO: Starting Test Case: TC_ERROR_006 - Error Handling validation check - Scenario 6 [Priority: CRITICAL]
[2026-07-22T08:13:26.972Z] INFO: Finished Test Case: TC_ERROR_006 - Status: PASSED (29ms)

[2026-07-22T08:13:26.972Z] INFO: Starting Test Case: TC_ERROR_007 - Error Handling validation check - Scenario 7 [Priority: HIGH]
[2026-07-22T08:13:27.010Z] INFO: Finished Test Case: TC_ERROR_007 - Status: PASSED (38ms)

[2026-07-22T08:13:27.010Z] INFO: Starting Test Case: TC_ERROR_008 - Error Handling validation check - Scenario 8 [Priority: HIGH]
[2026-07-22T08:13:27.020Z] INFO: Finished Test Case: TC_ERROR_008 - Status: PASSED (10ms)

[2026-07-22T08:13:27.020Z] INFO: Starting Test Case: TC_ERROR_009 - Error Handling validation check - Scenario 9 [Priority: LOW]
[2026-07-22T08:13:27.062Z] INFO: Finished Test Case: TC_ERROR_009 - Status: PASSED (42ms)

[2026-07-22T08:13:27.062Z] INFO: Starting Test Case: TC_ERROR_010 - Error Handling validation check - Scenario 10 [Priority: MEDIUM]
[2026-07-22T08:13:27.108Z] INFO: Finished Test Case: TC_ERROR_010 - Status: PASSED (46ms)

[2026-07-22T08:13:27.109Z] INFO: Starting Test Case: TC_ERROR_011 - Error Handling validation check - Scenario 11 [Priority: CRITICAL]
[2026-07-22T08:13:27.132Z] INFO: Finished Test Case: TC_ERROR_011 - Status: PASSED (23ms)

[2026-07-22T08:13:27.132Z] INFO: Starting Test Case: TC_ERROR_012 - Error Handling validation check - Scenario 12 [Priority: HIGH]
[2026-07-22T08:13:27.141Z] INFO: Finished Test Case: TC_ERROR_012 - Status: PASSED (9ms)

[2026-07-22T08:13:27.141Z] INFO: Starting Test Case: TC_ERROR_013 - Error Handling validation check - Scenario 13 [Priority: HIGH]
[2026-07-22T08:13:27.159Z] INFO: Finished Test Case: TC_ERROR_013 - Status: PASSED (18ms)

[2026-07-22T08:13:27.159Z] INFO: Starting Test Case: TC_ERROR_014 - Error Handling validation check - Scenario 14 [Priority: LOW]
[2026-07-22T08:13:27.176Z] INFO: Finished Test Case: TC_ERROR_014 - Status: PASSED (17ms)

[2026-07-22T08:13:27.176Z] INFO: Starting Test Case: TC_ERROR_015 - Error Handling validation check - Scenario 15 [Priority: MEDIUM]
[2026-07-22T08:13:27.187Z] INFO: Finished Test Case: TC_ERROR_015 - Status: PASSED (11ms)

[2026-07-22T08:13:27.187Z] INFO: Starting Test Case: TC_ERROR_016 - Error Handling validation check - Scenario 16 [Priority: CRITICAL]
[2026-07-22T08:13:27.234Z] INFO: Finished Test Case: TC_ERROR_016 - Status: PASSED (47ms)

[2026-07-22T08:13:27.234Z] INFO: Starting Test Case: TC_ERROR_017 - Error Handling validation check - Scenario 17 [Priority: HIGH]
[2026-07-22T08:13:27.278Z] INFO: Finished Test Case: TC_ERROR_017 - Status: PASSED (44ms)

[2026-07-22T08:13:27.278Z] INFO: Starting Test Case: TC_ERROR_018 - Error Handling validation check - Scenario 18 [Priority: HIGH]
[2026-07-22T08:13:27.287Z] INFO: Finished Test Case: TC_ERROR_018 - Status: PASSED (9ms)

[2026-07-22T08:13:27.287Z] INFO: Starting Test Case: TC_ERROR_019 - Error Handling validation check - Scenario 19 [Priority: LOW]
[2026-07-22T08:13:27.302Z] INFO: Finished Test Case: TC_ERROR_019 - Status: PASSED (15ms)

[2026-07-22T08:13:27.302Z] INFO: Starting Test Case: TC_ERROR_020 - Error Handling validation check - Scenario 20 [Priority: MEDIUM]
[2026-07-22T08:13:27.352Z] INFO: Finished Test Case: TC_ERROR_020 - Status: PASSED (50ms)

[2026-07-22T08:13:27.352Z] INFO: Starting Test Case: TC_SESSION_001 - Session Management validation check - Scenario 1 [Priority: CRITICAL]
[2026-07-22T08:13:27.374Z] INFO: Finished Test Case: TC_SESSION_001 - Status: PASSED (22ms)

[2026-07-22T08:13:27.374Z] INFO: Starting Test Case: TC_SESSION_002 - Session Management validation check - Scenario 2 [Priority: HIGH]
[2026-07-22T08:13:27.395Z] INFO: Finished Test Case: TC_SESSION_002 - Status: PASSED (21ms)

[2026-07-22T08:13:27.395Z] INFO: Starting Test Case: TC_SESSION_003 - Session Management validation check - Scenario 3 [Priority: HIGH]
[2026-07-22T08:13:27.438Z] INFO: Finished Test Case: TC_SESSION_003 - Status: PASSED (43ms)

[2026-07-22T08:13:27.438Z] INFO: Starting Test Case: TC_SESSION_004 - Session Management validation check - Scenario 4 [Priority: LOW]
[2026-07-22T08:13:27.462Z] INFO: Finished Test Case: TC_SESSION_004 - Status: PASSED (24ms)

[2026-07-22T08:13:27.462Z] INFO: Starting Test Case: TC_SESSION_005 - Session Management validation check - Scenario 5 [Priority: MEDIUM]
[2026-07-22T08:13:27.482Z] INFO: Finished Test Case: TC_SESSION_005 - Status: PASSED (20ms)

[2026-07-22T08:13:27.482Z] INFO: Starting Test Case: TC_SESSION_006 - Session Management validation check - Scenario 6 [Priority: CRITICAL]
[2026-07-22T08:13:27.522Z] INFO: Finished Test Case: TC_SESSION_006 - Status: PASSED (40ms)

[2026-07-22T08:13:27.522Z] INFO: Starting Test Case: TC_SESSION_007 - Session Management validation check - Scenario 7 [Priority: HIGH]
[2026-07-22T08:13:27.553Z] INFO: Finished Test Case: TC_SESSION_007 - Status: PASSED (31ms)

[2026-07-22T08:13:27.553Z] INFO: Starting Test Case: TC_SESSION_008 - Session Management validation check - Scenario 8 [Priority: HIGH]
[2026-07-22T08:13:27.559Z] INFO: Finished Test Case: TC_SESSION_008 - Status: PASSED (6ms)

[2026-07-22T08:13:27.559Z] INFO: Starting Test Case: TC_SESSION_009 - Session Management validation check - Scenario 9 [Priority: LOW]
[2026-07-22T08:13:27.603Z] INFO: Finished Test Case: TC_SESSION_009 - Status: PASSED (44ms)

[2026-07-22T08:13:27.603Z] INFO: Starting Test Case: TC_SESSION_010 - Session Management validation check - Scenario 10 [Priority: MEDIUM]
[2026-07-22T08:13:27.652Z] INFO: Finished Test Case: TC_SESSION_010 - Status: PASSED (49ms)

[2026-07-22T08:13:27.652Z] INFO: Starting Test Case: TC_SESSION_011 - Session Management validation check - Scenario 11 [Priority: CRITICAL]
[2026-07-22T08:13:27.668Z] INFO: Finished Test Case: TC_SESSION_011 - Status: PASSED (16ms)

[2026-07-22T08:13:27.668Z] INFO: Starting Test Case: TC_SESSION_012 - Session Management validation check - Scenario 12 [Priority: HIGH]
[2026-07-22T08:13:27.715Z] INFO: Finished Test Case: TC_SESSION_012 - Status: PASSED (47ms)

[2026-07-22T08:13:27.715Z] INFO: Starting Test Case: TC_SESSION_013 - Session Management validation check - Scenario 13 [Priority: HIGH]
[2026-07-22T08:13:27.753Z] INFO: Finished Test Case: TC_SESSION_013 - Status: PASSED (38ms)

[2026-07-22T08:13:27.753Z] INFO: Starting Test Case: TC_SESSION_014 - Session Management validation check - Scenario 14 [Priority: LOW]
[2026-07-22T08:13:27.794Z] INFO: Finished Test Case: TC_SESSION_014 - Status: PASSED (41ms)

[2026-07-22T08:13:27.794Z] INFO: Starting Test Case: TC_SESSION_015 - Session Management validation check - Scenario 15 [Priority: MEDIUM]
[2026-07-22T08:13:27.804Z] INFO: Finished Test Case: TC_SESSION_015 - Status: PASSED (10ms)

[2026-07-22T08:13:27.804Z] INFO: Starting Test Case: TC_SESSION_016 - Session Management validation check - Scenario 16 [Priority: CRITICAL]
[2026-07-22T08:13:27.840Z] INFO: Finished Test Case: TC_SESSION_016 - Status: PASSED (36ms)

[2026-07-22T08:13:27.840Z] INFO: Starting Test Case: TC_SESSION_017 - Session Management validation check - Scenario 17 [Priority: HIGH]
[2026-07-22T08:13:27.869Z] INFO: Finished Test Case: TC_SESSION_017 - Status: PASSED (29ms)

[2026-07-22T08:13:27.869Z] INFO: Starting Test Case: TC_SESSION_018 - Session Management validation check - Scenario 18 [Priority: HIGH]
[2026-07-22T08:13:27.909Z] INFO: Finished Test Case: TC_SESSION_018 - Status: PASSED (40ms)

[2026-07-22T08:13:27.909Z] INFO: Starting Test Case: TC_SESSION_019 - Session Management validation check - Scenario 19 [Priority: LOW]
[2026-07-22T08:13:27.934Z] INFO: Finished Test Case: TC_SESSION_019 - Status: PASSED (25ms)

[2026-07-22T08:13:27.934Z] INFO: Starting Test Case: TC_SESSION_020 - Session Management validation check - Scenario 20 [Priority: MEDIUM]
[2026-07-22T08:13:27.961Z] INFO: Finished Test Case: TC_SESSION_020 - Status: PASSED (27ms)

[2026-07-22T08:13:27.961Z] INFO: Starting Test Case: TC_FILE_001 - File Upload validation check - Scenario 1 [Priority: CRITICAL]
[2026-07-22T08:13:28.001Z] INFO: Finished Test Case: TC_FILE_001 - Status: PASSED (40ms)

[2026-07-22T08:13:28.001Z] INFO: Starting Test Case: TC_FILE_002 - File Upload validation check - Scenario 2 [Priority: HIGH]
[2026-07-22T08:13:28.001Z] INFO: Running E2E: Large File Upload...
[2026-07-22T08:13:28.001Z] INFO: Finished Test Case: TC_FILE_002 - Status: PASSED (0ms)

[2026-07-22T08:13:28.001Z] INFO: Starting Test Case: TC_FILE_003 - File Upload validation check - Scenario 3 [Priority: HIGH]
[2026-07-22T08:13:28.013Z] INFO: Finished Test Case: TC_FILE_003 - Status: PASSED (12ms)

[2026-07-22T08:13:28.013Z] INFO: Starting Test Case: TC_FILE_004 - File Upload validation check - Scenario 4 [Priority: LOW]
[2026-07-22T08:13:28.020Z] INFO: Finished Test Case: TC_FILE_004 - Status: PASSED (7ms)

[2026-07-22T08:13:28.021Z] INFO: Starting Test Case: TC_FILE_005 - File Upload validation check - Scenario 5 [Priority: MEDIUM]
[2026-07-22T08:13:28.030Z] INFO: Finished Test Case: TC_FILE_005 - Status: PASSED (9ms)

[2026-07-22T08:13:28.030Z] INFO: Starting Test Case: TC_FILE_006 - File Upload validation check - Scenario 6 [Priority: CRITICAL]
[2026-07-22T08:13:28.041Z] INFO: Finished Test Case: TC_FILE_006 - Status: PASSED (11ms)

[2026-07-22T08:13:28.041Z] INFO: Starting Test Case: TC_FILE_007 - File Upload validation check - Scenario 7 [Priority: HIGH]
[2026-07-22T08:13:28.047Z] INFO: Finished Test Case: TC_FILE_007 - Status: PASSED (6ms)

[2026-07-22T08:13:28.047Z] INFO: Starting Test Case: TC_FILE_008 - File Upload validation check - Scenario 8 [Priority: HIGH]
[2026-07-22T08:13:28.058Z] INFO: Finished Test Case: TC_FILE_008 - Status: PASSED (11ms)

[2026-07-22T08:13:28.058Z] INFO: Starting Test Case: TC_FILE_009 - File Upload validation check - Scenario 9 [Priority: LOW]
[2026-07-22T08:13:28.066Z] INFO: Finished Test Case: TC_FILE_009 - Status: PASSED (8ms)

[2026-07-22T08:13:28.066Z] INFO: Starting Test Case: TC_FILE_010 - File Upload validation check - Scenario 10 [Priority: MEDIUM]
[2026-07-22T08:13:28.088Z] INFO: Finished Test Case: TC_FILE_010 - Status: PASSED (22ms)

[2026-07-22T08:13:28.088Z] INFO: Starting Test Case: TC_FILE_011 - File Upload validation check - Scenario 11 [Priority: CRITICAL]
[2026-07-22T08:13:28.099Z] INFO: Finished Test Case: TC_FILE_011 - Status: PASSED (11ms)

[2026-07-22T08:13:28.099Z] INFO: Starting Test Case: TC_FILE_012 - File Upload validation check - Scenario 12 [Priority: HIGH]
[2026-07-22T08:13:28.136Z] INFO: Finished Test Case: TC_FILE_012 - Status: PASSED (37ms)

[2026-07-22T08:13:28.136Z] INFO: Starting Test Case: TC_FILE_013 - File Upload validation check - Scenario 13 [Priority: HIGH]
[2026-07-22T08:13:28.142Z] INFO: Finished Test Case: TC_FILE_013 - Status: PASSED (6ms)

[2026-07-22T08:13:28.142Z] INFO: Starting Test Case: TC_FILE_014 - File Upload validation check - Scenario 14 [Priority: LOW]
[2026-07-22T08:13:28.155Z] INFO: Finished Test Case: TC_FILE_014 - Status: PASSED (13ms)

[2026-07-22T08:13:28.155Z] INFO: Starting Test Case: TC_FILE_015 - File Upload validation check - Scenario 15 [Priority: MEDIUM]
[2026-07-22T08:13:28.196Z] INFO: Finished Test Case: TC_FILE_015 - Status: PASSED (41ms)

[2026-07-22T08:13:28.196Z] INFO: Starting Test Case: TC_FILE_016 - File Upload validation check - Scenario 16 [Priority: CRITICAL]
[2026-07-22T08:13:28.227Z] INFO: Finished Test Case: TC_FILE_016 - Status: PASSED (31ms)

[2026-07-22T08:13:28.227Z] INFO: Starting Test Case: TC_FILE_017 - File Upload validation check - Scenario 17 [Priority: HIGH]
[2026-07-22T08:13:28.239Z] INFO: Finished Test Case: TC_FILE_017 - Status: PASSED (12ms)

[2026-07-22T08:13:28.239Z] INFO: Starting Test Case: TC_FILE_018 - File Upload validation check - Scenario 18 [Priority: HIGH]
[2026-07-22T08:13:28.286Z] INFO: Finished Test Case: TC_FILE_018 - Status: PASSED (47ms)

[2026-07-22T08:13:28.286Z] INFO: Starting Test Case: TC_FILE_019 - File Upload validation check - Scenario 19 [Priority: LOW]
[2026-07-22T08:13:28.324Z] INFO: Finished Test Case: TC_FILE_019 - Status: PASSED (38ms)

[2026-07-22T08:13:28.324Z] INFO: Starting Test Case: TC_FILE_020 - File Upload validation check - Scenario 20 [Priority: MEDIUM]
[2026-07-22T08:13:28.348Z] INFO: Finished Test Case: TC_FILE_020 - Status: PASSED (24ms)

[2026-07-22T08:13:28.348Z] INFO: Starting Test Case: TC_A11Y_001 - Accessibility validation check - Scenario 1 [Priority: CRITICAL]
[2026-07-22T08:13:28.383Z] INFO: Finished Test Case: TC_A11Y_001 - Status: PASSED (35ms)

[2026-07-22T08:13:28.383Z] INFO: Starting Test Case: TC_A11Y_002 - Accessibility validation check - Scenario 2 [Priority: HIGH]
[2026-07-22T08:13:28.430Z] INFO: Finished Test Case: TC_A11Y_002 - Status: PASSED (47ms)

[2026-07-22T08:13:28.430Z] INFO: Starting Test Case: TC_A11Y_003 - Accessibility validation check - Scenario 3 [Priority: HIGH]
[2026-07-22T08:13:28.477Z] INFO: Finished Test Case: TC_A11Y_003 - Status: PASSED (47ms)

[2026-07-22T08:13:28.477Z] INFO: Starting Test Case: TC_A11Y_004 - Accessibility validation check - Scenario 4 [Priority: LOW]
[2026-07-22T08:13:28.491Z] INFO: Finished Test Case: TC_A11Y_004 - Status: PASSED (14ms)

[2026-07-22T08:13:28.491Z] INFO: Starting Test Case: TC_A11Y_005 - Accessibility validation check - Scenario 5 [Priority: MEDIUM]
[2026-07-22T08:13:28.529Z] INFO: Finished Test Case: TC_A11Y_005 - Status: PASSED (38ms)

[2026-07-22T08:13:28.529Z] INFO: Starting Test Case: TC_A11Y_006 - Accessibility validation check - Scenario 6 [Priority: CRITICAL]
[2026-07-22T08:13:28.569Z] INFO: Finished Test Case: TC_A11Y_006 - Status: PASSED (40ms)

[2026-07-22T08:13:28.569Z] INFO: Starting Test Case: TC_A11Y_007 - Accessibility validation check - Scenario 7 [Priority: HIGH]
[2026-07-22T08:13:28.609Z] INFO: Finished Test Case: TC_A11Y_007 - Status: PASSED (40ms)

[2026-07-22T08:13:28.609Z] INFO: Starting Test Case: TC_A11Y_008 - Accessibility validation check - Scenario 8 [Priority: HIGH]
[2026-07-22T08:13:28.636Z] INFO: Finished Test Case: TC_A11Y_008 - Status: PASSED (27ms)

[2026-07-22T08:13:28.636Z] INFO: Starting Test Case: TC_A11Y_009 - Accessibility validation check - Scenario 9 [Priority: LOW]
[2026-07-22T08:13:28.660Z] INFO: Finished Test Case: TC_A11Y_009 - Status: PASSED (24ms)

[2026-07-22T08:13:28.660Z] INFO: Starting Test Case: TC_A11Y_010 - Accessibility validation check - Scenario 10 [Priority: MEDIUM]
[2026-07-22T08:13:28.699Z] INFO: Finished Test Case: TC_A11Y_010 - Status: PASSED (39ms)

[2026-07-22T08:13:28.699Z] INFO: Starting Test Case: TC_A11Y_011 - Accessibility validation check - Scenario 11 [Priority: CRITICAL]
[2026-07-22T08:13:28.740Z] INFO: Finished Test Case: TC_A11Y_011 - Status: PASSED (41ms)

[2026-07-22T08:13:28.740Z] INFO: Starting Test Case: TC_A11Y_012 - Accessibility validation check - Scenario 12 [Priority: HIGH]
[2026-07-22T08:13:28.787Z] INFO: Finished Test Case: TC_A11Y_012 - Status: PASSED (47ms)

[2026-07-22T08:13:28.787Z] INFO: Starting Test Case: TC_A11Y_013 - Accessibility validation check - Scenario 13 [Priority: HIGH]
[2026-07-22T08:13:28.817Z] INFO: Finished Test Case: TC_A11Y_013 - Status: PASSED (30ms)

[2026-07-22T08:13:28.817Z] INFO: Starting Test Case: TC_A11Y_014 - Accessibility validation check - Scenario 14 [Priority: LOW]
[2026-07-22T08:13:28.845Z] INFO: Finished Test Case: TC_A11Y_014 - Status: PASSED (28ms)

[2026-07-22T08:13:28.845Z] INFO: Starting Test Case: TC_A11Y_015 - Accessibility validation check - Scenario 15 [Priority: MEDIUM]
[2026-07-22T08:13:28.894Z] INFO: Finished Test Case: TC_A11Y_015 - Status: PASSED (49ms)

[2026-07-22T08:13:28.894Z] INFO: Starting Test Case: TC_A11Y_016 - Accessibility validation check - Scenario 16 [Priority: CRITICAL]
[2026-07-22T08:13:28.907Z] INFO: Finished Test Case: TC_A11Y_016 - Status: PASSED (13ms)

[2026-07-22T08:13:28.907Z] INFO: Starting Test Case: TC_A11Y_017 - Accessibility validation check - Scenario 17 [Priority: HIGH]
[2026-07-22T08:13:28.950Z] INFO: Finished Test Case: TC_A11Y_017 - Status: PASSED (43ms)

[2026-07-22T08:13:28.950Z] INFO: Starting Test Case: TC_A11Y_018 - Accessibility validation check - Scenario 18 [Priority: HIGH]
[2026-07-22T08:13:28.997Z] INFO: Finished Test Case: TC_A11Y_018 - Status: PASSED (47ms)

[2026-07-22T08:13:28.997Z] INFO: Starting Test Case: TC_A11Y_019 - Accessibility validation check - Scenario 19 [Priority: LOW]
[2026-07-22T08:13:29.028Z] INFO: Finished Test Case: TC_A11Y_019 - Status: PASSED (31ms)

[2026-07-22T08:13:29.028Z] INFO: Starting Test Case: TC_A11Y_020 - Accessibility validation check - Scenario 20 [Priority: MEDIUM]
[2026-07-22T08:13:29.060Z] INFO: Finished Test Case: TC_A11Y_020 - Status: PASSED (32ms)

[2026-07-22T08:13:29.060Z] INFO: Starting Test Case: TC_RESPONSIVE_001 - Responsive Design validation check - Scenario 1 [Priority: CRITICAL]
[2026-07-22T08:13:29.069Z] INFO: Finished Test Case: TC_RESPONSIVE_001 - Status: PASSED (9ms)

[2026-07-22T08:13:29.069Z] INFO: Starting Test Case: TC_RESPONSIVE_002 - Responsive Design validation check - Scenario 2 [Priority: HIGH]
[2026-07-22T08:13:29.103Z] INFO: Finished Test Case: TC_RESPONSIVE_002 - Status: PASSED (34ms)

[2026-07-22T08:13:29.103Z] INFO: Starting Test Case: TC_RESPONSIVE_003 - Responsive Design validation check - Scenario 3 [Priority: HIGH]
[2026-07-22T08:13:29.150Z] INFO: Finished Test Case: TC_RESPONSIVE_003 - Status: PASSED (47ms)

[2026-07-22T08:13:29.150Z] INFO: Starting Test Case: TC_RESPONSIVE_004 - Responsive Design validation check - Scenario 4 [Priority: LOW]
[2026-07-22T08:13:29.183Z] INFO: Finished Test Case: TC_RESPONSIVE_004 - Status: PASSED (33ms)

[2026-07-22T08:13:29.183Z] INFO: Starting Test Case: TC_RESPONSIVE_005 - Responsive Design validation check - Scenario 5 [Priority: MEDIUM]
[2026-07-22T08:13:29.196Z] INFO: Finished Test Case: TC_RESPONSIVE_005 - Status: PASSED (13ms)

[2026-07-22T08:13:29.197Z] INFO: Starting Test Case: TC_RESPONSIVE_006 - Responsive Design validation check - Scenario 6 [Priority: CRITICAL]
[2026-07-22T08:13:29.207Z] INFO: Finished Test Case: TC_RESPONSIVE_006 - Status: PASSED (10ms)

[2026-07-22T08:13:29.207Z] INFO: Starting Test Case: TC_RESPONSIVE_007 - Responsive Design validation check - Scenario 7 [Priority: HIGH]
[2026-07-22T08:13:29.246Z] INFO: Finished Test Case: TC_RESPONSIVE_007 - Status: PASSED (39ms)

[2026-07-22T08:13:29.246Z] INFO: Starting Test Case: TC_RESPONSIVE_008 - Responsive Design validation check - Scenario 8 [Priority: HIGH]
[2026-07-22T08:13:29.265Z] INFO: Finished Test Case: TC_RESPONSIVE_008 - Status: PASSED (19ms)

[2026-07-22T08:13:29.266Z] INFO: Starting Test Case: TC_RESPONSIVE_009 - Responsive Design validation check - Scenario 9 [Priority: LOW]
[2026-07-22T08:13:29.285Z] INFO: Finished Test Case: TC_RESPONSIVE_009 - Status: PASSED (19ms)

[2026-07-22T08:13:29.285Z] INFO: Starting Test Case: TC_RESPONSIVE_010 - Responsive Design validation check - Scenario 10 [Priority: MEDIUM]
[2026-07-22T08:13:29.292Z] INFO: Finished Test Case: TC_RESPONSIVE_010 - Status: PASSED (7ms)

[2026-07-22T08:13:29.292Z] INFO: Starting Test Case: TC_RESPONSIVE_011 - Responsive Design validation check - Scenario 11 [Priority: CRITICAL]
[2026-07-22T08:13:29.341Z] INFO: Finished Test Case: TC_RESPONSIVE_011 - Status: PASSED (49ms)

[2026-07-22T08:13:29.341Z] INFO: Starting Test Case: TC_RESPONSIVE_012 - Responsive Design validation check - Scenario 12 [Priority: HIGH]
[2026-07-22T08:13:29.353Z] INFO: Finished Test Case: TC_RESPONSIVE_012 - Status: PASSED (12ms)

[2026-07-22T08:13:29.353Z] INFO: Starting Test Case: TC_RESPONSIVE_013 - Responsive Design validation check - Scenario 13 [Priority: HIGH]
[2026-07-22T08:13:29.382Z] INFO: Finished Test Case: TC_RESPONSIVE_013 - Status: PASSED (29ms)

[2026-07-22T08:13:29.382Z] INFO: Starting Test Case: TC_RESPONSIVE_014 - Responsive Design validation check - Scenario 14 [Priority: LOW]
[2026-07-22T08:13:29.419Z] INFO: Finished Test Case: TC_RESPONSIVE_014 - Status: PASSED (37ms)

[2026-07-22T08:13:29.419Z] INFO: Starting Test Case: TC_RESPONSIVE_015 - Responsive Design validation check - Scenario 15 [Priority: MEDIUM]
[2026-07-22T08:13:29.462Z] INFO: Finished Test Case: TC_RESPONSIVE_015 - Status: PASSED (43ms)

[2026-07-22T08:13:29.462Z] INFO: Starting Test Case: TC_RESPONSIVE_016 - Responsive Design validation check - Scenario 16 [Priority: CRITICAL]
[2026-07-22T08:13:29.489Z] INFO: Finished Test Case: TC_RESPONSIVE_016 - Status: PASSED (27ms)

[2026-07-22T08:13:29.489Z] INFO: Starting Test Case: TC_RESPONSIVE_017 - Responsive Design validation check - Scenario 17 [Priority: HIGH]
[2026-07-22T08:13:29.502Z] INFO: Finished Test Case: TC_RESPONSIVE_017 - Status: PASSED (13ms)

[2026-07-22T08:13:29.502Z] INFO: Starting Test Case: TC_RESPONSIVE_018 - Responsive Design validation check - Scenario 18 [Priority: HIGH]
[2026-07-22T08:13:29.523Z] INFO: Finished Test Case: TC_RESPONSIVE_018 - Status: PASSED (21ms)

[2026-07-22T08:13:29.523Z] INFO: Starting Test Case: TC_RESPONSIVE_019 - Responsive Design validation check - Scenario 19 [Priority: LOW]
[2026-07-22T08:13:29.531Z] INFO: Finished Test Case: TC_RESPONSIVE_019 - Status: PASSED (8ms)

[2026-07-22T08:13:29.531Z] INFO: Starting Test Case: TC_RESPONSIVE_020 - Responsive Design validation check - Scenario 20 [Priority: MEDIUM]
[2026-07-22T08:13:29.580Z] INFO: Finished Test Case: TC_RESPONSIVE_020 - Status: PASSED (49ms)

[2026-07-22T08:13:29.580Z] INFO: Starting Test Case: TC_PERF_001 - Performance Smoke validation check - Scenario 1 [Priority: CRITICAL]
[2026-07-22T08:13:29.611Z] INFO: Finished Test Case: TC_PERF_001 - Status: PASSED (31ms)

[2026-07-22T08:13:29.611Z] INFO: Starting Test Case: TC_PERF_002 - Performance Smoke validation check - Scenario 2 [Priority: HIGH]
[2026-07-22T08:13:29.635Z] INFO: Finished Test Case: TC_PERF_002 - Status: PASSED (24ms)

[2026-07-22T08:13:29.635Z] INFO: Starting Test Case: TC_PERF_003 - Performance Smoke validation check - Scenario 3 [Priority: HIGH]
[2026-07-22T08:13:29.671Z] INFO: Finished Test Case: TC_PERF_003 - Status: PASSED (36ms)

[2026-07-22T08:13:29.671Z] INFO: Starting Test Case: TC_PERF_004 - Performance Smoke validation check - Scenario 4 [Priority: LOW]
[2026-07-22T08:13:29.705Z] INFO: Finished Test Case: TC_PERF_004 - Status: PASSED (34ms)

[2026-07-22T08:13:29.705Z] INFO: Starting Test Case: TC_PERF_005 - Performance Smoke validation check - Scenario 5 [Priority: MEDIUM]
[2026-07-22T08:13:29.710Z] INFO: Finished Test Case: TC_PERF_005 - Status: PASSED (5ms)

[2026-07-22T08:13:29.710Z] INFO: Starting Test Case: TC_PERF_006 - Performance Smoke validation check - Scenario 6 [Priority: CRITICAL]
[2026-07-22T08:13:29.723Z] INFO: Finished Test Case: TC_PERF_006 - Status: PASSED (13ms)

[2026-07-22T08:13:29.723Z] INFO: Starting Test Case: TC_PERF_007 - Performance Smoke validation check - Scenario 7 [Priority: HIGH]
[2026-07-22T08:13:29.746Z] INFO: Finished Test Case: TC_PERF_007 - Status: PASSED (23ms)

[2026-07-22T08:13:29.746Z] INFO: Starting Test Case: TC_PERF_008 - Performance Smoke validation check - Scenario 8 [Priority: HIGH]
[2026-07-22T08:13:29.774Z] INFO: Finished Test Case: TC_PERF_008 - Status: PASSED (28ms)

[2026-07-22T08:13:29.774Z] INFO: Starting Test Case: TC_PERF_009 - Performance Smoke validation check - Scenario 9 [Priority: LOW]
[2026-07-22T08:13:29.819Z] INFO: Finished Test Case: TC_PERF_009 - Status: PASSED (45ms)

[2026-07-22T08:13:29.819Z] INFO: Starting Test Case: TC_PERF_010 - Performance Smoke validation check - Scenario 10 [Priority: MEDIUM]
[2026-07-22T08:13:29.835Z] INFO: Finished Test Case: TC_PERF_010 - Status: PASSED (16ms)

[2026-07-22T08:13:29.835Z] INFO: Starting Test Case: TC_PERF_011 - Performance Smoke validation check - Scenario 11 [Priority: CRITICAL]
[2026-07-22T08:13:29.876Z] INFO: Finished Test Case: TC_PERF_011 - Status: PASSED (41ms)

[2026-07-22T08:13:29.876Z] INFO: Starting Test Case: TC_PERF_012 - Performance Smoke validation check - Scenario 12 [Priority: HIGH]
[2026-07-22T08:13:29.916Z] INFO: Finished Test Case: TC_PERF_012 - Status: PASSED (40ms)

[2026-07-22T08:13:29.916Z] INFO: Starting Test Case: TC_PERF_013 - Performance Smoke validation check - Scenario 13 [Priority: HIGH]
[2026-07-22T08:13:29.929Z] INFO: Finished Test Case: TC_PERF_013 - Status: PASSED (13ms)

[2026-07-22T08:13:29.929Z] INFO: Starting Test Case: TC_PERF_014 - Performance Smoke validation check - Scenario 14 [Priority: LOW]
[2026-07-22T08:13:29.934Z] INFO: Finished Test Case: TC_PERF_014 - Status: PASSED (5ms)

[2026-07-22T08:13:29.935Z] INFO: Starting Test Case: TC_PERF_015 - Performance Smoke validation check - Scenario 15 [Priority: MEDIUM]
[2026-07-22T08:13:29.965Z] INFO: Finished Test Case: TC_PERF_015 - Status: PASSED (30ms)

[2026-07-22T08:13:29.965Z] INFO: Starting Test Case: TC_PERF_016 - Performance Smoke validation check - Scenario 16 [Priority: CRITICAL]
[2026-07-22T08:13:29.978Z] INFO: Finished Test Case: TC_PERF_016 - Status: PASSED (13ms)

[2026-07-22T08:13:29.978Z] INFO: Starting Test Case: TC_PERF_017 - Performance Smoke validation check - Scenario 17 [Priority: HIGH]
[2026-07-22T08:13:30.004Z] INFO: Finished Test Case: TC_PERF_017 - Status: PASSED (26ms)

[2026-07-22T08:13:30.004Z] INFO: Starting Test Case: TC_PERF_018 - Performance Smoke validation check - Scenario 18 [Priority: HIGH]
[2026-07-22T08:13:30.030Z] INFO: Finished Test Case: TC_PERF_018 - Status: PASSED (26ms)

[2026-07-22T08:13:30.030Z] INFO: Starting Test Case: TC_PERF_019 - Performance Smoke validation check - Scenario 19 [Priority: LOW]
[2026-07-22T08:13:30.038Z] INFO: Finished Test Case: TC_PERF_019 - Status: PASSED (8ms)

[2026-07-22T08:13:30.038Z] INFO: Starting Test Case: TC_PERF_020 - Performance Smoke validation check - Scenario 20 [Priority: MEDIUM]
[2026-07-22T08:13:30.087Z] INFO: Finished Test Case: TC_PERF_020 - Status: PASSED (49ms)

[2026-07-22T08:13:30.087Z] INFO: Starting Test Case: TC_REGR_001 - Regression validation check - Scenario 1 [Priority: CRITICAL]
[2026-07-22T08:13:30.092Z] INFO: Finished Test Case: TC_REGR_001 - Status: PASSED (5ms)

[2026-07-22T08:13:30.092Z] INFO: Starting Test Case: TC_REGR_002 - Regression validation check - Scenario 2 [Priority: HIGH]
[2026-07-22T08:13:30.140Z] INFO: Finished Test Case: TC_REGR_002 - Status: PASSED (48ms)

[2026-07-22T08:13:30.140Z] INFO: Starting Test Case: TC_REGR_003 - Regression validation check - Scenario 3 [Priority: HIGH]
[2026-07-22T08:13:30.150Z] INFO: Finished Test Case: TC_REGR_003 - Status: PASSED (10ms)

[2026-07-22T08:13:30.150Z] INFO: Starting Test Case: TC_REGR_004 - Regression validation check - Scenario 4 [Priority: LOW]
[2026-07-22T08:13:30.183Z] INFO: Finished Test Case: TC_REGR_004 - Status: PASSED (33ms)

[2026-07-22T08:13:30.183Z] INFO: Starting Test Case: TC_REGR_005 - Regression validation check - Scenario 5 [Priority: MEDIUM]
[2026-07-22T08:13:30.226Z] INFO: Finished Test Case: TC_REGR_005 - Status: PASSED (43ms)

[2026-07-22T08:13:30.226Z] INFO: Starting Test Case: TC_REGR_006 - Regression validation check - Scenario 6 [Priority: CRITICAL]
[2026-07-22T08:13:30.249Z] INFO: Finished Test Case: TC_REGR_006 - Status: PASSED (23ms)

[2026-07-22T08:13:30.249Z] INFO: Starting Test Case: TC_REGR_007 - Regression validation check - Scenario 7 [Priority: HIGH]
[2026-07-22T08:13:30.292Z] INFO: Finished Test Case: TC_REGR_007 - Status: PASSED (43ms)

[2026-07-22T08:13:30.292Z] INFO: Starting Test Case: TC_REGR_008 - Regression validation check - Scenario 8 [Priority: HIGH]
[2026-07-22T08:13:30.319Z] INFO: Finished Test Case: TC_REGR_008 - Status: PASSED (27ms)

[2026-07-22T08:13:30.319Z] INFO: Starting Test Case: TC_REGR_009 - Regression validation check - Scenario 9 [Priority: LOW]
[2026-07-22T08:13:30.368Z] INFO: Finished Test Case: TC_REGR_009 - Status: PASSED (49ms)

[2026-07-22T08:13:30.368Z] INFO: Starting Test Case: TC_REGR_010 - Regression validation check - Scenario 10 [Priority: MEDIUM]
[2026-07-22T08:13:30.413Z] INFO: Finished Test Case: TC_REGR_010 - Status: PASSED (45ms)

[2026-07-22T08:13:30.413Z] INFO: Starting Test Case: TC_REGR_011 - Regression validation check - Scenario 11 [Priority: CRITICAL]
[2026-07-22T08:13:30.442Z] INFO: Finished Test Case: TC_REGR_011 - Status: PASSED (29ms)

[2026-07-22T08:13:30.442Z] INFO: Starting Test Case: TC_REGR_012 - Regression validation check - Scenario 12 [Priority: HIGH]
[2026-07-22T08:13:30.474Z] INFO: Finished Test Case: TC_REGR_012 - Status: PASSED (32ms)

[2026-07-22T08:13:30.474Z] INFO: Starting Test Case: TC_REGR_013 - Regression validation check - Scenario 13 [Priority: HIGH]
[2026-07-22T08:13:30.510Z] INFO: Finished Test Case: TC_REGR_013 - Status: PASSED (36ms)

[2026-07-22T08:13:30.510Z] INFO: Starting Test Case: TC_REGR_014 - Regression validation check - Scenario 14 [Priority: LOW]
[2026-07-22T08:13:30.555Z] INFO: Finished Test Case: TC_REGR_014 - Status: PASSED (45ms)

[2026-07-22T08:13:30.555Z] INFO: Starting Test Case: TC_REGR_015 - Regression validation check - Scenario 15 [Priority: MEDIUM]
[2026-07-22T08:13:30.570Z] INFO: Finished Test Case: TC_REGR_015 - Status: PASSED (15ms)

[2026-07-22T08:13:30.570Z] INFO: Starting Test Case: TC_REGR_016 - Regression validation check - Scenario 16 [Priority: CRITICAL]
[2026-07-22T08:13:30.618Z] INFO: Finished Test Case: TC_REGR_016 - Status: PASSED (48ms)

[2026-07-22T08:13:30.618Z] INFO: Starting Test Case: TC_REGR_017 - Regression validation check - Scenario 17 [Priority: HIGH]
[2026-07-22T08:13:30.652Z] INFO: Finished Test Case: TC_REGR_017 - Status: PASSED (34ms)

[2026-07-22T08:13:30.652Z] INFO: Starting Test Case: TC_REGR_018 - Regression validation check - Scenario 18 [Priority: HIGH]
[2026-07-22T08:13:30.687Z] INFO: Finished Test Case: TC_REGR_018 - Status: PASSED (35ms)

[2026-07-22T08:13:30.688Z] INFO: Starting Test Case: TC_REGR_019 - Regression validation check - Scenario 19 [Priority: LOW]
[2026-07-22T08:13:30.733Z] INFO: Finished Test Case: TC_REGR_019 - Status: PASSED (45ms)

[2026-07-22T08:13:30.733Z] INFO: Starting Test Case: TC_REGR_020 - Regression validation check - Scenario 20 [Priority: MEDIUM]
[2026-07-22T08:13:30.773Z] INFO: Finished Test Case: TC_REGR_020 - Status: PASSED (40ms)

[2026-07-22T08:13:30.773Z] INFO: Starting Test Case: TC_REGR_021 - Regression validation check - Scenario 21 [Priority: CRITICAL]
[2026-07-22T08:13:30.796Z] INFO: Finished Test Case: TC_REGR_021 - Status: PASSED (23ms)

[2026-07-22T08:13:30.796Z] INFO: Starting Test Case: TC_REGR_022 - Regression validation check - Scenario 22 [Priority: HIGH]
[2026-07-22T08:13:30.835Z] INFO: Finished Test Case: TC_REGR_022 - Status: PASSED (39ms)

[2026-07-22T08:13:30.835Z] INFO: Starting Test Case: TC_REGR_023 - Regression validation check - Scenario 23 [Priority: HIGH]
[2026-07-22T08:13:30.856Z] INFO: Finished Test Case: TC_REGR_023 - Status: PASSED (21ms)

[2026-07-22T08:13:30.856Z] INFO: Starting Test Case: TC_REGR_024 - Regression validation check - Scenario 24 [Priority: LOW]
[2026-07-22T08:13:30.905Z] INFO: Finished Test Case: TC_REGR_024 - Status: PASSED (49ms)

[2026-07-22T08:13:30.905Z] INFO: Starting Test Case: TC_REGR_025 - Regression validation check - Scenario 25 [Priority: MEDIUM]
[2026-07-22T08:13:30.925Z] INFO: Finished Test Case: TC_REGR_025 - Status: PASSED (20ms)

[2026-07-22T08:13:30.925Z] INFO: Starting Test Case: TC_REGR_026 - Regression validation check - Scenario 26 [Priority: CRITICAL]
[2026-07-22T08:13:30.961Z] INFO: Finished Test Case: TC_REGR_026 - Status: PASSED (36ms)

[2026-07-22T08:13:30.961Z] INFO: Starting Test Case: TC_REGR_027 - Regression validation check - Scenario 27 [Priority: HIGH]
[2026-07-22T08:13:31.008Z] INFO: Finished Test Case: TC_REGR_027 - Status: PASSED (47ms)

[2026-07-22T08:13:31.008Z] INFO: Starting Test Case: TC_REGR_028 - Regression validation check - Scenario 28 [Priority: HIGH]
[2026-07-22T08:13:31.018Z] INFO: Finished Test Case: TC_REGR_028 - Status: PASSED (10ms)

[2026-07-22T08:13:31.018Z] INFO: Starting Test Case: TC_REGR_029 - Regression validation check - Scenario 29 [Priority: LOW]
[2026-07-22T08:13:31.030Z] INFO: Finished Test Case: TC_REGR_029 - Status: PASSED (12ms)

[2026-07-22T08:13:31.030Z] INFO: Starting Test Case: TC_REGR_030 - Regression validation check - Scenario 30 [Priority: MEDIUM]
[2026-07-22T08:13:31.078Z] INFO: Finished Test Case: TC_REGR_030 - Status: PASSED (48ms)

[2026-07-22T08:13:31.078Z] INFO: Starting Test Case: TC_REGR_031 - Regression validation check - Scenario 31 [Priority: CRITICAL]
[2026-07-22T08:13:31.097Z] INFO: Finished Test Case: TC_REGR_031 - Status: PASSED (19ms)

[2026-07-22T08:13:31.097Z] INFO: Starting Test Case: TC_REGR_032 - Regression validation check - Scenario 32 [Priority: HIGH]
[2026-07-22T08:13:31.138Z] INFO: Finished Test Case: TC_REGR_032 - Status: PASSED (41ms)

[2026-07-22T08:13:31.138Z] INFO: Starting Test Case: TC_REGR_033 - Regression validation check - Scenario 33 [Priority: HIGH]
[2026-07-22T08:13:31.169Z] INFO: Finished Test Case: TC_REGR_033 - Status: PASSED (31ms)

[2026-07-22T08:13:31.169Z] INFO: Starting Test Case: TC_REGR_034 - Regression validation check - Scenario 34 [Priority: LOW]
[2026-07-22T08:13:31.206Z] INFO: Finished Test Case: TC_REGR_034 - Status: PASSED (37ms)

[2026-07-22T08:13:31.206Z] INFO: Starting Test Case: TC_REGR_035 - Regression validation check - Scenario 35 [Priority: MEDIUM]
[2026-07-22T08:13:31.246Z] INFO: Finished Test Case: TC_REGR_035 - Status: PASSED (40ms)

[2026-07-22T08:13:31.247Z] INFO: Starting Test Case: TC_REGR_036 - Regression validation check - Scenario 36 [Priority: CRITICAL]
[2026-07-22T08:13:31.276Z] INFO: Finished Test Case: TC_REGR_036 - Status: PASSED (29ms)

[2026-07-22T08:13:31.276Z] INFO: Starting Test Case: TC_REGR_037 - Regression validation check - Scenario 37 [Priority: HIGH]
[2026-07-22T08:13:31.317Z] INFO: Finished Test Case: TC_REGR_037 - Status: PASSED (41ms)

[2026-07-22T08:13:31.317Z] INFO: Starting Test Case: TC_REGR_038 - Regression validation check - Scenario 38 [Priority: HIGH]
[2026-07-22T08:13:31.352Z] INFO: Finished Test Case: TC_REGR_038 - Status: PASSED (35ms)

[2026-07-22T08:13:31.352Z] INFO: Starting Test Case: TC_REGR_039 - Regression validation check - Scenario 39 [Priority: LOW]
[2026-07-22T08:13:31.384Z] INFO: Finished Test Case: TC_REGR_039 - Status: PASSED (32ms)

[2026-07-22T08:13:31.384Z] INFO: Starting Test Case: TC_REGR_040 - Regression validation check - Scenario 40 [Priority: MEDIUM]
[2026-07-22T08:13:31.420Z] INFO: Finished Test Case: TC_REGR_040 - Status: PASSED (36ms)

[2026-07-22T08:13:31.420Z] INFO: Starting Test Case: TC_REGR_041 - Regression validation check - Scenario 41 [Priority: CRITICAL]
[2026-07-22T08:13:31.456Z] INFO: Finished Test Case: TC_REGR_041 - Status: PASSED (36ms)

[2026-07-22T08:13:31.456Z] INFO: Starting Test Case: TC_REGR_042 - Regression validation check - Scenario 42 [Priority: HIGH]
[2026-07-22T08:13:31.492Z] INFO: Finished Test Case: TC_REGR_042 - Status: PASSED (36ms)

[2026-07-22T08:13:31.492Z] INFO: Starting Test Case: TC_REGR_043 - Regression validation check - Scenario 43 [Priority: HIGH]
[2026-07-22T08:13:31.529Z] INFO: Finished Test Case: TC_REGR_043 - Status: PASSED (37ms)

[2026-07-22T08:13:31.529Z] INFO: Starting Test Case: TC_REGR_044 - Regression validation check - Scenario 44 [Priority: LOW]
[2026-07-22T08:13:31.550Z] INFO: Finished Test Case: TC_REGR_044 - Status: PASSED (21ms)

[2026-07-22T08:13:31.550Z] INFO: Starting Test Case: TC_REGR_045 - Regression validation check - Scenario 45 [Priority: MEDIUM]
[2026-07-22T08:13:31.589Z] INFO: Finished Test Case: TC_REGR_045 - Status: PASSED (39ms)

[2026-07-22T08:13:31.589Z] INFO: Starting Test Case: TC_REGR_046 - Regression validation check - Scenario 46 [Priority: CRITICAL]
[2026-07-22T08:13:31.602Z] INFO: Finished Test Case: TC_REGR_046 - Status: PASSED (13ms)

[2026-07-22T08:13:31.602Z] INFO: Starting Test Case: TC_REGR_047 - Regression validation check - Scenario 47 [Priority: HIGH]
[2026-07-22T08:13:31.649Z] INFO: Finished Test Case: TC_REGR_047 - Status: PASSED (47ms)

[2026-07-22T08:13:31.649Z] INFO: Starting Test Case: TC_REGR_048 - Regression validation check - Scenario 48 [Priority: HIGH]
[2026-07-22T08:13:31.661Z] INFO: Finished Test Case: TC_REGR_048 - Status: PASSED (12ms)

[2026-07-22T08:13:31.661Z] INFO: Starting Test Case: TC_REGR_049 - Regression validation check - Scenario 49 [Priority: LOW]
[2026-07-22T08:13:31.702Z] INFO: Finished Test Case: TC_REGR_049 - Status: PASSED (41ms)

[2026-07-22T08:13:31.702Z] INFO: Starting Test Case: TC_REGR_050 - Regression validation check - Scenario 50 [Priority: MEDIUM]
[2026-07-22T08:13:31.733Z] INFO: Finished Test Case: TC_REGR_050 - Status: PASSED (31ms)

[2026-07-22T08:13:31.733Z] INFO: Closing Chrome driver session...
[2026-07-22T08:13:31.738Z] INFO: Browser logs saved successfully to: /home/runner/work/pddtesting/pddtesting/automation/reports/Logs/browser-console.log
[2026-07-22T08:13:31.790Z] INFO: Session closed.
[2026-07-22T08:13:31.791Z] INFO: E2E suite execution finished. Total duration: 41.88s
[2026-07-22T08:13:31.791Z] INFO: Generating Excel automation reports...
[2026-07-22T08:13:32.006Z] INFO: Master Excel report written to: /home/runner/work/pddtesting/pddtesting/automation/reports/Excel/Automation_Test_Report.xlsx
[2026-07-22T08:13:32.089Z] INFO: Excel report generation completed successfully!
[2026-07-22T08:13:32.089Z] INFO: Generating HTML automation reports...
[2026-07-22T08:13:32.093Z] INFO: HTML Reports successfully written to: /home/runner/work/pddtesting/pddtesting/automation/reports/HTML
[2026-07-22T08:13:32.094Z] INFO: JSON report generated at: /home/runner/work/pddtesting/pddtesting/automation/reports/JSON/execution-results.json
[2026-07-22T08:13:32.095Z] INFO: Markdown step summary generated at: /home/runner/work/pddtesting/pddtesting/automation/reports/Summary/summary.md
[2026-07-22T08:13:32.095Z] INFO: Final Metrics -> Total: 470, Passed: 467, Pass Rate: 99.36%
[2026-07-22T08:13:32.095Z] INFO: Critical Tests -> Total: 95, Failed: 1, Critical Fail Rate: 1.05%
[2026-07-22T08:13:32.095Z] INFO: Execution Passed: All criteria (Pass Rate >= 95% and Critical Fail Rate <= 5%) met successfully!
