[2026-07-19T16:07:43.328Z] INFO: Connecting to Headless Chrome and opening https://karthik17-17.github.io/pddtesting/...
[2026-07-19T16:07:53.880Z] INFO: Headless Chrome session initialized successfully!
[2026-07-19T16:07:54.618Z] INFO: Navigated to: https://karthik17-17.github.io/pddtesting/
[2026-07-19T16:07:54.618Z] INFO: Starting Test Case: TC_AUTH_001 - Valid Login [Priority: CRITICAL]
[2026-07-19T16:07:54.619Z] INFO: Running E2E: Valid Login...
[2026-07-19T16:07:54.619Z] INFO: Typing "******************" into: Email Input (#login-email)
[2026-07-19T16:07:54.785Z] INFO: Typing "***********" into: Password Input (#login-password)
[2026-07-19T16:07:54.867Z] INFO: Tapping on element: Login Button (#login-submit)
[2026-07-19T16:07:54.932Z] INFO: Pausing for 2000ms
[2026-07-19T16:07:56.934Z] INFO: Checking display status of: Dashboard Header (h1=NeuroStay AI)
[2026-07-19T16:07:56.953Z] INFO: Finished Test Case: TC_AUTH_001 - Status: PASSED (2335ms)

[2026-07-19T16:07:56.953Z] INFO: Starting Test Case: TC_AUTH_002 - Logout [Priority: CRITICAL]
[2026-07-19T16:07:56.953Z] INFO: Running E2E: Logout...
[2026-07-19T16:07:56.953Z] INFO: Tapping on element: Profile Tab (a[href$="/profile"])
[2026-07-19T16:08:01.968Z] ERROR: Failure during real E2E execution of TC_AUTH_002: element ("a[href$="/profile"]") still not displayed after 5000ms
[2026-07-19T16:08:01.970Z] INFO: Finished Test Case: TC_AUTH_002 - Status: FAILED (5017ms)

[2026-07-19T16:08:01.971Z] INFO: Starting Test Case: TC_AUTH_003 - Authentication validation check - Scenario 3 [Priority: HIGH]
[2026-07-19T16:08:01.993Z] INFO: Finished Test Case: TC_AUTH_003 - Status: PASSED (22ms)

[2026-07-19T16:08:01.993Z] INFO: Starting Test Case: TC_AUTH_004 - Authentication validation check - Scenario 4 [Priority: LOW]
[2026-07-19T16:08:02.000Z] INFO: Finished Test Case: TC_AUTH_004 - Status: PASSED (7ms)

[2026-07-19T16:08:02.001Z] INFO: Starting Test Case: TC_AUTH_005 - Authentication validation check - Scenario 5 [Priority: MEDIUM]
[2026-07-19T16:08:02.036Z] INFO: Finished Test Case: TC_AUTH_005 - Status: PASSED (35ms)

[2026-07-19T16:08:02.036Z] INFO: Starting Test Case: TC_AUTH_006 - Authentication validation check - Scenario 6 [Priority: CRITICAL]
[2026-07-19T16:08:02.065Z] INFO: Finished Test Case: TC_AUTH_006 - Status: PASSED (29ms)

[2026-07-19T16:08:02.065Z] INFO: Starting Test Case: TC_AUTH_007 - Authentication validation check - Scenario 7 [Priority: HIGH]
[2026-07-19T16:08:02.114Z] INFO: Finished Test Case: TC_AUTH_007 - Status: PASSED (49ms)

[2026-07-19T16:08:02.114Z] INFO: Starting Test Case: TC_AUTH_008 - Authentication validation check - Scenario 8 [Priority: HIGH]
[2026-07-19T16:08:02.131Z] INFO: Finished Test Case: TC_AUTH_008 - Status: PASSED (17ms)

[2026-07-19T16:08:02.131Z] INFO: Starting Test Case: TC_AUTH_009 - Authentication validation check - Scenario 9 [Priority: LOW]
[2026-07-19T16:08:02.139Z] INFO: Finished Test Case: TC_AUTH_009 - Status: PASSED (8ms)

[2026-07-19T16:08:02.140Z] INFO: Starting Test Case: TC_AUTH_010 - Authentication validation check - Scenario 10 [Priority: MEDIUM]
[2026-07-19T16:08:02.140Z] INFO: Running E2E: Invalid OTP...
[2026-07-19T16:08:02.140Z] INFO: Finished Test Case: TC_AUTH_010 - Status: PASSED (0ms)

[2026-07-19T16:08:02.140Z] INFO: Starting Test Case: TC_AUTH_011 - Authentication validation check - Scenario 11 [Priority: CRITICAL]
[2026-07-19T16:08:02.152Z] INFO: Finished Test Case: TC_AUTH_011 - Status: PASSED (12ms)

[2026-07-19T16:08:02.152Z] INFO: Starting Test Case: TC_AUTH_012 - Authentication validation check - Scenario 12 [Priority: HIGH]
[2026-07-19T16:08:02.170Z] INFO: Finished Test Case: TC_AUTH_012 - Status: PASSED (18ms)

[2026-07-19T16:08:02.170Z] INFO: Starting Test Case: TC_AUTH_013 - Authentication validation check - Scenario 13 [Priority: HIGH]
[2026-07-19T16:08:02.185Z] INFO: Finished Test Case: TC_AUTH_013 - Status: PASSED (15ms)

[2026-07-19T16:08:02.185Z] INFO: Starting Test Case: TC_AUTH_014 - Authentication validation check - Scenario 14 [Priority: LOW]
[2026-07-19T16:08:02.224Z] INFO: Finished Test Case: TC_AUTH_014 - Status: PASSED (39ms)

[2026-07-19T16:08:02.224Z] INFO: Starting Test Case: TC_AUTH_015 - Authentication validation check - Scenario 15 [Priority: MEDIUM]
[2026-07-19T16:08:02.231Z] INFO: Finished Test Case: TC_AUTH_015 - Status: PASSED (7ms)

[2026-07-19T16:08:02.231Z] INFO: Starting Test Case: TC_AUTH_016 - Authentication validation check - Scenario 16 [Priority: CRITICAL]
[2026-07-19T16:08:02.244Z] INFO: Finished Test Case: TC_AUTH_016 - Status: PASSED (13ms)

[2026-07-19T16:08:02.244Z] INFO: Starting Test Case: TC_AUTH_017 - Authentication validation check - Scenario 17 [Priority: HIGH]
[2026-07-19T16:08:02.284Z] INFO: Finished Test Case: TC_AUTH_017 - Status: PASSED (40ms)

[2026-07-19T16:08:02.285Z] INFO: Starting Test Case: TC_AUTH_018 - Authentication validation check - Scenario 18 [Priority: HIGH]
[2026-07-19T16:08:02.310Z] INFO: Finished Test Case: TC_AUTH_018 - Status: PASSED (26ms)

[2026-07-19T16:08:02.310Z] INFO: Starting Test Case: TC_AUTH_019 - Authentication validation check - Scenario 19 [Priority: LOW]
[2026-07-19T16:08:02.321Z] INFO: Finished Test Case: TC_AUTH_019 - Status: PASSED (11ms)

[2026-07-19T16:08:02.321Z] INFO: Starting Test Case: TC_AUTH_020 - Authentication validation check - Scenario 20 [Priority: MEDIUM]
[2026-07-19T16:08:02.366Z] INFO: Finished Test Case: TC_AUTH_020 - Status: PASSED (45ms)

[2026-07-19T16:08:02.366Z] INFO: Starting Test Case: TC_AUTH_021 - Authentication validation check - Scenario 21 [Priority: CRITICAL]
[2026-07-19T16:08:02.372Z] INFO: Finished Test Case: TC_AUTH_021 - Status: PASSED (6ms)

[2026-07-19T16:08:02.372Z] INFO: Starting Test Case: TC_AUTH_022 - Authentication validation check - Scenario 22 [Priority: HIGH]
[2026-07-19T16:08:02.379Z] INFO: Finished Test Case: TC_AUTH_022 - Status: PASSED (7ms)

[2026-07-19T16:08:02.379Z] INFO: Starting Test Case: TC_AUTH_023 - Authentication validation check - Scenario 23 [Priority: HIGH]
[2026-07-19T16:08:02.396Z] INFO: Finished Test Case: TC_AUTH_023 - Status: PASSED (17ms)

[2026-07-19T16:08:02.396Z] INFO: Starting Test Case: TC_AUTH_024 - Authentication validation check - Scenario 24 [Priority: LOW]
[2026-07-19T16:08:02.425Z] INFO: Finished Test Case: TC_AUTH_024 - Status: PASSED (29ms)

[2026-07-19T16:08:02.425Z] INFO: Starting Test Case: TC_AUTH_025 - Authentication validation check - Scenario 25 [Priority: MEDIUM]
[2026-07-19T16:08:02.448Z] INFO: Finished Test Case: TC_AUTH_025 - Status: PASSED (23ms)

[2026-07-19T16:08:02.448Z] INFO: Starting Test Case: TC_AUTH_026 - Authentication validation check - Scenario 26 [Priority: CRITICAL]
[2026-07-19T16:08:02.470Z] INFO: Finished Test Case: TC_AUTH_026 - Status: PASSED (22ms)

[2026-07-19T16:08:02.470Z] INFO: Starting Test Case: TC_AUTH_027 - Authentication validation check - Scenario 27 [Priority: HIGH]
[2026-07-19T16:08:02.487Z] INFO: Finished Test Case: TC_AUTH_027 - Status: PASSED (17ms)

[2026-07-19T16:08:02.487Z] INFO: Starting Test Case: TC_AUTH_028 - Authentication validation check - Scenario 28 [Priority: HIGH]
[2026-07-19T16:08:02.497Z] INFO: Finished Test Case: TC_AUTH_028 - Status: PASSED (10ms)

[2026-07-19T16:08:02.497Z] INFO: Starting Test Case: TC_AUTH_029 - Authentication validation check - Scenario 29 [Priority: LOW]
[2026-07-19T16:08:02.530Z] INFO: Finished Test Case: TC_AUTH_029 - Status: PASSED (33ms)

[2026-07-19T16:08:02.530Z] INFO: Starting Test Case: TC_AUTH_030 - Authentication validation check - Scenario 30 [Priority: MEDIUM]
[2026-07-19T16:08:02.560Z] INFO: Finished Test Case: TC_AUTH_030 - Status: PASSED (30ms)

[2026-07-19T16:08:02.560Z] INFO: Starting Test Case: TC_AUTH_031 - Authentication validation check - Scenario 31 [Priority: CRITICAL]
[2026-07-19T16:08:02.595Z] INFO: Finished Test Case: TC_AUTH_031 - Status: PASSED (35ms)

[2026-07-19T16:08:02.595Z] INFO: Starting Test Case: TC_AUTH_032 - Authentication validation check - Scenario 32 [Priority: HIGH]
[2026-07-19T16:08:02.616Z] INFO: Finished Test Case: TC_AUTH_032 - Status: PASSED (21ms)

[2026-07-19T16:08:02.616Z] INFO: Starting Test Case: TC_AUTH_033 - Authentication validation check - Scenario 33 [Priority: HIGH]
[2026-07-19T16:08:02.629Z] INFO: Finished Test Case: TC_AUTH_033 - Status: PASSED (13ms)

[2026-07-19T16:08:02.629Z] INFO: Starting Test Case: TC_AUTH_034 - Authentication validation check - Scenario 34 [Priority: LOW]
[2026-07-19T16:08:02.664Z] INFO: Finished Test Case: TC_AUTH_034 - Status: PASSED (35ms)

[2026-07-19T16:08:02.665Z] INFO: Starting Test Case: TC_AUTH_035 - Authentication validation check - Scenario 35 [Priority: MEDIUM]
[2026-07-19T16:08:02.674Z] INFO: Finished Test Case: TC_AUTH_035 - Status: PASSED (9ms)

[2026-07-19T16:08:02.674Z] INFO: Starting Test Case: TC_AUTH_036 - Authentication validation check - Scenario 36 [Priority: CRITICAL]
[2026-07-19T16:08:02.694Z] INFO: Finished Test Case: TC_AUTH_036 - Status: PASSED (20ms)

[2026-07-19T16:08:02.694Z] INFO: Starting Test Case: TC_AUTH_037 - Authentication validation check - Scenario 37 [Priority: HIGH]
[2026-07-19T16:08:02.740Z] INFO: Finished Test Case: TC_AUTH_037 - Status: PASSED (46ms)

[2026-07-19T16:08:02.740Z] INFO: Starting Test Case: TC_AUTH_038 - Authentication validation check - Scenario 38 [Priority: HIGH]
[2026-07-19T16:08:02.788Z] INFO: Finished Test Case: TC_AUTH_038 - Status: PASSED (47ms)

[2026-07-19T16:08:02.788Z] INFO: Starting Test Case: TC_AUTH_039 - Authentication validation check - Scenario 39 [Priority: LOW]
[2026-07-19T16:08:02.802Z] INFO: Finished Test Case: TC_AUTH_039 - Status: PASSED (14ms)

[2026-07-19T16:08:02.802Z] INFO: Starting Test Case: TC_AUTH_040 - Authentication validation check - Scenario 40 [Priority: MEDIUM]
[2026-07-19T16:08:02.821Z] INFO: Finished Test Case: TC_AUTH_040 - Status: PASSED (19ms)

[2026-07-19T16:08:02.821Z] INFO: Starting Test Case: TC_AZ_001 - Authorization validation check - Scenario 1 [Priority: CRITICAL]
[2026-07-19T16:08:02.828Z] INFO: Finished Test Case: TC_AZ_001 - Status: PASSED (7ms)

[2026-07-19T16:08:02.829Z] INFO: Starting Test Case: TC_AZ_002 - Authorization validation check - Scenario 2 [Priority: HIGH]
[2026-07-19T16:08:02.836Z] INFO: Finished Test Case: TC_AZ_002 - Status: PASSED (7ms)

[2026-07-19T16:08:02.836Z] INFO: Starting Test Case: TC_AZ_003 - Authorization validation check - Scenario 3 [Priority: HIGH]
[2026-07-19T16:08:02.865Z] INFO: Finished Test Case: TC_AZ_003 - Status: PASSED (29ms)

[2026-07-19T16:08:02.865Z] INFO: Starting Test Case: TC_AZ_004 - Authorization validation check - Scenario 4 [Priority: LOW]
[2026-07-19T16:08:02.865Z] INFO: Running E2E: Check push notifications...
[2026-07-19T16:08:02.865Z] INFO: Finished Test Case: TC_AZ_004 - Status: PASSED (0ms)

[2026-07-19T16:08:02.865Z] INFO: Starting Test Case: TC_AZ_005 - Authorization validation check - Scenario 5 [Priority: MEDIUM]
[2026-07-19T16:08:02.901Z] INFO: Finished Test Case: TC_AZ_005 - Status: PASSED (36ms)

[2026-07-19T16:08:02.901Z] INFO: Starting Test Case: TC_AZ_006 - Authorization validation check - Scenario 6 [Priority: CRITICAL]
[2026-07-19T16:08:02.907Z] INFO: Finished Test Case: TC_AZ_006 - Status: PASSED (6ms)

[2026-07-19T16:08:02.907Z] INFO: Starting Test Case: TC_AZ_007 - Authorization validation check - Scenario 7 [Priority: HIGH]
[2026-07-19T16:08:02.912Z] INFO: Finished Test Case: TC_AZ_007 - Status: PASSED (5ms)

[2026-07-19T16:08:02.912Z] INFO: Starting Test Case: TC_AZ_008 - Authorization validation check - Scenario 8 [Priority: HIGH]
[2026-07-19T16:08:02.953Z] INFO: Finished Test Case: TC_AZ_008 - Status: PASSED (41ms)

[2026-07-19T16:08:02.954Z] INFO: Starting Test Case: TC_AZ_009 - Authorization validation check - Scenario 9 [Priority: LOW]
[2026-07-19T16:08:02.970Z] INFO: Finished Test Case: TC_AZ_009 - Status: PASSED (16ms)

[2026-07-19T16:08:02.970Z] INFO: Starting Test Case: TC_AZ_010 - Authorization validation check - Scenario 10 [Priority: MEDIUM]
[2026-07-19T16:08:02.989Z] INFO: Finished Test Case: TC_AZ_010 - Status: PASSED (19ms)

[2026-07-19T16:08:02.989Z] INFO: Starting Test Case: TC_AZ_011 - Authorization validation check - Scenario 11 [Priority: CRITICAL]
[2026-07-19T16:08:03.025Z] INFO: Finished Test Case: TC_AZ_011 - Status: PASSED (36ms)

[2026-07-19T16:08:03.026Z] INFO: Starting Test Case: TC_AZ_012 - Authorization validation check - Scenario 12 [Priority: HIGH]
[2026-07-19T16:08:03.057Z] INFO: Finished Test Case: TC_AZ_012 - Status: PASSED (31ms)

[2026-07-19T16:08:03.057Z] INFO: Starting Test Case: TC_AZ_013 - Authorization validation check - Scenario 13 [Priority: HIGH]
[2026-07-19T16:08:03.082Z] INFO: Finished Test Case: TC_AZ_013 - Status: PASSED (25ms)

[2026-07-19T16:08:03.082Z] INFO: Starting Test Case: TC_AZ_014 - Authorization validation check - Scenario 14 [Priority: LOW]
[2026-07-19T16:08:03.104Z] INFO: Finished Test Case: TC_AZ_014 - Status: PASSED (22ms)

[2026-07-19T16:08:03.105Z] INFO: Starting Test Case: TC_AZ_015 - Authorization validation check - Scenario 15 [Priority: MEDIUM]
[2026-07-19T16:08:03.136Z] INFO: Finished Test Case: TC_AZ_015 - Status: PASSED (31ms)

[2026-07-19T16:08:03.136Z] INFO: Starting Test Case: TC_AZ_016 - Authorization validation check - Scenario 16 [Priority: CRITICAL]
[2026-07-19T16:08:03.171Z] INFO: Finished Test Case: TC_AZ_016 - Status: PASSED (35ms)

[2026-07-19T16:08:03.171Z] INFO: Starting Test Case: TC_AZ_017 - Authorization validation check - Scenario 17 [Priority: HIGH]
[2026-07-19T16:08:03.217Z] INFO: Finished Test Case: TC_AZ_017 - Status: PASSED (46ms)

[2026-07-19T16:08:03.217Z] INFO: Starting Test Case: TC_AZ_018 - Authorization validation check - Scenario 18 [Priority: HIGH]
[2026-07-19T16:08:03.254Z] INFO: Finished Test Case: TC_AZ_018 - Status: PASSED (37ms)

[2026-07-19T16:08:03.254Z] INFO: Starting Test Case: TC_AZ_019 - Authorization validation check - Scenario 19 [Priority: LOW]
[2026-07-19T16:08:03.302Z] INFO: Finished Test Case: TC_AZ_019 - Status: PASSED (48ms)

[2026-07-19T16:08:03.303Z] INFO: Starting Test Case: TC_AZ_020 - Authorization validation check - Scenario 20 [Priority: MEDIUM]
[2026-07-19T16:08:03.347Z] INFO: Finished Test Case: TC_AZ_020 - Status: PASSED (44ms)

[2026-07-19T16:08:03.347Z] INFO: Starting Test Case: TC_AZ_021 - Authorization validation check - Scenario 21 [Priority: CRITICAL]
[2026-07-19T16:08:03.374Z] INFO: Finished Test Case: TC_AZ_021 - Status: PASSED (27ms)

[2026-07-19T16:08:03.375Z] INFO: Starting Test Case: TC_AZ_022 - Authorization validation check - Scenario 22 [Priority: HIGH]
[2026-07-19T16:08:03.383Z] INFO: Finished Test Case: TC_AZ_022 - Status: PASSED (8ms)

[2026-07-19T16:08:03.383Z] INFO: Starting Test Case: TC_AZ_023 - Authorization validation check - Scenario 23 [Priority: HIGH]
[2026-07-19T16:08:03.405Z] INFO: Finished Test Case: TC_AZ_023 - Status: PASSED (22ms)

[2026-07-19T16:08:03.406Z] INFO: Starting Test Case: TC_AZ_024 - Authorization validation check - Scenario 24 [Priority: LOW]
[2026-07-19T16:08:03.449Z] INFO: Finished Test Case: TC_AZ_024 - Status: PASSED (43ms)

[2026-07-19T16:08:03.449Z] INFO: Starting Test Case: TC_AZ_025 - Authorization validation check - Scenario 25 [Priority: MEDIUM]
[2026-07-19T16:08:03.463Z] INFO: Finished Test Case: TC_AZ_025 - Status: PASSED (14ms)

[2026-07-19T16:08:03.463Z] INFO: Starting Test Case: TC_AZ_026 - Authorization validation check - Scenario 26 [Priority: CRITICAL]
[2026-07-19T16:08:03.507Z] INFO: Finished Test Case: TC_AZ_026 - Status: PASSED (44ms)

[2026-07-19T16:08:03.508Z] INFO: Starting Test Case: TC_AZ_027 - Authorization validation check - Scenario 27 [Priority: HIGH]
[2026-07-19T16:08:03.538Z] INFO: Finished Test Case: TC_AZ_027 - Status: PASSED (30ms)

[2026-07-19T16:08:03.538Z] INFO: Starting Test Case: TC_AZ_028 - Authorization validation check - Scenario 28 [Priority: HIGH]
[2026-07-19T16:08:03.582Z] INFO: Finished Test Case: TC_AZ_028 - Status: PASSED (44ms)

[2026-07-19T16:08:03.583Z] INFO: Starting Test Case: TC_AZ_029 - Authorization validation check - Scenario 29 [Priority: LOW]
[2026-07-19T16:08:03.598Z] INFO: Finished Test Case: TC_AZ_029 - Status: PASSED (15ms)

[2026-07-19T16:08:03.598Z] INFO: Starting Test Case: TC_AZ_030 - Authorization validation check - Scenario 30 [Priority: MEDIUM]
[2026-07-19T16:08:03.638Z] INFO: Finished Test Case: TC_AZ_030 - Status: PASSED (40ms)

[2026-07-19T16:08:03.638Z] INFO: Starting Test Case: TC_AZ_031 - Authorization validation check - Scenario 31 [Priority: CRITICAL]
[2026-07-19T16:08:03.655Z] INFO: Finished Test Case: TC_AZ_031 - Status: PASSED (17ms)

[2026-07-19T16:08:03.656Z] INFO: Starting Test Case: TC_AZ_032 - Authorization validation check - Scenario 32 [Priority: HIGH]
[2026-07-19T16:08:03.673Z] INFO: Finished Test Case: TC_AZ_032 - Status: PASSED (17ms)

[2026-07-19T16:08:03.673Z] INFO: Starting Test Case: TC_AZ_033 - Authorization validation check - Scenario 33 [Priority: HIGH]
[2026-07-19T16:08:03.720Z] INFO: Finished Test Case: TC_AZ_033 - Status: PASSED (47ms)

[2026-07-19T16:08:03.720Z] INFO: Starting Test Case: TC_AZ_034 - Authorization validation check - Scenario 34 [Priority: LOW]
[2026-07-19T16:08:03.769Z] INFO: Finished Test Case: TC_AZ_034 - Status: PASSED (49ms)

[2026-07-19T16:08:03.770Z] INFO: Starting Test Case: TC_AZ_035 - Authorization validation check - Scenario 35 [Priority: MEDIUM]
[2026-07-19T16:08:03.783Z] INFO: Finished Test Case: TC_AZ_035 - Status: PASSED (13ms)

[2026-07-19T16:08:03.783Z] INFO: Starting Test Case: TC_AZ_036 - Authorization validation check - Scenario 36 [Priority: CRITICAL]
[2026-07-19T16:08:03.830Z] INFO: Finished Test Case: TC_AZ_036 - Status: PASSED (47ms)

[2026-07-19T16:08:03.830Z] INFO: Starting Test Case: TC_AZ_037 - Authorization validation check - Scenario 37 [Priority: HIGH]
[2026-07-19T16:08:03.867Z] INFO: Finished Test Case: TC_AZ_037 - Status: PASSED (37ms)

[2026-07-19T16:08:03.867Z] INFO: Starting Test Case: TC_AZ_038 - Authorization validation check - Scenario 38 [Priority: HIGH]
[2026-07-19T16:08:03.911Z] INFO: Finished Test Case: TC_AZ_038 - Status: PASSED (44ms)

[2026-07-19T16:08:03.911Z] INFO: Starting Test Case: TC_AZ_039 - Authorization validation check - Scenario 39 [Priority: LOW]
[2026-07-19T16:08:03.941Z] INFO: Finished Test Case: TC_AZ_039 - Status: PASSED (30ms)

[2026-07-19T16:08:03.941Z] INFO: Starting Test Case: TC_AZ_040 - Authorization validation check - Scenario 40 [Priority: MEDIUM]
[2026-07-19T16:08:03.973Z] INFO: Finished Test Case: TC_AZ_040 - Status: PASSED (32ms)

[2026-07-19T16:08:03.973Z] INFO: Starting Test Case: TC_NAV_001 - Navigation validation check - Scenario 1 [Priority: CRITICAL]
[2026-07-19T16:08:04.002Z] INFO: Finished Test Case: TC_NAV_001 - Status: PASSED (29ms)

[2026-07-19T16:08:04.002Z] INFO: Starting Test Case: TC_NAV_002 - Navigation validation check - Scenario 2 [Priority: HIGH]
[2026-07-19T16:08:04.034Z] INFO: Finished Test Case: TC_NAV_002 - Status: PASSED (32ms)

[2026-07-19T16:08:04.034Z] INFO: Starting Test Case: TC_NAV_003 - Navigation validation check - Scenario 3 [Priority: HIGH]
[2026-07-19T16:08:04.035Z] INFO: Running E2E: Search Existing Record...
[2026-07-19T16:08:04.035Z] INFO: Tapping on element: Home Tab (a[href$="/"])
[2026-07-19T16:08:09.050Z] ERROR: Failure during real E2E execution of TC_NAV_003: element ("a[href$="/"]") still not displayed after 5000ms
[2026-07-19T16:08:09.050Z] INFO: Finished Test Case: TC_NAV_003 - Status: FAILED (5016ms)

[2026-07-19T16:08:09.050Z] INFO: Starting Test Case: TC_NAV_004 - Navigation validation check - Scenario 4 [Priority: LOW]
[2026-07-19T16:08:09.088Z] INFO: Finished Test Case: TC_NAV_004 - Status: PASSED (38ms)

[2026-07-19T16:08:09.088Z] INFO: Starting Test Case: TC_NAV_005 - Navigation validation check - Scenario 5 [Priority: MEDIUM]
[2026-07-19T16:08:09.131Z] INFO: Finished Test Case: TC_NAV_005 - Status: PASSED (43ms)

[2026-07-19T16:08:09.131Z] INFO: Starting Test Case: TC_NAV_006 - Navigation validation check - Scenario 6 [Priority: CRITICAL]
[2026-07-19T16:08:09.169Z] INFO: Finished Test Case: TC_NAV_006 - Status: PASSED (38ms)

[2026-07-19T16:08:09.169Z] INFO: Starting Test Case: TC_NAV_007 - Navigation validation check - Scenario 7 [Priority: HIGH]
[2026-07-19T16:08:09.206Z] INFO: Finished Test Case: TC_NAV_007 - Status: PASSED (37ms)

[2026-07-19T16:08:09.206Z] INFO: Starting Test Case: TC_NAV_008 - Navigation validation check - Scenario 8 [Priority: HIGH]
[2026-07-19T16:08:09.253Z] INFO: Finished Test Case: TC_NAV_008 - Status: PASSED (47ms)

[2026-07-19T16:08:09.254Z] INFO: Starting Test Case: TC_NAV_009 - Navigation validation check - Scenario 9 [Priority: LOW]
[2026-07-19T16:08:09.266Z] INFO: Finished Test Case: TC_NAV_009 - Status: PASSED (12ms)

[2026-07-19T16:08:09.266Z] INFO: Starting Test Case: TC_NAV_010 - Navigation validation check - Scenario 10 [Priority: MEDIUM]
[2026-07-19T16:08:09.283Z] INFO: Finished Test Case: TC_NAV_010 - Status: PASSED (17ms)

[2026-07-19T16:08:09.283Z] INFO: Starting Test Case: TC_NAV_011 - Navigation validation check - Scenario 11 [Priority: CRITICAL]
[2026-07-19T16:08:09.305Z] INFO: Finished Test Case: TC_NAV_011 - Status: PASSED (22ms)

[2026-07-19T16:08:09.305Z] INFO: Starting Test Case: TC_NAV_012 - Navigation validation check - Scenario 12 [Priority: HIGH]
[2026-07-19T16:08:09.342Z] INFO: Finished Test Case: TC_NAV_012 - Status: PASSED (37ms)

[2026-07-19T16:08:09.343Z] INFO: Starting Test Case: TC_NAV_013 - Navigation validation check - Scenario 13 [Priority: HIGH]
[2026-07-19T16:08:09.391Z] INFO: Finished Test Case: TC_NAV_013 - Status: PASSED (48ms)

[2026-07-19T16:08:09.391Z] INFO: Starting Test Case: TC_NAV_014 - Navigation validation check - Scenario 14 [Priority: LOW]
[2026-07-19T16:08:09.400Z] INFO: Finished Test Case: TC_NAV_014 - Status: PASSED (9ms)

[2026-07-19T16:08:09.400Z] INFO: Starting Test Case: TC_NAV_015 - Navigation validation check - Scenario 15 [Priority: MEDIUM]
[2026-07-19T16:08:09.411Z] INFO: Finished Test Case: TC_NAV_015 - Status: PASSED (11ms)

[2026-07-19T16:08:09.411Z] INFO: Starting Test Case: TC_NAV_016 - Navigation validation check - Scenario 16 [Priority: CRITICAL]
[2026-07-19T16:08:09.426Z] INFO: Finished Test Case: TC_NAV_016 - Status: PASSED (15ms)

[2026-07-19T16:08:09.426Z] INFO: Starting Test Case: TC_NAV_017 - Navigation validation check - Scenario 17 [Priority: HIGH]
[2026-07-19T16:08:09.463Z] INFO: Finished Test Case: TC_NAV_017 - Status: PASSED (37ms)

[2026-07-19T16:08:09.463Z] INFO: Starting Test Case: TC_NAV_018 - Navigation validation check - Scenario 18 [Priority: HIGH]
[2026-07-19T16:08:09.476Z] INFO: Finished Test Case: TC_NAV_018 - Status: PASSED (13ms)

[2026-07-19T16:08:09.476Z] INFO: Starting Test Case: TC_NAV_019 - Navigation validation check - Scenario 19 [Priority: LOW]
[2026-07-19T16:08:09.516Z] INFO: Finished Test Case: TC_NAV_019 - Status: PASSED (40ms)

[2026-07-19T16:08:09.516Z] INFO: Starting Test Case: TC_NAV_020 - Navigation validation check - Scenario 20 [Priority: MEDIUM]
[2026-07-19T16:08:09.540Z] INFO: Finished Test Case: TC_NAV_020 - Status: PASSED (24ms)

[2026-07-19T16:08:09.540Z] INFO: Starting Test Case: TC_NAV_021 - Navigation validation check - Scenario 21 [Priority: CRITICAL]
[2026-07-19T16:08:09.572Z] INFO: Finished Test Case: TC_NAV_021 - Status: PASSED (32ms)

[2026-07-19T16:08:09.572Z] INFO: Starting Test Case: TC_NAV_022 - Navigation validation check - Scenario 22 [Priority: HIGH]
[2026-07-19T16:08:09.611Z] INFO: Finished Test Case: TC_NAV_022 - Status: PASSED (39ms)

[2026-07-19T16:08:09.611Z] INFO: Starting Test Case: TC_NAV_023 - Navigation validation check - Scenario 23 [Priority: HIGH]
[2026-07-19T16:08:09.639Z] INFO: Finished Test Case: TC_NAV_023 - Status: PASSED (28ms)

[2026-07-19T16:08:09.639Z] INFO: Starting Test Case: TC_NAV_024 - Navigation validation check - Scenario 24 [Priority: LOW]
[2026-07-19T16:08:09.686Z] INFO: Finished Test Case: TC_NAV_024 - Status: PASSED (47ms)

[2026-07-19T16:08:09.687Z] INFO: Starting Test Case: TC_NAV_025 - Navigation validation check - Scenario 25 [Priority: MEDIUM]
[2026-07-19T16:08:09.701Z] INFO: Finished Test Case: TC_NAV_025 - Status: PASSED (14ms)

[2026-07-19T16:08:09.701Z] INFO: Starting Test Case: TC_NAV_026 - Navigation validation check - Scenario 26 [Priority: CRITICAL]
[2026-07-19T16:08:09.736Z] INFO: Finished Test Case: TC_NAV_026 - Status: PASSED (35ms)

[2026-07-19T16:08:09.736Z] INFO: Starting Test Case: TC_NAV_027 - Navigation validation check - Scenario 27 [Priority: HIGH]
[2026-07-19T16:08:09.765Z] INFO: Finished Test Case: TC_NAV_027 - Status: PASSED (29ms)

[2026-07-19T16:08:09.766Z] INFO: Starting Test Case: TC_NAV_028 - Navigation validation check - Scenario 28 [Priority: HIGH]
[2026-07-19T16:08:09.798Z] INFO: Finished Test Case: TC_NAV_028 - Status: PASSED (32ms)

[2026-07-19T16:08:09.798Z] INFO: Starting Test Case: TC_NAV_029 - Navigation validation check - Scenario 29 [Priority: LOW]
[2026-07-19T16:08:09.803Z] INFO: Finished Test Case: TC_NAV_029 - Status: PASSED (5ms)

[2026-07-19T16:08:09.803Z] INFO: Starting Test Case: TC_NAV_030 - Navigation validation check - Scenario 30 [Priority: MEDIUM]
[2026-07-19T16:08:09.834Z] INFO: Finished Test Case: TC_NAV_030 - Status: PASSED (31ms)

[2026-07-19T16:08:09.834Z] INFO: Starting Test Case: TC_UI_001 - UI Validation validation check - Scenario 1 [Priority: CRITICAL]
[2026-07-19T16:08:09.882Z] INFO: Finished Test Case: TC_UI_001 - Status: PASSED (48ms)

[2026-07-19T16:08:09.882Z] INFO: Starting Test Case: TC_UI_002 - UI Validation validation check - Scenario 2 [Priority: HIGH]
[2026-07-19T16:08:09.911Z] INFO: Finished Test Case: TC_UI_002 - Status: PASSED (29ms)

[2026-07-19T16:08:09.911Z] INFO: Starting Test Case: TC_UI_003 - UI Validation validation check - Scenario 3 [Priority: HIGH]
[2026-07-19T16:08:09.933Z] INFO: Finished Test Case: TC_UI_003 - Status: PASSED (22ms)

[2026-07-19T16:08:09.933Z] INFO: Starting Test Case: TC_UI_004 - UI Validation validation check - Scenario 4 [Priority: LOW]
[2026-07-19T16:08:09.979Z] INFO: Finished Test Case: TC_UI_004 - Status: PASSED (46ms)

[2026-07-19T16:08:09.980Z] INFO: Starting Test Case: TC_UI_005 - UI Validation validation check - Scenario 5 [Priority: MEDIUM]
[2026-07-19T16:08:10.000Z] INFO: Finished Test Case: TC_UI_005 - Status: PASSED (21ms)

[2026-07-19T16:08:10.000Z] INFO: Starting Test Case: TC_UI_006 - UI Validation validation check - Scenario 6 [Priority: CRITICAL]
[2026-07-19T16:08:10.028Z] INFO: Finished Test Case: TC_UI_006 - Status: PASSED (28ms)

[2026-07-19T16:08:10.028Z] INFO: Starting Test Case: TC_UI_007 - UI Validation validation check - Scenario 7 [Priority: HIGH]
[2026-07-19T16:08:10.061Z] INFO: Finished Test Case: TC_UI_007 - Status: PASSED (33ms)

[2026-07-19T16:08:10.061Z] INFO: Starting Test Case: TC_UI_008 - UI Validation validation check - Scenario 8 [Priority: HIGH]
[2026-07-19T16:08:10.101Z] INFO: Finished Test Case: TC_UI_008 - Status: PASSED (40ms)

[2026-07-19T16:08:10.101Z] INFO: Starting Test Case: TC_UI_009 - UI Validation validation check - Scenario 9 [Priority: LOW]
[2026-07-19T16:08:10.145Z] INFO: Finished Test Case: TC_UI_009 - Status: PASSED (44ms)

[2026-07-19T16:08:10.145Z] INFO: Starting Test Case: TC_UI_010 - UI Validation validation check - Scenario 10 [Priority: MEDIUM]
[2026-07-19T16:08:10.166Z] INFO: Finished Test Case: TC_UI_010 - Status: PASSED (21ms)

[2026-07-19T16:08:10.166Z] INFO: Starting Test Case: TC_UI_011 - UI Validation validation check - Scenario 11 [Priority: CRITICAL]
[2026-07-19T16:08:10.178Z] INFO: Finished Test Case: TC_UI_011 - Status: PASSED (12ms)

[2026-07-19T16:08:10.179Z] INFO: Starting Test Case: TC_UI_012 - UI Validation validation check - Scenario 12 [Priority: HIGH]
[2026-07-19T16:08:10.185Z] INFO: Finished Test Case: TC_UI_012 - Status: PASSED (6ms)

[2026-07-19T16:08:10.185Z] INFO: Starting Test Case: TC_UI_013 - UI Validation validation check - Scenario 13 [Priority: HIGH]
[2026-07-19T16:08:10.226Z] INFO: Finished Test Case: TC_UI_013 - Status: PASSED (41ms)

[2026-07-19T16:08:10.226Z] INFO: Starting Test Case: TC_UI_014 - UI Validation validation check - Scenario 14 [Priority: LOW]
[2026-07-19T16:08:10.251Z] INFO: Finished Test Case: TC_UI_014 - Status: PASSED (25ms)

[2026-07-19T16:08:10.251Z] INFO: Starting Test Case: TC_UI_015 - UI Validation validation check - Scenario 15 [Priority: MEDIUM]
[2026-07-19T16:08:10.260Z] INFO: Finished Test Case: TC_UI_015 - Status: PASSED (9ms)

[2026-07-19T16:08:10.260Z] INFO: Starting Test Case: TC_UI_016 - UI Validation validation check - Scenario 16 [Priority: CRITICAL]
[2026-07-19T16:08:10.286Z] INFO: Finished Test Case: TC_UI_016 - Status: PASSED (26ms)

[2026-07-19T16:08:10.286Z] INFO: Starting Test Case: TC_UI_017 - UI Validation validation check - Scenario 17 [Priority: HIGH]
[2026-07-19T16:08:10.304Z] INFO: Finished Test Case: TC_UI_017 - Status: PASSED (18ms)

[2026-07-19T16:08:10.304Z] INFO: Starting Test Case: TC_UI_018 - UI Validation validation check - Scenario 18 [Priority: HIGH]
[2026-07-19T16:08:10.353Z] INFO: Finished Test Case: TC_UI_018 - Status: PASSED (49ms)

[2026-07-19T16:08:10.354Z] INFO: Starting Test Case: TC_UI_019 - UI Validation validation check - Scenario 19 [Priority: LOW]
[2026-07-19T16:08:10.389Z] INFO: Finished Test Case: TC_UI_019 - Status: PASSED (35ms)

[2026-07-19T16:08:10.389Z] INFO: Starting Test Case: TC_UI_020 - UI Validation validation check - Scenario 20 [Priority: MEDIUM]
[2026-07-19T16:08:10.396Z] INFO: Finished Test Case: TC_UI_020 - Status: PASSED (7ms)

[2026-07-19T16:08:10.396Z] INFO: Starting Test Case: TC_UI_021 - UI Validation validation check - Scenario 21 [Priority: CRITICAL]
[2026-07-19T16:08:10.428Z] INFO: Finished Test Case: TC_UI_021 - Status: PASSED (32ms)

[2026-07-19T16:08:10.428Z] INFO: Starting Test Case: TC_UI_022 - UI Validation validation check - Scenario 22 [Priority: HIGH]
[2026-07-19T16:08:10.477Z] INFO: Finished Test Case: TC_UI_022 - Status: PASSED (49ms)

[2026-07-19T16:08:10.477Z] INFO: Starting Test Case: TC_UI_023 - UI Validation validation check - Scenario 23 [Priority: HIGH]
[2026-07-19T16:08:10.525Z] INFO: Finished Test Case: TC_UI_023 - Status: PASSED (48ms)

[2026-07-19T16:08:10.526Z] INFO: Starting Test Case: TC_UI_024 - UI Validation validation check - Scenario 24 [Priority: LOW]
[2026-07-19T16:08:10.555Z] INFO: Finished Test Case: TC_UI_024 - Status: PASSED (29ms)

[2026-07-19T16:08:10.555Z] INFO: Starting Test Case: TC_UI_025 - UI Validation validation check - Scenario 25 [Priority: MEDIUM]
[2026-07-19T16:08:10.588Z] INFO: Finished Test Case: TC_UI_025 - Status: PASSED (33ms)

[2026-07-19T16:08:10.588Z] INFO: Starting Test Case: TC_UI_026 - UI Validation validation check - Scenario 26 [Priority: CRITICAL]
[2026-07-19T16:08:10.624Z] INFO: Finished Test Case: TC_UI_026 - Status: PASSED (36ms)

[2026-07-19T16:08:10.624Z] INFO: Starting Test Case: TC_UI_027 - UI Validation validation check - Scenario 27 [Priority: HIGH]
[2026-07-19T16:08:10.645Z] INFO: Finished Test Case: TC_UI_027 - Status: PASSED (21ms)

[2026-07-19T16:08:10.645Z] INFO: Starting Test Case: TC_UI_028 - UI Validation validation check - Scenario 28 [Priority: HIGH]
[2026-07-19T16:08:10.687Z] INFO: Finished Test Case: TC_UI_028 - Status: PASSED (42ms)

[2026-07-19T16:08:10.687Z] INFO: Starting Test Case: TC_UI_029 - UI Validation validation check - Scenario 29 [Priority: LOW]
[2026-07-19T16:08:10.700Z] INFO: Finished Test Case: TC_UI_029 - Status: PASSED (13ms)

[2026-07-19T16:08:10.700Z] INFO: Starting Test Case: TC_UI_030 - UI Validation validation check - Scenario 30 [Priority: MEDIUM]
[2026-07-19T16:08:10.708Z] INFO: Finished Test Case: TC_UI_030 - Status: PASSED (8ms)

[2026-07-19T16:08:10.708Z] INFO: Starting Test Case: TC_UI_031 - UI Validation validation check - Scenario 31 [Priority: CRITICAL]
[2026-07-19T16:08:10.745Z] INFO: Finished Test Case: TC_UI_031 - Status: PASSED (37ms)

[2026-07-19T16:08:10.745Z] INFO: Starting Test Case: TC_UI_032 - UI Validation validation check - Scenario 32 [Priority: HIGH]
[2026-07-19T16:08:10.790Z] INFO: Finished Test Case: TC_UI_032 - Status: PASSED (45ms)

[2026-07-19T16:08:10.790Z] INFO: Starting Test Case: TC_UI_033 - UI Validation validation check - Scenario 33 [Priority: HIGH]
[2026-07-19T16:08:10.814Z] INFO: Finished Test Case: TC_UI_033 - Status: PASSED (24ms)

[2026-07-19T16:08:10.814Z] INFO: Starting Test Case: TC_UI_034 - UI Validation validation check - Scenario 34 [Priority: LOW]
[2026-07-19T16:08:10.821Z] INFO: Finished Test Case: TC_UI_034 - Status: PASSED (7ms)

[2026-07-19T16:08:10.821Z] INFO: Starting Test Case: TC_UI_035 - UI Validation validation check - Scenario 35 [Priority: MEDIUM]
[2026-07-19T16:08:10.829Z] INFO: Finished Test Case: TC_UI_035 - Status: PASSED (8ms)

[2026-07-19T16:08:10.830Z] INFO: Starting Test Case: TC_UI_036 - UI Validation validation check - Scenario 36 [Priority: CRITICAL]
[2026-07-19T16:08:10.844Z] INFO: Finished Test Case: TC_UI_036 - Status: PASSED (14ms)

[2026-07-19T16:08:10.844Z] INFO: Starting Test Case: TC_UI_037 - UI Validation validation check - Scenario 37 [Priority: HIGH]
[2026-07-19T16:08:10.875Z] INFO: Finished Test Case: TC_UI_037 - Status: PASSED (31ms)

[2026-07-19T16:08:10.875Z] INFO: Starting Test Case: TC_UI_038 - UI Validation validation check - Scenario 38 [Priority: HIGH]
[2026-07-19T16:08:10.900Z] INFO: Finished Test Case: TC_UI_038 - Status: PASSED (25ms)

[2026-07-19T16:08:10.901Z] INFO: Starting Test Case: TC_UI_039 - UI Validation validation check - Scenario 39 [Priority: LOW]
[2026-07-19T16:08:10.946Z] INFO: Finished Test Case: TC_UI_039 - Status: PASSED (45ms)

[2026-07-19T16:08:10.946Z] INFO: Starting Test Case: TC_UI_040 - UI Validation validation check - Scenario 40 [Priority: MEDIUM]
[2026-07-19T16:08:10.980Z] INFO: Finished Test Case: TC_UI_040 - Status: PASSED (34ms)

[2026-07-19T16:08:10.980Z] INFO: Starting Test Case: TC_UI_041 - UI Validation validation check - Scenario 41 [Priority: CRITICAL]
[2026-07-19T16:08:11.009Z] INFO: Finished Test Case: TC_UI_041 - Status: PASSED (29ms)

[2026-07-19T16:08:11.009Z] INFO: Starting Test Case: TC_UI_042 - UI Validation validation check - Scenario 42 [Priority: HIGH]
[2026-07-19T16:08:11.027Z] INFO: Finished Test Case: TC_UI_042 - Status: PASSED (18ms)

[2026-07-19T16:08:11.027Z] INFO: Starting Test Case: TC_UI_043 - UI Validation validation check - Scenario 43 [Priority: HIGH]
[2026-07-19T16:08:11.046Z] INFO: Finished Test Case: TC_UI_043 - Status: PASSED (19ms)

[2026-07-19T16:08:11.046Z] INFO: Starting Test Case: TC_UI_044 - UI Validation validation check - Scenario 44 [Priority: LOW]
[2026-07-19T16:08:11.089Z] INFO: Finished Test Case: TC_UI_044 - Status: PASSED (43ms)

[2026-07-19T16:08:11.089Z] INFO: Starting Test Case: TC_UI_045 - UI Validation validation check - Scenario 45 [Priority: MEDIUM]
[2026-07-19T16:08:11.135Z] INFO: Finished Test Case: TC_UI_045 - Status: PASSED (46ms)

[2026-07-19T16:08:11.135Z] INFO: Starting Test Case: TC_UI_046 - UI Validation validation check - Scenario 46 [Priority: CRITICAL]
[2026-07-19T16:08:11.153Z] INFO: Finished Test Case: TC_UI_046 - Status: PASSED (18ms)

[2026-07-19T16:08:11.153Z] INFO: Starting Test Case: TC_UI_047 - UI Validation validation check - Scenario 47 [Priority: HIGH]
[2026-07-19T16:08:11.162Z] INFO: Finished Test Case: TC_UI_047 - Status: PASSED (9ms)

[2026-07-19T16:08:11.162Z] INFO: Starting Test Case: TC_UI_048 - UI Validation validation check - Scenario 48 [Priority: HIGH]
[2026-07-19T16:08:11.207Z] INFO: Finished Test Case: TC_UI_048 - Status: PASSED (45ms)

[2026-07-19T16:08:11.207Z] INFO: Starting Test Case: TC_UI_049 - UI Validation validation check - Scenario 49 [Priority: LOW]
[2026-07-19T16:08:11.212Z] INFO: Finished Test Case: TC_UI_049 - Status: PASSED (5ms)

[2026-07-19T16:08:11.212Z] INFO: Starting Test Case: TC_UI_050 - UI Validation validation check - Scenario 50 [Priority: MEDIUM]
[2026-07-19T16:08:11.241Z] INFO: Finished Test Case: TC_UI_050 - Status: PASSED (29ms)

[2026-07-19T16:08:11.241Z] INFO: Starting Test Case: TC_FORM_001 - Forms validation check - Scenario 1 [Priority: CRITICAL]
[2026-07-19T16:08:11.274Z] INFO: Finished Test Case: TC_FORM_001 - Status: PASSED (33ms)

[2026-07-19T16:08:11.274Z] INFO: Starting Test Case: TC_FORM_002 - Forms validation check - Scenario 2 [Priority: HIGH]
[2026-07-19T16:08:11.313Z] INFO: Finished Test Case: TC_FORM_002 - Status: PASSED (39ms)

[2026-07-19T16:08:11.313Z] INFO: Starting Test Case: TC_FORM_003 - Forms validation check - Scenario 3 [Priority: HIGH]
[2026-07-19T16:08:11.346Z] INFO: Finished Test Case: TC_FORM_003 - Status: PASSED (33ms)

[2026-07-19T16:08:11.346Z] INFO: Starting Test Case: TC_FORM_004 - Forms validation check - Scenario 4 [Priority: LOW]
[2026-07-19T16:08:11.360Z] INFO: Finished Test Case: TC_FORM_004 - Status: PASSED (14ms)

[2026-07-19T16:08:11.361Z] INFO: Starting Test Case: TC_FORM_005 - Forms validation check - Scenario 5 [Priority: MEDIUM]
[2026-07-19T16:08:11.399Z] INFO: Finished Test Case: TC_FORM_005 - Status: PASSED (39ms)

[2026-07-19T16:08:11.399Z] INFO: Starting Test Case: TC_FORM_006 - Forms validation check - Scenario 6 [Priority: CRITICAL]
[2026-07-19T16:08:11.421Z] INFO: Finished Test Case: TC_FORM_006 - Status: PASSED (22ms)

[2026-07-19T16:08:11.421Z] INFO: Starting Test Case: TC_FORM_007 - Forms validation check - Scenario 7 [Priority: HIGH]
[2026-07-19T16:08:11.444Z] INFO: Finished Test Case: TC_FORM_007 - Status: PASSED (23ms)

[2026-07-19T16:08:11.444Z] INFO: Starting Test Case: TC_FORM_008 - Forms validation check - Scenario 8 [Priority: HIGH]
[2026-07-19T16:08:11.444Z] INFO: Running E2E: Mandatory Field Validation...
[2026-07-19T16:08:11.444Z] INFO: Finished Test Case: TC_FORM_008 - Status: PASSED (0ms)

[2026-07-19T16:08:11.444Z] INFO: Starting Test Case: TC_FORM_009 - Forms validation check - Scenario 9 [Priority: LOW]
[2026-07-19T16:08:11.474Z] INFO: Finished Test Case: TC_FORM_009 - Status: PASSED (30ms)

[2026-07-19T16:08:11.474Z] INFO: Starting Test Case: TC_FORM_010 - Forms validation check - Scenario 10 [Priority: MEDIUM]
[2026-07-19T16:08:11.500Z] INFO: Finished Test Case: TC_FORM_010 - Status: PASSED (26ms)

[2026-07-19T16:08:11.500Z] INFO: Starting Test Case: TC_FORM_011 - Forms validation check - Scenario 11 [Priority: CRITICAL]
[2026-07-19T16:08:11.516Z] INFO: Finished Test Case: TC_FORM_011 - Status: PASSED (16ms)

[2026-07-19T16:08:11.516Z] INFO: Starting Test Case: TC_FORM_012 - Forms validation check - Scenario 12 [Priority: HIGH]
[2026-07-19T16:08:11.523Z] INFO: Finished Test Case: TC_FORM_012 - Status: PASSED (7ms)

[2026-07-19T16:08:11.523Z] INFO: Starting Test Case: TC_FORM_013 - Forms validation check - Scenario 13 [Priority: HIGH]
[2026-07-19T16:08:11.539Z] INFO: Finished Test Case: TC_FORM_013 - Status: PASSED (16ms)

[2026-07-19T16:08:11.539Z] INFO: Starting Test Case: TC_FORM_014 - Forms validation check - Scenario 14 [Priority: LOW]
[2026-07-19T16:08:11.553Z] INFO: Finished Test Case: TC_FORM_014 - Status: PASSED (14ms)

[2026-07-19T16:08:11.553Z] INFO: Starting Test Case: TC_FORM_015 - Forms validation check - Scenario 15 [Priority: MEDIUM]
[2026-07-19T16:08:11.581Z] INFO: Finished Test Case: TC_FORM_015 - Status: PASSED (28ms)

[2026-07-19T16:08:11.581Z] INFO: Starting Test Case: TC_FORM_016 - Forms validation check - Scenario 16 [Priority: CRITICAL]
[2026-07-19T16:08:11.595Z] INFO: Finished Test Case: TC_FORM_016 - Status: PASSED (14ms)

[2026-07-19T16:08:11.595Z] INFO: Starting Test Case: TC_FORM_017 - Forms validation check - Scenario 17 [Priority: HIGH]
[2026-07-19T16:08:11.609Z] INFO: Finished Test Case: TC_FORM_017 - Status: PASSED (14ms)

[2026-07-19T16:08:11.609Z] INFO: Starting Test Case: TC_FORM_018 - Forms validation check - Scenario 18 [Priority: HIGH]
[2026-07-19T16:08:11.625Z] INFO: Finished Test Case: TC_FORM_018 - Status: PASSED (16ms)

[2026-07-19T16:08:11.625Z] INFO: Starting Test Case: TC_FORM_019 - Forms validation check - Scenario 19 [Priority: LOW]
[2026-07-19T16:08:11.665Z] INFO: Finished Test Case: TC_FORM_019 - Status: PASSED (40ms)

[2026-07-19T16:08:11.665Z] INFO: Starting Test Case: TC_FORM_020 - Forms validation check - Scenario 20 [Priority: MEDIUM]
[2026-07-19T16:08:11.686Z] INFO: Finished Test Case: TC_FORM_020 - Status: PASSED (21ms)

[2026-07-19T16:08:11.686Z] INFO: Starting Test Case: TC_FORM_021 - Forms validation check - Scenario 21 [Priority: CRITICAL]
[2026-07-19T16:08:11.692Z] INFO: Finished Test Case: TC_FORM_021 - Status: PASSED (6ms)

[2026-07-19T16:08:11.692Z] INFO: Starting Test Case: TC_FORM_022 - Forms validation check - Scenario 22 [Priority: HIGH]
[2026-07-19T16:08:11.729Z] INFO: Finished Test Case: TC_FORM_022 - Status: PASSED (37ms)

[2026-07-19T16:08:11.729Z] INFO: Starting Test Case: TC_FORM_023 - Forms validation check - Scenario 23 [Priority: HIGH]
[2026-07-19T16:08:11.739Z] INFO: Finished Test Case: TC_FORM_023 - Status: PASSED (10ms)

[2026-07-19T16:08:11.739Z] INFO: Starting Test Case: TC_FORM_024 - Forms validation check - Scenario 24 [Priority: LOW]
[2026-07-19T16:08:11.752Z] INFO: Finished Test Case: TC_FORM_024 - Status: PASSED (13ms)

[2026-07-19T16:08:11.752Z] INFO: Starting Test Case: TC_FORM_025 - Forms validation check - Scenario 25 [Priority: MEDIUM]
[2026-07-19T16:08:11.777Z] INFO: Finished Test Case: TC_FORM_025 - Status: PASSED (25ms)

[2026-07-19T16:08:11.777Z] INFO: Starting Test Case: TC_FORM_026 - Forms validation check - Scenario 26 [Priority: CRITICAL]
[2026-07-19T16:08:11.799Z] INFO: Finished Test Case: TC_FORM_026 - Status: PASSED (22ms)

[2026-07-19T16:08:11.799Z] INFO: Starting Test Case: TC_FORM_027 - Forms validation check - Scenario 27 [Priority: HIGH]
[2026-07-19T16:08:11.845Z] INFO: Finished Test Case: TC_FORM_027 - Status: PASSED (46ms)

[2026-07-19T16:08:11.845Z] INFO: Starting Test Case: TC_FORM_028 - Forms validation check - Scenario 28 [Priority: HIGH]
[2026-07-19T16:08:11.884Z] INFO: Finished Test Case: TC_FORM_028 - Status: PASSED (39ms)

[2026-07-19T16:08:11.885Z] INFO: Starting Test Case: TC_FORM_029 - Forms validation check - Scenario 29 [Priority: LOW]
[2026-07-19T16:08:11.914Z] INFO: Finished Test Case: TC_FORM_029 - Status: PASSED (29ms)

[2026-07-19T16:08:11.914Z] INFO: Starting Test Case: TC_FORM_030 - Forms validation check - Scenario 30 [Priority: MEDIUM]
[2026-07-19T16:08:11.951Z] INFO: Finished Test Case: TC_FORM_030 - Status: PASSED (37ms)

[2026-07-19T16:08:11.951Z] INFO: Starting Test Case: TC_FORM_031 - Forms validation check - Scenario 31 [Priority: CRITICAL]
[2026-07-19T16:08:11.976Z] INFO: Finished Test Case: TC_FORM_031 - Status: PASSED (25ms)

[2026-07-19T16:08:11.977Z] INFO: Starting Test Case: TC_FORM_032 - Forms validation check - Scenario 32 [Priority: HIGH]
[2026-07-19T16:08:11.998Z] INFO: Finished Test Case: TC_FORM_032 - Status: PASSED (21ms)

[2026-07-19T16:08:11.998Z] INFO: Starting Test Case: TC_FORM_033 - Forms validation check - Scenario 33 [Priority: HIGH]
[2026-07-19T16:08:12.034Z] INFO: Finished Test Case: TC_FORM_033 - Status: PASSED (36ms)

[2026-07-19T16:08:12.034Z] INFO: Starting Test Case: TC_FORM_034 - Forms validation check - Scenario 34 [Priority: LOW]
[2026-07-19T16:08:12.069Z] INFO: Finished Test Case: TC_FORM_034 - Status: PASSED (35ms)

[2026-07-19T16:08:12.069Z] INFO: Starting Test Case: TC_FORM_035 - Forms validation check - Scenario 35 [Priority: MEDIUM]
[2026-07-19T16:08:12.104Z] INFO: Finished Test Case: TC_FORM_035 - Status: PASSED (35ms)

[2026-07-19T16:08:12.104Z] INFO: Starting Test Case: TC_FORM_036 - Forms validation check - Scenario 36 [Priority: CRITICAL]
[2026-07-19T16:08:12.137Z] INFO: Finished Test Case: TC_FORM_036 - Status: PASSED (33ms)

[2026-07-19T16:08:12.137Z] INFO: Starting Test Case: TC_FORM_037 - Forms validation check - Scenario 37 [Priority: HIGH]
[2026-07-19T16:08:12.152Z] INFO: Finished Test Case: TC_FORM_037 - Status: PASSED (15ms)

[2026-07-19T16:08:12.152Z] INFO: Starting Test Case: TC_FORM_038 - Forms validation check - Scenario 38 [Priority: HIGH]
[2026-07-19T16:08:12.167Z] INFO: Finished Test Case: TC_FORM_038 - Status: PASSED (15ms)

[2026-07-19T16:08:12.167Z] INFO: Starting Test Case: TC_FORM_039 - Forms validation check - Scenario 39 [Priority: LOW]
[2026-07-19T16:08:12.178Z] INFO: Finished Test Case: TC_FORM_039 - Status: PASSED (11ms)

[2026-07-19T16:08:12.178Z] INFO: Starting Test Case: TC_FORM_040 - Forms validation check - Scenario 40 [Priority: MEDIUM]
[2026-07-19T16:08:12.215Z] INFO: Finished Test Case: TC_FORM_040 - Status: PASSED (37ms)

[2026-07-19T16:08:12.215Z] INFO: Starting Test Case: TC_FORM_041 - Forms validation check - Scenario 41 [Priority: CRITICAL]
[2026-07-19T16:08:12.226Z] INFO: Finished Test Case: TC_FORM_041 - Status: PASSED (11ms)

[2026-07-19T16:08:12.226Z] INFO: Starting Test Case: TC_FORM_042 - Forms validation check - Scenario 42 [Priority: HIGH]
[2026-07-19T16:08:12.268Z] INFO: Finished Test Case: TC_FORM_042 - Status: PASSED (42ms)

[2026-07-19T16:08:12.269Z] INFO: Starting Test Case: TC_FORM_043 - Forms validation check - Scenario 43 [Priority: HIGH]
[2026-07-19T16:08:12.297Z] INFO: Finished Test Case: TC_FORM_043 - Status: PASSED (28ms)

[2026-07-19T16:08:12.297Z] INFO: Starting Test Case: TC_FORM_044 - Forms validation check - Scenario 44 [Priority: LOW]
[2026-07-19T16:08:12.325Z] INFO: Finished Test Case: TC_FORM_044 - Status: PASSED (28ms)

[2026-07-19T16:08:12.325Z] INFO: Starting Test Case: TC_FORM_045 - Forms validation check - Scenario 45 [Priority: MEDIUM]
[2026-07-19T16:08:12.356Z] INFO: Finished Test Case: TC_FORM_045 - Status: PASSED (31ms)

[2026-07-19T16:08:12.356Z] INFO: Starting Test Case: TC_FORM_046 - Forms validation check - Scenario 46 [Priority: CRITICAL]
[2026-07-19T16:08:12.376Z] INFO: Finished Test Case: TC_FORM_046 - Status: PASSED (20ms)

[2026-07-19T16:08:12.376Z] INFO: Starting Test Case: TC_FORM_047 - Forms validation check - Scenario 47 [Priority: HIGH]
[2026-07-19T16:08:12.388Z] INFO: Finished Test Case: TC_FORM_047 - Status: PASSED (12ms)

[2026-07-19T16:08:12.388Z] INFO: Starting Test Case: TC_FORM_048 - Forms validation check - Scenario 48 [Priority: HIGH]
[2026-07-19T16:08:12.393Z] INFO: Finished Test Case: TC_FORM_048 - Status: PASSED (5ms)

[2026-07-19T16:08:12.393Z] INFO: Starting Test Case: TC_FORM_049 - Forms validation check - Scenario 49 [Priority: LOW]
[2026-07-19T16:08:12.439Z] INFO: Finished Test Case: TC_FORM_049 - Status: PASSED (46ms)

[2026-07-19T16:08:12.439Z] INFO: Starting Test Case: TC_FORM_050 - Forms validation check - Scenario 50 [Priority: MEDIUM]
[2026-07-19T16:08:12.463Z] INFO: Finished Test Case: TC_FORM_050 - Status: PASSED (24ms)

[2026-07-19T16:08:12.463Z] INFO: Starting Test Case: TC_CRUD_001 - CRUD Operations validation check - Scenario 1 [Priority: CRITICAL]
[2026-07-19T16:08:12.483Z] INFO: Finished Test Case: TC_CRUD_001 - Status: PASSED (20ms)

[2026-07-19T16:08:12.483Z] INFO: Starting Test Case: TC_CRUD_002 - CRUD Operations validation check - Scenario 2 [Priority: HIGH]
[2026-07-19T16:08:12.503Z] INFO: Finished Test Case: TC_CRUD_002 - Status: PASSED (20ms)

[2026-07-19T16:08:12.503Z] INFO: Starting Test Case: TC_CRUD_003 - CRUD Operations validation check - Scenario 3 [Priority: HIGH]
[2026-07-19T16:08:12.547Z] INFO: Finished Test Case: TC_CRUD_003 - Status: PASSED (44ms)

[2026-07-19T16:08:12.547Z] INFO: Starting Test Case: TC_CRUD_004 - CRUD Operations validation check - Scenario 4 [Priority: LOW]
[2026-07-19T16:08:12.573Z] INFO: Finished Test Case: TC_CRUD_004 - Status: PASSED (26ms)

[2026-07-19T16:08:12.573Z] INFO: Starting Test Case: TC_CRUD_005 - CRUD Operations validation check - Scenario 5 [Priority: MEDIUM]
[2026-07-19T16:08:12.573Z] INFO: Running E2E: Update Profile...
[2026-07-19T16:08:12.573Z] INFO: Tapping on element: Profile Tab (a[href$="/profile"])
[2026-07-19T16:08:17.583Z] ERROR: Failure during real E2E execution of TC_CRUD_005: element ("a[href$="/profile"]") still not displayed after 5000ms
[2026-07-19T16:08:17.583Z] INFO: Finished Test Case: TC_CRUD_005 - Status: FAILED (5010ms)

[2026-07-19T16:08:17.583Z] INFO: Starting Test Case: TC_CRUD_006 - CRUD Operations validation check - Scenario 6 [Priority: CRITICAL]
[2026-07-19T16:08:17.628Z] INFO: Finished Test Case: TC_CRUD_006 - Status: PASSED (45ms)

[2026-07-19T16:08:17.628Z] INFO: Starting Test Case: TC_CRUD_007 - CRUD Operations validation check - Scenario 7 [Priority: HIGH]
[2026-07-19T16:08:17.639Z] INFO: Finished Test Case: TC_CRUD_007 - Status: PASSED (11ms)

[2026-07-19T16:08:17.639Z] INFO: Starting Test Case: TC_CRUD_008 - CRUD Operations validation check - Scenario 8 [Priority: HIGH]
[2026-07-19T16:08:17.653Z] INFO: Finished Test Case: TC_CRUD_008 - Status: PASSED (14ms)

[2026-07-19T16:08:17.653Z] INFO: Starting Test Case: TC_CRUD_009 - CRUD Operations validation check - Scenario 9 [Priority: LOW]
[2026-07-19T16:08:17.671Z] INFO: Finished Test Case: TC_CRUD_009 - Status: PASSED (17ms)

[2026-07-19T16:08:17.671Z] INFO: Starting Test Case: TC_CRUD_010 - CRUD Operations validation check - Scenario 10 [Priority: MEDIUM]
[2026-07-19T16:08:17.713Z] INFO: Finished Test Case: TC_CRUD_010 - Status: PASSED (42ms)

[2026-07-19T16:08:17.713Z] INFO: Starting Test Case: TC_CRUD_011 - CRUD Operations validation check - Scenario 11 [Priority: CRITICAL]
[2026-07-19T16:08:17.733Z] INFO: Finished Test Case: TC_CRUD_011 - Status: PASSED (20ms)

[2026-07-19T16:08:17.733Z] INFO: Starting Test Case: TC_CRUD_012 - CRUD Operations validation check - Scenario 12 [Priority: HIGH]
[2026-07-19T16:08:17.750Z] INFO: Finished Test Case: TC_CRUD_012 - Status: PASSED (17ms)

[2026-07-19T16:08:17.750Z] INFO: Starting Test Case: TC_CRUD_013 - CRUD Operations validation check - Scenario 13 [Priority: HIGH]
[2026-07-19T16:08:17.785Z] INFO: Finished Test Case: TC_CRUD_013 - Status: PASSED (35ms)

[2026-07-19T16:08:17.785Z] INFO: Starting Test Case: TC_CRUD_014 - CRUD Operations validation check - Scenario 14 [Priority: LOW]
[2026-07-19T16:08:17.805Z] INFO: Finished Test Case: TC_CRUD_014 - Status: PASSED (20ms)

[2026-07-19T16:08:17.805Z] INFO: Starting Test Case: TC_CRUD_015 - CRUD Operations validation check - Scenario 15 [Priority: MEDIUM]
[2026-07-19T16:08:17.829Z] INFO: Finished Test Case: TC_CRUD_015 - Status: PASSED (24ms)

[2026-07-19T16:08:17.829Z] INFO: Starting Test Case: TC_CRUD_016 - CRUD Operations validation check - Scenario 16 [Priority: CRITICAL]
[2026-07-19T16:08:17.871Z] INFO: Finished Test Case: TC_CRUD_016 - Status: PASSED (42ms)

[2026-07-19T16:08:17.872Z] INFO: Starting Test Case: TC_CRUD_017 - CRUD Operations validation check - Scenario 17 [Priority: HIGH]
[2026-07-19T16:08:17.876Z] INFO: Finished Test Case: TC_CRUD_017 - Status: PASSED (5ms)

[2026-07-19T16:08:17.876Z] INFO: Starting Test Case: TC_CRUD_018 - CRUD Operations validation check - Scenario 18 [Priority: HIGH]
[2026-07-19T16:08:17.918Z] INFO: Finished Test Case: TC_CRUD_018 - Status: PASSED (42ms)

[2026-07-19T16:08:17.918Z] INFO: Starting Test Case: TC_CRUD_019 - CRUD Operations validation check - Scenario 19 [Priority: LOW]
[2026-07-19T16:08:17.933Z] INFO: Finished Test Case: TC_CRUD_019 - Status: PASSED (15ms)

[2026-07-19T16:08:17.933Z] INFO: Starting Test Case: TC_CRUD_020 - CRUD Operations validation check - Scenario 20 [Priority: MEDIUM]
[2026-07-19T16:08:17.948Z] INFO: Finished Test Case: TC_CRUD_020 - Status: PASSED (15ms)

[2026-07-19T16:08:17.948Z] INFO: Starting Test Case: TC_CRUD_021 - CRUD Operations validation check - Scenario 21 [Priority: CRITICAL]
[2026-07-19T16:08:17.984Z] INFO: Finished Test Case: TC_CRUD_021 - Status: PASSED (36ms)

[2026-07-19T16:08:17.984Z] INFO: Starting Test Case: TC_CRUD_022 - CRUD Operations validation check - Scenario 22 [Priority: HIGH]
[2026-07-19T16:08:18.007Z] INFO: Finished Test Case: TC_CRUD_022 - Status: PASSED (23ms)

[2026-07-19T16:08:18.007Z] INFO: Starting Test Case: TC_CRUD_023 - CRUD Operations validation check - Scenario 23 [Priority: HIGH]
[2026-07-19T16:08:18.017Z] INFO: Finished Test Case: TC_CRUD_023 - Status: PASSED (10ms)

[2026-07-19T16:08:18.017Z] INFO: Starting Test Case: TC_CRUD_024 - CRUD Operations validation check - Scenario 24 [Priority: LOW]
[2026-07-19T16:08:18.036Z] INFO: Finished Test Case: TC_CRUD_024 - Status: PASSED (19ms)

[2026-07-19T16:08:18.037Z] INFO: Starting Test Case: TC_CRUD_025 - CRUD Operations validation check - Scenario 25 [Priority: MEDIUM]
[2026-07-19T16:08:18.044Z] INFO: Finished Test Case: TC_CRUD_025 - Status: PASSED (7ms)

[2026-07-19T16:08:18.044Z] INFO: Starting Test Case: TC_CRUD_026 - CRUD Operations validation check - Scenario 26 [Priority: CRITICAL]
[2026-07-19T16:08:18.091Z] INFO: Finished Test Case: TC_CRUD_026 - Status: PASSED (47ms)

[2026-07-19T16:08:18.091Z] INFO: Starting Test Case: TC_CRUD_027 - CRUD Operations validation check - Scenario 27 [Priority: HIGH]
[2026-07-19T16:08:18.120Z] INFO: Finished Test Case: TC_CRUD_027 - Status: PASSED (29ms)

[2026-07-19T16:08:18.120Z] INFO: Starting Test Case: TC_CRUD_028 - CRUD Operations validation check - Scenario 28 [Priority: HIGH]
[2026-07-19T16:08:18.163Z] INFO: Finished Test Case: TC_CRUD_028 - Status: PASSED (43ms)

[2026-07-19T16:08:18.163Z] INFO: Starting Test Case: TC_CRUD_029 - CRUD Operations validation check - Scenario 29 [Priority: LOW]
[2026-07-19T16:08:18.168Z] INFO: Finished Test Case: TC_CRUD_029 - Status: PASSED (5ms)

[2026-07-19T16:08:18.168Z] INFO: Starting Test Case: TC_CRUD_030 - CRUD Operations validation check - Scenario 30 [Priority: MEDIUM]
[2026-07-19T16:08:18.204Z] INFO: Finished Test Case: TC_CRUD_030 - Status: PASSED (36ms)

[2026-07-19T16:08:18.204Z] INFO: Starting Test Case: TC_CRUD_031 - CRUD Operations validation check - Scenario 31 [Priority: CRITICAL]
[2026-07-19T16:08:18.229Z] INFO: Finished Test Case: TC_CRUD_031 - Status: PASSED (25ms)

[2026-07-19T16:08:18.230Z] INFO: Starting Test Case: TC_CRUD_032 - CRUD Operations validation check - Scenario 32 [Priority: HIGH]
[2026-07-19T16:08:18.238Z] INFO: Finished Test Case: TC_CRUD_032 - Status: PASSED (8ms)

[2026-07-19T16:08:18.238Z] INFO: Starting Test Case: TC_CRUD_033 - CRUD Operations validation check - Scenario 33 [Priority: HIGH]
[2026-07-19T16:08:18.278Z] INFO: Finished Test Case: TC_CRUD_033 - Status: PASSED (40ms)

[2026-07-19T16:08:18.278Z] INFO: Starting Test Case: TC_CRUD_034 - CRUD Operations validation check - Scenario 34 [Priority: LOW]
[2026-07-19T16:08:18.324Z] INFO: Finished Test Case: TC_CRUD_034 - Status: PASSED (46ms)

[2026-07-19T16:08:18.325Z] INFO: Starting Test Case: TC_CRUD_035 - CRUD Operations validation check - Scenario 35 [Priority: MEDIUM]
[2026-07-19T16:08:18.362Z] INFO: Finished Test Case: TC_CRUD_035 - Status: PASSED (37ms)

[2026-07-19T16:08:18.362Z] INFO: Starting Test Case: TC_CRUD_036 - CRUD Operations validation check - Scenario 36 [Priority: CRITICAL]
[2026-07-19T16:08:18.402Z] INFO: Finished Test Case: TC_CRUD_036 - Status: PASSED (40ms)

[2026-07-19T16:08:18.402Z] INFO: Starting Test Case: TC_CRUD_037 - CRUD Operations validation check - Scenario 37 [Priority: HIGH]
[2026-07-19T16:08:18.418Z] INFO: Finished Test Case: TC_CRUD_037 - Status: PASSED (16ms)

[2026-07-19T16:08:18.419Z] INFO: Starting Test Case: TC_CRUD_038 - CRUD Operations validation check - Scenario 38 [Priority: HIGH]
[2026-07-19T16:08:18.437Z] INFO: Finished Test Case: TC_CRUD_038 - Status: PASSED (18ms)

[2026-07-19T16:08:18.437Z] INFO: Starting Test Case: TC_CRUD_039 - CRUD Operations validation check - Scenario 39 [Priority: LOW]
[2026-07-19T16:08:18.476Z] INFO: Finished Test Case: TC_CRUD_039 - Status: PASSED (39ms)

[2026-07-19T16:08:18.476Z] INFO: Starting Test Case: TC_CRUD_040 - CRUD Operations validation check - Scenario 40 [Priority: MEDIUM]
[2026-07-19T16:08:18.509Z] INFO: Finished Test Case: TC_CRUD_040 - Status: PASSED (33ms)

[2026-07-19T16:08:18.509Z] INFO: Starting Test Case: TC_CRUD_041 - CRUD Operations validation check - Scenario 41 [Priority: CRITICAL]
[2026-07-19T16:08:18.529Z] INFO: Finished Test Case: TC_CRUD_041 - Status: PASSED (20ms)

[2026-07-19T16:08:18.529Z] INFO: Starting Test Case: TC_CRUD_042 - CRUD Operations validation check - Scenario 42 [Priority: HIGH]
[2026-07-19T16:08:18.542Z] INFO: Finished Test Case: TC_CRUD_042 - Status: PASSED (13ms)

[2026-07-19T16:08:18.542Z] INFO: Starting Test Case: TC_CRUD_043 - CRUD Operations validation check - Scenario 43 [Priority: HIGH]
[2026-07-19T16:08:18.590Z] INFO: Finished Test Case: TC_CRUD_043 - Status: PASSED (48ms)

[2026-07-19T16:08:18.590Z] INFO: Starting Test Case: TC_CRUD_044 - CRUD Operations validation check - Scenario 44 [Priority: LOW]
[2026-07-19T16:08:18.633Z] INFO: Finished Test Case: TC_CRUD_044 - Status: PASSED (43ms)

[2026-07-19T16:08:18.633Z] INFO: Starting Test Case: TC_CRUD_045 - CRUD Operations validation check - Scenario 45 [Priority: MEDIUM]
[2026-07-19T16:08:18.665Z] INFO: Finished Test Case: TC_CRUD_045 - Status: PASSED (32ms)

[2026-07-19T16:08:18.665Z] INFO: Starting Test Case: TC_CRUD_046 - CRUD Operations validation check - Scenario 46 [Priority: CRITICAL]
[2026-07-19T16:08:18.703Z] INFO: Finished Test Case: TC_CRUD_046 - Status: PASSED (38ms)

[2026-07-19T16:08:18.703Z] INFO: Starting Test Case: TC_CRUD_047 - CRUD Operations validation check - Scenario 47 [Priority: HIGH]
[2026-07-19T16:08:18.750Z] INFO: Finished Test Case: TC_CRUD_047 - Status: PASSED (47ms)

[2026-07-19T16:08:18.750Z] INFO: Starting Test Case: TC_CRUD_048 - CRUD Operations validation check - Scenario 48 [Priority: HIGH]
[2026-07-19T16:08:18.798Z] INFO: Finished Test Case: TC_CRUD_048 - Status: PASSED (48ms)

[2026-07-19T16:08:18.798Z] INFO: Starting Test Case: TC_CRUD_049 - CRUD Operations validation check - Scenario 49 [Priority: LOW]
[2026-07-19T16:08:18.835Z] INFO: Finished Test Case: TC_CRUD_049 - Status: PASSED (37ms)

[2026-07-19T16:08:18.835Z] INFO: Starting Test Case: TC_CRUD_050 - CRUD Operations validation check - Scenario 50 [Priority: MEDIUM]
[2026-07-19T16:08:18.878Z] INFO: Finished Test Case: TC_CRUD_050 - Status: PASSED (43ms)

[2026-07-19T16:08:18.878Z] INFO: Starting Test Case: TC_VALIDATION_001 - Input Validation validation check - Scenario 1 [Priority: CRITICAL]
[2026-07-19T16:08:18.889Z] INFO: Finished Test Case: TC_VALIDATION_001 - Status: PASSED (11ms)

[2026-07-19T16:08:18.889Z] INFO: Starting Test Case: TC_VALIDATION_002 - Input Validation validation check - Scenario 2 [Priority: HIGH]
[2026-07-19T16:08:18.904Z] INFO: Finished Test Case: TC_VALIDATION_002 - Status: PASSED (15ms)

[2026-07-19T16:08:18.904Z] INFO: Starting Test Case: TC_VALIDATION_003 - Input Validation validation check - Scenario 3 [Priority: HIGH]
[2026-07-19T16:08:18.949Z] INFO: Finished Test Case: TC_VALIDATION_003 - Status: PASSED (45ms)

[2026-07-19T16:08:18.949Z] INFO: Starting Test Case: TC_VALIDATION_004 - Input Validation validation check - Scenario 4 [Priority: LOW]
[2026-07-19T16:08:18.968Z] INFO: Finished Test Case: TC_VALIDATION_004 - Status: PASSED (19ms)

[2026-07-19T16:08:18.969Z] INFO: Starting Test Case: TC_VALIDATION_005 - Input Validation validation check - Scenario 5 [Priority: MEDIUM]
[2026-07-19T16:08:19.001Z] INFO: Finished Test Case: TC_VALIDATION_005 - Status: PASSED (32ms)

[2026-07-19T16:08:19.001Z] INFO: Starting Test Case: TC_VALIDATION_006 - Input Validation validation check - Scenario 6 [Priority: CRITICAL]
[2026-07-19T16:08:19.035Z] INFO: Finished Test Case: TC_VALIDATION_006 - Status: PASSED (34ms)

[2026-07-19T16:08:19.035Z] INFO: Starting Test Case: TC_VALIDATION_007 - Input Validation validation check - Scenario 7 [Priority: HIGH]
[2026-07-19T16:08:19.043Z] INFO: Finished Test Case: TC_VALIDATION_007 - Status: PASSED (8ms)

[2026-07-19T16:08:19.043Z] INFO: Starting Test Case: TC_VALIDATION_008 - Input Validation validation check - Scenario 8 [Priority: HIGH]
[2026-07-19T16:08:19.075Z] INFO: Finished Test Case: TC_VALIDATION_008 - Status: PASSED (32ms)

[2026-07-19T16:08:19.075Z] INFO: Starting Test Case: TC_VALIDATION_009 - Input Validation validation check - Scenario 9 [Priority: LOW]
[2026-07-19T16:08:19.085Z] INFO: Finished Test Case: TC_VALIDATION_009 - Status: PASSED (10ms)

[2026-07-19T16:08:19.085Z] INFO: Starting Test Case: TC_VALIDATION_010 - Input Validation validation check - Scenario 10 [Priority: MEDIUM]
[2026-07-19T16:08:19.117Z] INFO: Finished Test Case: TC_VALIDATION_010 - Status: PASSED (32ms)

[2026-07-19T16:08:19.117Z] INFO: Starting Test Case: TC_VALIDATION_011 - Input Validation validation check - Scenario 11 [Priority: CRITICAL]
[2026-07-19T16:08:19.133Z] INFO: Finished Test Case: TC_VALIDATION_011 - Status: PASSED (16ms)

[2026-07-19T16:08:19.133Z] INFO: Starting Test Case: TC_VALIDATION_012 - Input Validation validation check - Scenario 12 [Priority: HIGH]
[2026-07-19T16:08:19.172Z] INFO: Finished Test Case: TC_VALIDATION_012 - Status: PASSED (39ms)

[2026-07-19T16:08:19.172Z] INFO: Starting Test Case: TC_VALIDATION_013 - Input Validation validation check - Scenario 13 [Priority: HIGH]
[2026-07-19T16:08:19.210Z] INFO: Finished Test Case: TC_VALIDATION_013 - Status: PASSED (38ms)

[2026-07-19T16:08:19.210Z] INFO: Starting Test Case: TC_VALIDATION_014 - Input Validation validation check - Scenario 14 [Priority: LOW]
[2026-07-19T16:08:19.243Z] INFO: Finished Test Case: TC_VALIDATION_014 - Status: PASSED (33ms)

[2026-07-19T16:08:19.243Z] INFO: Starting Test Case: TC_VALIDATION_015 - Input Validation validation check - Scenario 15 [Priority: MEDIUM]
[2026-07-19T16:08:19.256Z] INFO: Finished Test Case: TC_VALIDATION_015 - Status: PASSED (13ms)

[2026-07-19T16:08:19.256Z] INFO: Starting Test Case: TC_VALIDATION_016 - Input Validation validation check - Scenario 16 [Priority: CRITICAL]
[2026-07-19T16:08:19.283Z] INFO: Finished Test Case: TC_VALIDATION_016 - Status: PASSED (27ms)

[2026-07-19T16:08:19.283Z] INFO: Starting Test Case: TC_VALIDATION_017 - Input Validation validation check - Scenario 17 [Priority: HIGH]
[2026-07-19T16:08:19.298Z] INFO: Finished Test Case: TC_VALIDATION_017 - Status: PASSED (15ms)

[2026-07-19T16:08:19.298Z] INFO: Starting Test Case: TC_VALIDATION_018 - Input Validation validation check - Scenario 18 [Priority: HIGH]
[2026-07-19T16:08:19.309Z] INFO: Finished Test Case: TC_VALIDATION_018 - Status: PASSED (11ms)

[2026-07-19T16:08:19.310Z] INFO: Starting Test Case: TC_VALIDATION_019 - Input Validation validation check - Scenario 19 [Priority: LOW]
[2026-07-19T16:08:19.329Z] INFO: Finished Test Case: TC_VALIDATION_019 - Status: PASSED (20ms)

[2026-07-19T16:08:19.329Z] INFO: Starting Test Case: TC_VALIDATION_020 - Input Validation validation check - Scenario 20 [Priority: MEDIUM]
[2026-07-19T16:08:19.376Z] INFO: Finished Test Case: TC_VALIDATION_020 - Status: PASSED (47ms)

[2026-07-19T16:08:19.376Z] INFO: Starting Test Case: TC_VALIDATION_021 - Input Validation validation check - Scenario 21 [Priority: CRITICAL]
[2026-07-19T16:08:19.426Z] INFO: Finished Test Case: TC_VALIDATION_021 - Status: PASSED (49ms)

[2026-07-19T16:08:19.426Z] INFO: Starting Test Case: TC_VALIDATION_022 - Input Validation validation check - Scenario 22 [Priority: HIGH]
[2026-07-19T16:08:19.442Z] INFO: Finished Test Case: TC_VALIDATION_022 - Status: PASSED (16ms)

[2026-07-19T16:08:19.442Z] INFO: Starting Test Case: TC_VALIDATION_023 - Input Validation validation check - Scenario 23 [Priority: HIGH]
[2026-07-19T16:08:19.462Z] INFO: Finished Test Case: TC_VALIDATION_023 - Status: PASSED (20ms)

[2026-07-19T16:08:19.462Z] INFO: Starting Test Case: TC_VALIDATION_024 - Input Validation validation check - Scenario 24 [Priority: LOW]
[2026-07-19T16:08:19.484Z] INFO: Finished Test Case: TC_VALIDATION_024 - Status: PASSED (21ms)

[2026-07-19T16:08:19.484Z] INFO: Starting Test Case: TC_VALIDATION_025 - Input Validation validation check - Scenario 25 [Priority: MEDIUM]
[2026-07-19T16:08:19.520Z] INFO: Finished Test Case: TC_VALIDATION_025 - Status: PASSED (36ms)

[2026-07-19T16:08:19.520Z] INFO: Starting Test Case: TC_VALIDATION_026 - Input Validation validation check - Scenario 26 [Priority: CRITICAL]
[2026-07-19T16:08:19.546Z] INFO: Finished Test Case: TC_VALIDATION_026 - Status: PASSED (26ms)

[2026-07-19T16:08:19.546Z] INFO: Starting Test Case: TC_VALIDATION_027 - Input Validation validation check - Scenario 27 [Priority: HIGH]
[2026-07-19T16:08:19.559Z] INFO: Finished Test Case: TC_VALIDATION_027 - Status: PASSED (13ms)

[2026-07-19T16:08:19.559Z] INFO: Starting Test Case: TC_VALIDATION_028 - Input Validation validation check - Scenario 28 [Priority: HIGH]
[2026-07-19T16:08:19.596Z] INFO: Finished Test Case: TC_VALIDATION_028 - Status: PASSED (37ms)

[2026-07-19T16:08:19.596Z] INFO: Starting Test Case: TC_VALIDATION_029 - Input Validation validation check - Scenario 29 [Priority: LOW]
[2026-07-19T16:08:19.615Z] INFO: Finished Test Case: TC_VALIDATION_029 - Status: PASSED (19ms)

[2026-07-19T16:08:19.615Z] INFO: Starting Test Case: TC_VALIDATION_030 - Input Validation validation check - Scenario 30 [Priority: MEDIUM]
[2026-07-19T16:08:19.631Z] INFO: Finished Test Case: TC_VALIDATION_030 - Status: PASSED (16ms)

[2026-07-19T16:08:19.631Z] INFO: Starting Test Case: TC_VALIDATION_031 - Input Validation validation check - Scenario 31 [Priority: CRITICAL]
[2026-07-19T16:08:19.675Z] INFO: Finished Test Case: TC_VALIDATION_031 - Status: PASSED (44ms)

[2026-07-19T16:08:19.675Z] INFO: Starting Test Case: TC_VALIDATION_032 - Input Validation validation check - Scenario 32 [Priority: HIGH]
[2026-07-19T16:08:19.707Z] INFO: Finished Test Case: TC_VALIDATION_032 - Status: PASSED (32ms)

[2026-07-19T16:08:19.707Z] INFO: Starting Test Case: TC_VALIDATION_033 - Input Validation validation check - Scenario 33 [Priority: HIGH]
[2026-07-19T16:08:19.712Z] INFO: Finished Test Case: TC_VALIDATION_033 - Status: PASSED (5ms)

[2026-07-19T16:08:19.712Z] INFO: Starting Test Case: TC_VALIDATION_034 - Input Validation validation check - Scenario 34 [Priority: LOW]
[2026-07-19T16:08:19.731Z] INFO: Finished Test Case: TC_VALIDATION_034 - Status: PASSED (19ms)

[2026-07-19T16:08:19.732Z] INFO: Starting Test Case: TC_VALIDATION_035 - Input Validation validation check - Scenario 35 [Priority: MEDIUM]
[2026-07-19T16:08:19.763Z] INFO: Finished Test Case: TC_VALIDATION_035 - Status: PASSED (31ms)

[2026-07-19T16:08:19.763Z] INFO: Starting Test Case: TC_VALIDATION_036 - Input Validation validation check - Scenario 36 [Priority: CRITICAL]
[2026-07-19T16:08:19.777Z] INFO: Finished Test Case: TC_VALIDATION_036 - Status: PASSED (14ms)

[2026-07-19T16:08:19.777Z] INFO: Starting Test Case: TC_VALIDATION_037 - Input Validation validation check - Scenario 37 [Priority: HIGH]
[2026-07-19T16:08:19.800Z] INFO: Finished Test Case: TC_VALIDATION_037 - Status: PASSED (23ms)

[2026-07-19T16:08:19.800Z] INFO: Starting Test Case: TC_VALIDATION_038 - Input Validation validation check - Scenario 38 [Priority: HIGH]
[2026-07-19T16:08:19.813Z] INFO: Finished Test Case: TC_VALIDATION_038 - Status: PASSED (13ms)

[2026-07-19T16:08:19.814Z] INFO: Starting Test Case: TC_VALIDATION_039 - Input Validation validation check - Scenario 39 [Priority: LOW]
[2026-07-19T16:08:19.848Z] INFO: Finished Test Case: TC_VALIDATION_039 - Status: PASSED (35ms)

[2026-07-19T16:08:19.848Z] INFO: Starting Test Case: TC_VALIDATION_040 - Input Validation validation check - Scenario 40 [Priority: MEDIUM]
[2026-07-19T16:08:19.867Z] INFO: Finished Test Case: TC_VALIDATION_040 - Status: PASSED (19ms)

[2026-07-19T16:08:19.867Z] INFO: Starting Test Case: TC_ERROR_001 - Error Handling validation check - Scenario 1 [Priority: CRITICAL]
[2026-07-19T16:08:19.895Z] INFO: Finished Test Case: TC_ERROR_001 - Status: PASSED (28ms)

[2026-07-19T16:08:19.895Z] INFO: Starting Test Case: TC_ERROR_002 - Error Handling validation check - Scenario 2 [Priority: HIGH]
[2026-07-19T16:08:19.932Z] INFO: Finished Test Case: TC_ERROR_002 - Status: PASSED (37ms)

[2026-07-19T16:08:19.932Z] INFO: Starting Test Case: TC_ERROR_003 - Error Handling validation check - Scenario 3 [Priority: HIGH]
[2026-07-19T16:08:19.979Z] INFO: Finished Test Case: TC_ERROR_003 - Status: PASSED (47ms)

[2026-07-19T16:08:19.979Z] INFO: Starting Test Case: TC_ERROR_004 - Error Handling validation check - Scenario 4 [Priority: LOW]
[2026-07-19T16:08:19.986Z] INFO: Finished Test Case: TC_ERROR_004 - Status: PASSED (7ms)

[2026-07-19T16:08:19.986Z] INFO: Starting Test Case: TC_ERROR_005 - Error Handling validation check - Scenario 5 [Priority: MEDIUM]
[2026-07-19T16:08:20.007Z] INFO: Finished Test Case: TC_ERROR_005 - Status: PASSED (21ms)

[2026-07-19T16:08:20.008Z] INFO: Starting Test Case: TC_ERROR_006 - Error Handling validation check - Scenario 6 [Priority: CRITICAL]
[2026-07-19T16:08:20.045Z] INFO: Finished Test Case: TC_ERROR_006 - Status: PASSED (37ms)

[2026-07-19T16:08:20.045Z] INFO: Starting Test Case: TC_ERROR_007 - Error Handling validation check - Scenario 7 [Priority: HIGH]
[2026-07-19T16:08:20.057Z] INFO: Finished Test Case: TC_ERROR_007 - Status: PASSED (12ms)

[2026-07-19T16:08:20.057Z] INFO: Starting Test Case: TC_ERROR_008 - Error Handling validation check - Scenario 8 [Priority: HIGH]
[2026-07-19T16:08:20.071Z] INFO: Finished Test Case: TC_ERROR_008 - Status: PASSED (14ms)

[2026-07-19T16:08:20.071Z] INFO: Starting Test Case: TC_ERROR_009 - Error Handling validation check - Scenario 9 [Priority: LOW]
[2026-07-19T16:08:20.109Z] INFO: Finished Test Case: TC_ERROR_009 - Status: PASSED (38ms)

[2026-07-19T16:08:20.109Z] INFO: Starting Test Case: TC_ERROR_010 - Error Handling validation check - Scenario 10 [Priority: MEDIUM]
[2026-07-19T16:08:20.150Z] INFO: Finished Test Case: TC_ERROR_010 - Status: PASSED (41ms)

[2026-07-19T16:08:20.150Z] INFO: Starting Test Case: TC_ERROR_011 - Error Handling validation check - Scenario 11 [Priority: CRITICAL]
[2026-07-19T16:08:20.174Z] INFO: Finished Test Case: TC_ERROR_011 - Status: PASSED (24ms)

[2026-07-19T16:08:20.174Z] INFO: Starting Test Case: TC_ERROR_012 - Error Handling validation check - Scenario 12 [Priority: HIGH]
[2026-07-19T16:08:20.179Z] INFO: Finished Test Case: TC_ERROR_012 - Status: PASSED (5ms)

[2026-07-19T16:08:20.179Z] INFO: Starting Test Case: TC_ERROR_013 - Error Handling validation check - Scenario 13 [Priority: HIGH]
[2026-07-19T16:08:20.198Z] INFO: Finished Test Case: TC_ERROR_013 - Status: PASSED (19ms)

[2026-07-19T16:08:20.198Z] INFO: Starting Test Case: TC_ERROR_014 - Error Handling validation check - Scenario 14 [Priority: LOW]
[2026-07-19T16:08:20.238Z] INFO: Finished Test Case: TC_ERROR_014 - Status: PASSED (40ms)

[2026-07-19T16:08:20.238Z] INFO: Starting Test Case: TC_ERROR_015 - Error Handling validation check - Scenario 15 [Priority: MEDIUM]
[2026-07-19T16:08:20.274Z] INFO: Finished Test Case: TC_ERROR_015 - Status: PASSED (36ms)

[2026-07-19T16:08:20.274Z] INFO: Starting Test Case: TC_ERROR_016 - Error Handling validation check - Scenario 16 [Priority: CRITICAL]
[2026-07-19T16:08:20.313Z] INFO: Finished Test Case: TC_ERROR_016 - Status: PASSED (39ms)

[2026-07-19T16:08:20.313Z] INFO: Starting Test Case: TC_ERROR_017 - Error Handling validation check - Scenario 17 [Priority: HIGH]
[2026-07-19T16:08:20.352Z] INFO: Finished Test Case: TC_ERROR_017 - Status: PASSED (39ms)

[2026-07-19T16:08:20.352Z] INFO: Starting Test Case: TC_ERROR_018 - Error Handling validation check - Scenario 18 [Priority: HIGH]
[2026-07-19T16:08:20.358Z] INFO: Finished Test Case: TC_ERROR_018 - Status: PASSED (6ms)

[2026-07-19T16:08:20.358Z] INFO: Starting Test Case: TC_ERROR_019 - Error Handling validation check - Scenario 19 [Priority: LOW]
[2026-07-19T16:08:20.363Z] INFO: Finished Test Case: TC_ERROR_019 - Status: PASSED (5ms)

[2026-07-19T16:08:20.363Z] INFO: Starting Test Case: TC_ERROR_020 - Error Handling validation check - Scenario 20 [Priority: MEDIUM]
[2026-07-19T16:08:20.390Z] INFO: Finished Test Case: TC_ERROR_020 - Status: PASSED (27ms)

[2026-07-19T16:08:20.390Z] INFO: Starting Test Case: TC_SESSION_001 - Session Management validation check - Scenario 1 [Priority: CRITICAL]
[2026-07-19T16:08:20.402Z] INFO: Finished Test Case: TC_SESSION_001 - Status: PASSED (12ms)

[2026-07-19T16:08:20.402Z] INFO: Starting Test Case: TC_SESSION_002 - Session Management validation check - Scenario 2 [Priority: HIGH]
[2026-07-19T16:08:20.446Z] INFO: Finished Test Case: TC_SESSION_002 - Status: PASSED (44ms)

[2026-07-19T16:08:20.446Z] INFO: Starting Test Case: TC_SESSION_003 - Session Management validation check - Scenario 3 [Priority: HIGH]
[2026-07-19T16:08:20.486Z] INFO: Finished Test Case: TC_SESSION_003 - Status: PASSED (40ms)

[2026-07-19T16:08:20.487Z] INFO: Starting Test Case: TC_SESSION_004 - Session Management validation check - Scenario 4 [Priority: LOW]
[2026-07-19T16:08:20.511Z] INFO: Finished Test Case: TC_SESSION_004 - Status: PASSED (24ms)

[2026-07-19T16:08:20.511Z] INFO: Starting Test Case: TC_SESSION_005 - Session Management validation check - Scenario 5 [Priority: MEDIUM]
[2026-07-19T16:08:20.531Z] INFO: Finished Test Case: TC_SESSION_005 - Status: PASSED (20ms)

[2026-07-19T16:08:20.531Z] INFO: Starting Test Case: TC_SESSION_006 - Session Management validation check - Scenario 6 [Priority: CRITICAL]
[2026-07-19T16:08:20.556Z] INFO: Finished Test Case: TC_SESSION_006 - Status: PASSED (25ms)

[2026-07-19T16:08:20.556Z] INFO: Starting Test Case: TC_SESSION_007 - Session Management validation check - Scenario 7 [Priority: HIGH]
[2026-07-19T16:08:20.602Z] INFO: Finished Test Case: TC_SESSION_007 - Status: PASSED (46ms)

[2026-07-19T16:08:20.602Z] INFO: Starting Test Case: TC_SESSION_008 - Session Management validation check - Scenario 8 [Priority: HIGH]
[2026-07-19T16:08:20.650Z] INFO: Finished Test Case: TC_SESSION_008 - Status: PASSED (48ms)

[2026-07-19T16:08:20.650Z] INFO: Starting Test Case: TC_SESSION_009 - Session Management validation check - Scenario 9 [Priority: LOW]
[2026-07-19T16:08:20.685Z] INFO: Finished Test Case: TC_SESSION_009 - Status: PASSED (35ms)

[2026-07-19T16:08:20.685Z] INFO: Starting Test Case: TC_SESSION_010 - Session Management validation check - Scenario 10 [Priority: MEDIUM]
[2026-07-19T16:08:20.722Z] INFO: Finished Test Case: TC_SESSION_010 - Status: PASSED (36ms)

[2026-07-19T16:08:20.722Z] INFO: Starting Test Case: TC_SESSION_011 - Session Management validation check - Scenario 11 [Priority: CRITICAL]
[2026-07-19T16:08:20.730Z] INFO: Finished Test Case: TC_SESSION_011 - Status: PASSED (8ms)

[2026-07-19T16:08:20.730Z] INFO: Starting Test Case: TC_SESSION_012 - Session Management validation check - Scenario 12 [Priority: HIGH]
[2026-07-19T16:08:20.752Z] INFO: Finished Test Case: TC_SESSION_012 - Status: PASSED (22ms)

[2026-07-19T16:08:20.752Z] INFO: Starting Test Case: TC_SESSION_013 - Session Management validation check - Scenario 13 [Priority: HIGH]
[2026-07-19T16:08:20.771Z] INFO: Finished Test Case: TC_SESSION_013 - Status: PASSED (19ms)

[2026-07-19T16:08:20.771Z] INFO: Starting Test Case: TC_SESSION_014 - Session Management validation check - Scenario 14 [Priority: LOW]
[2026-07-19T16:08:20.793Z] INFO: Finished Test Case: TC_SESSION_014 - Status: PASSED (22ms)

[2026-07-19T16:08:20.793Z] INFO: Starting Test Case: TC_SESSION_015 - Session Management validation check - Scenario 15 [Priority: MEDIUM]
[2026-07-19T16:08:20.809Z] INFO: Finished Test Case: TC_SESSION_015 - Status: PASSED (16ms)

[2026-07-19T16:08:20.809Z] INFO: Starting Test Case: TC_SESSION_016 - Session Management validation check - Scenario 16 [Priority: CRITICAL]
[2026-07-19T16:08:20.838Z] INFO: Finished Test Case: TC_SESSION_016 - Status: PASSED (29ms)

[2026-07-19T16:08:20.838Z] INFO: Starting Test Case: TC_SESSION_017 - Session Management validation check - Scenario 17 [Priority: HIGH]
[2026-07-19T16:08:20.868Z] INFO: Finished Test Case: TC_SESSION_017 - Status: PASSED (30ms)

[2026-07-19T16:08:20.868Z] INFO: Starting Test Case: TC_SESSION_018 - Session Management validation check - Scenario 18 [Priority: HIGH]
[2026-07-19T16:08:20.913Z] INFO: Finished Test Case: TC_SESSION_018 - Status: PASSED (45ms)

[2026-07-19T16:08:20.913Z] INFO: Starting Test Case: TC_SESSION_019 - Session Management validation check - Scenario 19 [Priority: LOW]
[2026-07-19T16:08:20.938Z] INFO: Finished Test Case: TC_SESSION_019 - Status: PASSED (25ms)

[2026-07-19T16:08:20.938Z] INFO: Starting Test Case: TC_SESSION_020 - Session Management validation check - Scenario 20 [Priority: MEDIUM]
[2026-07-19T16:08:20.966Z] INFO: Finished Test Case: TC_SESSION_020 - Status: PASSED (28ms)

[2026-07-19T16:08:20.966Z] INFO: Starting Test Case: TC_FILE_001 - File Upload validation check - Scenario 1 [Priority: CRITICAL]
[2026-07-19T16:08:21.000Z] INFO: Finished Test Case: TC_FILE_001 - Status: PASSED (34ms)

[2026-07-19T16:08:21.000Z] INFO: Starting Test Case: TC_FILE_002 - File Upload validation check - Scenario 2 [Priority: HIGH]
[2026-07-19T16:08:21.000Z] INFO: Running E2E: Large File Upload...
[2026-07-19T16:08:21.000Z] INFO: Finished Test Case: TC_FILE_002 - Status: PASSED (0ms)

[2026-07-19T16:08:21.000Z] INFO: Starting Test Case: TC_FILE_003 - File Upload validation check - Scenario 3 [Priority: HIGH]
[2026-07-19T16:08:21.021Z] INFO: Finished Test Case: TC_FILE_003 - Status: PASSED (21ms)

[2026-07-19T16:08:21.021Z] INFO: Starting Test Case: TC_FILE_004 - File Upload validation check - Scenario 4 [Priority: LOW]
[2026-07-19T16:08:21.027Z] INFO: Finished Test Case: TC_FILE_004 - Status: PASSED (6ms)

[2026-07-19T16:08:21.027Z] INFO: Starting Test Case: TC_FILE_005 - File Upload validation check - Scenario 5 [Priority: MEDIUM]
[2026-07-19T16:08:21.067Z] INFO: Finished Test Case: TC_FILE_005 - Status: PASSED (40ms)

[2026-07-19T16:08:21.067Z] INFO: Starting Test Case: TC_FILE_006 - File Upload validation check - Scenario 6 [Priority: CRITICAL]
[2026-07-19T16:08:21.086Z] INFO: Finished Test Case: TC_FILE_006 - Status: PASSED (19ms)

[2026-07-19T16:08:21.086Z] INFO: Starting Test Case: TC_FILE_007 - File Upload validation check - Scenario 7 [Priority: HIGH]
[2026-07-19T16:08:21.096Z] INFO: Finished Test Case: TC_FILE_007 - Status: PASSED (10ms)

[2026-07-19T16:08:21.096Z] INFO: Starting Test Case: TC_FILE_008 - File Upload validation check - Scenario 8 [Priority: HIGH]
[2026-07-19T16:08:21.118Z] INFO: Finished Test Case: TC_FILE_008 - Status: PASSED (22ms)

[2026-07-19T16:08:21.118Z] INFO: Starting Test Case: TC_FILE_009 - File Upload validation check - Scenario 9 [Priority: LOW]
[2026-07-19T16:08:21.163Z] INFO: Finished Test Case: TC_FILE_009 - Status: PASSED (45ms)

[2026-07-19T16:08:21.164Z] INFO: Starting Test Case: TC_FILE_010 - File Upload validation check - Scenario 10 [Priority: MEDIUM]
[2026-07-19T16:08:21.172Z] INFO: Finished Test Case: TC_FILE_010 - Status: PASSED (8ms)

[2026-07-19T16:08:21.172Z] INFO: Starting Test Case: TC_FILE_011 - File Upload validation check - Scenario 11 [Priority: CRITICAL]
[2026-07-19T16:08:21.193Z] INFO: Finished Test Case: TC_FILE_011 - Status: PASSED (21ms)

[2026-07-19T16:08:21.193Z] INFO: Starting Test Case: TC_FILE_012 - File Upload validation check - Scenario 12 [Priority: HIGH]
[2026-07-19T16:08:21.207Z] INFO: Finished Test Case: TC_FILE_012 - Status: PASSED (14ms)

[2026-07-19T16:08:21.207Z] INFO: Starting Test Case: TC_FILE_013 - File Upload validation check - Scenario 13 [Priority: HIGH]
[2026-07-19T16:08:21.233Z] INFO: Finished Test Case: TC_FILE_013 - Status: PASSED (26ms)

[2026-07-19T16:08:21.234Z] INFO: Starting Test Case: TC_FILE_014 - File Upload validation check - Scenario 14 [Priority: LOW]
[2026-07-19T16:08:21.263Z] INFO: Finished Test Case: TC_FILE_014 - Status: PASSED (29ms)

[2026-07-19T16:08:21.263Z] INFO: Starting Test Case: TC_FILE_015 - File Upload validation check - Scenario 15 [Priority: MEDIUM]
[2026-07-19T16:08:21.311Z] INFO: Finished Test Case: TC_FILE_015 - Status: PASSED (48ms)

[2026-07-19T16:08:21.311Z] INFO: Starting Test Case: TC_FILE_016 - File Upload validation check - Scenario 16 [Priority: CRITICAL]
[2026-07-19T16:08:21.320Z] INFO: Finished Test Case: TC_FILE_016 - Status: PASSED (9ms)

[2026-07-19T16:08:21.320Z] INFO: Starting Test Case: TC_FILE_017 - File Upload validation check - Scenario 17 [Priority: HIGH]
[2026-07-19T16:08:21.339Z] INFO: Finished Test Case: TC_FILE_017 - Status: PASSED (19ms)

[2026-07-19T16:08:21.339Z] INFO: Starting Test Case: TC_FILE_018 - File Upload validation check - Scenario 18 [Priority: HIGH]
[2026-07-19T16:08:21.382Z] INFO: Finished Test Case: TC_FILE_018 - Status: PASSED (43ms)

[2026-07-19T16:08:21.382Z] INFO: Starting Test Case: TC_FILE_019 - File Upload validation check - Scenario 19 [Priority: LOW]
[2026-07-19T16:08:21.413Z] INFO: Finished Test Case: TC_FILE_019 - Status: PASSED (31ms)

[2026-07-19T16:08:21.413Z] INFO: Starting Test Case: TC_FILE_020 - File Upload validation check - Scenario 20 [Priority: MEDIUM]
[2026-07-19T16:08:21.447Z] INFO: Finished Test Case: TC_FILE_020 - Status: PASSED (34ms)

[2026-07-19T16:08:21.447Z] INFO: Starting Test Case: TC_A11Y_001 - Accessibility validation check - Scenario 1 [Priority: CRITICAL]
[2026-07-19T16:08:21.487Z] INFO: Finished Test Case: TC_A11Y_001 - Status: PASSED (40ms)

[2026-07-19T16:08:21.487Z] INFO: Starting Test Case: TC_A11Y_002 - Accessibility validation check - Scenario 2 [Priority: HIGH]
[2026-07-19T16:08:21.495Z] INFO: Finished Test Case: TC_A11Y_002 - Status: PASSED (8ms)

[2026-07-19T16:08:21.495Z] INFO: Starting Test Case: TC_A11Y_003 - Accessibility validation check - Scenario 3 [Priority: HIGH]
[2026-07-19T16:08:21.516Z] INFO: Finished Test Case: TC_A11Y_003 - Status: PASSED (21ms)

[2026-07-19T16:08:21.516Z] INFO: Starting Test Case: TC_A11Y_004 - Accessibility validation check - Scenario 4 [Priority: LOW]
[2026-07-19T16:08:21.556Z] INFO: Finished Test Case: TC_A11Y_004 - Status: PASSED (40ms)

[2026-07-19T16:08:21.556Z] INFO: Starting Test Case: TC_A11Y_005 - Accessibility validation check - Scenario 5 [Priority: MEDIUM]
[2026-07-19T16:08:21.576Z] INFO: Finished Test Case: TC_A11Y_005 - Status: PASSED (20ms)

[2026-07-19T16:08:21.577Z] INFO: Starting Test Case: TC_A11Y_006 - Accessibility validation check - Scenario 6 [Priority: CRITICAL]
[2026-07-19T16:08:21.616Z] INFO: Finished Test Case: TC_A11Y_006 - Status: PASSED (40ms)

[2026-07-19T16:08:21.616Z] INFO: Starting Test Case: TC_A11Y_007 - Accessibility validation check - Scenario 7 [Priority: HIGH]
[2026-07-19T16:08:21.648Z] INFO: Finished Test Case: TC_A11Y_007 - Status: PASSED (32ms)

[2026-07-19T16:08:21.648Z] INFO: Starting Test Case: TC_A11Y_008 - Accessibility validation check - Scenario 8 [Priority: HIGH]
[2026-07-19T16:08:21.656Z] INFO: Finished Test Case: TC_A11Y_008 - Status: PASSED (8ms)

[2026-07-19T16:08:21.656Z] INFO: Starting Test Case: TC_A11Y_009 - Accessibility validation check - Scenario 9 [Priority: LOW]
[2026-07-19T16:08:21.666Z] INFO: Finished Test Case: TC_A11Y_009 - Status: PASSED (10ms)

[2026-07-19T16:08:21.666Z] INFO: Starting Test Case: TC_A11Y_010 - Accessibility validation check - Scenario 10 [Priority: MEDIUM]
[2026-07-19T16:08:21.676Z] INFO: Finished Test Case: TC_A11Y_010 - Status: PASSED (10ms)

[2026-07-19T16:08:21.676Z] INFO: Starting Test Case: TC_A11Y_011 - Accessibility validation check - Scenario 11 [Priority: CRITICAL]
[2026-07-19T16:08:21.717Z] INFO: Finished Test Case: TC_A11Y_011 - Status: PASSED (41ms)

[2026-07-19T16:08:21.717Z] INFO: Starting Test Case: TC_A11Y_012 - Accessibility validation check - Scenario 12 [Priority: HIGH]
[2026-07-19T16:08:21.728Z] INFO: Finished Test Case: TC_A11Y_012 - Status: PASSED (11ms)

[2026-07-19T16:08:21.728Z] INFO: Starting Test Case: TC_A11Y_013 - Accessibility validation check - Scenario 13 [Priority: HIGH]
[2026-07-19T16:08:21.739Z] INFO: Finished Test Case: TC_A11Y_013 - Status: PASSED (11ms)

[2026-07-19T16:08:21.740Z] INFO: Starting Test Case: TC_A11Y_014 - Accessibility validation check - Scenario 14 [Priority: LOW]
[2026-07-19T16:08:21.747Z] INFO: Finished Test Case: TC_A11Y_014 - Status: PASSED (8ms)

[2026-07-19T16:08:21.747Z] INFO: Starting Test Case: TC_A11Y_015 - Accessibility validation check - Scenario 15 [Priority: MEDIUM]
[2026-07-19T16:08:21.780Z] INFO: Finished Test Case: TC_A11Y_015 - Status: PASSED (33ms)

[2026-07-19T16:08:21.780Z] INFO: Starting Test Case: TC_A11Y_016 - Accessibility validation check - Scenario 16 [Priority: CRITICAL]
[2026-07-19T16:08:21.821Z] INFO: Finished Test Case: TC_A11Y_016 - Status: PASSED (41ms)

[2026-07-19T16:08:21.821Z] INFO: Starting Test Case: TC_A11Y_017 - Accessibility validation check - Scenario 17 [Priority: HIGH]
[2026-07-19T16:08:21.838Z] INFO: Finished Test Case: TC_A11Y_017 - Status: PASSED (17ms)

[2026-07-19T16:08:21.838Z] INFO: Starting Test Case: TC_A11Y_018 - Accessibility validation check - Scenario 18 [Priority: HIGH]
[2026-07-19T16:08:21.873Z] INFO: Finished Test Case: TC_A11Y_018 - Status: PASSED (35ms)

[2026-07-19T16:08:21.873Z] INFO: Starting Test Case: TC_A11Y_019 - Accessibility validation check - Scenario 19 [Priority: LOW]
[2026-07-19T16:08:21.905Z] INFO: Finished Test Case: TC_A11Y_019 - Status: PASSED (32ms)

[2026-07-19T16:08:21.905Z] INFO: Starting Test Case: TC_A11Y_020 - Accessibility validation check - Scenario 20 [Priority: MEDIUM]
[2026-07-19T16:08:21.931Z] INFO: Finished Test Case: TC_A11Y_020 - Status: PASSED (26ms)

[2026-07-19T16:08:21.932Z] INFO: Starting Test Case: TC_RESPONSIVE_001 - Responsive Design validation check - Scenario 1 [Priority: CRITICAL]
[2026-07-19T16:08:21.941Z] INFO: Finished Test Case: TC_RESPONSIVE_001 - Status: PASSED (10ms)

[2026-07-19T16:08:21.941Z] INFO: Starting Test Case: TC_RESPONSIVE_002 - Responsive Design validation check - Scenario 2 [Priority: HIGH]
[2026-07-19T16:08:21.968Z] INFO: Finished Test Case: TC_RESPONSIVE_002 - Status: PASSED (27ms)

[2026-07-19T16:08:21.968Z] INFO: Starting Test Case: TC_RESPONSIVE_003 - Responsive Design validation check - Scenario 3 [Priority: HIGH]
[2026-07-19T16:08:21.974Z] INFO: Finished Test Case: TC_RESPONSIVE_003 - Status: PASSED (6ms)

[2026-07-19T16:08:21.974Z] INFO: Starting Test Case: TC_RESPONSIVE_004 - Responsive Design validation check - Scenario 4 [Priority: LOW]
[2026-07-19T16:08:21.994Z] INFO: Finished Test Case: TC_RESPONSIVE_004 - Status: PASSED (20ms)

[2026-07-19T16:08:21.994Z] INFO: Starting Test Case: TC_RESPONSIVE_005 - Responsive Design validation check - Scenario 5 [Priority: MEDIUM]
[2026-07-19T16:08:22.012Z] INFO: Finished Test Case: TC_RESPONSIVE_005 - Status: PASSED (18ms)

[2026-07-19T16:08:22.012Z] INFO: Starting Test Case: TC_RESPONSIVE_006 - Responsive Design validation check - Scenario 6 [Priority: CRITICAL]
[2026-07-19T16:08:22.053Z] INFO: Finished Test Case: TC_RESPONSIVE_006 - Status: PASSED (41ms)

[2026-07-19T16:08:22.053Z] INFO: Starting Test Case: TC_RESPONSIVE_007 - Responsive Design validation check - Scenario 7 [Priority: HIGH]
[2026-07-19T16:08:22.089Z] INFO: Finished Test Case: TC_RESPONSIVE_007 - Status: PASSED (36ms)

[2026-07-19T16:08:22.089Z] INFO: Starting Test Case: TC_RESPONSIVE_008 - Responsive Design validation check - Scenario 8 [Priority: HIGH]
[2026-07-19T16:08:22.139Z] INFO: Finished Test Case: TC_RESPONSIVE_008 - Status: PASSED (50ms)

[2026-07-19T16:08:22.139Z] INFO: Starting Test Case: TC_RESPONSIVE_009 - Responsive Design validation check - Scenario 9 [Priority: LOW]
[2026-07-19T16:08:22.156Z] INFO: Finished Test Case: TC_RESPONSIVE_009 - Status: PASSED (17ms)

[2026-07-19T16:08:22.156Z] INFO: Starting Test Case: TC_RESPONSIVE_010 - Responsive Design validation check - Scenario 10 [Priority: MEDIUM]
[2026-07-19T16:08:22.173Z] INFO: Finished Test Case: TC_RESPONSIVE_010 - Status: PASSED (17ms)

[2026-07-19T16:08:22.173Z] INFO: Starting Test Case: TC_RESPONSIVE_011 - Responsive Design validation check - Scenario 11 [Priority: CRITICAL]
[2026-07-19T16:08:22.197Z] INFO: Finished Test Case: TC_RESPONSIVE_011 - Status: PASSED (24ms)

[2026-07-19T16:08:22.197Z] INFO: Starting Test Case: TC_RESPONSIVE_012 - Responsive Design validation check - Scenario 12 [Priority: HIGH]
[2026-07-19T16:08:22.206Z] INFO: Finished Test Case: TC_RESPONSIVE_012 - Status: PASSED (9ms)

[2026-07-19T16:08:22.206Z] INFO: Starting Test Case: TC_RESPONSIVE_013 - Responsive Design validation check - Scenario 13 [Priority: HIGH]
[2026-07-19T16:08:22.230Z] INFO: Finished Test Case: TC_RESPONSIVE_013 - Status: PASSED (24ms)

[2026-07-19T16:08:22.230Z] INFO: Starting Test Case: TC_RESPONSIVE_014 - Responsive Design validation check - Scenario 14 [Priority: LOW]
[2026-07-19T16:08:22.253Z] INFO: Finished Test Case: TC_RESPONSIVE_014 - Status: PASSED (23ms)

[2026-07-19T16:08:22.253Z] INFO: Starting Test Case: TC_RESPONSIVE_015 - Responsive Design validation check - Scenario 15 [Priority: MEDIUM]
[2026-07-19T16:08:22.263Z] INFO: Finished Test Case: TC_RESPONSIVE_015 - Status: PASSED (10ms)

[2026-07-19T16:08:22.263Z] INFO: Starting Test Case: TC_RESPONSIVE_016 - Responsive Design validation check - Scenario 16 [Priority: CRITICAL]
[2026-07-19T16:08:22.305Z] INFO: Finished Test Case: TC_RESPONSIVE_016 - Status: PASSED (42ms)

[2026-07-19T16:08:22.305Z] INFO: Starting Test Case: TC_RESPONSIVE_017 - Responsive Design validation check - Scenario 17 [Priority: HIGH]
[2026-07-19T16:08:22.344Z] INFO: Finished Test Case: TC_RESPONSIVE_017 - Status: PASSED (39ms)

[2026-07-19T16:08:22.345Z] INFO: Starting Test Case: TC_RESPONSIVE_018 - Responsive Design validation check - Scenario 18 [Priority: HIGH]
[2026-07-19T16:08:22.391Z] INFO: Finished Test Case: TC_RESPONSIVE_018 - Status: PASSED (46ms)

[2026-07-19T16:08:22.391Z] INFO: Starting Test Case: TC_RESPONSIVE_019 - Responsive Design validation check - Scenario 19 [Priority: LOW]
[2026-07-19T16:08:22.429Z] INFO: Finished Test Case: TC_RESPONSIVE_019 - Status: PASSED (38ms)

[2026-07-19T16:08:22.429Z] INFO: Starting Test Case: TC_RESPONSIVE_020 - Responsive Design validation check - Scenario 20 [Priority: MEDIUM]
[2026-07-19T16:08:22.459Z] INFO: Finished Test Case: TC_RESPONSIVE_020 - Status: PASSED (30ms)

[2026-07-19T16:08:22.459Z] INFO: Starting Test Case: TC_PERF_001 - Performance Smoke validation check - Scenario 1 [Priority: CRITICAL]
[2026-07-19T16:08:22.490Z] INFO: Finished Test Case: TC_PERF_001 - Status: PASSED (31ms)

[2026-07-19T16:08:22.490Z] INFO: Starting Test Case: TC_PERF_002 - Performance Smoke validation check - Scenario 2 [Priority: HIGH]
[2026-07-19T16:08:22.500Z] INFO: Finished Test Case: TC_PERF_002 - Status: PASSED (10ms)

[2026-07-19T16:08:22.500Z] INFO: Starting Test Case: TC_PERF_003 - Performance Smoke validation check - Scenario 3 [Priority: HIGH]
[2026-07-19T16:08:22.537Z] INFO: Finished Test Case: TC_PERF_003 - Status: PASSED (37ms)

[2026-07-19T16:08:22.537Z] INFO: Starting Test Case: TC_PERF_004 - Performance Smoke validation check - Scenario 4 [Priority: LOW]
[2026-07-19T16:08:22.544Z] INFO: Finished Test Case: TC_PERF_004 - Status: PASSED (7ms)

[2026-07-19T16:08:22.544Z] INFO: Starting Test Case: TC_PERF_005 - Performance Smoke validation check - Scenario 5 [Priority: MEDIUM]
[2026-07-19T16:08:22.569Z] INFO: Finished Test Case: TC_PERF_005 - Status: PASSED (25ms)

[2026-07-19T16:08:22.569Z] INFO: Starting Test Case: TC_PERF_006 - Performance Smoke validation check - Scenario 6 [Priority: CRITICAL]
[2026-07-19T16:08:22.579Z] INFO: Finished Test Case: TC_PERF_006 - Status: PASSED (10ms)

[2026-07-19T16:08:22.580Z] INFO: Starting Test Case: TC_PERF_007 - Performance Smoke validation check - Scenario 7 [Priority: HIGH]
[2026-07-19T16:08:22.587Z] INFO: Finished Test Case: TC_PERF_007 - Status: PASSED (8ms)

[2026-07-19T16:08:22.587Z] INFO: Starting Test Case: TC_PERF_008 - Performance Smoke validation check - Scenario 8 [Priority: HIGH]
[2026-07-19T16:08:22.626Z] INFO: Finished Test Case: TC_PERF_008 - Status: PASSED (39ms)

[2026-07-19T16:08:22.626Z] INFO: Starting Test Case: TC_PERF_009 - Performance Smoke validation check - Scenario 9 [Priority: LOW]
[2026-07-19T16:08:22.668Z] INFO: Finished Test Case: TC_PERF_009 - Status: PASSED (42ms)

[2026-07-19T16:08:22.669Z] INFO: Starting Test Case: TC_PERF_010 - Performance Smoke validation check - Scenario 10 [Priority: MEDIUM]
[2026-07-19T16:08:22.697Z] INFO: Finished Test Case: TC_PERF_010 - Status: PASSED (28ms)

[2026-07-19T16:08:22.697Z] INFO: Starting Test Case: TC_PERF_011 - Performance Smoke validation check - Scenario 11 [Priority: CRITICAL]
[2026-07-19T16:08:22.732Z] INFO: Finished Test Case: TC_PERF_011 - Status: PASSED (35ms)

[2026-07-19T16:08:22.732Z] INFO: Starting Test Case: TC_PERF_012 - Performance Smoke validation check - Scenario 12 [Priority: HIGH]
[2026-07-19T16:08:22.762Z] INFO: Finished Test Case: TC_PERF_012 - Status: PASSED (30ms)

[2026-07-19T16:08:22.762Z] INFO: Starting Test Case: TC_PERF_013 - Performance Smoke validation check - Scenario 13 [Priority: HIGH]
[2026-07-19T16:08:22.803Z] INFO: Finished Test Case: TC_PERF_013 - Status: PASSED (41ms)

[2026-07-19T16:08:22.803Z] INFO: Starting Test Case: TC_PERF_014 - Performance Smoke validation check - Scenario 14 [Priority: LOW]
[2026-07-19T16:08:22.811Z] INFO: Finished Test Case: TC_PERF_014 - Status: PASSED (8ms)

[2026-07-19T16:08:22.811Z] INFO: Starting Test Case: TC_PERF_015 - Performance Smoke validation check - Scenario 15 [Priority: MEDIUM]
[2026-07-19T16:08:22.823Z] INFO: Finished Test Case: TC_PERF_015 - Status: PASSED (12ms)

[2026-07-19T16:08:22.824Z] INFO: Starting Test Case: TC_PERF_016 - Performance Smoke validation check - Scenario 16 [Priority: CRITICAL]
[2026-07-19T16:08:22.836Z] INFO: Finished Test Case: TC_PERF_016 - Status: PASSED (12ms)

[2026-07-19T16:08:22.836Z] INFO: Starting Test Case: TC_PERF_017 - Performance Smoke validation check - Scenario 17 [Priority: HIGH]
[2026-07-19T16:08:22.845Z] INFO: Finished Test Case: TC_PERF_017 - Status: PASSED (9ms)

[2026-07-19T16:08:22.845Z] INFO: Starting Test Case: TC_PERF_018 - Performance Smoke validation check - Scenario 18 [Priority: HIGH]
[2026-07-19T16:08:22.889Z] INFO: Finished Test Case: TC_PERF_018 - Status: PASSED (44ms)

[2026-07-19T16:08:22.889Z] INFO: Starting Test Case: TC_PERF_019 - Performance Smoke validation check - Scenario 19 [Priority: LOW]
[2026-07-19T16:08:22.924Z] INFO: Finished Test Case: TC_PERF_019 - Status: PASSED (35ms)

[2026-07-19T16:08:22.925Z] INFO: Starting Test Case: TC_PERF_020 - Performance Smoke validation check - Scenario 20 [Priority: MEDIUM]
[2026-07-19T16:08:22.938Z] INFO: Finished Test Case: TC_PERF_020 - Status: PASSED (13ms)

[2026-07-19T16:08:22.938Z] INFO: Starting Test Case: TC_REGR_001 - Regression validation check - Scenario 1 [Priority: CRITICAL]
[2026-07-19T16:08:22.982Z] INFO: Finished Test Case: TC_REGR_001 - Status: PASSED (44ms)

[2026-07-19T16:08:22.982Z] INFO: Starting Test Case: TC_REGR_002 - Regression validation check - Scenario 2 [Priority: HIGH]
[2026-07-19T16:08:23.001Z] INFO: Finished Test Case: TC_REGR_002 - Status: PASSED (19ms)

[2026-07-19T16:08:23.001Z] INFO: Starting Test Case: TC_REGR_003 - Regression validation check - Scenario 3 [Priority: HIGH]
[2026-07-19T16:08:23.037Z] INFO: Finished Test Case: TC_REGR_003 - Status: PASSED (36ms)

[2026-07-19T16:08:23.037Z] INFO: Starting Test Case: TC_REGR_004 - Regression validation check - Scenario 4 [Priority: LOW]
[2026-07-19T16:08:23.047Z] INFO: Finished Test Case: TC_REGR_004 - Status: PASSED (10ms)

[2026-07-19T16:08:23.047Z] INFO: Starting Test Case: TC_REGR_005 - Regression validation check - Scenario 5 [Priority: MEDIUM]
[2026-07-19T16:08:23.089Z] INFO: Finished Test Case: TC_REGR_005 - Status: PASSED (42ms)

[2026-07-19T16:08:23.089Z] INFO: Starting Test Case: TC_REGR_006 - Regression validation check - Scenario 6 [Priority: CRITICAL]
[2026-07-19T16:08:23.111Z] INFO: Finished Test Case: TC_REGR_006 - Status: PASSED (22ms)

[2026-07-19T16:08:23.112Z] INFO: Starting Test Case: TC_REGR_007 - Regression validation check - Scenario 7 [Priority: HIGH]
[2026-07-19T16:08:23.135Z] INFO: Finished Test Case: TC_REGR_007 - Status: PASSED (23ms)

[2026-07-19T16:08:23.135Z] INFO: Starting Test Case: TC_REGR_008 - Regression validation check - Scenario 8 [Priority: HIGH]
[2026-07-19T16:08:23.178Z] INFO: Finished Test Case: TC_REGR_008 - Status: PASSED (43ms)

[2026-07-19T16:08:23.178Z] INFO: Starting Test Case: TC_REGR_009 - Regression validation check - Scenario 9 [Priority: LOW]
[2026-07-19T16:08:23.197Z] INFO: Finished Test Case: TC_REGR_009 - Status: PASSED (19ms)

[2026-07-19T16:08:23.197Z] INFO: Starting Test Case: TC_REGR_010 - Regression validation check - Scenario 10 [Priority: MEDIUM]
[2026-07-19T16:08:23.232Z] INFO: Finished Test Case: TC_REGR_010 - Status: PASSED (35ms)

[2026-07-19T16:08:23.232Z] INFO: Starting Test Case: TC_REGR_011 - Regression validation check - Scenario 11 [Priority: CRITICAL]
[2026-07-19T16:08:23.266Z] INFO: Finished Test Case: TC_REGR_011 - Status: PASSED (34ms)

[2026-07-19T16:08:23.266Z] INFO: Starting Test Case: TC_REGR_012 - Regression validation check - Scenario 12 [Priority: HIGH]
[2026-07-19T16:08:23.303Z] INFO: Finished Test Case: TC_REGR_012 - Status: PASSED (37ms)

[2026-07-19T16:08:23.303Z] INFO: Starting Test Case: TC_REGR_013 - Regression validation check - Scenario 13 [Priority: HIGH]
[2026-07-19T16:08:23.345Z] INFO: Finished Test Case: TC_REGR_013 - Status: PASSED (41ms)

[2026-07-19T16:08:23.345Z] INFO: Starting Test Case: TC_REGR_014 - Regression validation check - Scenario 14 [Priority: LOW]
[2026-07-19T16:08:23.350Z] INFO: Finished Test Case: TC_REGR_014 - Status: PASSED (5ms)

[2026-07-19T16:08:23.350Z] INFO: Starting Test Case: TC_REGR_015 - Regression validation check - Scenario 15 [Priority: MEDIUM]
[2026-07-19T16:08:23.378Z] INFO: Finished Test Case: TC_REGR_015 - Status: PASSED (28ms)

[2026-07-19T16:08:23.378Z] INFO: Starting Test Case: TC_REGR_016 - Regression validation check - Scenario 16 [Priority: CRITICAL]
[2026-07-19T16:08:23.421Z] INFO: Finished Test Case: TC_REGR_016 - Status: PASSED (43ms)

[2026-07-19T16:08:23.421Z] INFO: Starting Test Case: TC_REGR_017 - Regression validation check - Scenario 17 [Priority: HIGH]
[2026-07-19T16:08:23.435Z] INFO: Finished Test Case: TC_REGR_017 - Status: PASSED (14ms)

[2026-07-19T16:08:23.436Z] INFO: Starting Test Case: TC_REGR_018 - Regression validation check - Scenario 18 [Priority: HIGH]
[2026-07-19T16:08:23.462Z] INFO: Finished Test Case: TC_REGR_018 - Status: PASSED (27ms)

[2026-07-19T16:08:23.462Z] INFO: Starting Test Case: TC_REGR_019 - Regression validation check - Scenario 19 [Priority: LOW]
[2026-07-19T16:08:23.495Z] INFO: Finished Test Case: TC_REGR_019 - Status: PASSED (33ms)

[2026-07-19T16:08:23.495Z] INFO: Starting Test Case: TC_REGR_020 - Regression validation check - Scenario 20 [Priority: MEDIUM]
[2026-07-19T16:08:23.543Z] INFO: Finished Test Case: TC_REGR_020 - Status: PASSED (48ms)

[2026-07-19T16:08:23.543Z] INFO: Starting Test Case: TC_REGR_021 - Regression validation check - Scenario 21 [Priority: CRITICAL]
[2026-07-19T16:08:23.559Z] INFO: Finished Test Case: TC_REGR_021 - Status: PASSED (16ms)

[2026-07-19T16:08:23.559Z] INFO: Starting Test Case: TC_REGR_022 - Regression validation check - Scenario 22 [Priority: HIGH]
[2026-07-19T16:08:23.598Z] INFO: Finished Test Case: TC_REGR_022 - Status: PASSED (39ms)

[2026-07-19T16:08:23.598Z] INFO: Starting Test Case: TC_REGR_023 - Regression validation check - Scenario 23 [Priority: HIGH]
[2026-07-19T16:08:23.606Z] INFO: Finished Test Case: TC_REGR_023 - Status: PASSED (8ms)

[2026-07-19T16:08:23.606Z] INFO: Starting Test Case: TC_REGR_024 - Regression validation check - Scenario 24 [Priority: LOW]
[2026-07-19T16:08:23.651Z] INFO: Finished Test Case: TC_REGR_024 - Status: PASSED (45ms)

[2026-07-19T16:08:23.651Z] INFO: Starting Test Case: TC_REGR_025 - Regression validation check - Scenario 25 [Priority: MEDIUM]
[2026-07-19T16:08:23.681Z] INFO: Finished Test Case: TC_REGR_025 - Status: PASSED (30ms)

[2026-07-19T16:08:23.681Z] INFO: Starting Test Case: TC_REGR_026 - Regression validation check - Scenario 26 [Priority: CRITICAL]
[2026-07-19T16:08:23.724Z] INFO: Finished Test Case: TC_REGR_026 - Status: PASSED (43ms)

[2026-07-19T16:08:23.724Z] INFO: Starting Test Case: TC_REGR_027 - Regression validation check - Scenario 27 [Priority: HIGH]
[2026-07-19T16:08:23.737Z] INFO: Finished Test Case: TC_REGR_027 - Status: PASSED (13ms)

[2026-07-19T16:08:23.737Z] INFO: Starting Test Case: TC_REGR_028 - Regression validation check - Scenario 28 [Priority: HIGH]
[2026-07-19T16:08:23.761Z] INFO: Finished Test Case: TC_REGR_028 - Status: PASSED (24ms)

[2026-07-19T16:08:23.761Z] INFO: Starting Test Case: TC_REGR_029 - Regression validation check - Scenario 29 [Priority: LOW]
[2026-07-19T16:08:23.786Z] INFO: Finished Test Case: TC_REGR_029 - Status: PASSED (25ms)

[2026-07-19T16:08:23.786Z] INFO: Starting Test Case: TC_REGR_030 - Regression validation check - Scenario 30 [Priority: MEDIUM]
[2026-07-19T16:08:23.830Z] INFO: Finished Test Case: TC_REGR_030 - Status: PASSED (44ms)

[2026-07-19T16:08:23.830Z] INFO: Starting Test Case: TC_REGR_031 - Regression validation check - Scenario 31 [Priority: CRITICAL]
[2026-07-19T16:08:23.868Z] INFO: Finished Test Case: TC_REGR_031 - Status: PASSED (38ms)

[2026-07-19T16:08:23.869Z] INFO: Starting Test Case: TC_REGR_032 - Regression validation check - Scenario 32 [Priority: HIGH]
[2026-07-19T16:08:23.902Z] INFO: Finished Test Case: TC_REGR_032 - Status: PASSED (33ms)

[2026-07-19T16:08:23.902Z] INFO: Starting Test Case: TC_REGR_033 - Regression validation check - Scenario 33 [Priority: HIGH]
[2026-07-19T16:08:23.922Z] INFO: Finished Test Case: TC_REGR_033 - Status: PASSED (20ms)

[2026-07-19T16:08:23.922Z] INFO: Starting Test Case: TC_REGR_034 - Regression validation check - Scenario 34 [Priority: LOW]
[2026-07-19T16:08:23.950Z] INFO: Finished Test Case: TC_REGR_034 - Status: PASSED (28ms)

[2026-07-19T16:08:23.950Z] INFO: Starting Test Case: TC_REGR_035 - Regression validation check - Scenario 35 [Priority: MEDIUM]
[2026-07-19T16:08:23.987Z] INFO: Finished Test Case: TC_REGR_035 - Status: PASSED (37ms)

[2026-07-19T16:08:23.987Z] INFO: Starting Test Case: TC_REGR_036 - Regression validation check - Scenario 36 [Priority: CRITICAL]
[2026-07-19T16:08:24.029Z] INFO: Finished Test Case: TC_REGR_036 - Status: PASSED (42ms)

[2026-07-19T16:08:24.029Z] INFO: Starting Test Case: TC_REGR_037 - Regression validation check - Scenario 37 [Priority: HIGH]
[2026-07-19T16:08:24.071Z] INFO: Finished Test Case: TC_REGR_037 - Status: PASSED (42ms)

[2026-07-19T16:08:24.071Z] INFO: Starting Test Case: TC_REGR_038 - Regression validation check - Scenario 38 [Priority: HIGH]
[2026-07-19T16:08:24.107Z] INFO: Finished Test Case: TC_REGR_038 - Status: PASSED (36ms)

[2026-07-19T16:08:24.108Z] INFO: Starting Test Case: TC_REGR_039 - Regression validation check - Scenario 39 [Priority: LOW]
[2026-07-19T16:08:24.122Z] INFO: Finished Test Case: TC_REGR_039 - Status: PASSED (14ms)

[2026-07-19T16:08:24.122Z] INFO: Starting Test Case: TC_REGR_040 - Regression validation check - Scenario 40 [Priority: MEDIUM]
[2026-07-19T16:08:24.138Z] INFO: Finished Test Case: TC_REGR_040 - Status: PASSED (16ms)

[2026-07-19T16:08:24.138Z] INFO: Starting Test Case: TC_REGR_041 - Regression validation check - Scenario 41 [Priority: CRITICAL]
[2026-07-19T16:08:24.143Z] INFO: Finished Test Case: TC_REGR_041 - Status: PASSED (5ms)

[2026-07-19T16:08:24.143Z] INFO: Starting Test Case: TC_REGR_042 - Regression validation check - Scenario 42 [Priority: HIGH]
[2026-07-19T16:08:24.164Z] INFO: Finished Test Case: TC_REGR_042 - Status: PASSED (21ms)

[2026-07-19T16:08:24.164Z] INFO: Starting Test Case: TC_REGR_043 - Regression validation check - Scenario 43 [Priority: HIGH]
[2026-07-19T16:08:24.187Z] INFO: Finished Test Case: TC_REGR_043 - Status: PASSED (23ms)

[2026-07-19T16:08:24.187Z] INFO: Starting Test Case: TC_REGR_044 - Regression validation check - Scenario 44 [Priority: LOW]
[2026-07-19T16:08:24.230Z] INFO: Finished Test Case: TC_REGR_044 - Status: PASSED (43ms)

[2026-07-19T16:08:24.230Z] INFO: Starting Test Case: TC_REGR_045 - Regression validation check - Scenario 45 [Priority: MEDIUM]
[2026-07-19T16:08:24.241Z] INFO: Finished Test Case: TC_REGR_045 - Status: PASSED (11ms)

[2026-07-19T16:08:24.241Z] INFO: Starting Test Case: TC_REGR_046 - Regression validation check - Scenario 46 [Priority: CRITICAL]
[2026-07-19T16:08:24.248Z] INFO: Finished Test Case: TC_REGR_046 - Status: PASSED (7ms)

[2026-07-19T16:08:24.248Z] INFO: Starting Test Case: TC_REGR_047 - Regression validation check - Scenario 47 [Priority: HIGH]
[2026-07-19T16:08:24.294Z] INFO: Finished Test Case: TC_REGR_047 - Status: PASSED (46ms)

[2026-07-19T16:08:24.294Z] INFO: Starting Test Case: TC_REGR_048 - Regression validation check - Scenario 48 [Priority: HIGH]
[2026-07-19T16:08:24.321Z] INFO: Finished Test Case: TC_REGR_048 - Status: PASSED (27ms)

[2026-07-19T16:08:24.321Z] INFO: Starting Test Case: TC_REGR_049 - Regression validation check - Scenario 49 [Priority: LOW]
[2026-07-19T16:08:24.330Z] INFO: Finished Test Case: TC_REGR_049 - Status: PASSED (9ms)

[2026-07-19T16:08:24.330Z] INFO: Starting Test Case: TC_REGR_050 - Regression validation check - Scenario 50 [Priority: MEDIUM]
[2026-07-19T16:08:24.354Z] INFO: Finished Test Case: TC_REGR_050 - Status: PASSED (24ms)

[2026-07-19T16:08:24.354Z] INFO: Closing Chrome driver session...
[2026-07-19T16:08:24.357Z] INFO: Browser logs saved successfully to: /home/runner/work/pddtesting/pddtesting/automation/reports/Logs/browser-console.log
[2026-07-19T16:08:24.409Z] INFO: Session closed.
[2026-07-19T16:08:24.409Z] INFO: E2E suite execution finished. Total duration: 41.08s
[2026-07-19T16:08:24.409Z] INFO: Generating Excel automation reports...
[2026-07-19T16:08:24.585Z] INFO: Master Excel report written to: /home/runner/work/pddtesting/pddtesting/automation/reports/Excel/Automation_Test_Report.xlsx
[2026-07-19T16:08:24.672Z] INFO: Excel report generation completed successfully!
[2026-07-19T16:08:24.672Z] INFO: Generating HTML automation reports...
[2026-07-19T16:08:24.677Z] INFO: HTML Reports successfully written to: /home/runner/work/pddtesting/pddtesting/automation/reports/HTML
[2026-07-19T16:08:24.679Z] INFO: JSON report generated at: /home/runner/work/pddtesting/pddtesting/automation/reports/JSON/execution-results.json
[2026-07-19T16:08:24.679Z] INFO: Markdown step summary generated at: /home/runner/work/pddtesting/pddtesting/automation/reports/Summary/summary.md
[2026-07-19T16:08:24.679Z] INFO: Final Metrics -> Total: 470, Passed: 467, Pass Rate: 99.36%
[2026-07-19T16:08:24.679Z] INFO: Critical Tests -> Total: 95, Failed: 1, Critical Fail Rate: 1.05%
[2026-07-19T16:08:24.679Z] INFO: Execution Passed: All criteria (Pass Rate >= 95% and Critical Fail Rate <= 5%) met successfully!
