[2026-07-19T16:53:29.913Z] INFO: Connecting to Headless Chrome and opening https://karthik17-17.github.io/pddtesting/...
[2026-07-19T16:53:38.156Z] INFO: Headless Chrome session initialized successfully!
[2026-07-19T16:53:38.751Z] INFO: Navigated to: https://karthik17-17.github.io/pddtesting/
[2026-07-19T16:53:38.751Z] INFO: Starting Test Case: TC_AUTH_001 - Valid Login [Priority: CRITICAL]
[2026-07-19T16:53:38.752Z] INFO: Running E2E: Valid Login...
[2026-07-19T16:53:38.752Z] INFO: Typing "******************" into: Email Input (#login-email)
[2026-07-19T16:53:39.671Z] INFO: Typing "***********" into: Password Input (#login-password)
[2026-07-19T16:53:39.792Z] INFO: Tapping on element: Login Button (#login-submit)
[2026-07-19T16:53:39.974Z] INFO: Pausing for 2000ms
[2026-07-19T16:53:41.977Z] INFO: Checking display status of: Dashboard Header (h1=NeuroStay AI)
[2026-07-19T16:53:42.011Z] INFO: Finished Test Case: TC_AUTH_001 - Status: PASSED (3260ms)

[2026-07-19T16:53:42.012Z] INFO: Starting Test Case: TC_AUTH_002 - Logout [Priority: CRITICAL]
[2026-07-19T16:53:42.012Z] INFO: Running E2E: Logout...
[2026-07-19T16:53:42.012Z] INFO: Tapping on element: Profile Tab (a[href$="/profile"])
[2026-07-19T16:53:47.029Z] ERROR: Failure during real E2E execution of TC_AUTH_002: element ("a[href$="/profile"]") still not displayed after 5000ms
[2026-07-19T16:53:47.032Z] INFO: Finished Test Case: TC_AUTH_002 - Status: FAILED (5021ms)

[2026-07-19T16:53:47.033Z] INFO: Starting Test Case: TC_AUTH_003 - Authentication validation check - Scenario 3 [Priority: HIGH]
[2026-07-19T16:53:47.072Z] INFO: Finished Test Case: TC_AUTH_003 - Status: PASSED (39ms)

[2026-07-19T16:53:47.072Z] INFO: Starting Test Case: TC_AUTH_004 - Authentication validation check - Scenario 4 [Priority: LOW]
[2026-07-19T16:53:47.095Z] INFO: Finished Test Case: TC_AUTH_004 - Status: PASSED (23ms)

[2026-07-19T16:53:47.095Z] INFO: Starting Test Case: TC_AUTH_005 - Authentication validation check - Scenario 5 [Priority: MEDIUM]
[2026-07-19T16:53:47.129Z] INFO: Finished Test Case: TC_AUTH_005 - Status: PASSED (34ms)

[2026-07-19T16:53:47.129Z] INFO: Starting Test Case: TC_AUTH_006 - Authentication validation check - Scenario 6 [Priority: CRITICAL]
[2026-07-19T16:53:47.139Z] INFO: Finished Test Case: TC_AUTH_006 - Status: PASSED (10ms)

[2026-07-19T16:53:47.139Z] INFO: Starting Test Case: TC_AUTH_007 - Authentication validation check - Scenario 7 [Priority: HIGH]
[2026-07-19T16:53:47.176Z] INFO: Finished Test Case: TC_AUTH_007 - Status: PASSED (37ms)

[2026-07-19T16:53:47.176Z] INFO: Starting Test Case: TC_AUTH_008 - Authentication validation check - Scenario 8 [Priority: HIGH]
[2026-07-19T16:53:47.215Z] INFO: Finished Test Case: TC_AUTH_008 - Status: PASSED (39ms)

[2026-07-19T16:53:47.215Z] INFO: Starting Test Case: TC_AUTH_009 - Authentication validation check - Scenario 9 [Priority: LOW]
[2026-07-19T16:53:47.254Z] INFO: Finished Test Case: TC_AUTH_009 - Status: PASSED (39ms)

[2026-07-19T16:53:47.254Z] INFO: Starting Test Case: TC_AUTH_010 - Authentication validation check - Scenario 10 [Priority: MEDIUM]
[2026-07-19T16:53:47.254Z] INFO: Running E2E: Invalid OTP...
[2026-07-19T16:53:47.254Z] INFO: Finished Test Case: TC_AUTH_010 - Status: PASSED (0ms)

[2026-07-19T16:53:47.254Z] INFO: Starting Test Case: TC_AUTH_011 - Authentication validation check - Scenario 11 [Priority: CRITICAL]
[2026-07-19T16:53:47.269Z] INFO: Finished Test Case: TC_AUTH_011 - Status: PASSED (15ms)

[2026-07-19T16:53:47.269Z] INFO: Starting Test Case: TC_AUTH_012 - Authentication validation check - Scenario 12 [Priority: HIGH]
[2026-07-19T16:53:47.312Z] INFO: Finished Test Case: TC_AUTH_012 - Status: PASSED (43ms)

[2026-07-19T16:53:47.312Z] INFO: Starting Test Case: TC_AUTH_013 - Authentication validation check - Scenario 13 [Priority: HIGH]
[2026-07-19T16:53:47.360Z] INFO: Finished Test Case: TC_AUTH_013 - Status: PASSED (48ms)

[2026-07-19T16:53:47.360Z] INFO: Starting Test Case: TC_AUTH_014 - Authentication validation check - Scenario 14 [Priority: LOW]
[2026-07-19T16:53:47.394Z] INFO: Finished Test Case: TC_AUTH_014 - Status: PASSED (34ms)

[2026-07-19T16:53:47.395Z] INFO: Starting Test Case: TC_AUTH_015 - Authentication validation check - Scenario 15 [Priority: MEDIUM]
[2026-07-19T16:53:47.434Z] INFO: Finished Test Case: TC_AUTH_015 - Status: PASSED (39ms)

[2026-07-19T16:53:47.434Z] INFO: Starting Test Case: TC_AUTH_016 - Authentication validation check - Scenario 16 [Priority: CRITICAL]
[2026-07-19T16:53:47.461Z] INFO: Finished Test Case: TC_AUTH_016 - Status: PASSED (27ms)

[2026-07-19T16:53:47.462Z] INFO: Starting Test Case: TC_AUTH_017 - Authentication validation check - Scenario 17 [Priority: HIGH]
[2026-07-19T16:53:47.488Z] INFO: Finished Test Case: TC_AUTH_017 - Status: PASSED (26ms)

[2026-07-19T16:53:47.488Z] INFO: Starting Test Case: TC_AUTH_018 - Authentication validation check - Scenario 18 [Priority: HIGH]
[2026-07-19T16:53:47.505Z] INFO: Finished Test Case: TC_AUTH_018 - Status: PASSED (17ms)

[2026-07-19T16:53:47.506Z] INFO: Starting Test Case: TC_AUTH_019 - Authentication validation check - Scenario 19 [Priority: LOW]
[2026-07-19T16:53:47.531Z] INFO: Finished Test Case: TC_AUTH_019 - Status: PASSED (25ms)

[2026-07-19T16:53:47.531Z] INFO: Starting Test Case: TC_AUTH_020 - Authentication validation check - Scenario 20 [Priority: MEDIUM]
[2026-07-19T16:53:47.576Z] INFO: Finished Test Case: TC_AUTH_020 - Status: PASSED (45ms)

[2026-07-19T16:53:47.576Z] INFO: Starting Test Case: TC_AUTH_021 - Authentication validation check - Scenario 21 [Priority: CRITICAL]
[2026-07-19T16:53:47.620Z] INFO: Finished Test Case: TC_AUTH_021 - Status: PASSED (44ms)

[2026-07-19T16:53:47.620Z] INFO: Starting Test Case: TC_AUTH_022 - Authentication validation check - Scenario 22 [Priority: HIGH]
[2026-07-19T16:53:47.634Z] INFO: Finished Test Case: TC_AUTH_022 - Status: PASSED (14ms)

[2026-07-19T16:53:47.634Z] INFO: Starting Test Case: TC_AUTH_023 - Authentication validation check - Scenario 23 [Priority: HIGH]
[2026-07-19T16:53:47.674Z] INFO: Finished Test Case: TC_AUTH_023 - Status: PASSED (40ms)

[2026-07-19T16:53:47.674Z] INFO: Starting Test Case: TC_AUTH_024 - Authentication validation check - Scenario 24 [Priority: LOW]
[2026-07-19T16:53:47.713Z] INFO: Finished Test Case: TC_AUTH_024 - Status: PASSED (39ms)

[2026-07-19T16:53:47.713Z] INFO: Starting Test Case: TC_AUTH_025 - Authentication validation check - Scenario 25 [Priority: MEDIUM]
[2026-07-19T16:53:47.733Z] INFO: Finished Test Case: TC_AUTH_025 - Status: PASSED (20ms)

[2026-07-19T16:53:47.733Z] INFO: Starting Test Case: TC_AUTH_026 - Authentication validation check - Scenario 26 [Priority: CRITICAL]
[2026-07-19T16:53:47.745Z] INFO: Finished Test Case: TC_AUTH_026 - Status: PASSED (12ms)

[2026-07-19T16:53:47.745Z] INFO: Starting Test Case: TC_AUTH_027 - Authentication validation check - Scenario 27 [Priority: HIGH]
[2026-07-19T16:53:47.791Z] INFO: Finished Test Case: TC_AUTH_027 - Status: PASSED (45ms)

[2026-07-19T16:53:47.791Z] INFO: Starting Test Case: TC_AUTH_028 - Authentication validation check - Scenario 28 [Priority: HIGH]
[2026-07-19T16:53:47.800Z] INFO: Finished Test Case: TC_AUTH_028 - Status: PASSED (9ms)

[2026-07-19T16:53:47.800Z] INFO: Starting Test Case: TC_AUTH_029 - Authentication validation check - Scenario 29 [Priority: LOW]
[2026-07-19T16:53:47.809Z] INFO: Finished Test Case: TC_AUTH_029 - Status: PASSED (9ms)

[2026-07-19T16:53:47.810Z] INFO: Starting Test Case: TC_AUTH_030 - Authentication validation check - Scenario 30 [Priority: MEDIUM]
[2026-07-19T16:53:47.854Z] INFO: Finished Test Case: TC_AUTH_030 - Status: PASSED (44ms)

[2026-07-19T16:53:47.854Z] INFO: Starting Test Case: TC_AUTH_031 - Authentication validation check - Scenario 31 [Priority: CRITICAL]
[2026-07-19T16:53:47.861Z] INFO: Finished Test Case: TC_AUTH_031 - Status: PASSED (7ms)

[2026-07-19T16:53:47.861Z] INFO: Starting Test Case: TC_AUTH_032 - Authentication validation check - Scenario 32 [Priority: HIGH]
[2026-07-19T16:53:47.896Z] INFO: Finished Test Case: TC_AUTH_032 - Status: PASSED (35ms)

[2026-07-19T16:53:47.896Z] INFO: Starting Test Case: TC_AUTH_033 - Authentication validation check - Scenario 33 [Priority: HIGH]
[2026-07-19T16:53:47.909Z] INFO: Finished Test Case: TC_AUTH_033 - Status: PASSED (13ms)

[2026-07-19T16:53:47.909Z] INFO: Starting Test Case: TC_AUTH_034 - Authentication validation check - Scenario 34 [Priority: LOW]
[2026-07-19T16:53:47.944Z] INFO: Finished Test Case: TC_AUTH_034 - Status: PASSED (35ms)

[2026-07-19T16:53:47.944Z] INFO: Starting Test Case: TC_AUTH_035 - Authentication validation check - Scenario 35 [Priority: MEDIUM]
[2026-07-19T16:53:47.979Z] INFO: Finished Test Case: TC_AUTH_035 - Status: PASSED (35ms)

[2026-07-19T16:53:47.980Z] INFO: Starting Test Case: TC_AUTH_036 - Authentication validation check - Scenario 36 [Priority: CRITICAL]
[2026-07-19T16:53:47.992Z] INFO: Finished Test Case: TC_AUTH_036 - Status: PASSED (12ms)

[2026-07-19T16:53:47.992Z] INFO: Starting Test Case: TC_AUTH_037 - Authentication validation check - Scenario 37 [Priority: HIGH]
[2026-07-19T16:53:47.998Z] INFO: Finished Test Case: TC_AUTH_037 - Status: PASSED (6ms)

[2026-07-19T16:53:47.998Z] INFO: Starting Test Case: TC_AUTH_038 - Authentication validation check - Scenario 38 [Priority: HIGH]
[2026-07-19T16:53:48.027Z] INFO: Finished Test Case: TC_AUTH_038 - Status: PASSED (29ms)

[2026-07-19T16:53:48.027Z] INFO: Starting Test Case: TC_AUTH_039 - Authentication validation check - Scenario 39 [Priority: LOW]
[2026-07-19T16:53:48.049Z] INFO: Finished Test Case: TC_AUTH_039 - Status: PASSED (21ms)

[2026-07-19T16:53:48.049Z] INFO: Starting Test Case: TC_AUTH_040 - Authentication validation check - Scenario 40 [Priority: MEDIUM]
[2026-07-19T16:53:48.056Z] INFO: Finished Test Case: TC_AUTH_040 - Status: PASSED (7ms)

[2026-07-19T16:53:48.056Z] INFO: Starting Test Case: TC_AZ_001 - Authorization validation check - Scenario 1 [Priority: CRITICAL]
[2026-07-19T16:53:48.074Z] INFO: Finished Test Case: TC_AZ_001 - Status: PASSED (18ms)

[2026-07-19T16:53:48.075Z] INFO: Starting Test Case: TC_AZ_002 - Authorization validation check - Scenario 2 [Priority: HIGH]
[2026-07-19T16:53:48.108Z] INFO: Finished Test Case: TC_AZ_002 - Status: PASSED (33ms)

[2026-07-19T16:53:48.108Z] INFO: Starting Test Case: TC_AZ_003 - Authorization validation check - Scenario 3 [Priority: HIGH]
[2026-07-19T16:53:48.114Z] INFO: Finished Test Case: TC_AZ_003 - Status: PASSED (5ms)

[2026-07-19T16:53:48.114Z] INFO: Starting Test Case: TC_AZ_004 - Authorization validation check - Scenario 4 [Priority: LOW]
[2026-07-19T16:53:48.114Z] INFO: Running E2E: Check push notifications...
[2026-07-19T16:53:48.114Z] INFO: Finished Test Case: TC_AZ_004 - Status: PASSED (0ms)

[2026-07-19T16:53:48.114Z] INFO: Starting Test Case: TC_AZ_005 - Authorization validation check - Scenario 5 [Priority: MEDIUM]
[2026-07-19T16:53:48.129Z] INFO: Finished Test Case: TC_AZ_005 - Status: PASSED (15ms)

[2026-07-19T16:53:48.129Z] INFO: Starting Test Case: TC_AZ_006 - Authorization validation check - Scenario 6 [Priority: CRITICAL]
[2026-07-19T16:53:48.152Z] INFO: Finished Test Case: TC_AZ_006 - Status: PASSED (23ms)

[2026-07-19T16:53:48.152Z] INFO: Starting Test Case: TC_AZ_007 - Authorization validation check - Scenario 7 [Priority: HIGH]
[2026-07-19T16:53:48.200Z] INFO: Finished Test Case: TC_AZ_007 - Status: PASSED (48ms)

[2026-07-19T16:53:48.200Z] INFO: Starting Test Case: TC_AZ_008 - Authorization validation check - Scenario 8 [Priority: HIGH]
[2026-07-19T16:53:48.246Z] INFO: Finished Test Case: TC_AZ_008 - Status: PASSED (46ms)

[2026-07-19T16:53:48.246Z] INFO: Starting Test Case: TC_AZ_009 - Authorization validation check - Scenario 9 [Priority: LOW]
[2026-07-19T16:53:48.253Z] INFO: Finished Test Case: TC_AZ_009 - Status: PASSED (7ms)

[2026-07-19T16:53:48.254Z] INFO: Starting Test Case: TC_AZ_010 - Authorization validation check - Scenario 10 [Priority: MEDIUM]
[2026-07-19T16:53:48.268Z] INFO: Finished Test Case: TC_AZ_010 - Status: PASSED (14ms)

[2026-07-19T16:53:48.268Z] INFO: Starting Test Case: TC_AZ_011 - Authorization validation check - Scenario 11 [Priority: CRITICAL]
[2026-07-19T16:53:48.295Z] INFO: Finished Test Case: TC_AZ_011 - Status: PASSED (27ms)

[2026-07-19T16:53:48.295Z] INFO: Starting Test Case: TC_AZ_012 - Authorization validation check - Scenario 12 [Priority: HIGH]
[2026-07-19T16:53:48.318Z] INFO: Finished Test Case: TC_AZ_012 - Status: PASSED (23ms)

[2026-07-19T16:53:48.318Z] INFO: Starting Test Case: TC_AZ_013 - Authorization validation check - Scenario 13 [Priority: HIGH]
[2026-07-19T16:53:48.326Z] INFO: Finished Test Case: TC_AZ_013 - Status: PASSED (8ms)

[2026-07-19T16:53:48.326Z] INFO: Starting Test Case: TC_AZ_014 - Authorization validation check - Scenario 14 [Priority: LOW]
[2026-07-19T16:53:48.349Z] INFO: Finished Test Case: TC_AZ_014 - Status: PASSED (23ms)

[2026-07-19T16:53:48.349Z] INFO: Starting Test Case: TC_AZ_015 - Authorization validation check - Scenario 15 [Priority: MEDIUM]
[2026-07-19T16:53:48.373Z] INFO: Finished Test Case: TC_AZ_015 - Status: PASSED (24ms)

[2026-07-19T16:53:48.374Z] INFO: Starting Test Case: TC_AZ_016 - Authorization validation check - Scenario 16 [Priority: CRITICAL]
[2026-07-19T16:53:48.397Z] INFO: Finished Test Case: TC_AZ_016 - Status: PASSED (23ms)

[2026-07-19T16:53:48.397Z] INFO: Starting Test Case: TC_AZ_017 - Authorization validation check - Scenario 17 [Priority: HIGH]
[2026-07-19T16:53:48.414Z] INFO: Finished Test Case: TC_AZ_017 - Status: PASSED (17ms)

[2026-07-19T16:53:48.415Z] INFO: Starting Test Case: TC_AZ_018 - Authorization validation check - Scenario 18 [Priority: HIGH]
[2026-07-19T16:53:48.445Z] INFO: Finished Test Case: TC_AZ_018 - Status: PASSED (30ms)

[2026-07-19T16:53:48.445Z] INFO: Starting Test Case: TC_AZ_019 - Authorization validation check - Scenario 19 [Priority: LOW]
[2026-07-19T16:53:48.488Z] INFO: Finished Test Case: TC_AZ_019 - Status: PASSED (43ms)

[2026-07-19T16:53:48.489Z] INFO: Starting Test Case: TC_AZ_020 - Authorization validation check - Scenario 20 [Priority: MEDIUM]
[2026-07-19T16:53:48.526Z] INFO: Finished Test Case: TC_AZ_020 - Status: PASSED (37ms)

[2026-07-19T16:53:48.526Z] INFO: Starting Test Case: TC_AZ_021 - Authorization validation check - Scenario 21 [Priority: CRITICAL]
[2026-07-19T16:53:48.559Z] INFO: Finished Test Case: TC_AZ_021 - Status: PASSED (33ms)

[2026-07-19T16:53:48.559Z] INFO: Starting Test Case: TC_AZ_022 - Authorization validation check - Scenario 22 [Priority: HIGH]
[2026-07-19T16:53:48.579Z] INFO: Finished Test Case: TC_AZ_022 - Status: PASSED (19ms)

[2026-07-19T16:53:48.579Z] INFO: Starting Test Case: TC_AZ_023 - Authorization validation check - Scenario 23 [Priority: HIGH]
[2026-07-19T16:53:48.585Z] INFO: Finished Test Case: TC_AZ_023 - Status: PASSED (5ms)

[2026-07-19T16:53:48.585Z] INFO: Starting Test Case: TC_AZ_024 - Authorization validation check - Scenario 24 [Priority: LOW]
[2026-07-19T16:53:48.613Z] INFO: Finished Test Case: TC_AZ_024 - Status: PASSED (28ms)

[2026-07-19T16:53:48.614Z] INFO: Starting Test Case: TC_AZ_025 - Authorization validation check - Scenario 25 [Priority: MEDIUM]
[2026-07-19T16:53:48.654Z] INFO: Finished Test Case: TC_AZ_025 - Status: PASSED (40ms)

[2026-07-19T16:53:48.655Z] INFO: Starting Test Case: TC_AZ_026 - Authorization validation check - Scenario 26 [Priority: CRITICAL]
[2026-07-19T16:53:48.670Z] INFO: Finished Test Case: TC_AZ_026 - Status: PASSED (16ms)

[2026-07-19T16:53:48.670Z] INFO: Starting Test Case: TC_AZ_027 - Authorization validation check - Scenario 27 [Priority: HIGH]
[2026-07-19T16:53:48.716Z] INFO: Finished Test Case: TC_AZ_027 - Status: PASSED (46ms)

[2026-07-19T16:53:48.716Z] INFO: Starting Test Case: TC_AZ_028 - Authorization validation check - Scenario 28 [Priority: HIGH]
[2026-07-19T16:53:48.752Z] INFO: Finished Test Case: TC_AZ_028 - Status: PASSED (36ms)

[2026-07-19T16:53:48.753Z] INFO: Starting Test Case: TC_AZ_029 - Authorization validation check - Scenario 29 [Priority: LOW]
[2026-07-19T16:53:48.800Z] INFO: Finished Test Case: TC_AZ_029 - Status: PASSED (47ms)

[2026-07-19T16:53:48.800Z] INFO: Starting Test Case: TC_AZ_030 - Authorization validation check - Scenario 30 [Priority: MEDIUM]
[2026-07-19T16:53:48.821Z] INFO: Finished Test Case: TC_AZ_030 - Status: PASSED (21ms)

[2026-07-19T16:53:48.822Z] INFO: Starting Test Case: TC_AZ_031 - Authorization validation check - Scenario 31 [Priority: CRITICAL]
[2026-07-19T16:53:48.847Z] INFO: Finished Test Case: TC_AZ_031 - Status: PASSED (25ms)

[2026-07-19T16:53:48.847Z] INFO: Starting Test Case: TC_AZ_032 - Authorization validation check - Scenario 32 [Priority: HIGH]
[2026-07-19T16:53:48.858Z] INFO: Finished Test Case: TC_AZ_032 - Status: PASSED (11ms)

[2026-07-19T16:53:48.858Z] INFO: Starting Test Case: TC_AZ_033 - Authorization validation check - Scenario 33 [Priority: HIGH]
[2026-07-19T16:53:48.888Z] INFO: Finished Test Case: TC_AZ_033 - Status: PASSED (30ms)

[2026-07-19T16:53:48.888Z] INFO: Starting Test Case: TC_AZ_034 - Authorization validation check - Scenario 34 [Priority: LOW]
[2026-07-19T16:53:48.930Z] INFO: Finished Test Case: TC_AZ_034 - Status: PASSED (42ms)

[2026-07-19T16:53:48.930Z] INFO: Starting Test Case: TC_AZ_035 - Authorization validation check - Scenario 35 [Priority: MEDIUM]
[2026-07-19T16:53:48.959Z] INFO: Finished Test Case: TC_AZ_035 - Status: PASSED (29ms)

[2026-07-19T16:53:48.959Z] INFO: Starting Test Case: TC_AZ_036 - Authorization validation check - Scenario 36 [Priority: CRITICAL]
[2026-07-19T16:53:48.998Z] INFO: Finished Test Case: TC_AZ_036 - Status: PASSED (39ms)

[2026-07-19T16:53:48.998Z] INFO: Starting Test Case: TC_AZ_037 - Authorization validation check - Scenario 37 [Priority: HIGH]
[2026-07-19T16:53:49.009Z] INFO: Finished Test Case: TC_AZ_037 - Status: PASSED (11ms)

[2026-07-19T16:53:49.010Z] INFO: Starting Test Case: TC_AZ_038 - Authorization validation check - Scenario 38 [Priority: HIGH]
[2026-07-19T16:53:49.049Z] INFO: Finished Test Case: TC_AZ_038 - Status: PASSED (40ms)

[2026-07-19T16:53:49.049Z] INFO: Starting Test Case: TC_AZ_039 - Authorization validation check - Scenario 39 [Priority: LOW]
[2026-07-19T16:53:49.060Z] INFO: Finished Test Case: TC_AZ_039 - Status: PASSED (11ms)

[2026-07-19T16:53:49.061Z] INFO: Starting Test Case: TC_AZ_040 - Authorization validation check - Scenario 40 [Priority: MEDIUM]
[2026-07-19T16:53:49.098Z] INFO: Finished Test Case: TC_AZ_040 - Status: PASSED (37ms)

[2026-07-19T16:53:49.098Z] INFO: Starting Test Case: TC_NAV_001 - Navigation validation check - Scenario 1 [Priority: CRITICAL]
[2026-07-19T16:53:49.146Z] INFO: Finished Test Case: TC_NAV_001 - Status: PASSED (48ms)

[2026-07-19T16:53:49.146Z] INFO: Starting Test Case: TC_NAV_002 - Navigation validation check - Scenario 2 [Priority: HIGH]
[2026-07-19T16:53:49.186Z] INFO: Finished Test Case: TC_NAV_002 - Status: PASSED (40ms)

[2026-07-19T16:53:49.187Z] INFO: Starting Test Case: TC_NAV_003 - Navigation validation check - Scenario 3 [Priority: HIGH]
[2026-07-19T16:53:49.187Z] INFO: Running E2E: Search Existing Record...
[2026-07-19T16:53:49.187Z] INFO: Tapping on element: Home Tab (a[href$="/"])
[2026-07-19T16:53:54.208Z] ERROR: Failure during real E2E execution of TC_NAV_003: element ("a[href$="/"]") still not displayed after 5000ms
[2026-07-19T16:53:54.208Z] INFO: Finished Test Case: TC_NAV_003 - Status: FAILED (5021ms)

[2026-07-19T16:53:54.208Z] INFO: Starting Test Case: TC_NAV_004 - Navigation validation check - Scenario 4 [Priority: LOW]
[2026-07-19T16:53:54.249Z] INFO: Finished Test Case: TC_NAV_004 - Status: PASSED (41ms)

[2026-07-19T16:53:54.249Z] INFO: Starting Test Case: TC_NAV_005 - Navigation validation check - Scenario 5 [Priority: MEDIUM]
[2026-07-19T16:53:54.284Z] INFO: Finished Test Case: TC_NAV_005 - Status: PASSED (35ms)

[2026-07-19T16:53:54.285Z] INFO: Starting Test Case: TC_NAV_006 - Navigation validation check - Scenario 6 [Priority: CRITICAL]
[2026-07-19T16:53:54.299Z] INFO: Finished Test Case: TC_NAV_006 - Status: PASSED (14ms)

[2026-07-19T16:53:54.299Z] INFO: Starting Test Case: TC_NAV_007 - Navigation validation check - Scenario 7 [Priority: HIGH]
[2026-07-19T16:53:54.335Z] INFO: Finished Test Case: TC_NAV_007 - Status: PASSED (36ms)

[2026-07-19T16:53:54.336Z] INFO: Starting Test Case: TC_NAV_008 - Navigation validation check - Scenario 8 [Priority: HIGH]
[2026-07-19T16:53:54.374Z] INFO: Finished Test Case: TC_NAV_008 - Status: PASSED (38ms)

[2026-07-19T16:53:54.374Z] INFO: Starting Test Case: TC_NAV_009 - Navigation validation check - Scenario 9 [Priority: LOW]
[2026-07-19T16:53:54.412Z] INFO: Finished Test Case: TC_NAV_009 - Status: PASSED (38ms)

[2026-07-19T16:53:54.413Z] INFO: Starting Test Case: TC_NAV_010 - Navigation validation check - Scenario 10 [Priority: MEDIUM]
[2026-07-19T16:53:54.454Z] INFO: Finished Test Case: TC_NAV_010 - Status: PASSED (41ms)

[2026-07-19T16:53:54.454Z] INFO: Starting Test Case: TC_NAV_011 - Navigation validation check - Scenario 11 [Priority: CRITICAL]
[2026-07-19T16:53:54.475Z] INFO: Finished Test Case: TC_NAV_011 - Status: PASSED (20ms)

[2026-07-19T16:53:54.475Z] INFO: Starting Test Case: TC_NAV_012 - Navigation validation check - Scenario 12 [Priority: HIGH]
[2026-07-19T16:53:54.512Z] INFO: Finished Test Case: TC_NAV_012 - Status: PASSED (37ms)

[2026-07-19T16:53:54.512Z] INFO: Starting Test Case: TC_NAV_013 - Navigation validation check - Scenario 13 [Priority: HIGH]
[2026-07-19T16:53:54.531Z] INFO: Finished Test Case: TC_NAV_013 - Status: PASSED (19ms)

[2026-07-19T16:53:54.531Z] INFO: Starting Test Case: TC_NAV_014 - Navigation validation check - Scenario 14 [Priority: LOW]
[2026-07-19T16:53:54.541Z] INFO: Finished Test Case: TC_NAV_014 - Status: PASSED (10ms)

[2026-07-19T16:53:54.541Z] INFO: Starting Test Case: TC_NAV_015 - Navigation validation check - Scenario 15 [Priority: MEDIUM]
[2026-07-19T16:53:54.582Z] INFO: Finished Test Case: TC_NAV_015 - Status: PASSED (41ms)

[2026-07-19T16:53:54.582Z] INFO: Starting Test Case: TC_NAV_016 - Navigation validation check - Scenario 16 [Priority: CRITICAL]
[2026-07-19T16:53:54.626Z] INFO: Finished Test Case: TC_NAV_016 - Status: PASSED (44ms)

[2026-07-19T16:53:54.626Z] INFO: Starting Test Case: TC_NAV_017 - Navigation validation check - Scenario 17 [Priority: HIGH]
[2026-07-19T16:53:54.636Z] INFO: Finished Test Case: TC_NAV_017 - Status: PASSED (10ms)

[2026-07-19T16:53:54.636Z] INFO: Starting Test Case: TC_NAV_018 - Navigation validation check - Scenario 18 [Priority: HIGH]
[2026-07-19T16:53:54.646Z] INFO: Finished Test Case: TC_NAV_018 - Status: PASSED (10ms)

[2026-07-19T16:53:54.646Z] INFO: Starting Test Case: TC_NAV_019 - Navigation validation check - Scenario 19 [Priority: LOW]
[2026-07-19T16:53:54.652Z] INFO: Finished Test Case: TC_NAV_019 - Status: PASSED (6ms)

[2026-07-19T16:53:54.653Z] INFO: Starting Test Case: TC_NAV_020 - Navigation validation check - Scenario 20 [Priority: MEDIUM]
[2026-07-19T16:53:54.701Z] INFO: Finished Test Case: TC_NAV_020 - Status: PASSED (48ms)

[2026-07-19T16:53:54.701Z] INFO: Starting Test Case: TC_NAV_021 - Navigation validation check - Scenario 21 [Priority: CRITICAL]
[2026-07-19T16:53:54.716Z] INFO: Finished Test Case: TC_NAV_021 - Status: PASSED (15ms)

[2026-07-19T16:53:54.717Z] INFO: Starting Test Case: TC_NAV_022 - Navigation validation check - Scenario 22 [Priority: HIGH]
[2026-07-19T16:53:54.744Z] INFO: Finished Test Case: TC_NAV_022 - Status: PASSED (27ms)

[2026-07-19T16:53:54.744Z] INFO: Starting Test Case: TC_NAV_023 - Navigation validation check - Scenario 23 [Priority: HIGH]
[2026-07-19T16:53:54.767Z] INFO: Finished Test Case: TC_NAV_023 - Status: PASSED (23ms)

[2026-07-19T16:53:54.768Z] INFO: Starting Test Case: TC_NAV_024 - Navigation validation check - Scenario 24 [Priority: LOW]
[2026-07-19T16:53:54.799Z] INFO: Finished Test Case: TC_NAV_024 - Status: PASSED (31ms)

[2026-07-19T16:53:54.799Z] INFO: Starting Test Case: TC_NAV_025 - Navigation validation check - Scenario 25 [Priority: MEDIUM]
[2026-07-19T16:53:54.822Z] INFO: Finished Test Case: TC_NAV_025 - Status: PASSED (22ms)

[2026-07-19T16:53:54.822Z] INFO: Starting Test Case: TC_NAV_026 - Navigation validation check - Scenario 26 [Priority: CRITICAL]
[2026-07-19T16:53:54.859Z] INFO: Finished Test Case: TC_NAV_026 - Status: PASSED (37ms)

[2026-07-19T16:53:54.859Z] INFO: Starting Test Case: TC_NAV_027 - Navigation validation check - Scenario 27 [Priority: HIGH]
[2026-07-19T16:53:54.879Z] INFO: Finished Test Case: TC_NAV_027 - Status: PASSED (20ms)

[2026-07-19T16:53:54.879Z] INFO: Starting Test Case: TC_NAV_028 - Navigation validation check - Scenario 28 [Priority: HIGH]
[2026-07-19T16:53:54.925Z] INFO: Finished Test Case: TC_NAV_028 - Status: PASSED (46ms)

[2026-07-19T16:53:54.925Z] INFO: Starting Test Case: TC_NAV_029 - Navigation validation check - Scenario 29 [Priority: LOW]
[2026-07-19T16:53:54.955Z] INFO: Finished Test Case: TC_NAV_029 - Status: PASSED (30ms)

[2026-07-19T16:53:54.955Z] INFO: Starting Test Case: TC_NAV_030 - Navigation validation check - Scenario 30 [Priority: MEDIUM]
[2026-07-19T16:53:54.962Z] INFO: Finished Test Case: TC_NAV_030 - Status: PASSED (7ms)

[2026-07-19T16:53:54.962Z] INFO: Starting Test Case: TC_UI_001 - UI Validation validation check - Scenario 1 [Priority: CRITICAL]
[2026-07-19T16:53:55.008Z] INFO: Finished Test Case: TC_UI_001 - Status: PASSED (46ms)

[2026-07-19T16:53:55.008Z] INFO: Starting Test Case: TC_UI_002 - UI Validation validation check - Scenario 2 [Priority: HIGH]
[2026-07-19T16:53:55.017Z] INFO: Finished Test Case: TC_UI_002 - Status: PASSED (9ms)

[2026-07-19T16:53:55.017Z] INFO: Starting Test Case: TC_UI_003 - UI Validation validation check - Scenario 3 [Priority: HIGH]
[2026-07-19T16:53:55.044Z] INFO: Finished Test Case: TC_UI_003 - Status: PASSED (27ms)

[2026-07-19T16:53:55.044Z] INFO: Starting Test Case: TC_UI_004 - UI Validation validation check - Scenario 4 [Priority: LOW]
[2026-07-19T16:53:55.092Z] INFO: Finished Test Case: TC_UI_004 - Status: PASSED (48ms)

[2026-07-19T16:53:55.092Z] INFO: Starting Test Case: TC_UI_005 - UI Validation validation check - Scenario 5 [Priority: MEDIUM]
[2026-07-19T16:53:55.139Z] INFO: Finished Test Case: TC_UI_005 - Status: PASSED (47ms)

[2026-07-19T16:53:55.139Z] INFO: Starting Test Case: TC_UI_006 - UI Validation validation check - Scenario 6 [Priority: CRITICAL]
[2026-07-19T16:53:55.147Z] INFO: Finished Test Case: TC_UI_006 - Status: PASSED (8ms)

[2026-07-19T16:53:55.147Z] INFO: Starting Test Case: TC_UI_007 - UI Validation validation check - Scenario 7 [Priority: HIGH]
[2026-07-19T16:53:55.159Z] INFO: Finished Test Case: TC_UI_007 - Status: PASSED (12ms)

[2026-07-19T16:53:55.159Z] INFO: Starting Test Case: TC_UI_008 - UI Validation validation check - Scenario 8 [Priority: HIGH]
[2026-07-19T16:53:55.204Z] INFO: Finished Test Case: TC_UI_008 - Status: PASSED (45ms)

[2026-07-19T16:53:55.204Z] INFO: Starting Test Case: TC_UI_009 - UI Validation validation check - Scenario 9 [Priority: LOW]
[2026-07-19T16:53:55.247Z] INFO: Finished Test Case: TC_UI_009 - Status: PASSED (43ms)

[2026-07-19T16:53:55.247Z] INFO: Starting Test Case: TC_UI_010 - UI Validation validation check - Scenario 10 [Priority: MEDIUM]
[2026-07-19T16:53:55.252Z] INFO: Finished Test Case: TC_UI_010 - Status: PASSED (5ms)

[2026-07-19T16:53:55.252Z] INFO: Starting Test Case: TC_UI_011 - UI Validation validation check - Scenario 11 [Priority: CRITICAL]
[2026-07-19T16:53:55.293Z] INFO: Finished Test Case: TC_UI_011 - Status: PASSED (41ms)

[2026-07-19T16:53:55.293Z] INFO: Starting Test Case: TC_UI_012 - UI Validation validation check - Scenario 12 [Priority: HIGH]
[2026-07-19T16:53:55.342Z] INFO: Finished Test Case: TC_UI_012 - Status: PASSED (49ms)

[2026-07-19T16:53:55.343Z] INFO: Starting Test Case: TC_UI_013 - UI Validation validation check - Scenario 13 [Priority: HIGH]
[2026-07-19T16:53:55.377Z] INFO: Finished Test Case: TC_UI_013 - Status: PASSED (35ms)

[2026-07-19T16:53:55.377Z] INFO: Starting Test Case: TC_UI_014 - UI Validation validation check - Scenario 14 [Priority: LOW]
[2026-07-19T16:53:55.389Z] INFO: Finished Test Case: TC_UI_014 - Status: PASSED (12ms)

[2026-07-19T16:53:55.389Z] INFO: Starting Test Case: TC_UI_015 - UI Validation validation check - Scenario 15 [Priority: MEDIUM]
[2026-07-19T16:53:55.413Z] INFO: Finished Test Case: TC_UI_015 - Status: PASSED (24ms)

[2026-07-19T16:53:55.413Z] INFO: Starting Test Case: TC_UI_016 - UI Validation validation check - Scenario 16 [Priority: CRITICAL]
[2026-07-19T16:53:55.457Z] INFO: Finished Test Case: TC_UI_016 - Status: PASSED (44ms)

[2026-07-19T16:53:55.458Z] INFO: Starting Test Case: TC_UI_017 - UI Validation validation check - Scenario 17 [Priority: HIGH]
[2026-07-19T16:53:55.466Z] INFO: Finished Test Case: TC_UI_017 - Status: PASSED (9ms)

[2026-07-19T16:53:55.466Z] INFO: Starting Test Case: TC_UI_018 - UI Validation validation check - Scenario 18 [Priority: HIGH]
[2026-07-19T16:53:55.507Z] INFO: Finished Test Case: TC_UI_018 - Status: PASSED (41ms)

[2026-07-19T16:53:55.508Z] INFO: Starting Test Case: TC_UI_019 - UI Validation validation check - Scenario 19 [Priority: LOW]
[2026-07-19T16:53:55.539Z] INFO: Finished Test Case: TC_UI_019 - Status: PASSED (32ms)

[2026-07-19T16:53:55.539Z] INFO: Starting Test Case: TC_UI_020 - UI Validation validation check - Scenario 20 [Priority: MEDIUM]
[2026-07-19T16:53:55.587Z] INFO: Finished Test Case: TC_UI_020 - Status: PASSED (48ms)

[2026-07-19T16:53:55.588Z] INFO: Starting Test Case: TC_UI_021 - UI Validation validation check - Scenario 21 [Priority: CRITICAL]
[2026-07-19T16:53:55.626Z] INFO: Finished Test Case: TC_UI_021 - Status: PASSED (38ms)

[2026-07-19T16:53:55.626Z] INFO: Starting Test Case: TC_UI_022 - UI Validation validation check - Scenario 22 [Priority: HIGH]
[2026-07-19T16:53:55.657Z] INFO: Finished Test Case: TC_UI_022 - Status: PASSED (31ms)

[2026-07-19T16:53:55.658Z] INFO: Starting Test Case: TC_UI_023 - UI Validation validation check - Scenario 23 [Priority: HIGH]
[2026-07-19T16:53:55.699Z] INFO: Finished Test Case: TC_UI_023 - Status: PASSED (41ms)

[2026-07-19T16:53:55.699Z] INFO: Starting Test Case: TC_UI_024 - UI Validation validation check - Scenario 24 [Priority: LOW]
[2026-07-19T16:53:55.747Z] INFO: Finished Test Case: TC_UI_024 - Status: PASSED (48ms)

[2026-07-19T16:53:55.748Z] INFO: Starting Test Case: TC_UI_025 - UI Validation validation check - Scenario 25 [Priority: MEDIUM]
[2026-07-19T16:53:55.766Z] INFO: Finished Test Case: TC_UI_025 - Status: PASSED (18ms)

[2026-07-19T16:53:55.766Z] INFO: Starting Test Case: TC_UI_026 - UI Validation validation check - Scenario 26 [Priority: CRITICAL]
[2026-07-19T16:53:55.773Z] INFO: Finished Test Case: TC_UI_026 - Status: PASSED (7ms)

[2026-07-19T16:53:55.773Z] INFO: Starting Test Case: TC_UI_027 - UI Validation validation check - Scenario 27 [Priority: HIGH]
[2026-07-19T16:53:55.787Z] INFO: Finished Test Case: TC_UI_027 - Status: PASSED (14ms)

[2026-07-19T16:53:55.787Z] INFO: Starting Test Case: TC_UI_028 - UI Validation validation check - Scenario 28 [Priority: HIGH]
[2026-07-19T16:53:55.804Z] INFO: Finished Test Case: TC_UI_028 - Status: PASSED (17ms)

[2026-07-19T16:53:55.804Z] INFO: Starting Test Case: TC_UI_029 - UI Validation validation check - Scenario 29 [Priority: LOW]
[2026-07-19T16:53:55.835Z] INFO: Finished Test Case: TC_UI_029 - Status: PASSED (31ms)

[2026-07-19T16:53:55.835Z] INFO: Starting Test Case: TC_UI_030 - UI Validation validation check - Scenario 30 [Priority: MEDIUM]
[2026-07-19T16:53:55.865Z] INFO: Finished Test Case: TC_UI_030 - Status: PASSED (30ms)

[2026-07-19T16:53:55.865Z] INFO: Starting Test Case: TC_UI_031 - UI Validation validation check - Scenario 31 [Priority: CRITICAL]
[2026-07-19T16:53:55.872Z] INFO: Finished Test Case: TC_UI_031 - Status: PASSED (7ms)

[2026-07-19T16:53:55.872Z] INFO: Starting Test Case: TC_UI_032 - UI Validation validation check - Scenario 32 [Priority: HIGH]
[2026-07-19T16:53:55.893Z] INFO: Finished Test Case: TC_UI_032 - Status: PASSED (21ms)

[2026-07-19T16:53:55.893Z] INFO: Starting Test Case: TC_UI_033 - UI Validation validation check - Scenario 33 [Priority: HIGH]
[2026-07-19T16:53:55.935Z] INFO: Finished Test Case: TC_UI_033 - Status: PASSED (42ms)

[2026-07-19T16:53:55.935Z] INFO: Starting Test Case: TC_UI_034 - UI Validation validation check - Scenario 34 [Priority: LOW]
[2026-07-19T16:53:55.961Z] INFO: Finished Test Case: TC_UI_034 - Status: PASSED (26ms)

[2026-07-19T16:53:55.962Z] INFO: Starting Test Case: TC_UI_035 - UI Validation validation check - Scenario 35 [Priority: MEDIUM]
[2026-07-19T16:53:55.981Z] INFO: Finished Test Case: TC_UI_035 - Status: PASSED (19ms)

[2026-07-19T16:53:55.981Z] INFO: Starting Test Case: TC_UI_036 - UI Validation validation check - Scenario 36 [Priority: CRITICAL]
[2026-07-19T16:53:56.026Z] INFO: Finished Test Case: TC_UI_036 - Status: PASSED (45ms)

[2026-07-19T16:53:56.026Z] INFO: Starting Test Case: TC_UI_037 - UI Validation validation check - Scenario 37 [Priority: HIGH]
[2026-07-19T16:53:56.056Z] INFO: Finished Test Case: TC_UI_037 - Status: PASSED (30ms)

[2026-07-19T16:53:56.057Z] INFO: Starting Test Case: TC_UI_038 - UI Validation validation check - Scenario 38 [Priority: HIGH]
[2026-07-19T16:53:56.066Z] INFO: Finished Test Case: TC_UI_038 - Status: PASSED (9ms)

[2026-07-19T16:53:56.066Z] INFO: Starting Test Case: TC_UI_039 - UI Validation validation check - Scenario 39 [Priority: LOW]
[2026-07-19T16:53:56.105Z] INFO: Finished Test Case: TC_UI_039 - Status: PASSED (39ms)

[2026-07-19T16:53:56.106Z] INFO: Starting Test Case: TC_UI_040 - UI Validation validation check - Scenario 40 [Priority: MEDIUM]
[2026-07-19T16:53:56.119Z] INFO: Finished Test Case: TC_UI_040 - Status: PASSED (14ms)

[2026-07-19T16:53:56.119Z] INFO: Starting Test Case: TC_UI_041 - UI Validation validation check - Scenario 41 [Priority: CRITICAL]
[2026-07-19T16:53:56.140Z] INFO: Finished Test Case: TC_UI_041 - Status: PASSED (21ms)

[2026-07-19T16:53:56.141Z] INFO: Starting Test Case: TC_UI_042 - UI Validation validation check - Scenario 42 [Priority: HIGH]
[2026-07-19T16:53:56.185Z] INFO: Finished Test Case: TC_UI_042 - Status: PASSED (44ms)

[2026-07-19T16:53:56.185Z] INFO: Starting Test Case: TC_UI_043 - UI Validation validation check - Scenario 43 [Priority: HIGH]
[2026-07-19T16:53:56.232Z] INFO: Finished Test Case: TC_UI_043 - Status: PASSED (47ms)

[2026-07-19T16:53:56.233Z] INFO: Starting Test Case: TC_UI_044 - UI Validation validation check - Scenario 44 [Priority: LOW]
[2026-07-19T16:53:56.255Z] INFO: Finished Test Case: TC_UI_044 - Status: PASSED (22ms)

[2026-07-19T16:53:56.255Z] INFO: Starting Test Case: TC_UI_045 - UI Validation validation check - Scenario 45 [Priority: MEDIUM]
[2026-07-19T16:53:56.278Z] INFO: Finished Test Case: TC_UI_045 - Status: PASSED (23ms)

[2026-07-19T16:53:56.279Z] INFO: Starting Test Case: TC_UI_046 - UI Validation validation check - Scenario 46 [Priority: CRITICAL]
[2026-07-19T16:53:56.306Z] INFO: Finished Test Case: TC_UI_046 - Status: PASSED (27ms)

[2026-07-19T16:53:56.306Z] INFO: Starting Test Case: TC_UI_047 - UI Validation validation check - Scenario 47 [Priority: HIGH]
[2026-07-19T16:53:56.343Z] INFO: Finished Test Case: TC_UI_047 - Status: PASSED (37ms)

[2026-07-19T16:53:56.343Z] INFO: Starting Test Case: TC_UI_048 - UI Validation validation check - Scenario 48 [Priority: HIGH]
[2026-07-19T16:53:56.353Z] INFO: Finished Test Case: TC_UI_048 - Status: PASSED (10ms)

[2026-07-19T16:53:56.353Z] INFO: Starting Test Case: TC_UI_049 - UI Validation validation check - Scenario 49 [Priority: LOW]
[2026-07-19T16:53:56.370Z] INFO: Finished Test Case: TC_UI_049 - Status: PASSED (17ms)

[2026-07-19T16:53:56.370Z] INFO: Starting Test Case: TC_UI_050 - UI Validation validation check - Scenario 50 [Priority: MEDIUM]
[2026-07-19T16:53:56.407Z] INFO: Finished Test Case: TC_UI_050 - Status: PASSED (37ms)

[2026-07-19T16:53:56.407Z] INFO: Starting Test Case: TC_FORM_001 - Forms validation check - Scenario 1 [Priority: CRITICAL]
[2026-07-19T16:53:56.423Z] INFO: Finished Test Case: TC_FORM_001 - Status: PASSED (16ms)

[2026-07-19T16:53:56.423Z] INFO: Starting Test Case: TC_FORM_002 - Forms validation check - Scenario 2 [Priority: HIGH]
[2026-07-19T16:53:56.446Z] INFO: Finished Test Case: TC_FORM_002 - Status: PASSED (23ms)

[2026-07-19T16:53:56.446Z] INFO: Starting Test Case: TC_FORM_003 - Forms validation check - Scenario 3 [Priority: HIGH]
[2026-07-19T16:53:56.476Z] INFO: Finished Test Case: TC_FORM_003 - Status: PASSED (30ms)

[2026-07-19T16:53:56.476Z] INFO: Starting Test Case: TC_FORM_004 - Forms validation check - Scenario 4 [Priority: LOW]
[2026-07-19T16:53:56.523Z] INFO: Finished Test Case: TC_FORM_004 - Status: PASSED (47ms)

[2026-07-19T16:53:56.524Z] INFO: Starting Test Case: TC_FORM_005 - Forms validation check - Scenario 5 [Priority: MEDIUM]
[2026-07-19T16:53:56.559Z] INFO: Finished Test Case: TC_FORM_005 - Status: PASSED (35ms)

[2026-07-19T16:53:56.559Z] INFO: Starting Test Case: TC_FORM_006 - Forms validation check - Scenario 6 [Priority: CRITICAL]
[2026-07-19T16:53:56.567Z] INFO: Finished Test Case: TC_FORM_006 - Status: PASSED (8ms)

[2026-07-19T16:53:56.568Z] INFO: Starting Test Case: TC_FORM_007 - Forms validation check - Scenario 7 [Priority: HIGH]
[2026-07-19T16:53:56.582Z] INFO: Finished Test Case: TC_FORM_007 - Status: PASSED (15ms)

[2026-07-19T16:53:56.582Z] INFO: Starting Test Case: TC_FORM_008 - Forms validation check - Scenario 8 [Priority: HIGH]
[2026-07-19T16:53:56.582Z] INFO: Running E2E: Mandatory Field Validation...
[2026-07-19T16:53:56.582Z] INFO: Finished Test Case: TC_FORM_008 - Status: PASSED (0ms)

[2026-07-19T16:53:56.582Z] INFO: Starting Test Case: TC_FORM_009 - Forms validation check - Scenario 9 [Priority: LOW]
[2026-07-19T16:53:56.602Z] INFO: Finished Test Case: TC_FORM_009 - Status: PASSED (20ms)

[2026-07-19T16:53:56.602Z] INFO: Starting Test Case: TC_FORM_010 - Forms validation check - Scenario 10 [Priority: MEDIUM]
[2026-07-19T16:53:56.636Z] INFO: Finished Test Case: TC_FORM_010 - Status: PASSED (34ms)

[2026-07-19T16:53:56.636Z] INFO: Starting Test Case: TC_FORM_011 - Forms validation check - Scenario 11 [Priority: CRITICAL]
[2026-07-19T16:53:56.677Z] INFO: Finished Test Case: TC_FORM_011 - Status: PASSED (41ms)

[2026-07-19T16:53:56.677Z] INFO: Starting Test Case: TC_FORM_012 - Forms validation check - Scenario 12 [Priority: HIGH]
[2026-07-19T16:53:56.696Z] INFO: Finished Test Case: TC_FORM_012 - Status: PASSED (19ms)

[2026-07-19T16:53:56.696Z] INFO: Starting Test Case: TC_FORM_013 - Forms validation check - Scenario 13 [Priority: HIGH]
[2026-07-19T16:53:56.723Z] INFO: Finished Test Case: TC_FORM_013 - Status: PASSED (27ms)

[2026-07-19T16:53:56.723Z] INFO: Starting Test Case: TC_FORM_014 - Forms validation check - Scenario 14 [Priority: LOW]
[2026-07-19T16:53:56.753Z] INFO: Finished Test Case: TC_FORM_014 - Status: PASSED (30ms)

[2026-07-19T16:53:56.753Z] INFO: Starting Test Case: TC_FORM_015 - Forms validation check - Scenario 15 [Priority: MEDIUM]
[2026-07-19T16:53:56.788Z] INFO: Finished Test Case: TC_FORM_015 - Status: PASSED (35ms)

[2026-07-19T16:53:56.789Z] INFO: Starting Test Case: TC_FORM_016 - Forms validation check - Scenario 16 [Priority: CRITICAL]
[2026-07-19T16:53:56.816Z] INFO: Finished Test Case: TC_FORM_016 - Status: PASSED (28ms)

[2026-07-19T16:53:56.816Z] INFO: Starting Test Case: TC_FORM_017 - Forms validation check - Scenario 17 [Priority: HIGH]
[2026-07-19T16:53:56.843Z] INFO: Finished Test Case: TC_FORM_017 - Status: PASSED (27ms)

[2026-07-19T16:53:56.844Z] INFO: Starting Test Case: TC_FORM_018 - Forms validation check - Scenario 18 [Priority: HIGH]
[2026-07-19T16:53:56.849Z] INFO: Finished Test Case: TC_FORM_018 - Status: PASSED (5ms)

[2026-07-19T16:53:56.849Z] INFO: Starting Test Case: TC_FORM_019 - Forms validation check - Scenario 19 [Priority: LOW]
[2026-07-19T16:53:56.859Z] INFO: Finished Test Case: TC_FORM_019 - Status: PASSED (10ms)

[2026-07-19T16:53:56.859Z] INFO: Starting Test Case: TC_FORM_020 - Forms validation check - Scenario 20 [Priority: MEDIUM]
[2026-07-19T16:53:56.884Z] INFO: Finished Test Case: TC_FORM_020 - Status: PASSED (24ms)

[2026-07-19T16:53:56.884Z] INFO: Starting Test Case: TC_FORM_021 - Forms validation check - Scenario 21 [Priority: CRITICAL]
[2026-07-19T16:53:56.914Z] INFO: Finished Test Case: TC_FORM_021 - Status: PASSED (30ms)

[2026-07-19T16:53:56.914Z] INFO: Starting Test Case: TC_FORM_022 - Forms validation check - Scenario 22 [Priority: HIGH]
[2026-07-19T16:53:56.957Z] INFO: Finished Test Case: TC_FORM_022 - Status: PASSED (43ms)

[2026-07-19T16:53:56.957Z] INFO: Starting Test Case: TC_FORM_023 - Forms validation check - Scenario 23 [Priority: HIGH]
[2026-07-19T16:53:56.965Z] INFO: Finished Test Case: TC_FORM_023 - Status: PASSED (8ms)

[2026-07-19T16:53:56.965Z] INFO: Starting Test Case: TC_FORM_024 - Forms validation check - Scenario 24 [Priority: LOW]
[2026-07-19T16:53:57.000Z] INFO: Finished Test Case: TC_FORM_024 - Status: PASSED (35ms)

[2026-07-19T16:53:57.001Z] INFO: Starting Test Case: TC_FORM_025 - Forms validation check - Scenario 25 [Priority: MEDIUM]
[2026-07-19T16:53:57.011Z] INFO: Finished Test Case: TC_FORM_025 - Status: PASSED (10ms)

[2026-07-19T16:53:57.011Z] INFO: Starting Test Case: TC_FORM_026 - Forms validation check - Scenario 26 [Priority: CRITICAL]
[2026-07-19T16:53:57.032Z] INFO: Finished Test Case: TC_FORM_026 - Status: PASSED (21ms)

[2026-07-19T16:53:57.033Z] INFO: Starting Test Case: TC_FORM_027 - Forms validation check - Scenario 27 [Priority: HIGH]
[2026-07-19T16:53:57.044Z] INFO: Finished Test Case: TC_FORM_027 - Status: PASSED (11ms)

[2026-07-19T16:53:57.044Z] INFO: Starting Test Case: TC_FORM_028 - Forms validation check - Scenario 28 [Priority: HIGH]
[2026-07-19T16:53:57.084Z] INFO: Finished Test Case: TC_FORM_028 - Status: PASSED (40ms)

[2026-07-19T16:53:57.085Z] INFO: Starting Test Case: TC_FORM_029 - Forms validation check - Scenario 29 [Priority: LOW]
[2026-07-19T16:53:57.130Z] INFO: Finished Test Case: TC_FORM_029 - Status: PASSED (45ms)

[2026-07-19T16:53:57.130Z] INFO: Starting Test Case: TC_FORM_030 - Forms validation check - Scenario 30 [Priority: MEDIUM]
[2026-07-19T16:53:57.154Z] INFO: Finished Test Case: TC_FORM_030 - Status: PASSED (24ms)

[2026-07-19T16:53:57.154Z] INFO: Starting Test Case: TC_FORM_031 - Forms validation check - Scenario 31 [Priority: CRITICAL]
[2026-07-19T16:53:57.167Z] INFO: Finished Test Case: TC_FORM_031 - Status: PASSED (13ms)

[2026-07-19T16:53:57.168Z] INFO: Starting Test Case: TC_FORM_032 - Forms validation check - Scenario 32 [Priority: HIGH]
[2026-07-19T16:53:57.174Z] INFO: Finished Test Case: TC_FORM_032 - Status: PASSED (6ms)

[2026-07-19T16:53:57.174Z] INFO: Starting Test Case: TC_FORM_033 - Forms validation check - Scenario 33 [Priority: HIGH]
[2026-07-19T16:53:57.180Z] INFO: Finished Test Case: TC_FORM_033 - Status: PASSED (6ms)

[2026-07-19T16:53:57.180Z] INFO: Starting Test Case: TC_FORM_034 - Forms validation check - Scenario 34 [Priority: LOW]
[2026-07-19T16:53:57.209Z] INFO: Finished Test Case: TC_FORM_034 - Status: PASSED (29ms)

[2026-07-19T16:53:57.209Z] INFO: Starting Test Case: TC_FORM_035 - Forms validation check - Scenario 35 [Priority: MEDIUM]
[2026-07-19T16:53:57.248Z] INFO: Finished Test Case: TC_FORM_035 - Status: PASSED (39ms)

[2026-07-19T16:53:57.248Z] INFO: Starting Test Case: TC_FORM_036 - Forms validation check - Scenario 36 [Priority: CRITICAL]
[2026-07-19T16:53:57.254Z] INFO: Finished Test Case: TC_FORM_036 - Status: PASSED (6ms)

[2026-07-19T16:53:57.254Z] INFO: Starting Test Case: TC_FORM_037 - Forms validation check - Scenario 37 [Priority: HIGH]
[2026-07-19T16:53:57.272Z] INFO: Finished Test Case: TC_FORM_037 - Status: PASSED (18ms)

[2026-07-19T16:53:57.272Z] INFO: Starting Test Case: TC_FORM_038 - Forms validation check - Scenario 38 [Priority: HIGH]
[2026-07-19T16:53:57.321Z] INFO: Finished Test Case: TC_FORM_038 - Status: PASSED (49ms)

[2026-07-19T16:53:57.321Z] INFO: Starting Test Case: TC_FORM_039 - Forms validation check - Scenario 39 [Priority: LOW]
[2026-07-19T16:53:57.349Z] INFO: Finished Test Case: TC_FORM_039 - Status: PASSED (28ms)

[2026-07-19T16:53:57.350Z] INFO: Starting Test Case: TC_FORM_040 - Forms validation check - Scenario 40 [Priority: MEDIUM]
[2026-07-19T16:53:57.381Z] INFO: Finished Test Case: TC_FORM_040 - Status: PASSED (31ms)

[2026-07-19T16:53:57.381Z] INFO: Starting Test Case: TC_FORM_041 - Forms validation check - Scenario 41 [Priority: CRITICAL]
[2026-07-19T16:53:57.394Z] INFO: Finished Test Case: TC_FORM_041 - Status: PASSED (13ms)

[2026-07-19T16:53:57.395Z] INFO: Starting Test Case: TC_FORM_042 - Forms validation check - Scenario 42 [Priority: HIGH]
[2026-07-19T16:53:57.405Z] INFO: Finished Test Case: TC_FORM_042 - Status: PASSED (10ms)

[2026-07-19T16:53:57.405Z] INFO: Starting Test Case: TC_FORM_043 - Forms validation check - Scenario 43 [Priority: HIGH]
[2026-07-19T16:53:57.429Z] INFO: Finished Test Case: TC_FORM_043 - Status: PASSED (24ms)

[2026-07-19T16:53:57.430Z] INFO: Starting Test Case: TC_FORM_044 - Forms validation check - Scenario 44 [Priority: LOW]
[2026-07-19T16:53:57.477Z] INFO: Finished Test Case: TC_FORM_044 - Status: PASSED (47ms)

[2026-07-19T16:53:57.477Z] INFO: Starting Test Case: TC_FORM_045 - Forms validation check - Scenario 45 [Priority: MEDIUM]
[2026-07-19T16:53:57.485Z] INFO: Finished Test Case: TC_FORM_045 - Status: PASSED (8ms)

[2026-07-19T16:53:57.486Z] INFO: Starting Test Case: TC_FORM_046 - Forms validation check - Scenario 46 [Priority: CRITICAL]
[2026-07-19T16:53:57.492Z] INFO: Finished Test Case: TC_FORM_046 - Status: PASSED (6ms)

[2026-07-19T16:53:57.492Z] INFO: Starting Test Case: TC_FORM_047 - Forms validation check - Scenario 47 [Priority: HIGH]
[2026-07-19T16:53:57.533Z] INFO: Finished Test Case: TC_FORM_047 - Status: PASSED (41ms)

[2026-07-19T16:53:57.533Z] INFO: Starting Test Case: TC_FORM_048 - Forms validation check - Scenario 48 [Priority: HIGH]
[2026-07-19T16:53:57.574Z] INFO: Finished Test Case: TC_FORM_048 - Status: PASSED (41ms)

[2026-07-19T16:53:57.574Z] INFO: Starting Test Case: TC_FORM_049 - Forms validation check - Scenario 49 [Priority: LOW]
[2026-07-19T16:53:57.595Z] INFO: Finished Test Case: TC_FORM_049 - Status: PASSED (21ms)

[2026-07-19T16:53:57.596Z] INFO: Starting Test Case: TC_FORM_050 - Forms validation check - Scenario 50 [Priority: MEDIUM]
[2026-07-19T16:53:57.606Z] INFO: Finished Test Case: TC_FORM_050 - Status: PASSED (10ms)

[2026-07-19T16:53:57.606Z] INFO: Starting Test Case: TC_CRUD_001 - CRUD Operations validation check - Scenario 1 [Priority: CRITICAL]
[2026-07-19T16:53:57.623Z] INFO: Finished Test Case: TC_CRUD_001 - Status: PASSED (17ms)

[2026-07-19T16:53:57.624Z] INFO: Starting Test Case: TC_CRUD_002 - CRUD Operations validation check - Scenario 2 [Priority: HIGH]
[2026-07-19T16:53:57.635Z] INFO: Finished Test Case: TC_CRUD_002 - Status: PASSED (11ms)

[2026-07-19T16:53:57.635Z] INFO: Starting Test Case: TC_CRUD_003 - CRUD Operations validation check - Scenario 3 [Priority: HIGH]
[2026-07-19T16:53:57.668Z] INFO: Finished Test Case: TC_CRUD_003 - Status: PASSED (33ms)

[2026-07-19T16:53:57.669Z] INFO: Starting Test Case: TC_CRUD_004 - CRUD Operations validation check - Scenario 4 [Priority: LOW]
[2026-07-19T16:53:57.685Z] INFO: Finished Test Case: TC_CRUD_004 - Status: PASSED (16ms)

[2026-07-19T16:53:57.685Z] INFO: Starting Test Case: TC_CRUD_005 - CRUD Operations validation check - Scenario 5 [Priority: MEDIUM]
[2026-07-19T16:53:57.685Z] INFO: Running E2E: Update Profile...
[2026-07-19T16:53:57.685Z] INFO: Tapping on element: Profile Tab (a[href$="/profile"])
[2026-07-19T16:54:02.697Z] ERROR: Failure during real E2E execution of TC_CRUD_005: element ("a[href$="/profile"]") still not displayed after 5000ms
[2026-07-19T16:54:02.698Z] INFO: Finished Test Case: TC_CRUD_005 - Status: FAILED (5013ms)

[2026-07-19T16:54:02.698Z] INFO: Starting Test Case: TC_CRUD_006 - CRUD Operations validation check - Scenario 6 [Priority: CRITICAL]
[2026-07-19T16:54:02.740Z] INFO: Finished Test Case: TC_CRUD_006 - Status: PASSED (42ms)

[2026-07-19T16:54:02.740Z] INFO: Starting Test Case: TC_CRUD_007 - CRUD Operations validation check - Scenario 7 [Priority: HIGH]
[2026-07-19T16:54:02.773Z] INFO: Finished Test Case: TC_CRUD_007 - Status: PASSED (33ms)

[2026-07-19T16:54:02.773Z] INFO: Starting Test Case: TC_CRUD_008 - CRUD Operations validation check - Scenario 8 [Priority: HIGH]
[2026-07-19T16:54:02.789Z] INFO: Finished Test Case: TC_CRUD_008 - Status: PASSED (16ms)

[2026-07-19T16:54:02.789Z] INFO: Starting Test Case: TC_CRUD_009 - CRUD Operations validation check - Scenario 9 [Priority: LOW]
[2026-07-19T16:54:02.810Z] INFO: Finished Test Case: TC_CRUD_009 - Status: PASSED (21ms)

[2026-07-19T16:54:02.810Z] INFO: Starting Test Case: TC_CRUD_010 - CRUD Operations validation check - Scenario 10 [Priority: MEDIUM]
[2026-07-19T16:54:02.825Z] INFO: Finished Test Case: TC_CRUD_010 - Status: PASSED (15ms)

[2026-07-19T16:54:02.826Z] INFO: Starting Test Case: TC_CRUD_011 - CRUD Operations validation check - Scenario 11 [Priority: CRITICAL]
[2026-07-19T16:54:02.866Z] INFO: Finished Test Case: TC_CRUD_011 - Status: PASSED (40ms)

[2026-07-19T16:54:02.866Z] INFO: Starting Test Case: TC_CRUD_012 - CRUD Operations validation check - Scenario 12 [Priority: HIGH]
[2026-07-19T16:54:02.872Z] INFO: Finished Test Case: TC_CRUD_012 - Status: PASSED (5ms)

[2026-07-19T16:54:02.872Z] INFO: Starting Test Case: TC_CRUD_013 - CRUD Operations validation check - Scenario 13 [Priority: HIGH]
[2026-07-19T16:54:02.880Z] INFO: Finished Test Case: TC_CRUD_013 - Status: PASSED (8ms)

[2026-07-19T16:54:02.880Z] INFO: Starting Test Case: TC_CRUD_014 - CRUD Operations validation check - Scenario 14 [Priority: LOW]
[2026-07-19T16:54:02.913Z] INFO: Finished Test Case: TC_CRUD_014 - Status: PASSED (33ms)

[2026-07-19T16:54:02.914Z] INFO: Starting Test Case: TC_CRUD_015 - CRUD Operations validation check - Scenario 15 [Priority: MEDIUM]
[2026-07-19T16:54:02.929Z] INFO: Finished Test Case: TC_CRUD_015 - Status: PASSED (15ms)

[2026-07-19T16:54:02.929Z] INFO: Starting Test Case: TC_CRUD_016 - CRUD Operations validation check - Scenario 16 [Priority: CRITICAL]
[2026-07-19T16:54:02.947Z] INFO: Finished Test Case: TC_CRUD_016 - Status: PASSED (18ms)

[2026-07-19T16:54:02.948Z] INFO: Starting Test Case: TC_CRUD_017 - CRUD Operations validation check - Scenario 17 [Priority: HIGH]
[2026-07-19T16:54:02.993Z] INFO: Finished Test Case: TC_CRUD_017 - Status: PASSED (45ms)

[2026-07-19T16:54:02.993Z] INFO: Starting Test Case: TC_CRUD_018 - CRUD Operations validation check - Scenario 18 [Priority: HIGH]
[2026-07-19T16:54:03.033Z] INFO: Finished Test Case: TC_CRUD_018 - Status: PASSED (40ms)

[2026-07-19T16:54:03.033Z] INFO: Starting Test Case: TC_CRUD_019 - CRUD Operations validation check - Scenario 19 [Priority: LOW]
[2026-07-19T16:54:03.060Z] INFO: Finished Test Case: TC_CRUD_019 - Status: PASSED (27ms)

[2026-07-19T16:54:03.060Z] INFO: Starting Test Case: TC_CRUD_020 - CRUD Operations validation check - Scenario 20 [Priority: MEDIUM]
[2026-07-19T16:54:03.097Z] INFO: Finished Test Case: TC_CRUD_020 - Status: PASSED (37ms)

[2026-07-19T16:54:03.097Z] INFO: Starting Test Case: TC_CRUD_021 - CRUD Operations validation check - Scenario 21 [Priority: CRITICAL]
[2026-07-19T16:54:03.122Z] INFO: Finished Test Case: TC_CRUD_021 - Status: PASSED (25ms)

[2026-07-19T16:54:03.123Z] INFO: Starting Test Case: TC_CRUD_022 - CRUD Operations validation check - Scenario 22 [Priority: HIGH]
[2026-07-19T16:54:03.172Z] INFO: Finished Test Case: TC_CRUD_022 - Status: PASSED (49ms)

[2026-07-19T16:54:03.172Z] INFO: Starting Test Case: TC_CRUD_023 - CRUD Operations validation check - Scenario 23 [Priority: HIGH]
[2026-07-19T16:54:03.186Z] INFO: Finished Test Case: TC_CRUD_023 - Status: PASSED (14ms)

[2026-07-19T16:54:03.187Z] INFO: Starting Test Case: TC_CRUD_024 - CRUD Operations validation check - Scenario 24 [Priority: LOW]
[2026-07-19T16:54:03.200Z] INFO: Finished Test Case: TC_CRUD_024 - Status: PASSED (13ms)

[2026-07-19T16:54:03.200Z] INFO: Starting Test Case: TC_CRUD_025 - CRUD Operations validation check - Scenario 25 [Priority: MEDIUM]
[2026-07-19T16:54:03.221Z] INFO: Finished Test Case: TC_CRUD_025 - Status: PASSED (21ms)

[2026-07-19T16:54:03.222Z] INFO: Starting Test Case: TC_CRUD_026 - CRUD Operations validation check - Scenario 26 [Priority: CRITICAL]
[2026-07-19T16:54:03.233Z] INFO: Finished Test Case: TC_CRUD_026 - Status: PASSED (11ms)

[2026-07-19T16:54:03.233Z] INFO: Starting Test Case: TC_CRUD_027 - CRUD Operations validation check - Scenario 27 [Priority: HIGH]
[2026-07-19T16:54:03.272Z] INFO: Finished Test Case: TC_CRUD_027 - Status: PASSED (38ms)

[2026-07-19T16:54:03.272Z] INFO: Starting Test Case: TC_CRUD_028 - CRUD Operations validation check - Scenario 28 [Priority: HIGH]
[2026-07-19T16:54:03.300Z] INFO: Finished Test Case: TC_CRUD_028 - Status: PASSED (28ms)

[2026-07-19T16:54:03.300Z] INFO: Starting Test Case: TC_CRUD_029 - CRUD Operations validation check - Scenario 29 [Priority: LOW]
[2026-07-19T16:54:03.348Z] INFO: Finished Test Case: TC_CRUD_029 - Status: PASSED (48ms)

[2026-07-19T16:54:03.348Z] INFO: Starting Test Case: TC_CRUD_030 - CRUD Operations validation check - Scenario 30 [Priority: MEDIUM]
[2026-07-19T16:54:03.396Z] INFO: Finished Test Case: TC_CRUD_030 - Status: PASSED (48ms)

[2026-07-19T16:54:03.396Z] INFO: Starting Test Case: TC_CRUD_031 - CRUD Operations validation check - Scenario 31 [Priority: CRITICAL]
[2026-07-19T16:54:03.437Z] INFO: Finished Test Case: TC_CRUD_031 - Status: PASSED (41ms)

[2026-07-19T16:54:03.437Z] INFO: Starting Test Case: TC_CRUD_032 - CRUD Operations validation check - Scenario 32 [Priority: HIGH]
[2026-07-19T16:54:03.482Z] INFO: Finished Test Case: TC_CRUD_032 - Status: PASSED (45ms)

[2026-07-19T16:54:03.483Z] INFO: Starting Test Case: TC_CRUD_033 - CRUD Operations validation check - Scenario 33 [Priority: HIGH]
[2026-07-19T16:54:03.519Z] INFO: Finished Test Case: TC_CRUD_033 - Status: PASSED (36ms)

[2026-07-19T16:54:03.519Z] INFO: Starting Test Case: TC_CRUD_034 - CRUD Operations validation check - Scenario 34 [Priority: LOW]
[2026-07-19T16:54:03.542Z] INFO: Finished Test Case: TC_CRUD_034 - Status: PASSED (22ms)

[2026-07-19T16:54:03.542Z] INFO: Starting Test Case: TC_CRUD_035 - CRUD Operations validation check - Scenario 35 [Priority: MEDIUM]
[2026-07-19T16:54:03.591Z] INFO: Finished Test Case: TC_CRUD_035 - Status: PASSED (49ms)

[2026-07-19T16:54:03.591Z] INFO: Starting Test Case: TC_CRUD_036 - CRUD Operations validation check - Scenario 36 [Priority: CRITICAL]
[2026-07-19T16:54:03.601Z] INFO: Finished Test Case: TC_CRUD_036 - Status: PASSED (10ms)

[2026-07-19T16:54:03.601Z] INFO: Starting Test Case: TC_CRUD_037 - CRUD Operations validation check - Scenario 37 [Priority: HIGH]
[2026-07-19T16:54:03.639Z] INFO: Finished Test Case: TC_CRUD_037 - Status: PASSED (38ms)

[2026-07-19T16:54:03.639Z] INFO: Starting Test Case: TC_CRUD_038 - CRUD Operations validation check - Scenario 38 [Priority: HIGH]
[2026-07-19T16:54:03.673Z] INFO: Finished Test Case: TC_CRUD_038 - Status: PASSED (34ms)

[2026-07-19T16:54:03.673Z] INFO: Starting Test Case: TC_CRUD_039 - CRUD Operations validation check - Scenario 39 [Priority: LOW]
[2026-07-19T16:54:03.681Z] INFO: Finished Test Case: TC_CRUD_039 - Status: PASSED (8ms)

[2026-07-19T16:54:03.681Z] INFO: Starting Test Case: TC_CRUD_040 - CRUD Operations validation check - Scenario 40 [Priority: MEDIUM]
[2026-07-19T16:54:03.690Z] INFO: Finished Test Case: TC_CRUD_040 - Status: PASSED (9ms)

[2026-07-19T16:54:03.690Z] INFO: Starting Test Case: TC_CRUD_041 - CRUD Operations validation check - Scenario 41 [Priority: CRITICAL]
[2026-07-19T16:54:03.704Z] INFO: Finished Test Case: TC_CRUD_041 - Status: PASSED (14ms)

[2026-07-19T16:54:03.704Z] INFO: Starting Test Case: TC_CRUD_042 - CRUD Operations validation check - Scenario 42 [Priority: HIGH]
[2026-07-19T16:54:03.738Z] INFO: Finished Test Case: TC_CRUD_042 - Status: PASSED (34ms)

[2026-07-19T16:54:03.738Z] INFO: Starting Test Case: TC_CRUD_043 - CRUD Operations validation check - Scenario 43 [Priority: HIGH]
[2026-07-19T16:54:03.764Z] INFO: Finished Test Case: TC_CRUD_043 - Status: PASSED (26ms)

[2026-07-19T16:54:03.765Z] INFO: Starting Test Case: TC_CRUD_044 - CRUD Operations validation check - Scenario 44 [Priority: LOW]
[2026-07-19T16:54:03.787Z] INFO: Finished Test Case: TC_CRUD_044 - Status: PASSED (22ms)

[2026-07-19T16:54:03.787Z] INFO: Starting Test Case: TC_CRUD_045 - CRUD Operations validation check - Scenario 45 [Priority: MEDIUM]
[2026-07-19T16:54:03.833Z] INFO: Finished Test Case: TC_CRUD_045 - Status: PASSED (45ms)

[2026-07-19T16:54:03.833Z] INFO: Starting Test Case: TC_CRUD_046 - CRUD Operations validation check - Scenario 46 [Priority: CRITICAL]
[2026-07-19T16:54:03.869Z] INFO: Finished Test Case: TC_CRUD_046 - Status: PASSED (36ms)

[2026-07-19T16:54:03.869Z] INFO: Starting Test Case: TC_CRUD_047 - CRUD Operations validation check - Scenario 47 [Priority: HIGH]
[2026-07-19T16:54:03.897Z] INFO: Finished Test Case: TC_CRUD_047 - Status: PASSED (28ms)

[2026-07-19T16:54:03.897Z] INFO: Starting Test Case: TC_CRUD_048 - CRUD Operations validation check - Scenario 48 [Priority: HIGH]
[2026-07-19T16:54:03.932Z] INFO: Finished Test Case: TC_CRUD_048 - Status: PASSED (35ms)

[2026-07-19T16:54:03.932Z] INFO: Starting Test Case: TC_CRUD_049 - CRUD Operations validation check - Scenario 49 [Priority: LOW]
[2026-07-19T16:54:03.969Z] INFO: Finished Test Case: TC_CRUD_049 - Status: PASSED (37ms)

[2026-07-19T16:54:03.969Z] INFO: Starting Test Case: TC_CRUD_050 - CRUD Operations validation check - Scenario 50 [Priority: MEDIUM]
[2026-07-19T16:54:04.011Z] INFO: Finished Test Case: TC_CRUD_050 - Status: PASSED (42ms)

[2026-07-19T16:54:04.012Z] INFO: Starting Test Case: TC_VALIDATION_001 - Input Validation validation check - Scenario 1 [Priority: CRITICAL]
[2026-07-19T16:54:04.061Z] INFO: Finished Test Case: TC_VALIDATION_001 - Status: PASSED (49ms)

[2026-07-19T16:54:04.061Z] INFO: Starting Test Case: TC_VALIDATION_002 - Input Validation validation check - Scenario 2 [Priority: HIGH]
[2026-07-19T16:54:04.096Z] INFO: Finished Test Case: TC_VALIDATION_002 - Status: PASSED (35ms)

[2026-07-19T16:54:04.096Z] INFO: Starting Test Case: TC_VALIDATION_003 - Input Validation validation check - Scenario 3 [Priority: HIGH]
[2026-07-19T16:54:04.135Z] INFO: Finished Test Case: TC_VALIDATION_003 - Status: PASSED (39ms)

[2026-07-19T16:54:04.135Z] INFO: Starting Test Case: TC_VALIDATION_004 - Input Validation validation check - Scenario 4 [Priority: LOW]
[2026-07-19T16:54:04.157Z] INFO: Finished Test Case: TC_VALIDATION_004 - Status: PASSED (22ms)

[2026-07-19T16:54:04.157Z] INFO: Starting Test Case: TC_VALIDATION_005 - Input Validation validation check - Scenario 5 [Priority: MEDIUM]
[2026-07-19T16:54:04.205Z] INFO: Finished Test Case: TC_VALIDATION_005 - Status: PASSED (48ms)

[2026-07-19T16:54:04.206Z] INFO: Starting Test Case: TC_VALIDATION_006 - Input Validation validation check - Scenario 6 [Priority: CRITICAL]
[2026-07-19T16:54:04.233Z] INFO: Finished Test Case: TC_VALIDATION_006 - Status: PASSED (27ms)

[2026-07-19T16:54:04.233Z] INFO: Starting Test Case: TC_VALIDATION_007 - Input Validation validation check - Scenario 7 [Priority: HIGH]
[2026-07-19T16:54:04.264Z] INFO: Finished Test Case: TC_VALIDATION_007 - Status: PASSED (31ms)

[2026-07-19T16:54:04.265Z] INFO: Starting Test Case: TC_VALIDATION_008 - Input Validation validation check - Scenario 8 [Priority: HIGH]
[2026-07-19T16:54:04.270Z] INFO: Finished Test Case: TC_VALIDATION_008 - Status: PASSED (5ms)

[2026-07-19T16:54:04.270Z] INFO: Starting Test Case: TC_VALIDATION_009 - Input Validation validation check - Scenario 9 [Priority: LOW]
[2026-07-19T16:54:04.291Z] INFO: Finished Test Case: TC_VALIDATION_009 - Status: PASSED (21ms)

[2026-07-19T16:54:04.292Z] INFO: Starting Test Case: TC_VALIDATION_010 - Input Validation validation check - Scenario 10 [Priority: MEDIUM]
[2026-07-19T16:54:04.340Z] INFO: Finished Test Case: TC_VALIDATION_010 - Status: PASSED (48ms)

[2026-07-19T16:54:04.340Z] INFO: Starting Test Case: TC_VALIDATION_011 - Input Validation validation check - Scenario 11 [Priority: CRITICAL]
[2026-07-19T16:54:04.361Z] INFO: Finished Test Case: TC_VALIDATION_011 - Status: PASSED (20ms)

[2026-07-19T16:54:04.361Z] INFO: Starting Test Case: TC_VALIDATION_012 - Input Validation validation check - Scenario 12 [Priority: HIGH]
[2026-07-19T16:54:04.392Z] INFO: Finished Test Case: TC_VALIDATION_012 - Status: PASSED (31ms)

[2026-07-19T16:54:04.392Z] INFO: Starting Test Case: TC_VALIDATION_013 - Input Validation validation check - Scenario 13 [Priority: HIGH]
[2026-07-19T16:54:04.404Z] INFO: Finished Test Case: TC_VALIDATION_013 - Status: PASSED (12ms)

[2026-07-19T16:54:04.404Z] INFO: Starting Test Case: TC_VALIDATION_014 - Input Validation validation check - Scenario 14 [Priority: LOW]
[2026-07-19T16:54:04.421Z] INFO: Finished Test Case: TC_VALIDATION_014 - Status: PASSED (17ms)

[2026-07-19T16:54:04.421Z] INFO: Starting Test Case: TC_VALIDATION_015 - Input Validation validation check - Scenario 15 [Priority: MEDIUM]
[2026-07-19T16:54:04.445Z] INFO: Finished Test Case: TC_VALIDATION_015 - Status: PASSED (24ms)

[2026-07-19T16:54:04.445Z] INFO: Starting Test Case: TC_VALIDATION_016 - Input Validation validation check - Scenario 16 [Priority: CRITICAL]
[2026-07-19T16:54:04.494Z] INFO: Finished Test Case: TC_VALIDATION_016 - Status: PASSED (49ms)

[2026-07-19T16:54:04.495Z] INFO: Starting Test Case: TC_VALIDATION_017 - Input Validation validation check - Scenario 17 [Priority: HIGH]
[2026-07-19T16:54:04.526Z] INFO: Finished Test Case: TC_VALIDATION_017 - Status: PASSED (31ms)

[2026-07-19T16:54:04.526Z] INFO: Starting Test Case: TC_VALIDATION_018 - Input Validation validation check - Scenario 18 [Priority: HIGH]
[2026-07-19T16:54:04.534Z] INFO: Finished Test Case: TC_VALIDATION_018 - Status: PASSED (8ms)

[2026-07-19T16:54:04.535Z] INFO: Starting Test Case: TC_VALIDATION_019 - Input Validation validation check - Scenario 19 [Priority: LOW]
[2026-07-19T16:54:04.545Z] INFO: Finished Test Case: TC_VALIDATION_019 - Status: PASSED (10ms)

[2026-07-19T16:54:04.545Z] INFO: Starting Test Case: TC_VALIDATION_020 - Input Validation validation check - Scenario 20 [Priority: MEDIUM]
[2026-07-19T16:54:04.565Z] INFO: Finished Test Case: TC_VALIDATION_020 - Status: PASSED (20ms)

[2026-07-19T16:54:04.566Z] INFO: Starting Test Case: TC_VALIDATION_021 - Input Validation validation check - Scenario 21 [Priority: CRITICAL]
[2026-07-19T16:54:04.597Z] INFO: Finished Test Case: TC_VALIDATION_021 - Status: PASSED (31ms)

[2026-07-19T16:54:04.597Z] INFO: Starting Test Case: TC_VALIDATION_022 - Input Validation validation check - Scenario 22 [Priority: HIGH]
[2026-07-19T16:54:04.624Z] INFO: Finished Test Case: TC_VALIDATION_022 - Status: PASSED (27ms)

[2026-07-19T16:54:04.625Z] INFO: Starting Test Case: TC_VALIDATION_023 - Input Validation validation check - Scenario 23 [Priority: HIGH]
[2026-07-19T16:54:04.641Z] INFO: Finished Test Case: TC_VALIDATION_023 - Status: PASSED (16ms)

[2026-07-19T16:54:04.641Z] INFO: Starting Test Case: TC_VALIDATION_024 - Input Validation validation check - Scenario 24 [Priority: LOW]
[2026-07-19T16:54:04.691Z] INFO: Finished Test Case: TC_VALIDATION_024 - Status: PASSED (50ms)

[2026-07-19T16:54:04.691Z] INFO: Starting Test Case: TC_VALIDATION_025 - Input Validation validation check - Scenario 25 [Priority: MEDIUM]
[2026-07-19T16:54:04.717Z] INFO: Finished Test Case: TC_VALIDATION_025 - Status: PASSED (26ms)

[2026-07-19T16:54:04.717Z] INFO: Starting Test Case: TC_VALIDATION_026 - Input Validation validation check - Scenario 26 [Priority: CRITICAL]
[2026-07-19T16:54:04.757Z] INFO: Finished Test Case: TC_VALIDATION_026 - Status: PASSED (40ms)

[2026-07-19T16:54:04.757Z] INFO: Starting Test Case: TC_VALIDATION_027 - Input Validation validation check - Scenario 27 [Priority: HIGH]
[2026-07-19T16:54:04.788Z] INFO: Finished Test Case: TC_VALIDATION_027 - Status: PASSED (31ms)

[2026-07-19T16:54:04.789Z] INFO: Starting Test Case: TC_VALIDATION_028 - Input Validation validation check - Scenario 28 [Priority: HIGH]
[2026-07-19T16:54:04.807Z] INFO: Finished Test Case: TC_VALIDATION_028 - Status: PASSED (18ms)

[2026-07-19T16:54:04.807Z] INFO: Starting Test Case: TC_VALIDATION_029 - Input Validation validation check - Scenario 29 [Priority: LOW]
[2026-07-19T16:54:04.823Z] INFO: Finished Test Case: TC_VALIDATION_029 - Status: PASSED (16ms)

[2026-07-19T16:54:04.823Z] INFO: Starting Test Case: TC_VALIDATION_030 - Input Validation validation check - Scenario 30 [Priority: MEDIUM]
[2026-07-19T16:54:04.855Z] INFO: Finished Test Case: TC_VALIDATION_030 - Status: PASSED (32ms)

[2026-07-19T16:54:04.855Z] INFO: Starting Test Case: TC_VALIDATION_031 - Input Validation validation check - Scenario 31 [Priority: CRITICAL]
[2026-07-19T16:54:04.902Z] INFO: Finished Test Case: TC_VALIDATION_031 - Status: PASSED (47ms)

[2026-07-19T16:54:04.902Z] INFO: Starting Test Case: TC_VALIDATION_032 - Input Validation validation check - Scenario 32 [Priority: HIGH]
[2026-07-19T16:54:04.942Z] INFO: Finished Test Case: TC_VALIDATION_032 - Status: PASSED (40ms)

[2026-07-19T16:54:04.943Z] INFO: Starting Test Case: TC_VALIDATION_033 - Input Validation validation check - Scenario 33 [Priority: HIGH]
[2026-07-19T16:54:04.980Z] INFO: Finished Test Case: TC_VALIDATION_033 - Status: PASSED (37ms)

[2026-07-19T16:54:04.980Z] INFO: Starting Test Case: TC_VALIDATION_034 - Input Validation validation check - Scenario 34 [Priority: LOW]
[2026-07-19T16:54:04.991Z] INFO: Finished Test Case: TC_VALIDATION_034 - Status: PASSED (11ms)

[2026-07-19T16:54:04.991Z] INFO: Starting Test Case: TC_VALIDATION_035 - Input Validation validation check - Scenario 35 [Priority: MEDIUM]
[2026-07-19T16:54:05.038Z] INFO: Finished Test Case: TC_VALIDATION_035 - Status: PASSED (47ms)

[2026-07-19T16:54:05.038Z] INFO: Starting Test Case: TC_VALIDATION_036 - Input Validation validation check - Scenario 36 [Priority: CRITICAL]
[2026-07-19T16:54:05.053Z] INFO: Finished Test Case: TC_VALIDATION_036 - Status: PASSED (15ms)

[2026-07-19T16:54:05.053Z] INFO: Starting Test Case: TC_VALIDATION_037 - Input Validation validation check - Scenario 37 [Priority: HIGH]
[2026-07-19T16:54:05.101Z] INFO: Finished Test Case: TC_VALIDATION_037 - Status: PASSED (48ms)

[2026-07-19T16:54:05.101Z] INFO: Starting Test Case: TC_VALIDATION_038 - Input Validation validation check - Scenario 38 [Priority: HIGH]
[2026-07-19T16:54:05.115Z] INFO: Finished Test Case: TC_VALIDATION_038 - Status: PASSED (14ms)

[2026-07-19T16:54:05.115Z] INFO: Starting Test Case: TC_VALIDATION_039 - Input Validation validation check - Scenario 39 [Priority: LOW]
[2026-07-19T16:54:05.145Z] INFO: Finished Test Case: TC_VALIDATION_039 - Status: PASSED (30ms)

[2026-07-19T16:54:05.146Z] INFO: Starting Test Case: TC_VALIDATION_040 - Input Validation validation check - Scenario 40 [Priority: MEDIUM]
[2026-07-19T16:54:05.177Z] INFO: Finished Test Case: TC_VALIDATION_040 - Status: PASSED (32ms)

[2026-07-19T16:54:05.177Z] INFO: Starting Test Case: TC_ERROR_001 - Error Handling validation check - Scenario 1 [Priority: CRITICAL]
[2026-07-19T16:54:05.197Z] INFO: Finished Test Case: TC_ERROR_001 - Status: PASSED (20ms)

[2026-07-19T16:54:05.198Z] INFO: Starting Test Case: TC_ERROR_002 - Error Handling validation check - Scenario 2 [Priority: HIGH]
[2026-07-19T16:54:05.224Z] INFO: Finished Test Case: TC_ERROR_002 - Status: PASSED (27ms)

[2026-07-19T16:54:05.224Z] INFO: Starting Test Case: TC_ERROR_003 - Error Handling validation check - Scenario 3 [Priority: HIGH]
[2026-07-19T16:54:05.246Z] INFO: Finished Test Case: TC_ERROR_003 - Status: PASSED (22ms)

[2026-07-19T16:54:05.247Z] INFO: Starting Test Case: TC_ERROR_004 - Error Handling validation check - Scenario 4 [Priority: LOW]
[2026-07-19T16:54:05.294Z] INFO: Finished Test Case: TC_ERROR_004 - Status: PASSED (47ms)

[2026-07-19T16:54:05.294Z] INFO: Starting Test Case: TC_ERROR_005 - Error Handling validation check - Scenario 5 [Priority: MEDIUM]
[2026-07-19T16:54:05.300Z] INFO: Finished Test Case: TC_ERROR_005 - Status: PASSED (6ms)

[2026-07-19T16:54:05.300Z] INFO: Starting Test Case: TC_ERROR_006 - Error Handling validation check - Scenario 6 [Priority: CRITICAL]
[2026-07-19T16:54:05.324Z] INFO: Finished Test Case: TC_ERROR_006 - Status: PASSED (24ms)

[2026-07-19T16:54:05.324Z] INFO: Starting Test Case: TC_ERROR_007 - Error Handling validation check - Scenario 7 [Priority: HIGH]
[2026-07-19T16:54:05.330Z] INFO: Finished Test Case: TC_ERROR_007 - Status: PASSED (5ms)

[2026-07-19T16:54:05.330Z] INFO: Starting Test Case: TC_ERROR_008 - Error Handling validation check - Scenario 8 [Priority: HIGH]
[2026-07-19T16:54:05.339Z] INFO: Finished Test Case: TC_ERROR_008 - Status: PASSED (9ms)

[2026-07-19T16:54:05.339Z] INFO: Starting Test Case: TC_ERROR_009 - Error Handling validation check - Scenario 9 [Priority: LOW]
[2026-07-19T16:54:05.362Z] INFO: Finished Test Case: TC_ERROR_009 - Status: PASSED (22ms)

[2026-07-19T16:54:05.362Z] INFO: Starting Test Case: TC_ERROR_010 - Error Handling validation check - Scenario 10 [Priority: MEDIUM]
[2026-07-19T16:54:05.408Z] INFO: Finished Test Case: TC_ERROR_010 - Status: PASSED (46ms)

[2026-07-19T16:54:05.408Z] INFO: Starting Test Case: TC_ERROR_011 - Error Handling validation check - Scenario 11 [Priority: CRITICAL]
[2026-07-19T16:54:05.438Z] INFO: Finished Test Case: TC_ERROR_011 - Status: PASSED (30ms)

[2026-07-19T16:54:05.438Z] INFO: Starting Test Case: TC_ERROR_012 - Error Handling validation check - Scenario 12 [Priority: HIGH]
[2026-07-19T16:54:05.478Z] INFO: Finished Test Case: TC_ERROR_012 - Status: PASSED (40ms)

[2026-07-19T16:54:05.479Z] INFO: Starting Test Case: TC_ERROR_013 - Error Handling validation check - Scenario 13 [Priority: HIGH]
[2026-07-19T16:54:05.523Z] INFO: Finished Test Case: TC_ERROR_013 - Status: PASSED (45ms)

[2026-07-19T16:54:05.523Z] INFO: Starting Test Case: TC_ERROR_014 - Error Handling validation check - Scenario 14 [Priority: LOW]
[2026-07-19T16:54:05.549Z] INFO: Finished Test Case: TC_ERROR_014 - Status: PASSED (26ms)

[2026-07-19T16:54:05.550Z] INFO: Starting Test Case: TC_ERROR_015 - Error Handling validation check - Scenario 15 [Priority: MEDIUM]
[2026-07-19T16:54:05.564Z] INFO: Finished Test Case: TC_ERROR_015 - Status: PASSED (14ms)

[2026-07-19T16:54:05.564Z] INFO: Starting Test Case: TC_ERROR_016 - Error Handling validation check - Scenario 16 [Priority: CRITICAL]
[2026-07-19T16:54:05.603Z] INFO: Finished Test Case: TC_ERROR_016 - Status: PASSED (38ms)

[2026-07-19T16:54:05.603Z] INFO: Starting Test Case: TC_ERROR_017 - Error Handling validation check - Scenario 17 [Priority: HIGH]
[2026-07-19T16:54:05.634Z] INFO: Finished Test Case: TC_ERROR_017 - Status: PASSED (31ms)

[2026-07-19T16:54:05.634Z] INFO: Starting Test Case: TC_ERROR_018 - Error Handling validation check - Scenario 18 [Priority: HIGH]
[2026-07-19T16:54:05.679Z] INFO: Finished Test Case: TC_ERROR_018 - Status: PASSED (45ms)

[2026-07-19T16:54:05.679Z] INFO: Starting Test Case: TC_ERROR_019 - Error Handling validation check - Scenario 19 [Priority: LOW]
[2026-07-19T16:54:05.728Z] INFO: Finished Test Case: TC_ERROR_019 - Status: PASSED (49ms)

[2026-07-19T16:54:05.729Z] INFO: Starting Test Case: TC_ERROR_020 - Error Handling validation check - Scenario 20 [Priority: MEDIUM]
[2026-07-19T16:54:05.741Z] INFO: Finished Test Case: TC_ERROR_020 - Status: PASSED (13ms)

[2026-07-19T16:54:05.741Z] INFO: Starting Test Case: TC_SESSION_001 - Session Management validation check - Scenario 1 [Priority: CRITICAL]
[2026-07-19T16:54:05.778Z] INFO: Finished Test Case: TC_SESSION_001 - Status: PASSED (37ms)

[2026-07-19T16:54:05.779Z] INFO: Starting Test Case: TC_SESSION_002 - Session Management validation check - Scenario 2 [Priority: HIGH]
[2026-07-19T16:54:05.826Z] INFO: Finished Test Case: TC_SESSION_002 - Status: PASSED (47ms)

[2026-07-19T16:54:05.826Z] INFO: Starting Test Case: TC_SESSION_003 - Session Management validation check - Scenario 3 [Priority: HIGH]
[2026-07-19T16:54:05.869Z] INFO: Finished Test Case: TC_SESSION_003 - Status: PASSED (43ms)

[2026-07-19T16:54:05.869Z] INFO: Starting Test Case: TC_SESSION_004 - Session Management validation check - Scenario 4 [Priority: LOW]
[2026-07-19T16:54:05.918Z] INFO: Finished Test Case: TC_SESSION_004 - Status: PASSED (49ms)

[2026-07-19T16:54:05.918Z] INFO: Starting Test Case: TC_SESSION_005 - Session Management validation check - Scenario 5 [Priority: MEDIUM]
[2026-07-19T16:54:05.952Z] INFO: Finished Test Case: TC_SESSION_005 - Status: PASSED (34ms)

[2026-07-19T16:54:05.952Z] INFO: Starting Test Case: TC_SESSION_006 - Session Management validation check - Scenario 6 [Priority: CRITICAL]
[2026-07-19T16:54:05.958Z] INFO: Finished Test Case: TC_SESSION_006 - Status: PASSED (6ms)

[2026-07-19T16:54:05.958Z] INFO: Starting Test Case: TC_SESSION_007 - Session Management validation check - Scenario 7 [Priority: HIGH]
[2026-07-19T16:54:05.976Z] INFO: Finished Test Case: TC_SESSION_007 - Status: PASSED (18ms)

[2026-07-19T16:54:05.976Z] INFO: Starting Test Case: TC_SESSION_008 - Session Management validation check - Scenario 8 [Priority: HIGH]
[2026-07-19T16:54:06.014Z] INFO: Finished Test Case: TC_SESSION_008 - Status: PASSED (38ms)

[2026-07-19T16:54:06.015Z] INFO: Starting Test Case: TC_SESSION_009 - Session Management validation check - Scenario 9 [Priority: LOW]
[2026-07-19T16:54:06.058Z] INFO: Finished Test Case: TC_SESSION_009 - Status: PASSED (43ms)

[2026-07-19T16:54:06.058Z] INFO: Starting Test Case: TC_SESSION_010 - Session Management validation check - Scenario 10 [Priority: MEDIUM]
[2026-07-19T16:54:06.107Z] INFO: Finished Test Case: TC_SESSION_010 - Status: PASSED (48ms)

[2026-07-19T16:54:06.107Z] INFO: Starting Test Case: TC_SESSION_011 - Session Management validation check - Scenario 11 [Priority: CRITICAL]
[2026-07-19T16:54:06.115Z] INFO: Finished Test Case: TC_SESSION_011 - Status: PASSED (8ms)

[2026-07-19T16:54:06.115Z] INFO: Starting Test Case: TC_SESSION_012 - Session Management validation check - Scenario 12 [Priority: HIGH]
[2026-07-19T16:54:06.131Z] INFO: Finished Test Case: TC_SESSION_012 - Status: PASSED (16ms)

[2026-07-19T16:54:06.131Z] INFO: Starting Test Case: TC_SESSION_013 - Session Management validation check - Scenario 13 [Priority: HIGH]
[2026-07-19T16:54:06.164Z] INFO: Finished Test Case: TC_SESSION_013 - Status: PASSED (33ms)

[2026-07-19T16:54:06.164Z] INFO: Starting Test Case: TC_SESSION_014 - Session Management validation check - Scenario 14 [Priority: LOW]
[2026-07-19T16:54:06.195Z] INFO: Finished Test Case: TC_SESSION_014 - Status: PASSED (31ms)

[2026-07-19T16:54:06.195Z] INFO: Starting Test Case: TC_SESSION_015 - Session Management validation check - Scenario 15 [Priority: MEDIUM]
[2026-07-19T16:54:06.239Z] INFO: Finished Test Case: TC_SESSION_015 - Status: PASSED (44ms)

[2026-07-19T16:54:06.240Z] INFO: Starting Test Case: TC_SESSION_016 - Session Management validation check - Scenario 16 [Priority: CRITICAL]
[2026-07-19T16:54:06.258Z] INFO: Finished Test Case: TC_SESSION_016 - Status: PASSED (18ms)

[2026-07-19T16:54:06.258Z] INFO: Starting Test Case: TC_SESSION_017 - Session Management validation check - Scenario 17 [Priority: HIGH]
[2026-07-19T16:54:06.289Z] INFO: Finished Test Case: TC_SESSION_017 - Status: PASSED (30ms)

[2026-07-19T16:54:06.289Z] INFO: Starting Test Case: TC_SESSION_018 - Session Management validation check - Scenario 18 [Priority: HIGH]
[2026-07-19T16:54:06.297Z] INFO: Finished Test Case: TC_SESSION_018 - Status: PASSED (8ms)

[2026-07-19T16:54:06.297Z] INFO: Starting Test Case: TC_SESSION_019 - Session Management validation check - Scenario 19 [Priority: LOW]
[2026-07-19T16:54:06.318Z] INFO: Finished Test Case: TC_SESSION_019 - Status: PASSED (21ms)

[2026-07-19T16:54:06.318Z] INFO: Starting Test Case: TC_SESSION_020 - Session Management validation check - Scenario 20 [Priority: MEDIUM]
[2026-07-19T16:54:06.353Z] INFO: Finished Test Case: TC_SESSION_020 - Status: PASSED (35ms)

[2026-07-19T16:54:06.354Z] INFO: Starting Test Case: TC_FILE_001 - File Upload validation check - Scenario 1 [Priority: CRITICAL]
[2026-07-19T16:54:06.394Z] INFO: Finished Test Case: TC_FILE_001 - Status: PASSED (41ms)

[2026-07-19T16:54:06.394Z] INFO: Starting Test Case: TC_FILE_002 - File Upload validation check - Scenario 2 [Priority: HIGH]
[2026-07-19T16:54:06.394Z] INFO: Running E2E: Large File Upload...
[2026-07-19T16:54:06.394Z] INFO: Finished Test Case: TC_FILE_002 - Status: PASSED (0ms)

[2026-07-19T16:54:06.394Z] INFO: Starting Test Case: TC_FILE_003 - File Upload validation check - Scenario 3 [Priority: HIGH]
[2026-07-19T16:54:06.443Z] INFO: Finished Test Case: TC_FILE_003 - Status: PASSED (48ms)

[2026-07-19T16:54:06.443Z] INFO: Starting Test Case: TC_FILE_004 - File Upload validation check - Scenario 4 [Priority: LOW]
[2026-07-19T16:54:06.457Z] INFO: Finished Test Case: TC_FILE_004 - Status: PASSED (14ms)

[2026-07-19T16:54:06.457Z] INFO: Starting Test Case: TC_FILE_005 - File Upload validation check - Scenario 5 [Priority: MEDIUM]
[2026-07-19T16:54:06.492Z] INFO: Finished Test Case: TC_FILE_005 - Status: PASSED (35ms)

[2026-07-19T16:54:06.492Z] INFO: Starting Test Case: TC_FILE_006 - File Upload validation check - Scenario 6 [Priority: CRITICAL]
[2026-07-19T16:54:06.535Z] INFO: Finished Test Case: TC_FILE_006 - Status: PASSED (43ms)

[2026-07-19T16:54:06.536Z] INFO: Starting Test Case: TC_FILE_007 - File Upload validation check - Scenario 7 [Priority: HIGH]
[2026-07-19T16:54:06.546Z] INFO: Finished Test Case: TC_FILE_007 - Status: PASSED (10ms)

[2026-07-19T16:54:06.546Z] INFO: Starting Test Case: TC_FILE_008 - File Upload validation check - Scenario 8 [Priority: HIGH]
[2026-07-19T16:54:06.591Z] INFO: Finished Test Case: TC_FILE_008 - Status: PASSED (44ms)

[2026-07-19T16:54:06.591Z] INFO: Starting Test Case: TC_FILE_009 - File Upload validation check - Scenario 9 [Priority: LOW]
[2026-07-19T16:54:06.625Z] INFO: Finished Test Case: TC_FILE_009 - Status: PASSED (34ms)

[2026-07-19T16:54:06.625Z] INFO: Starting Test Case: TC_FILE_010 - File Upload validation check - Scenario 10 [Priority: MEDIUM]
[2026-07-19T16:54:06.667Z] INFO: Finished Test Case: TC_FILE_010 - Status: PASSED (42ms)

[2026-07-19T16:54:06.667Z] INFO: Starting Test Case: TC_FILE_011 - File Upload validation check - Scenario 11 [Priority: CRITICAL]
[2026-07-19T16:54:06.706Z] INFO: Finished Test Case: TC_FILE_011 - Status: PASSED (39ms)

[2026-07-19T16:54:06.706Z] INFO: Starting Test Case: TC_FILE_012 - File Upload validation check - Scenario 12 [Priority: HIGH]
[2026-07-19T16:54:06.756Z] INFO: Finished Test Case: TC_FILE_012 - Status: PASSED (50ms)

[2026-07-19T16:54:06.756Z] INFO: Starting Test Case: TC_FILE_013 - File Upload validation check - Scenario 13 [Priority: HIGH]
[2026-07-19T16:54:06.783Z] INFO: Finished Test Case: TC_FILE_013 - Status: PASSED (27ms)

[2026-07-19T16:54:06.784Z] INFO: Starting Test Case: TC_FILE_014 - File Upload validation check - Scenario 14 [Priority: LOW]
[2026-07-19T16:54:06.796Z] INFO: Finished Test Case: TC_FILE_014 - Status: PASSED (12ms)

[2026-07-19T16:54:06.796Z] INFO: Starting Test Case: TC_FILE_015 - File Upload validation check - Scenario 15 [Priority: MEDIUM]
[2026-07-19T16:54:06.808Z] INFO: Finished Test Case: TC_FILE_015 - Status: PASSED (11ms)

[2026-07-19T16:54:06.808Z] INFO: Starting Test Case: TC_FILE_016 - File Upload validation check - Scenario 16 [Priority: CRITICAL]
[2026-07-19T16:54:06.821Z] INFO: Finished Test Case: TC_FILE_016 - Status: PASSED (13ms)

[2026-07-19T16:54:06.821Z] INFO: Starting Test Case: TC_FILE_017 - File Upload validation check - Scenario 17 [Priority: HIGH]
[2026-07-19T16:54:06.853Z] INFO: Finished Test Case: TC_FILE_017 - Status: PASSED (32ms)

[2026-07-19T16:54:06.853Z] INFO: Starting Test Case: TC_FILE_018 - File Upload validation check - Scenario 18 [Priority: HIGH]
[2026-07-19T16:54:06.881Z] INFO: Finished Test Case: TC_FILE_018 - Status: PASSED (28ms)

[2026-07-19T16:54:06.882Z] INFO: Starting Test Case: TC_FILE_019 - File Upload validation check - Scenario 19 [Priority: LOW]
[2026-07-19T16:54:06.929Z] INFO: Finished Test Case: TC_FILE_019 - Status: PASSED (47ms)

[2026-07-19T16:54:06.929Z] INFO: Starting Test Case: TC_FILE_020 - File Upload validation check - Scenario 20 [Priority: MEDIUM]
[2026-07-19T16:54:06.970Z] INFO: Finished Test Case: TC_FILE_020 - Status: PASSED (41ms)

[2026-07-19T16:54:06.970Z] INFO: Starting Test Case: TC_A11Y_001 - Accessibility validation check - Scenario 1 [Priority: CRITICAL]
[2026-07-19T16:54:07.005Z] INFO: Finished Test Case: TC_A11Y_001 - Status: PASSED (35ms)

[2026-07-19T16:54:07.005Z] INFO: Starting Test Case: TC_A11Y_002 - Accessibility validation check - Scenario 2 [Priority: HIGH]
[2026-07-19T16:54:07.034Z] INFO: Finished Test Case: TC_A11Y_002 - Status: PASSED (29ms)

[2026-07-19T16:54:07.035Z] INFO: Starting Test Case: TC_A11Y_003 - Accessibility validation check - Scenario 3 [Priority: HIGH]
[2026-07-19T16:54:07.065Z] INFO: Finished Test Case: TC_A11Y_003 - Status: PASSED (30ms)

[2026-07-19T16:54:07.065Z] INFO: Starting Test Case: TC_A11Y_004 - Accessibility validation check - Scenario 4 [Priority: LOW]
[2026-07-19T16:54:07.106Z] INFO: Finished Test Case: TC_A11Y_004 - Status: PASSED (41ms)

[2026-07-19T16:54:07.106Z] INFO: Starting Test Case: TC_A11Y_005 - Accessibility validation check - Scenario 5 [Priority: MEDIUM]
[2026-07-19T16:54:07.146Z] INFO: Finished Test Case: TC_A11Y_005 - Status: PASSED (40ms)

[2026-07-19T16:54:07.146Z] INFO: Starting Test Case: TC_A11Y_006 - Accessibility validation check - Scenario 6 [Priority: CRITICAL]
[2026-07-19T16:54:07.189Z] INFO: Finished Test Case: TC_A11Y_006 - Status: PASSED (43ms)

[2026-07-19T16:54:07.189Z] INFO: Starting Test Case: TC_A11Y_007 - Accessibility validation check - Scenario 7 [Priority: HIGH]
[2026-07-19T16:54:07.219Z] INFO: Finished Test Case: TC_A11Y_007 - Status: PASSED (30ms)

[2026-07-19T16:54:07.220Z] INFO: Starting Test Case: TC_A11Y_008 - Accessibility validation check - Scenario 8 [Priority: HIGH]
[2026-07-19T16:54:07.263Z] INFO: Finished Test Case: TC_A11Y_008 - Status: PASSED (43ms)

[2026-07-19T16:54:07.263Z] INFO: Starting Test Case: TC_A11Y_009 - Accessibility validation check - Scenario 9 [Priority: LOW]
[2026-07-19T16:54:07.293Z] INFO: Finished Test Case: TC_A11Y_009 - Status: PASSED (30ms)

[2026-07-19T16:54:07.293Z] INFO: Starting Test Case: TC_A11Y_010 - Accessibility validation check - Scenario 10 [Priority: MEDIUM]
[2026-07-19T16:54:07.312Z] INFO: Finished Test Case: TC_A11Y_010 - Status: PASSED (19ms)

[2026-07-19T16:54:07.312Z] INFO: Starting Test Case: TC_A11Y_011 - Accessibility validation check - Scenario 11 [Priority: CRITICAL]
[2026-07-19T16:54:07.362Z] INFO: Finished Test Case: TC_A11Y_011 - Status: PASSED (50ms)

[2026-07-19T16:54:07.362Z] INFO: Starting Test Case: TC_A11Y_012 - Accessibility validation check - Scenario 12 [Priority: HIGH]
[2026-07-19T16:54:07.401Z] INFO: Finished Test Case: TC_A11Y_012 - Status: PASSED (39ms)

[2026-07-19T16:54:07.401Z] INFO: Starting Test Case: TC_A11Y_013 - Accessibility validation check - Scenario 13 [Priority: HIGH]
[2026-07-19T16:54:07.444Z] INFO: Finished Test Case: TC_A11Y_013 - Status: PASSED (43ms)

[2026-07-19T16:54:07.444Z] INFO: Starting Test Case: TC_A11Y_014 - Accessibility validation check - Scenario 14 [Priority: LOW]
[2026-07-19T16:54:07.463Z] INFO: Finished Test Case: TC_A11Y_014 - Status: PASSED (19ms)

[2026-07-19T16:54:07.464Z] INFO: Starting Test Case: TC_A11Y_015 - Accessibility validation check - Scenario 15 [Priority: MEDIUM]
[2026-07-19T16:54:07.499Z] INFO: Finished Test Case: TC_A11Y_015 - Status: PASSED (36ms)

[2026-07-19T16:54:07.499Z] INFO: Starting Test Case: TC_A11Y_016 - Accessibility validation check - Scenario 16 [Priority: CRITICAL]
[2026-07-19T16:54:07.511Z] INFO: Finished Test Case: TC_A11Y_016 - Status: PASSED (12ms)

[2026-07-19T16:54:07.512Z] INFO: Starting Test Case: TC_A11Y_017 - Accessibility validation check - Scenario 17 [Priority: HIGH]
[2026-07-19T16:54:07.536Z] INFO: Finished Test Case: TC_A11Y_017 - Status: PASSED (24ms)

[2026-07-19T16:54:07.536Z] INFO: Starting Test Case: TC_A11Y_018 - Accessibility validation check - Scenario 18 [Priority: HIGH]
[2026-07-19T16:54:07.581Z] INFO: Finished Test Case: TC_A11Y_018 - Status: PASSED (44ms)

[2026-07-19T16:54:07.581Z] INFO: Starting Test Case: TC_A11Y_019 - Accessibility validation check - Scenario 19 [Priority: LOW]
[2026-07-19T16:54:07.597Z] INFO: Finished Test Case: TC_A11Y_019 - Status: PASSED (16ms)

[2026-07-19T16:54:07.597Z] INFO: Starting Test Case: TC_A11Y_020 - Accessibility validation check - Scenario 20 [Priority: MEDIUM]
[2026-07-19T16:54:07.617Z] INFO: Finished Test Case: TC_A11Y_020 - Status: PASSED (20ms)

[2026-07-19T16:54:07.617Z] INFO: Starting Test Case: TC_RESPONSIVE_001 - Responsive Design validation check - Scenario 1 [Priority: CRITICAL]
[2026-07-19T16:54:07.628Z] INFO: Finished Test Case: TC_RESPONSIVE_001 - Status: PASSED (11ms)

[2026-07-19T16:54:07.628Z] INFO: Starting Test Case: TC_RESPONSIVE_002 - Responsive Design validation check - Scenario 2 [Priority: HIGH]
[2026-07-19T16:54:07.657Z] INFO: Finished Test Case: TC_RESPONSIVE_002 - Status: PASSED (28ms)

[2026-07-19T16:54:07.657Z] INFO: Starting Test Case: TC_RESPONSIVE_003 - Responsive Design validation check - Scenario 3 [Priority: HIGH]
[2026-07-19T16:54:07.673Z] INFO: Finished Test Case: TC_RESPONSIVE_003 - Status: PASSED (16ms)

[2026-07-19T16:54:07.673Z] INFO: Starting Test Case: TC_RESPONSIVE_004 - Responsive Design validation check - Scenario 4 [Priority: LOW]
[2026-07-19T16:54:07.717Z] INFO: Finished Test Case: TC_RESPONSIVE_004 - Status: PASSED (44ms)

[2026-07-19T16:54:07.717Z] INFO: Starting Test Case: TC_RESPONSIVE_005 - Responsive Design validation check - Scenario 5 [Priority: MEDIUM]
[2026-07-19T16:54:07.729Z] INFO: Finished Test Case: TC_RESPONSIVE_005 - Status: PASSED (12ms)

[2026-07-19T16:54:07.730Z] INFO: Starting Test Case: TC_RESPONSIVE_006 - Responsive Design validation check - Scenario 6 [Priority: CRITICAL]
[2026-07-19T16:54:07.750Z] INFO: Finished Test Case: TC_RESPONSIVE_006 - Status: PASSED (21ms)

[2026-07-19T16:54:07.750Z] INFO: Starting Test Case: TC_RESPONSIVE_007 - Responsive Design validation check - Scenario 7 [Priority: HIGH]
[2026-07-19T16:54:07.778Z] INFO: Finished Test Case: TC_RESPONSIVE_007 - Status: PASSED (28ms)

[2026-07-19T16:54:07.779Z] INFO: Starting Test Case: TC_RESPONSIVE_008 - Responsive Design validation check - Scenario 8 [Priority: HIGH]
[2026-07-19T16:54:07.785Z] INFO: Finished Test Case: TC_RESPONSIVE_008 - Status: PASSED (6ms)

[2026-07-19T16:54:07.785Z] INFO: Starting Test Case: TC_RESPONSIVE_009 - Responsive Design validation check - Scenario 9 [Priority: LOW]
[2026-07-19T16:54:07.792Z] INFO: Finished Test Case: TC_RESPONSIVE_009 - Status: PASSED (7ms)

[2026-07-19T16:54:07.793Z] INFO: Starting Test Case: TC_RESPONSIVE_010 - Responsive Design validation check - Scenario 10 [Priority: MEDIUM]
[2026-07-19T16:54:07.811Z] INFO: Finished Test Case: TC_RESPONSIVE_010 - Status: PASSED (19ms)

[2026-07-19T16:54:07.811Z] INFO: Starting Test Case: TC_RESPONSIVE_011 - Responsive Design validation check - Scenario 11 [Priority: CRITICAL]
[2026-07-19T16:54:07.856Z] INFO: Finished Test Case: TC_RESPONSIVE_011 - Status: PASSED (45ms)

[2026-07-19T16:54:07.857Z] INFO: Starting Test Case: TC_RESPONSIVE_012 - Responsive Design validation check - Scenario 12 [Priority: HIGH]
[2026-07-19T16:54:07.894Z] INFO: Finished Test Case: TC_RESPONSIVE_012 - Status: PASSED (37ms)

[2026-07-19T16:54:07.894Z] INFO: Starting Test Case: TC_RESPONSIVE_013 - Responsive Design validation check - Scenario 13 [Priority: HIGH]
[2026-07-19T16:54:07.944Z] INFO: Finished Test Case: TC_RESPONSIVE_013 - Status: PASSED (49ms)

[2026-07-19T16:54:07.944Z] INFO: Starting Test Case: TC_RESPONSIVE_014 - Responsive Design validation check - Scenario 14 [Priority: LOW]
[2026-07-19T16:54:07.961Z] INFO: Finished Test Case: TC_RESPONSIVE_014 - Status: PASSED (17ms)

[2026-07-19T16:54:07.961Z] INFO: Starting Test Case: TC_RESPONSIVE_015 - Responsive Design validation check - Scenario 15 [Priority: MEDIUM]
[2026-07-19T16:54:08.010Z] INFO: Finished Test Case: TC_RESPONSIVE_015 - Status: PASSED (49ms)

[2026-07-19T16:54:08.010Z] INFO: Starting Test Case: TC_RESPONSIVE_016 - Responsive Design validation check - Scenario 16 [Priority: CRITICAL]
[2026-07-19T16:54:08.016Z] INFO: Finished Test Case: TC_RESPONSIVE_016 - Status: PASSED (6ms)

[2026-07-19T16:54:08.016Z] INFO: Starting Test Case: TC_RESPONSIVE_017 - Responsive Design validation check - Scenario 17 [Priority: HIGH]
[2026-07-19T16:54:08.066Z] INFO: Finished Test Case: TC_RESPONSIVE_017 - Status: PASSED (50ms)

[2026-07-19T16:54:08.066Z] INFO: Starting Test Case: TC_RESPONSIVE_018 - Responsive Design validation check - Scenario 18 [Priority: HIGH]
[2026-07-19T16:54:08.080Z] INFO: Finished Test Case: TC_RESPONSIVE_018 - Status: PASSED (14ms)

[2026-07-19T16:54:08.081Z] INFO: Starting Test Case: TC_RESPONSIVE_019 - Responsive Design validation check - Scenario 19 [Priority: LOW]
[2026-07-19T16:54:08.127Z] INFO: Finished Test Case: TC_RESPONSIVE_019 - Status: PASSED (46ms)

[2026-07-19T16:54:08.127Z] INFO: Starting Test Case: TC_RESPONSIVE_020 - Responsive Design validation check - Scenario 20 [Priority: MEDIUM]
[2026-07-19T16:54:08.156Z] INFO: Finished Test Case: TC_RESPONSIVE_020 - Status: PASSED (29ms)

[2026-07-19T16:54:08.156Z] INFO: Starting Test Case: TC_PERF_001 - Performance Smoke validation check - Scenario 1 [Priority: CRITICAL]
[2026-07-19T16:54:08.185Z] INFO: Finished Test Case: TC_PERF_001 - Status: PASSED (29ms)

[2026-07-19T16:54:08.185Z] INFO: Starting Test Case: TC_PERF_002 - Performance Smoke validation check - Scenario 2 [Priority: HIGH]
[2026-07-19T16:54:08.232Z] INFO: Finished Test Case: TC_PERF_002 - Status: PASSED (47ms)

[2026-07-19T16:54:08.232Z] INFO: Starting Test Case: TC_PERF_003 - Performance Smoke validation check - Scenario 3 [Priority: HIGH]
[2026-07-19T16:54:08.279Z] INFO: Finished Test Case: TC_PERF_003 - Status: PASSED (47ms)

[2026-07-19T16:54:08.279Z] INFO: Starting Test Case: TC_PERF_004 - Performance Smoke validation check - Scenario 4 [Priority: LOW]
[2026-07-19T16:54:08.290Z] INFO: Finished Test Case: TC_PERF_004 - Status: PASSED (11ms)

[2026-07-19T16:54:08.290Z] INFO: Starting Test Case: TC_PERF_005 - Performance Smoke validation check - Scenario 5 [Priority: MEDIUM]
[2026-07-19T16:54:08.302Z] INFO: Finished Test Case: TC_PERF_005 - Status: PASSED (12ms)

[2026-07-19T16:54:08.303Z] INFO: Starting Test Case: TC_PERF_006 - Performance Smoke validation check - Scenario 6 [Priority: CRITICAL]
[2026-07-19T16:54:08.318Z] INFO: Finished Test Case: TC_PERF_006 - Status: PASSED (15ms)

[2026-07-19T16:54:08.318Z] INFO: Starting Test Case: TC_PERF_007 - Performance Smoke validation check - Scenario 7 [Priority: HIGH]
[2026-07-19T16:54:08.344Z] INFO: Finished Test Case: TC_PERF_007 - Status: PASSED (26ms)

[2026-07-19T16:54:08.345Z] INFO: Starting Test Case: TC_PERF_008 - Performance Smoke validation check - Scenario 8 [Priority: HIGH]
[2026-07-19T16:54:08.362Z] INFO: Finished Test Case: TC_PERF_008 - Status: PASSED (17ms)

[2026-07-19T16:54:08.362Z] INFO: Starting Test Case: TC_PERF_009 - Performance Smoke validation check - Scenario 9 [Priority: LOW]
[2026-07-19T16:54:08.404Z] INFO: Finished Test Case: TC_PERF_009 - Status: PASSED (42ms)

[2026-07-19T16:54:08.405Z] INFO: Starting Test Case: TC_PERF_010 - Performance Smoke validation check - Scenario 10 [Priority: MEDIUM]
[2026-07-19T16:54:08.446Z] INFO: Finished Test Case: TC_PERF_010 - Status: PASSED (41ms)

[2026-07-19T16:54:08.446Z] INFO: Starting Test Case: TC_PERF_011 - Performance Smoke validation check - Scenario 11 [Priority: CRITICAL]
[2026-07-19T16:54:08.451Z] INFO: Finished Test Case: TC_PERF_011 - Status: PASSED (5ms)

[2026-07-19T16:54:08.452Z] INFO: Starting Test Case: TC_PERF_012 - Performance Smoke validation check - Scenario 12 [Priority: HIGH]
[2026-07-19T16:54:08.472Z] INFO: Finished Test Case: TC_PERF_012 - Status: PASSED (20ms)

[2026-07-19T16:54:08.472Z] INFO: Starting Test Case: TC_PERF_013 - Performance Smoke validation check - Scenario 13 [Priority: HIGH]
[2026-07-19T16:54:08.508Z] INFO: Finished Test Case: TC_PERF_013 - Status: PASSED (36ms)

[2026-07-19T16:54:08.509Z] INFO: Starting Test Case: TC_PERF_014 - Performance Smoke validation check - Scenario 14 [Priority: LOW]
[2026-07-19T16:54:08.551Z] INFO: Finished Test Case: TC_PERF_014 - Status: PASSED (42ms)

[2026-07-19T16:54:08.551Z] INFO: Starting Test Case: TC_PERF_015 - Performance Smoke validation check - Scenario 15 [Priority: MEDIUM]
[2026-07-19T16:54:08.587Z] INFO: Finished Test Case: TC_PERF_015 - Status: PASSED (36ms)

[2026-07-19T16:54:08.588Z] INFO: Starting Test Case: TC_PERF_016 - Performance Smoke validation check - Scenario 16 [Priority: CRITICAL]
[2026-07-19T16:54:08.595Z] INFO: Finished Test Case: TC_PERF_016 - Status: PASSED (7ms)

[2026-07-19T16:54:08.595Z] INFO: Starting Test Case: TC_PERF_017 - Performance Smoke validation check - Scenario 17 [Priority: HIGH]
[2026-07-19T16:54:08.642Z] INFO: Finished Test Case: TC_PERF_017 - Status: PASSED (47ms)

[2026-07-19T16:54:08.642Z] INFO: Starting Test Case: TC_PERF_018 - Performance Smoke validation check - Scenario 18 [Priority: HIGH]
[2026-07-19T16:54:08.649Z] INFO: Finished Test Case: TC_PERF_018 - Status: PASSED (7ms)

[2026-07-19T16:54:08.649Z] INFO: Starting Test Case: TC_PERF_019 - Performance Smoke validation check - Scenario 19 [Priority: LOW]
[2026-07-19T16:54:08.680Z] INFO: Finished Test Case: TC_PERF_019 - Status: PASSED (31ms)

[2026-07-19T16:54:08.681Z] INFO: Starting Test Case: TC_PERF_020 - Performance Smoke validation check - Scenario 20 [Priority: MEDIUM]
[2026-07-19T16:54:08.722Z] INFO: Finished Test Case: TC_PERF_020 - Status: PASSED (41ms)

[2026-07-19T16:54:08.722Z] INFO: Starting Test Case: TC_REGR_001 - Regression validation check - Scenario 1 [Priority: CRITICAL]
[2026-07-19T16:54:08.748Z] INFO: Finished Test Case: TC_REGR_001 - Status: PASSED (26ms)

[2026-07-19T16:54:08.748Z] INFO: Starting Test Case: TC_REGR_002 - Regression validation check - Scenario 2 [Priority: HIGH]
[2026-07-19T16:54:08.770Z] INFO: Finished Test Case: TC_REGR_002 - Status: PASSED (22ms)

[2026-07-19T16:54:08.770Z] INFO: Starting Test Case: TC_REGR_003 - Regression validation check - Scenario 3 [Priority: HIGH]
[2026-07-19T16:54:08.813Z] INFO: Finished Test Case: TC_REGR_003 - Status: PASSED (43ms)

[2026-07-19T16:54:08.813Z] INFO: Starting Test Case: TC_REGR_004 - Regression validation check - Scenario 4 [Priority: LOW]
[2026-07-19T16:54:08.853Z] INFO: Finished Test Case: TC_REGR_004 - Status: PASSED (40ms)

[2026-07-19T16:54:08.854Z] INFO: Starting Test Case: TC_REGR_005 - Regression validation check - Scenario 5 [Priority: MEDIUM]
[2026-07-19T16:54:08.870Z] INFO: Finished Test Case: TC_REGR_005 - Status: PASSED (17ms)

[2026-07-19T16:54:08.870Z] INFO: Starting Test Case: TC_REGR_006 - Regression validation check - Scenario 6 [Priority: CRITICAL]
[2026-07-19T16:54:08.911Z] INFO: Finished Test Case: TC_REGR_006 - Status: PASSED (41ms)

[2026-07-19T16:54:08.912Z] INFO: Starting Test Case: TC_REGR_007 - Regression validation check - Scenario 7 [Priority: HIGH]
[2026-07-19T16:54:08.958Z] INFO: Finished Test Case: TC_REGR_007 - Status: PASSED (46ms)

[2026-07-19T16:54:08.958Z] INFO: Starting Test Case: TC_REGR_008 - Regression validation check - Scenario 8 [Priority: HIGH]
[2026-07-19T16:54:09.003Z] INFO: Finished Test Case: TC_REGR_008 - Status: PASSED (45ms)

[2026-07-19T16:54:09.003Z] INFO: Starting Test Case: TC_REGR_009 - Regression validation check - Scenario 9 [Priority: LOW]
[2026-07-19T16:54:09.036Z] INFO: Finished Test Case: TC_REGR_009 - Status: PASSED (33ms)

[2026-07-19T16:54:09.036Z] INFO: Starting Test Case: TC_REGR_010 - Regression validation check - Scenario 10 [Priority: MEDIUM]
[2026-07-19T16:54:09.059Z] INFO: Finished Test Case: TC_REGR_010 - Status: PASSED (23ms)

[2026-07-19T16:54:09.059Z] INFO: Starting Test Case: TC_REGR_011 - Regression validation check - Scenario 11 [Priority: CRITICAL]
[2026-07-19T16:54:09.080Z] INFO: Finished Test Case: TC_REGR_011 - Status: PASSED (21ms)

[2026-07-19T16:54:09.080Z] INFO: Starting Test Case: TC_REGR_012 - Regression validation check - Scenario 12 [Priority: HIGH]
[2026-07-19T16:54:09.122Z] INFO: Finished Test Case: TC_REGR_012 - Status: PASSED (42ms)

[2026-07-19T16:54:09.122Z] INFO: Starting Test Case: TC_REGR_013 - Regression validation check - Scenario 13 [Priority: HIGH]
[2026-07-19T16:54:09.132Z] INFO: Finished Test Case: TC_REGR_013 - Status: PASSED (10ms)

[2026-07-19T16:54:09.132Z] INFO: Starting Test Case: TC_REGR_014 - Regression validation check - Scenario 14 [Priority: LOW]
[2026-07-19T16:54:09.176Z] INFO: Finished Test Case: TC_REGR_014 - Status: PASSED (44ms)

[2026-07-19T16:54:09.176Z] INFO: Starting Test Case: TC_REGR_015 - Regression validation check - Scenario 15 [Priority: MEDIUM]
[2026-07-19T16:54:09.196Z] INFO: Finished Test Case: TC_REGR_015 - Status: PASSED (20ms)

[2026-07-19T16:54:09.197Z] INFO: Starting Test Case: TC_REGR_016 - Regression validation check - Scenario 16 [Priority: CRITICAL]
[2026-07-19T16:54:09.205Z] INFO: Finished Test Case: TC_REGR_016 - Status: PASSED (8ms)

[2026-07-19T16:54:09.205Z] INFO: Starting Test Case: TC_REGR_017 - Regression validation check - Scenario 17 [Priority: HIGH]
[2026-07-19T16:54:09.239Z] INFO: Finished Test Case: TC_REGR_017 - Status: PASSED (34ms)

[2026-07-19T16:54:09.240Z] INFO: Starting Test Case: TC_REGR_018 - Regression validation check - Scenario 18 [Priority: HIGH]
[2026-07-19T16:54:09.277Z] INFO: Finished Test Case: TC_REGR_018 - Status: PASSED (37ms)

[2026-07-19T16:54:09.277Z] INFO: Starting Test Case: TC_REGR_019 - Regression validation check - Scenario 19 [Priority: LOW]
[2026-07-19T16:54:09.300Z] INFO: Finished Test Case: TC_REGR_019 - Status: PASSED (23ms)

[2026-07-19T16:54:09.301Z] INFO: Starting Test Case: TC_REGR_020 - Regression validation check - Scenario 20 [Priority: MEDIUM]
[2026-07-19T16:54:09.330Z] INFO: Finished Test Case: TC_REGR_020 - Status: PASSED (29ms)

[2026-07-19T16:54:09.330Z] INFO: Starting Test Case: TC_REGR_021 - Regression validation check - Scenario 21 [Priority: CRITICAL]
[2026-07-19T16:54:09.336Z] INFO: Finished Test Case: TC_REGR_021 - Status: PASSED (6ms)

[2026-07-19T16:54:09.336Z] INFO: Starting Test Case: TC_REGR_022 - Regression validation check - Scenario 22 [Priority: HIGH]
[2026-07-19T16:54:09.367Z] INFO: Finished Test Case: TC_REGR_022 - Status: PASSED (31ms)

[2026-07-19T16:54:09.367Z] INFO: Starting Test Case: TC_REGR_023 - Regression validation check - Scenario 23 [Priority: HIGH]
[2026-07-19T16:54:09.405Z] INFO: Finished Test Case: TC_REGR_023 - Status: PASSED (38ms)

[2026-07-19T16:54:09.405Z] INFO: Starting Test Case: TC_REGR_024 - Regression validation check - Scenario 24 [Priority: LOW]
[2026-07-19T16:54:09.438Z] INFO: Finished Test Case: TC_REGR_024 - Status: PASSED (33ms)

[2026-07-19T16:54:09.438Z] INFO: Starting Test Case: TC_REGR_025 - Regression validation check - Scenario 25 [Priority: MEDIUM]
[2026-07-19T16:54:09.483Z] INFO: Finished Test Case: TC_REGR_025 - Status: PASSED (45ms)

[2026-07-19T16:54:09.483Z] INFO: Starting Test Case: TC_REGR_026 - Regression validation check - Scenario 26 [Priority: CRITICAL]
[2026-07-19T16:54:09.504Z] INFO: Finished Test Case: TC_REGR_026 - Status: PASSED (21ms)

[2026-07-19T16:54:09.505Z] INFO: Starting Test Case: TC_REGR_027 - Regression validation check - Scenario 27 [Priority: HIGH]
[2026-07-19T16:54:09.552Z] INFO: Finished Test Case: TC_REGR_027 - Status: PASSED (47ms)

[2026-07-19T16:54:09.552Z] INFO: Starting Test Case: TC_REGR_028 - Regression validation check - Scenario 28 [Priority: HIGH]
[2026-07-19T16:54:09.601Z] INFO: Finished Test Case: TC_REGR_028 - Status: PASSED (48ms)

[2026-07-19T16:54:09.601Z] INFO: Starting Test Case: TC_REGR_029 - Regression validation check - Scenario 29 [Priority: LOW]
[2026-07-19T16:54:09.638Z] INFO: Finished Test Case: TC_REGR_029 - Status: PASSED (37ms)

[2026-07-19T16:54:09.638Z] INFO: Starting Test Case: TC_REGR_030 - Regression validation check - Scenario 30 [Priority: MEDIUM]
[2026-07-19T16:54:09.646Z] INFO: Finished Test Case: TC_REGR_030 - Status: PASSED (8ms)

[2026-07-19T16:54:09.646Z] INFO: Starting Test Case: TC_REGR_031 - Regression validation check - Scenario 31 [Priority: CRITICAL]
[2026-07-19T16:54:09.660Z] INFO: Finished Test Case: TC_REGR_031 - Status: PASSED (14ms)

[2026-07-19T16:54:09.660Z] INFO: Starting Test Case: TC_REGR_032 - Regression validation check - Scenario 32 [Priority: HIGH]
[2026-07-19T16:54:09.676Z] INFO: Finished Test Case: TC_REGR_032 - Status: PASSED (16ms)

[2026-07-19T16:54:09.677Z] INFO: Starting Test Case: TC_REGR_033 - Regression validation check - Scenario 33 [Priority: HIGH]
[2026-07-19T16:54:09.702Z] INFO: Finished Test Case: TC_REGR_033 - Status: PASSED (25ms)

[2026-07-19T16:54:09.702Z] INFO: Starting Test Case: TC_REGR_034 - Regression validation check - Scenario 34 [Priority: LOW]
[2026-07-19T16:54:09.708Z] INFO: Finished Test Case: TC_REGR_034 - Status: PASSED (6ms)

[2026-07-19T16:54:09.708Z] INFO: Starting Test Case: TC_REGR_035 - Regression validation check - Scenario 35 [Priority: MEDIUM]
[2026-07-19T16:54:09.717Z] INFO: Finished Test Case: TC_REGR_035 - Status: PASSED (9ms)

[2026-07-19T16:54:09.717Z] INFO: Starting Test Case: TC_REGR_036 - Regression validation check - Scenario 36 [Priority: CRITICAL]
[2026-07-19T16:54:09.763Z] INFO: Finished Test Case: TC_REGR_036 - Status: PASSED (46ms)

[2026-07-19T16:54:09.763Z] INFO: Starting Test Case: TC_REGR_037 - Regression validation check - Scenario 37 [Priority: HIGH]
[2026-07-19T16:54:09.793Z] INFO: Finished Test Case: TC_REGR_037 - Status: PASSED (30ms)

[2026-07-19T16:54:09.793Z] INFO: Starting Test Case: TC_REGR_038 - Regression validation check - Scenario 38 [Priority: HIGH]
[2026-07-19T16:54:09.823Z] INFO: Finished Test Case: TC_REGR_038 - Status: PASSED (30ms)

[2026-07-19T16:54:09.824Z] INFO: Starting Test Case: TC_REGR_039 - Regression validation check - Scenario 39 [Priority: LOW]
[2026-07-19T16:54:09.870Z] INFO: Finished Test Case: TC_REGR_039 - Status: PASSED (46ms)

[2026-07-19T16:54:09.870Z] INFO: Starting Test Case: TC_REGR_040 - Regression validation check - Scenario 40 [Priority: MEDIUM]
[2026-07-19T16:54:09.904Z] INFO: Finished Test Case: TC_REGR_040 - Status: PASSED (34ms)

[2026-07-19T16:54:09.905Z] INFO: Starting Test Case: TC_REGR_041 - Regression validation check - Scenario 41 [Priority: CRITICAL]
[2026-07-19T16:54:09.952Z] INFO: Finished Test Case: TC_REGR_041 - Status: PASSED (47ms)

[2026-07-19T16:54:09.952Z] INFO: Starting Test Case: TC_REGR_042 - Regression validation check - Scenario 42 [Priority: HIGH]
[2026-07-19T16:54:09.977Z] INFO: Finished Test Case: TC_REGR_042 - Status: PASSED (25ms)

[2026-07-19T16:54:09.977Z] INFO: Starting Test Case: TC_REGR_043 - Regression validation check - Scenario 43 [Priority: HIGH]
[2026-07-19T16:54:09.992Z] INFO: Finished Test Case: TC_REGR_043 - Status: PASSED (15ms)

[2026-07-19T16:54:09.992Z] INFO: Starting Test Case: TC_REGR_044 - Regression validation check - Scenario 44 [Priority: LOW]
[2026-07-19T16:54:10.023Z] INFO: Finished Test Case: TC_REGR_044 - Status: PASSED (31ms)

[2026-07-19T16:54:10.023Z] INFO: Starting Test Case: TC_REGR_045 - Regression validation check - Scenario 45 [Priority: MEDIUM]
[2026-07-19T16:54:10.045Z] INFO: Finished Test Case: TC_REGR_045 - Status: PASSED (22ms)

[2026-07-19T16:54:10.046Z] INFO: Starting Test Case: TC_REGR_046 - Regression validation check - Scenario 46 [Priority: CRITICAL]
[2026-07-19T16:54:10.082Z] INFO: Finished Test Case: TC_REGR_046 - Status: PASSED (36ms)

[2026-07-19T16:54:10.082Z] INFO: Starting Test Case: TC_REGR_047 - Regression validation check - Scenario 47 [Priority: HIGH]
[2026-07-19T16:54:10.114Z] INFO: Finished Test Case: TC_REGR_047 - Status: PASSED (32ms)

[2026-07-19T16:54:10.115Z] INFO: Starting Test Case: TC_REGR_048 - Regression validation check - Scenario 48 [Priority: HIGH]
[2026-07-19T16:54:10.164Z] INFO: Finished Test Case: TC_REGR_048 - Status: PASSED (49ms)

[2026-07-19T16:54:10.164Z] INFO: Starting Test Case: TC_REGR_049 - Regression validation check - Scenario 49 [Priority: LOW]
[2026-07-19T16:54:10.185Z] INFO: Finished Test Case: TC_REGR_049 - Status: PASSED (21ms)

[2026-07-19T16:54:10.185Z] INFO: Starting Test Case: TC_REGR_050 - Regression validation check - Scenario 50 [Priority: MEDIUM]
[2026-07-19T16:54:10.209Z] INFO: Finished Test Case: TC_REGR_050 - Status: PASSED (24ms)

[2026-07-19T16:54:10.210Z] INFO: Closing Chrome driver session...
[2026-07-19T16:54:10.213Z] INFO: Browser logs saved successfully to: /home/runner/work/pddtesting/pddtesting/automation/reports/Logs/browser-console.log
[2026-07-19T16:54:10.265Z] INFO: Session closed.
[2026-07-19T16:54:10.265Z] INFO: E2E suite execution finished. Total duration: 40.35s
[2026-07-19T16:54:10.266Z] INFO: Generating Excel automation reports...
[2026-07-19T16:54:10.486Z] INFO: Master Excel report written to: /home/runner/work/pddtesting/pddtesting/automation/reports/Excel/Automation_Test_Report.xlsx
[2026-07-19T16:54:10.570Z] INFO: Excel report generation completed successfully!
[2026-07-19T16:54:10.570Z] INFO: Generating HTML automation reports...
[2026-07-19T16:54:10.578Z] INFO: HTML Reports successfully written to: /home/runner/work/pddtesting/pddtesting/automation/reports/HTML
[2026-07-19T16:54:10.579Z] INFO: JSON report generated at: /home/runner/work/pddtesting/pddtesting/automation/reports/JSON/execution-results.json
[2026-07-19T16:54:10.580Z] INFO: Markdown step summary generated at: /home/runner/work/pddtesting/pddtesting/automation/reports/Summary/summary.md
[2026-07-19T16:54:10.580Z] INFO: Final Metrics -> Total: 470, Passed: 467, Pass Rate: 99.36%
[2026-07-19T16:54:10.580Z] INFO: Critical Tests -> Total: 95, Failed: 1, Critical Fail Rate: 1.05%
[2026-07-19T16:54:10.580Z] INFO: Execution Passed: All criteria (Pass Rate >= 95% and Critical Fail Rate <= 5%) met successfully!
