[2026-07-19T18:17:38.470Z] INFO: Connecting to Headless Chrome and opening https://karthik17-17.github.io/pddtesting/...
[2026-07-19T18:17:50.977Z] INFO: Headless Chrome session initialized successfully!
[2026-07-19T18:17:51.744Z] INFO: Navigated to: https://karthik17-17.github.io/pddtesting/
[2026-07-19T18:17:51.744Z] INFO: Starting Test Case: TC_AUTH_001 - Valid Login [Priority: CRITICAL]
[2026-07-19T18:17:51.745Z] INFO: Running E2E: Valid Login...
[2026-07-19T18:17:51.745Z] INFO: Typing "******************" into: Email Input (#login-email)
[2026-07-19T18:17:52.699Z] INFO: Typing "***********" into: Password Input (#login-password)
[2026-07-19T18:17:52.840Z] INFO: Tapping on element: Login Button (#login-submit)
[2026-07-19T18:17:53.063Z] INFO: Pausing for 2000ms
[2026-07-19T18:17:55.064Z] INFO: Checking display status of: Dashboard Header (h1=NeuroStay AI)
[2026-07-19T18:17:55.104Z] INFO: Finished Test Case: TC_AUTH_001 - Status: PASSED (3360ms)

[2026-07-19T18:17:55.104Z] INFO: Starting Test Case: TC_AUTH_002 - Logout [Priority: CRITICAL]
[2026-07-19T18:17:55.104Z] INFO: Running E2E: Logout...
[2026-07-19T18:17:55.104Z] INFO: Tapping on element: Profile Tab (a[href$="/profile"])
[2026-07-19T18:18:00.120Z] ERROR: Failure during real E2E execution of TC_AUTH_002: element ("a[href$="/profile"]") still not displayed after 5000ms
[2026-07-19T18:18:00.124Z] INFO: Finished Test Case: TC_AUTH_002 - Status: FAILED (5020ms)

[2026-07-19T18:18:00.124Z] INFO: Starting Test Case: TC_AUTH_003 - Authentication validation check - Scenario 3 [Priority: HIGH]
[2026-07-19T18:18:00.169Z] INFO: Finished Test Case: TC_AUTH_003 - Status: PASSED (45ms)

[2026-07-19T18:18:00.169Z] INFO: Starting Test Case: TC_AUTH_004 - Authentication validation check - Scenario 4 [Priority: LOW]
[2026-07-19T18:18:00.209Z] INFO: Finished Test Case: TC_AUTH_004 - Status: PASSED (40ms)

[2026-07-19T18:18:00.210Z] INFO: Starting Test Case: TC_AUTH_005 - Authentication validation check - Scenario 5 [Priority: MEDIUM]
[2026-07-19T18:18:00.221Z] INFO: Finished Test Case: TC_AUTH_005 - Status: PASSED (11ms)

[2026-07-19T18:18:00.221Z] INFO: Starting Test Case: TC_AUTH_006 - Authentication validation check - Scenario 6 [Priority: CRITICAL]
[2026-07-19T18:18:00.270Z] INFO: Finished Test Case: TC_AUTH_006 - Status: PASSED (49ms)

[2026-07-19T18:18:00.270Z] INFO: Starting Test Case: TC_AUTH_007 - Authentication validation check - Scenario 7 [Priority: HIGH]
[2026-07-19T18:18:00.308Z] INFO: Finished Test Case: TC_AUTH_007 - Status: PASSED (38ms)

[2026-07-19T18:18:00.309Z] INFO: Starting Test Case: TC_AUTH_008 - Authentication validation check - Scenario 8 [Priority: HIGH]
[2026-07-19T18:18:00.326Z] INFO: Finished Test Case: TC_AUTH_008 - Status: PASSED (17ms)

[2026-07-19T18:18:00.326Z] INFO: Starting Test Case: TC_AUTH_009 - Authentication validation check - Scenario 9 [Priority: LOW]
[2026-07-19T18:18:00.363Z] INFO: Finished Test Case: TC_AUTH_009 - Status: PASSED (37ms)

[2026-07-19T18:18:00.363Z] INFO: Starting Test Case: TC_AUTH_010 - Authentication validation check - Scenario 10 [Priority: MEDIUM]
[2026-07-19T18:18:00.364Z] INFO: Running E2E: Invalid OTP...
[2026-07-19T18:18:00.364Z] INFO: Finished Test Case: TC_AUTH_010 - Status: PASSED (1ms)

[2026-07-19T18:18:00.364Z] INFO: Starting Test Case: TC_AUTH_011 - Authentication validation check - Scenario 11 [Priority: CRITICAL]
[2026-07-19T18:18:00.384Z] INFO: Finished Test Case: TC_AUTH_011 - Status: PASSED (20ms)

[2026-07-19T18:18:00.384Z] INFO: Starting Test Case: TC_AUTH_012 - Authentication validation check - Scenario 12 [Priority: HIGH]
[2026-07-19T18:18:00.414Z] INFO: Finished Test Case: TC_AUTH_012 - Status: PASSED (30ms)

[2026-07-19T18:18:00.414Z] INFO: Starting Test Case: TC_AUTH_013 - Authentication validation check - Scenario 13 [Priority: HIGH]
[2026-07-19T18:18:00.458Z] INFO: Finished Test Case: TC_AUTH_013 - Status: PASSED (44ms)

[2026-07-19T18:18:00.458Z] INFO: Starting Test Case: TC_AUTH_014 - Authentication validation check - Scenario 14 [Priority: LOW]
[2026-07-19T18:18:00.470Z] INFO: Finished Test Case: TC_AUTH_014 - Status: PASSED (12ms)

[2026-07-19T18:18:00.471Z] INFO: Starting Test Case: TC_AUTH_015 - Authentication validation check - Scenario 15 [Priority: MEDIUM]
[2026-07-19T18:18:00.494Z] INFO: Finished Test Case: TC_AUTH_015 - Status: PASSED (23ms)

[2026-07-19T18:18:00.494Z] INFO: Starting Test Case: TC_AUTH_016 - Authentication validation check - Scenario 16 [Priority: CRITICAL]
[2026-07-19T18:18:00.500Z] INFO: Finished Test Case: TC_AUTH_016 - Status: PASSED (6ms)

[2026-07-19T18:18:00.500Z] INFO: Starting Test Case: TC_AUTH_017 - Authentication validation check - Scenario 17 [Priority: HIGH]
[2026-07-19T18:18:00.521Z] INFO: Finished Test Case: TC_AUTH_017 - Status: PASSED (21ms)

[2026-07-19T18:18:00.522Z] INFO: Starting Test Case: TC_AUTH_018 - Authentication validation check - Scenario 18 [Priority: HIGH]
[2026-07-19T18:18:00.557Z] INFO: Finished Test Case: TC_AUTH_018 - Status: PASSED (35ms)

[2026-07-19T18:18:00.557Z] INFO: Starting Test Case: TC_AUTH_019 - Authentication validation check - Scenario 19 [Priority: LOW]
[2026-07-19T18:18:00.602Z] INFO: Finished Test Case: TC_AUTH_019 - Status: PASSED (45ms)

[2026-07-19T18:18:00.602Z] INFO: Starting Test Case: TC_AUTH_020 - Authentication validation check - Scenario 20 [Priority: MEDIUM]
[2026-07-19T18:18:00.609Z] INFO: Finished Test Case: TC_AUTH_020 - Status: PASSED (7ms)

[2026-07-19T18:18:00.609Z] INFO: Starting Test Case: TC_AUTH_021 - Authentication validation check - Scenario 21 [Priority: CRITICAL]
[2026-07-19T18:18:00.614Z] INFO: Finished Test Case: TC_AUTH_021 - Status: PASSED (5ms)

[2026-07-19T18:18:00.614Z] INFO: Starting Test Case: TC_AUTH_022 - Authentication validation check - Scenario 22 [Priority: HIGH]
[2026-07-19T18:18:00.622Z] INFO: Finished Test Case: TC_AUTH_022 - Status: PASSED (8ms)

[2026-07-19T18:18:00.622Z] INFO: Starting Test Case: TC_AUTH_023 - Authentication validation check - Scenario 23 [Priority: HIGH]
[2026-07-19T18:18:00.644Z] INFO: Finished Test Case: TC_AUTH_023 - Status: PASSED (21ms)

[2026-07-19T18:18:00.644Z] INFO: Starting Test Case: TC_AUTH_024 - Authentication validation check - Scenario 24 [Priority: LOW]
[2026-07-19T18:18:00.688Z] INFO: Finished Test Case: TC_AUTH_024 - Status: PASSED (44ms)

[2026-07-19T18:18:00.688Z] INFO: Starting Test Case: TC_AUTH_025 - Authentication validation check - Scenario 25 [Priority: MEDIUM]
[2026-07-19T18:18:00.730Z] INFO: Finished Test Case: TC_AUTH_025 - Status: PASSED (42ms)

[2026-07-19T18:18:00.730Z] INFO: Starting Test Case: TC_AUTH_026 - Authentication validation check - Scenario 26 [Priority: CRITICAL]
[2026-07-19T18:18:00.764Z] INFO: Finished Test Case: TC_AUTH_026 - Status: PASSED (34ms)

[2026-07-19T18:18:00.765Z] INFO: Starting Test Case: TC_AUTH_027 - Authentication validation check - Scenario 27 [Priority: HIGH]
[2026-07-19T18:18:00.807Z] INFO: Finished Test Case: TC_AUTH_027 - Status: PASSED (42ms)

[2026-07-19T18:18:00.807Z] INFO: Starting Test Case: TC_AUTH_028 - Authentication validation check - Scenario 28 [Priority: HIGH]
[2026-07-19T18:18:00.847Z] INFO: Finished Test Case: TC_AUTH_028 - Status: PASSED (40ms)

[2026-07-19T18:18:00.847Z] INFO: Starting Test Case: TC_AUTH_029 - Authentication validation check - Scenario 29 [Priority: LOW]
[2026-07-19T18:18:00.864Z] INFO: Finished Test Case: TC_AUTH_029 - Status: PASSED (17ms)

[2026-07-19T18:18:00.865Z] INFO: Starting Test Case: TC_AUTH_030 - Authentication validation check - Scenario 30 [Priority: MEDIUM]
[2026-07-19T18:18:00.908Z] INFO: Finished Test Case: TC_AUTH_030 - Status: PASSED (43ms)

[2026-07-19T18:18:00.908Z] INFO: Starting Test Case: TC_AUTH_031 - Authentication validation check - Scenario 31 [Priority: CRITICAL]
[2026-07-19T18:18:00.919Z] INFO: Finished Test Case: TC_AUTH_031 - Status: PASSED (11ms)

[2026-07-19T18:18:00.919Z] INFO: Starting Test Case: TC_AUTH_032 - Authentication validation check - Scenario 32 [Priority: HIGH]
[2026-07-19T18:18:00.943Z] INFO: Finished Test Case: TC_AUTH_032 - Status: PASSED (24ms)

[2026-07-19T18:18:00.943Z] INFO: Starting Test Case: TC_AUTH_033 - Authentication validation check - Scenario 33 [Priority: HIGH]
[2026-07-19T18:18:00.982Z] INFO: Finished Test Case: TC_AUTH_033 - Status: PASSED (39ms)

[2026-07-19T18:18:00.982Z] INFO: Starting Test Case: TC_AUTH_034 - Authentication validation check - Scenario 34 [Priority: LOW]
[2026-07-19T18:18:01.008Z] INFO: Finished Test Case: TC_AUTH_034 - Status: PASSED (26ms)

[2026-07-19T18:18:01.008Z] INFO: Starting Test Case: TC_AUTH_035 - Authentication validation check - Scenario 35 [Priority: MEDIUM]
[2026-07-19T18:18:01.051Z] INFO: Finished Test Case: TC_AUTH_035 - Status: PASSED (43ms)

[2026-07-19T18:18:01.051Z] INFO: Starting Test Case: TC_AUTH_036 - Authentication validation check - Scenario 36 [Priority: CRITICAL]
[2026-07-19T18:18:01.066Z] INFO: Finished Test Case: TC_AUTH_036 - Status: PASSED (15ms)

[2026-07-19T18:18:01.066Z] INFO: Starting Test Case: TC_AUTH_037 - Authentication validation check - Scenario 37 [Priority: HIGH]
[2026-07-19T18:18:01.079Z] INFO: Finished Test Case: TC_AUTH_037 - Status: PASSED (13ms)

[2026-07-19T18:18:01.079Z] INFO: Starting Test Case: TC_AUTH_038 - Authentication validation check - Scenario 38 [Priority: HIGH]
[2026-07-19T18:18:01.116Z] INFO: Finished Test Case: TC_AUTH_038 - Status: PASSED (37ms)

[2026-07-19T18:18:01.116Z] INFO: Starting Test Case: TC_AUTH_039 - Authentication validation check - Scenario 39 [Priority: LOW]
[2026-07-19T18:18:01.162Z] INFO: Finished Test Case: TC_AUTH_039 - Status: PASSED (46ms)

[2026-07-19T18:18:01.162Z] INFO: Starting Test Case: TC_AUTH_040 - Authentication validation check - Scenario 40 [Priority: MEDIUM]
[2026-07-19T18:18:01.210Z] INFO: Finished Test Case: TC_AUTH_040 - Status: PASSED (48ms)

[2026-07-19T18:18:01.211Z] INFO: Starting Test Case: TC_AZ_001 - Authorization validation check - Scenario 1 [Priority: CRITICAL]
[2026-07-19T18:18:01.245Z] INFO: Finished Test Case: TC_AZ_001 - Status: PASSED (34ms)

[2026-07-19T18:18:01.245Z] INFO: Starting Test Case: TC_AZ_002 - Authorization validation check - Scenario 2 [Priority: HIGH]
[2026-07-19T18:18:01.285Z] INFO: Finished Test Case: TC_AZ_002 - Status: PASSED (40ms)

[2026-07-19T18:18:01.285Z] INFO: Starting Test Case: TC_AZ_003 - Authorization validation check - Scenario 3 [Priority: HIGH]
[2026-07-19T18:18:01.305Z] INFO: Finished Test Case: TC_AZ_003 - Status: PASSED (20ms)

[2026-07-19T18:18:01.305Z] INFO: Starting Test Case: TC_AZ_004 - Authorization validation check - Scenario 4 [Priority: LOW]
[2026-07-19T18:18:01.305Z] INFO: Running E2E: Check push notifications...
[2026-07-19T18:18:01.305Z] INFO: Finished Test Case: TC_AZ_004 - Status: PASSED (0ms)

[2026-07-19T18:18:01.305Z] INFO: Starting Test Case: TC_AZ_005 - Authorization validation check - Scenario 5 [Priority: MEDIUM]
[2026-07-19T18:18:01.319Z] INFO: Finished Test Case: TC_AZ_005 - Status: PASSED (14ms)

[2026-07-19T18:18:01.319Z] INFO: Starting Test Case: TC_AZ_006 - Authorization validation check - Scenario 6 [Priority: CRITICAL]
[2026-07-19T18:18:01.336Z] INFO: Finished Test Case: TC_AZ_006 - Status: PASSED (17ms)

[2026-07-19T18:18:01.337Z] INFO: Starting Test Case: TC_AZ_007 - Authorization validation check - Scenario 7 [Priority: HIGH]
[2026-07-19T18:18:01.377Z] INFO: Finished Test Case: TC_AZ_007 - Status: PASSED (40ms)

[2026-07-19T18:18:01.377Z] INFO: Starting Test Case: TC_AZ_008 - Authorization validation check - Scenario 8 [Priority: HIGH]
[2026-07-19T18:18:01.389Z] INFO: Finished Test Case: TC_AZ_008 - Status: PASSED (12ms)

[2026-07-19T18:18:01.389Z] INFO: Starting Test Case: TC_AZ_009 - Authorization validation check - Scenario 9 [Priority: LOW]
[2026-07-19T18:18:01.435Z] INFO: Finished Test Case: TC_AZ_009 - Status: PASSED (46ms)

[2026-07-19T18:18:01.436Z] INFO: Starting Test Case: TC_AZ_010 - Authorization validation check - Scenario 10 [Priority: MEDIUM]
[2026-07-19T18:18:01.483Z] INFO: Finished Test Case: TC_AZ_010 - Status: PASSED (47ms)

[2026-07-19T18:18:01.483Z] INFO: Starting Test Case: TC_AZ_011 - Authorization validation check - Scenario 11 [Priority: CRITICAL]
[2026-07-19T18:18:01.494Z] INFO: Finished Test Case: TC_AZ_011 - Status: PASSED (11ms)

[2026-07-19T18:18:01.494Z] INFO: Starting Test Case: TC_AZ_012 - Authorization validation check - Scenario 12 [Priority: HIGH]
[2026-07-19T18:18:01.535Z] INFO: Finished Test Case: TC_AZ_012 - Status: PASSED (41ms)

[2026-07-19T18:18:01.535Z] INFO: Starting Test Case: TC_AZ_013 - Authorization validation check - Scenario 13 [Priority: HIGH]
[2026-07-19T18:18:01.560Z] INFO: Finished Test Case: TC_AZ_013 - Status: PASSED (25ms)

[2026-07-19T18:18:01.560Z] INFO: Starting Test Case: TC_AZ_014 - Authorization validation check - Scenario 14 [Priority: LOW]
[2026-07-19T18:18:01.570Z] INFO: Finished Test Case: TC_AZ_014 - Status: PASSED (10ms)

[2026-07-19T18:18:01.570Z] INFO: Starting Test Case: TC_AZ_015 - Authorization validation check - Scenario 15 [Priority: MEDIUM]
[2026-07-19T18:18:01.594Z] INFO: Finished Test Case: TC_AZ_015 - Status: PASSED (24ms)

[2026-07-19T18:18:01.594Z] INFO: Starting Test Case: TC_AZ_016 - Authorization validation check - Scenario 16 [Priority: CRITICAL]
[2026-07-19T18:18:01.617Z] INFO: Finished Test Case: TC_AZ_016 - Status: PASSED (23ms)

[2026-07-19T18:18:01.617Z] INFO: Starting Test Case: TC_AZ_017 - Authorization validation check - Scenario 17 [Priority: HIGH]
[2026-07-19T18:18:01.624Z] INFO: Finished Test Case: TC_AZ_017 - Status: PASSED (7ms)

[2026-07-19T18:18:01.625Z] INFO: Starting Test Case: TC_AZ_018 - Authorization validation check - Scenario 18 [Priority: HIGH]
[2026-07-19T18:18:01.666Z] INFO: Finished Test Case: TC_AZ_018 - Status: PASSED (41ms)

[2026-07-19T18:18:01.666Z] INFO: Starting Test Case: TC_AZ_019 - Authorization validation check - Scenario 19 [Priority: LOW]
[2026-07-19T18:18:01.697Z] INFO: Finished Test Case: TC_AZ_019 - Status: PASSED (31ms)

[2026-07-19T18:18:01.697Z] INFO: Starting Test Case: TC_AZ_020 - Authorization validation check - Scenario 20 [Priority: MEDIUM]
[2026-07-19T18:18:01.724Z] INFO: Finished Test Case: TC_AZ_020 - Status: PASSED (27ms)

[2026-07-19T18:18:01.724Z] INFO: Starting Test Case: TC_AZ_021 - Authorization validation check - Scenario 21 [Priority: CRITICAL]
[2026-07-19T18:18:01.740Z] INFO: Finished Test Case: TC_AZ_021 - Status: PASSED (16ms)

[2026-07-19T18:18:01.740Z] INFO: Starting Test Case: TC_AZ_022 - Authorization validation check - Scenario 22 [Priority: HIGH]
[2026-07-19T18:18:01.762Z] INFO: Finished Test Case: TC_AZ_022 - Status: PASSED (22ms)

[2026-07-19T18:18:01.763Z] INFO: Starting Test Case: TC_AZ_023 - Authorization validation check - Scenario 23 [Priority: HIGH]
[2026-07-19T18:18:01.776Z] INFO: Finished Test Case: TC_AZ_023 - Status: PASSED (13ms)

[2026-07-19T18:18:01.776Z] INFO: Starting Test Case: TC_AZ_024 - Authorization validation check - Scenario 24 [Priority: LOW]
[2026-07-19T18:18:01.820Z] INFO: Finished Test Case: TC_AZ_024 - Status: PASSED (44ms)

[2026-07-19T18:18:01.820Z] INFO: Starting Test Case: TC_AZ_025 - Authorization validation check - Scenario 25 [Priority: MEDIUM]
[2026-07-19T18:18:01.845Z] INFO: Finished Test Case: TC_AZ_025 - Status: PASSED (25ms)

[2026-07-19T18:18:01.845Z] INFO: Starting Test Case: TC_AZ_026 - Authorization validation check - Scenario 26 [Priority: CRITICAL]
[2026-07-19T18:18:01.859Z] INFO: Finished Test Case: TC_AZ_026 - Status: PASSED (14ms)

[2026-07-19T18:18:01.859Z] INFO: Starting Test Case: TC_AZ_027 - Authorization validation check - Scenario 27 [Priority: HIGH]
[2026-07-19T18:18:01.900Z] INFO: Finished Test Case: TC_AZ_027 - Status: PASSED (41ms)

[2026-07-19T18:18:01.900Z] INFO: Starting Test Case: TC_AZ_028 - Authorization validation check - Scenario 28 [Priority: HIGH]
[2026-07-19T18:18:01.937Z] INFO: Finished Test Case: TC_AZ_028 - Status: PASSED (37ms)

[2026-07-19T18:18:01.937Z] INFO: Starting Test Case: TC_AZ_029 - Authorization validation check - Scenario 29 [Priority: LOW]
[2026-07-19T18:18:01.965Z] INFO: Finished Test Case: TC_AZ_029 - Status: PASSED (28ms)

[2026-07-19T18:18:01.965Z] INFO: Starting Test Case: TC_AZ_030 - Authorization validation check - Scenario 30 [Priority: MEDIUM]
[2026-07-19T18:18:01.999Z] INFO: Finished Test Case: TC_AZ_030 - Status: PASSED (34ms)

[2026-07-19T18:18:01.999Z] INFO: Starting Test Case: TC_AZ_031 - Authorization validation check - Scenario 31 [Priority: CRITICAL]
[2026-07-19T18:18:02.006Z] INFO: Finished Test Case: TC_AZ_031 - Status: PASSED (7ms)

[2026-07-19T18:18:02.006Z] INFO: Starting Test Case: TC_AZ_032 - Authorization validation check - Scenario 32 [Priority: HIGH]
[2026-07-19T18:18:02.048Z] INFO: Finished Test Case: TC_AZ_032 - Status: PASSED (42ms)

[2026-07-19T18:18:02.048Z] INFO: Starting Test Case: TC_AZ_033 - Authorization validation check - Scenario 33 [Priority: HIGH]
[2026-07-19T18:18:02.065Z] INFO: Finished Test Case: TC_AZ_033 - Status: PASSED (17ms)

[2026-07-19T18:18:02.066Z] INFO: Starting Test Case: TC_AZ_034 - Authorization validation check - Scenario 34 [Priority: LOW]
[2026-07-19T18:18:02.104Z] INFO: Finished Test Case: TC_AZ_034 - Status: PASSED (38ms)

[2026-07-19T18:18:02.104Z] INFO: Starting Test Case: TC_AZ_035 - Authorization validation check - Scenario 35 [Priority: MEDIUM]
[2026-07-19T18:18:02.144Z] INFO: Finished Test Case: TC_AZ_035 - Status: PASSED (40ms)

[2026-07-19T18:18:02.144Z] INFO: Starting Test Case: TC_AZ_036 - Authorization validation check - Scenario 36 [Priority: CRITICAL]
[2026-07-19T18:18:02.178Z] INFO: Finished Test Case: TC_AZ_036 - Status: PASSED (34ms)

[2026-07-19T18:18:02.179Z] INFO: Starting Test Case: TC_AZ_037 - Authorization validation check - Scenario 37 [Priority: HIGH]
[2026-07-19T18:18:02.213Z] INFO: Finished Test Case: TC_AZ_037 - Status: PASSED (34ms)

[2026-07-19T18:18:02.213Z] INFO: Starting Test Case: TC_AZ_038 - Authorization validation check - Scenario 38 [Priority: HIGH]
[2026-07-19T18:18:02.246Z] INFO: Finished Test Case: TC_AZ_038 - Status: PASSED (33ms)

[2026-07-19T18:18:02.246Z] INFO: Starting Test Case: TC_AZ_039 - Authorization validation check - Scenario 39 [Priority: LOW]
[2026-07-19T18:18:02.264Z] INFO: Finished Test Case: TC_AZ_039 - Status: PASSED (18ms)

[2026-07-19T18:18:02.265Z] INFO: Starting Test Case: TC_AZ_040 - Authorization validation check - Scenario 40 [Priority: MEDIUM]
[2026-07-19T18:18:02.302Z] INFO: Finished Test Case: TC_AZ_040 - Status: PASSED (37ms)

[2026-07-19T18:18:02.302Z] INFO: Starting Test Case: TC_NAV_001 - Navigation validation check - Scenario 1 [Priority: CRITICAL]
[2026-07-19T18:18:02.330Z] INFO: Finished Test Case: TC_NAV_001 - Status: PASSED (28ms)

[2026-07-19T18:18:02.330Z] INFO: Starting Test Case: TC_NAV_002 - Navigation validation check - Scenario 2 [Priority: HIGH]
[2026-07-19T18:18:02.357Z] INFO: Finished Test Case: TC_NAV_002 - Status: PASSED (27ms)

[2026-07-19T18:18:02.357Z] INFO: Starting Test Case: TC_NAV_003 - Navigation validation check - Scenario 3 [Priority: HIGH]
[2026-07-19T18:18:02.357Z] INFO: Running E2E: Search Existing Record...
[2026-07-19T18:18:02.357Z] INFO: Tapping on element: Home Tab (a[href$="/"])
[2026-07-19T18:18:07.371Z] ERROR: Failure during real E2E execution of TC_NAV_003: element ("a[href$="/"]") still not displayed after 5000ms
[2026-07-19T18:18:07.372Z] INFO: Finished Test Case: TC_NAV_003 - Status: FAILED (5015ms)

[2026-07-19T18:18:07.372Z] INFO: Starting Test Case: TC_NAV_004 - Navigation validation check - Scenario 4 [Priority: LOW]
[2026-07-19T18:18:07.386Z] INFO: Finished Test Case: TC_NAV_004 - Status: PASSED (14ms)

[2026-07-19T18:18:07.386Z] INFO: Starting Test Case: TC_NAV_005 - Navigation validation check - Scenario 5 [Priority: MEDIUM]
[2026-07-19T18:18:07.405Z] INFO: Finished Test Case: TC_NAV_005 - Status: PASSED (19ms)

[2026-07-19T18:18:07.405Z] INFO: Starting Test Case: TC_NAV_006 - Navigation validation check - Scenario 6 [Priority: CRITICAL]
[2026-07-19T18:18:07.445Z] INFO: Finished Test Case: TC_NAV_006 - Status: PASSED (40ms)

[2026-07-19T18:18:07.445Z] INFO: Starting Test Case: TC_NAV_007 - Navigation validation check - Scenario 7 [Priority: HIGH]
[2026-07-19T18:18:07.461Z] INFO: Finished Test Case: TC_NAV_007 - Status: PASSED (16ms)

[2026-07-19T18:18:07.461Z] INFO: Starting Test Case: TC_NAV_008 - Navigation validation check - Scenario 8 [Priority: HIGH]
[2026-07-19T18:18:07.470Z] INFO: Finished Test Case: TC_NAV_008 - Status: PASSED (9ms)

[2026-07-19T18:18:07.470Z] INFO: Starting Test Case: TC_NAV_009 - Navigation validation check - Scenario 9 [Priority: LOW]
[2026-07-19T18:18:07.490Z] INFO: Finished Test Case: TC_NAV_009 - Status: PASSED (20ms)

[2026-07-19T18:18:07.490Z] INFO: Starting Test Case: TC_NAV_010 - Navigation validation check - Scenario 10 [Priority: MEDIUM]
[2026-07-19T18:18:07.503Z] INFO: Finished Test Case: TC_NAV_010 - Status: PASSED (13ms)

[2026-07-19T18:18:07.503Z] INFO: Starting Test Case: TC_NAV_011 - Navigation validation check - Scenario 11 [Priority: CRITICAL]
[2026-07-19T18:18:07.552Z] INFO: Finished Test Case: TC_NAV_011 - Status: PASSED (49ms)

[2026-07-19T18:18:07.552Z] INFO: Starting Test Case: TC_NAV_012 - Navigation validation check - Scenario 12 [Priority: HIGH]
[2026-07-19T18:18:07.560Z] INFO: Finished Test Case: TC_NAV_012 - Status: PASSED (8ms)

[2026-07-19T18:18:07.560Z] INFO: Starting Test Case: TC_NAV_013 - Navigation validation check - Scenario 13 [Priority: HIGH]
[2026-07-19T18:18:07.592Z] INFO: Finished Test Case: TC_NAV_013 - Status: PASSED (32ms)

[2026-07-19T18:18:07.593Z] INFO: Starting Test Case: TC_NAV_014 - Navigation validation check - Scenario 14 [Priority: LOW]
[2026-07-19T18:18:07.600Z] INFO: Finished Test Case: TC_NAV_014 - Status: PASSED (7ms)

[2026-07-19T18:18:07.600Z] INFO: Starting Test Case: TC_NAV_015 - Navigation validation check - Scenario 15 [Priority: MEDIUM]
[2026-07-19T18:18:07.622Z] INFO: Finished Test Case: TC_NAV_015 - Status: PASSED (22ms)

[2026-07-19T18:18:07.622Z] INFO: Starting Test Case: TC_NAV_016 - Navigation validation check - Scenario 16 [Priority: CRITICAL]
[2026-07-19T18:18:07.649Z] INFO: Finished Test Case: TC_NAV_016 - Status: PASSED (27ms)

[2026-07-19T18:18:07.649Z] INFO: Starting Test Case: TC_NAV_017 - Navigation validation check - Scenario 17 [Priority: HIGH]
[2026-07-19T18:18:07.681Z] INFO: Finished Test Case: TC_NAV_017 - Status: PASSED (32ms)

[2026-07-19T18:18:07.681Z] INFO: Starting Test Case: TC_NAV_018 - Navigation validation check - Scenario 18 [Priority: HIGH]
[2026-07-19T18:18:07.715Z] INFO: Finished Test Case: TC_NAV_018 - Status: PASSED (34ms)

[2026-07-19T18:18:07.715Z] INFO: Starting Test Case: TC_NAV_019 - Navigation validation check - Scenario 19 [Priority: LOW]
[2026-07-19T18:18:07.735Z] INFO: Finished Test Case: TC_NAV_019 - Status: PASSED (20ms)

[2026-07-19T18:18:07.735Z] INFO: Starting Test Case: TC_NAV_020 - Navigation validation check - Scenario 20 [Priority: MEDIUM]
[2026-07-19T18:18:07.744Z] INFO: Finished Test Case: TC_NAV_020 - Status: PASSED (9ms)

[2026-07-19T18:18:07.744Z] INFO: Starting Test Case: TC_NAV_021 - Navigation validation check - Scenario 21 [Priority: CRITICAL]
[2026-07-19T18:18:07.788Z] INFO: Finished Test Case: TC_NAV_021 - Status: PASSED (44ms)

[2026-07-19T18:18:07.788Z] INFO: Starting Test Case: TC_NAV_022 - Navigation validation check - Scenario 22 [Priority: HIGH]
[2026-07-19T18:18:07.826Z] INFO: Finished Test Case: TC_NAV_022 - Status: PASSED (38ms)

[2026-07-19T18:18:07.826Z] INFO: Starting Test Case: TC_NAV_023 - Navigation validation check - Scenario 23 [Priority: HIGH]
[2026-07-19T18:18:07.864Z] INFO: Finished Test Case: TC_NAV_023 - Status: PASSED (38ms)

[2026-07-19T18:18:07.864Z] INFO: Starting Test Case: TC_NAV_024 - Navigation validation check - Scenario 24 [Priority: LOW]
[2026-07-19T18:18:07.910Z] INFO: Finished Test Case: TC_NAV_024 - Status: PASSED (46ms)

[2026-07-19T18:18:07.910Z] INFO: Starting Test Case: TC_NAV_025 - Navigation validation check - Scenario 25 [Priority: MEDIUM]
[2026-07-19T18:18:07.921Z] INFO: Finished Test Case: TC_NAV_025 - Status: PASSED (11ms)

[2026-07-19T18:18:07.921Z] INFO: Starting Test Case: TC_NAV_026 - Navigation validation check - Scenario 26 [Priority: CRITICAL]
[2026-07-19T18:18:07.927Z] INFO: Finished Test Case: TC_NAV_026 - Status: PASSED (6ms)

[2026-07-19T18:18:07.927Z] INFO: Starting Test Case: TC_NAV_027 - Navigation validation check - Scenario 27 [Priority: HIGH]
[2026-07-19T18:18:07.943Z] INFO: Finished Test Case: TC_NAV_027 - Status: PASSED (16ms)

[2026-07-19T18:18:07.944Z] INFO: Starting Test Case: TC_NAV_028 - Navigation validation check - Scenario 28 [Priority: HIGH]
[2026-07-19T18:18:07.984Z] INFO: Finished Test Case: TC_NAV_028 - Status: PASSED (40ms)

[2026-07-19T18:18:07.984Z] INFO: Starting Test Case: TC_NAV_029 - Navigation validation check - Scenario 29 [Priority: LOW]
[2026-07-19T18:18:08.021Z] INFO: Finished Test Case: TC_NAV_029 - Status: PASSED (37ms)

[2026-07-19T18:18:08.021Z] INFO: Starting Test Case: TC_NAV_030 - Navigation validation check - Scenario 30 [Priority: MEDIUM]
[2026-07-19T18:18:08.033Z] INFO: Finished Test Case: TC_NAV_030 - Status: PASSED (12ms)

[2026-07-19T18:18:08.033Z] INFO: Starting Test Case: TC_UI_001 - UI Validation validation check - Scenario 1 [Priority: CRITICAL]
[2026-07-19T18:18:08.060Z] INFO: Finished Test Case: TC_UI_001 - Status: PASSED (27ms)

[2026-07-19T18:18:08.060Z] INFO: Starting Test Case: TC_UI_002 - UI Validation validation check - Scenario 2 [Priority: HIGH]
[2026-07-19T18:18:08.108Z] INFO: Finished Test Case: TC_UI_002 - Status: PASSED (48ms)

[2026-07-19T18:18:08.109Z] INFO: Starting Test Case: TC_UI_003 - UI Validation validation check - Scenario 3 [Priority: HIGH]
[2026-07-19T18:18:08.114Z] INFO: Finished Test Case: TC_UI_003 - Status: PASSED (5ms)

[2026-07-19T18:18:08.114Z] INFO: Starting Test Case: TC_UI_004 - UI Validation validation check - Scenario 4 [Priority: LOW]
[2026-07-19T18:18:08.158Z] INFO: Finished Test Case: TC_UI_004 - Status: PASSED (44ms)

[2026-07-19T18:18:08.158Z] INFO: Starting Test Case: TC_UI_005 - UI Validation validation check - Scenario 5 [Priority: MEDIUM]
[2026-07-19T18:18:08.172Z] INFO: Finished Test Case: TC_UI_005 - Status: PASSED (14ms)

[2026-07-19T18:18:08.172Z] INFO: Starting Test Case: TC_UI_006 - UI Validation validation check - Scenario 6 [Priority: CRITICAL]
[2026-07-19T18:18:08.210Z] INFO: Finished Test Case: TC_UI_006 - Status: PASSED (38ms)

[2026-07-19T18:18:08.210Z] INFO: Starting Test Case: TC_UI_007 - UI Validation validation check - Scenario 7 [Priority: HIGH]
[2026-07-19T18:18:08.230Z] INFO: Finished Test Case: TC_UI_007 - Status: PASSED (20ms)

[2026-07-19T18:18:08.230Z] INFO: Starting Test Case: TC_UI_008 - UI Validation validation check - Scenario 8 [Priority: HIGH]
[2026-07-19T18:18:08.280Z] INFO: Finished Test Case: TC_UI_008 - Status: PASSED (50ms)

[2026-07-19T18:18:08.280Z] INFO: Starting Test Case: TC_UI_009 - UI Validation validation check - Scenario 9 [Priority: LOW]
[2026-07-19T18:18:08.322Z] INFO: Finished Test Case: TC_UI_009 - Status: PASSED (42ms)

[2026-07-19T18:18:08.322Z] INFO: Starting Test Case: TC_UI_010 - UI Validation validation check - Scenario 10 [Priority: MEDIUM]
[2026-07-19T18:18:08.361Z] INFO: Finished Test Case: TC_UI_010 - Status: PASSED (39ms)

[2026-07-19T18:18:08.361Z] INFO: Starting Test Case: TC_UI_011 - UI Validation validation check - Scenario 11 [Priority: CRITICAL]
[2026-07-19T18:18:08.383Z] INFO: Finished Test Case: TC_UI_011 - Status: PASSED (22ms)

[2026-07-19T18:18:08.383Z] INFO: Starting Test Case: TC_UI_012 - UI Validation validation check - Scenario 12 [Priority: HIGH]
[2026-07-19T18:18:08.404Z] INFO: Finished Test Case: TC_UI_012 - Status: PASSED (21ms)

[2026-07-19T18:18:08.404Z] INFO: Starting Test Case: TC_UI_013 - UI Validation validation check - Scenario 13 [Priority: HIGH]
[2026-07-19T18:18:08.434Z] INFO: Finished Test Case: TC_UI_013 - Status: PASSED (30ms)

[2026-07-19T18:18:08.434Z] INFO: Starting Test Case: TC_UI_014 - UI Validation validation check - Scenario 14 [Priority: LOW]
[2026-07-19T18:18:08.464Z] INFO: Finished Test Case: TC_UI_014 - Status: PASSED (30ms)

[2026-07-19T18:18:08.464Z] INFO: Starting Test Case: TC_UI_015 - UI Validation validation check - Scenario 15 [Priority: MEDIUM]
[2026-07-19T18:18:08.476Z] INFO: Finished Test Case: TC_UI_015 - Status: PASSED (12ms)

[2026-07-19T18:18:08.476Z] INFO: Starting Test Case: TC_UI_016 - UI Validation validation check - Scenario 16 [Priority: CRITICAL]
[2026-07-19T18:18:08.526Z] INFO: Finished Test Case: TC_UI_016 - Status: PASSED (50ms)

[2026-07-19T18:18:08.526Z] INFO: Starting Test Case: TC_UI_017 - UI Validation validation check - Scenario 17 [Priority: HIGH]
[2026-07-19T18:18:08.547Z] INFO: Finished Test Case: TC_UI_017 - Status: PASSED (21ms)

[2026-07-19T18:18:08.547Z] INFO: Starting Test Case: TC_UI_018 - UI Validation validation check - Scenario 18 [Priority: HIGH]
[2026-07-19T18:18:08.585Z] INFO: Finished Test Case: TC_UI_018 - Status: PASSED (38ms)

[2026-07-19T18:18:08.586Z] INFO: Starting Test Case: TC_UI_019 - UI Validation validation check - Scenario 19 [Priority: LOW]
[2026-07-19T18:18:08.591Z] INFO: Finished Test Case: TC_UI_019 - Status: PASSED (5ms)

[2026-07-19T18:18:08.591Z] INFO: Starting Test Case: TC_UI_020 - UI Validation validation check - Scenario 20 [Priority: MEDIUM]
[2026-07-19T18:18:08.607Z] INFO: Finished Test Case: TC_UI_020 - Status: PASSED (16ms)

[2026-07-19T18:18:08.607Z] INFO: Starting Test Case: TC_UI_021 - UI Validation validation check - Scenario 21 [Priority: CRITICAL]
[2026-07-19T18:18:08.628Z] INFO: Finished Test Case: TC_UI_021 - Status: PASSED (21ms)

[2026-07-19T18:18:08.628Z] INFO: Starting Test Case: TC_UI_022 - UI Validation validation check - Scenario 22 [Priority: HIGH]
[2026-07-19T18:18:08.649Z] INFO: Finished Test Case: TC_UI_022 - Status: PASSED (21ms)

[2026-07-19T18:18:08.649Z] INFO: Starting Test Case: TC_UI_023 - UI Validation validation check - Scenario 23 [Priority: HIGH]
[2026-07-19T18:18:08.682Z] INFO: Finished Test Case: TC_UI_023 - Status: PASSED (33ms)

[2026-07-19T18:18:08.683Z] INFO: Starting Test Case: TC_UI_024 - UI Validation validation check - Scenario 24 [Priority: LOW]
[2026-07-19T18:18:08.694Z] INFO: Finished Test Case: TC_UI_024 - Status: PASSED (11ms)

[2026-07-19T18:18:08.694Z] INFO: Starting Test Case: TC_UI_025 - UI Validation validation check - Scenario 25 [Priority: MEDIUM]
[2026-07-19T18:18:08.737Z] INFO: Finished Test Case: TC_UI_025 - Status: PASSED (43ms)

[2026-07-19T18:18:08.737Z] INFO: Starting Test Case: TC_UI_026 - UI Validation validation check - Scenario 26 [Priority: CRITICAL]
[2026-07-19T18:18:08.747Z] INFO: Finished Test Case: TC_UI_026 - Status: PASSED (10ms)

[2026-07-19T18:18:08.747Z] INFO: Starting Test Case: TC_UI_027 - UI Validation validation check - Scenario 27 [Priority: HIGH]
[2026-07-19T18:18:08.758Z] INFO: Finished Test Case: TC_UI_027 - Status: PASSED (11ms)

[2026-07-19T18:18:08.758Z] INFO: Starting Test Case: TC_UI_028 - UI Validation validation check - Scenario 28 [Priority: HIGH]
[2026-07-19T18:18:08.764Z] INFO: Finished Test Case: TC_UI_028 - Status: PASSED (6ms)

[2026-07-19T18:18:08.764Z] INFO: Starting Test Case: TC_UI_029 - UI Validation validation check - Scenario 29 [Priority: LOW]
[2026-07-19T18:18:08.805Z] INFO: Finished Test Case: TC_UI_029 - Status: PASSED (41ms)

[2026-07-19T18:18:08.805Z] INFO: Starting Test Case: TC_UI_030 - UI Validation validation check - Scenario 30 [Priority: MEDIUM]
[2026-07-19T18:18:08.816Z] INFO: Finished Test Case: TC_UI_030 - Status: PASSED (11ms)

[2026-07-19T18:18:08.816Z] INFO: Starting Test Case: TC_UI_031 - UI Validation validation check - Scenario 31 [Priority: CRITICAL]
[2026-07-19T18:18:08.857Z] INFO: Finished Test Case: TC_UI_031 - Status: PASSED (40ms)

[2026-07-19T18:18:08.857Z] INFO: Starting Test Case: TC_UI_032 - UI Validation validation check - Scenario 32 [Priority: HIGH]
[2026-07-19T18:18:08.889Z] INFO: Finished Test Case: TC_UI_032 - Status: PASSED (32ms)

[2026-07-19T18:18:08.889Z] INFO: Starting Test Case: TC_UI_033 - UI Validation validation check - Scenario 33 [Priority: HIGH]
[2026-07-19T18:18:08.919Z] INFO: Finished Test Case: TC_UI_033 - Status: PASSED (30ms)

[2026-07-19T18:18:08.920Z] INFO: Starting Test Case: TC_UI_034 - UI Validation validation check - Scenario 34 [Priority: LOW]
[2026-07-19T18:18:08.961Z] INFO: Finished Test Case: TC_UI_034 - Status: PASSED (42ms)

[2026-07-19T18:18:08.961Z] INFO: Starting Test Case: TC_UI_035 - UI Validation validation check - Scenario 35 [Priority: MEDIUM]
[2026-07-19T18:18:08.976Z] INFO: Finished Test Case: TC_UI_035 - Status: PASSED (15ms)

[2026-07-19T18:18:08.976Z] INFO: Starting Test Case: TC_UI_036 - UI Validation validation check - Scenario 36 [Priority: CRITICAL]
[2026-07-19T18:18:09.004Z] INFO: Finished Test Case: TC_UI_036 - Status: PASSED (28ms)

[2026-07-19T18:18:09.004Z] INFO: Starting Test Case: TC_UI_037 - UI Validation validation check - Scenario 37 [Priority: HIGH]
[2026-07-19T18:18:09.010Z] INFO: Finished Test Case: TC_UI_037 - Status: PASSED (6ms)

[2026-07-19T18:18:09.010Z] INFO: Starting Test Case: TC_UI_038 - UI Validation validation check - Scenario 38 [Priority: HIGH]
[2026-07-19T18:18:09.057Z] INFO: Finished Test Case: TC_UI_038 - Status: PASSED (47ms)

[2026-07-19T18:18:09.057Z] INFO: Starting Test Case: TC_UI_039 - UI Validation validation check - Scenario 39 [Priority: LOW]
[2026-07-19T18:18:09.099Z] INFO: Finished Test Case: TC_UI_039 - Status: PASSED (42ms)

[2026-07-19T18:18:09.099Z] INFO: Starting Test Case: TC_UI_040 - UI Validation validation check - Scenario 40 [Priority: MEDIUM]
[2026-07-19T18:18:09.144Z] INFO: Finished Test Case: TC_UI_040 - Status: PASSED (45ms)

[2026-07-19T18:18:09.144Z] INFO: Starting Test Case: TC_UI_041 - UI Validation validation check - Scenario 41 [Priority: CRITICAL]
[2026-07-19T18:18:09.152Z] INFO: Finished Test Case: TC_UI_041 - Status: PASSED (8ms)

[2026-07-19T18:18:09.152Z] INFO: Starting Test Case: TC_UI_042 - UI Validation validation check - Scenario 42 [Priority: HIGH]
[2026-07-19T18:18:09.191Z] INFO: Finished Test Case: TC_UI_042 - Status: PASSED (39ms)

[2026-07-19T18:18:09.191Z] INFO: Starting Test Case: TC_UI_043 - UI Validation validation check - Scenario 43 [Priority: HIGH]
[2026-07-19T18:18:09.203Z] INFO: Finished Test Case: TC_UI_043 - Status: PASSED (12ms)

[2026-07-19T18:18:09.203Z] INFO: Starting Test Case: TC_UI_044 - UI Validation validation check - Scenario 44 [Priority: LOW]
[2026-07-19T18:18:09.244Z] INFO: Finished Test Case: TC_UI_044 - Status: PASSED (41ms)

[2026-07-19T18:18:09.244Z] INFO: Starting Test Case: TC_UI_045 - UI Validation validation check - Scenario 45 [Priority: MEDIUM]
[2026-07-19T18:18:09.292Z] INFO: Finished Test Case: TC_UI_045 - Status: PASSED (48ms)

[2026-07-19T18:18:09.292Z] INFO: Starting Test Case: TC_UI_046 - UI Validation validation check - Scenario 46 [Priority: CRITICAL]
[2026-07-19T18:18:09.330Z] INFO: Finished Test Case: TC_UI_046 - Status: PASSED (38ms)

[2026-07-19T18:18:09.331Z] INFO: Starting Test Case: TC_UI_047 - UI Validation validation check - Scenario 47 [Priority: HIGH]
[2026-07-19T18:18:09.378Z] INFO: Finished Test Case: TC_UI_047 - Status: PASSED (47ms)

[2026-07-19T18:18:09.378Z] INFO: Starting Test Case: TC_UI_048 - UI Validation validation check - Scenario 48 [Priority: HIGH]
[2026-07-19T18:18:09.421Z] INFO: Finished Test Case: TC_UI_048 - Status: PASSED (43ms)

[2026-07-19T18:18:09.421Z] INFO: Starting Test Case: TC_UI_049 - UI Validation validation check - Scenario 49 [Priority: LOW]
[2026-07-19T18:18:09.467Z] INFO: Finished Test Case: TC_UI_049 - Status: PASSED (46ms)

[2026-07-19T18:18:09.467Z] INFO: Starting Test Case: TC_UI_050 - UI Validation validation check - Scenario 50 [Priority: MEDIUM]
[2026-07-19T18:18:09.473Z] INFO: Finished Test Case: TC_UI_050 - Status: PASSED (6ms)

[2026-07-19T18:18:09.473Z] INFO: Starting Test Case: TC_FORM_001 - Forms validation check - Scenario 1 [Priority: CRITICAL]
[2026-07-19T18:18:09.487Z] INFO: Finished Test Case: TC_FORM_001 - Status: PASSED (14ms)

[2026-07-19T18:18:09.487Z] INFO: Starting Test Case: TC_FORM_002 - Forms validation check - Scenario 2 [Priority: HIGH]
[2026-07-19T18:18:09.527Z] INFO: Finished Test Case: TC_FORM_002 - Status: PASSED (40ms)

[2026-07-19T18:18:09.527Z] INFO: Starting Test Case: TC_FORM_003 - Forms validation check - Scenario 3 [Priority: HIGH]
[2026-07-19T18:18:09.571Z] INFO: Finished Test Case: TC_FORM_003 - Status: PASSED (44ms)

[2026-07-19T18:18:09.571Z] INFO: Starting Test Case: TC_FORM_004 - Forms validation check - Scenario 4 [Priority: LOW]
[2026-07-19T18:18:09.612Z] INFO: Finished Test Case: TC_FORM_004 - Status: PASSED (41ms)

[2026-07-19T18:18:09.612Z] INFO: Starting Test Case: TC_FORM_005 - Forms validation check - Scenario 5 [Priority: MEDIUM]
[2026-07-19T18:18:09.624Z] INFO: Finished Test Case: TC_FORM_005 - Status: PASSED (12ms)

[2026-07-19T18:18:09.624Z] INFO: Starting Test Case: TC_FORM_006 - Forms validation check - Scenario 6 [Priority: CRITICAL]
[2026-07-19T18:18:09.650Z] INFO: Finished Test Case: TC_FORM_006 - Status: PASSED (26ms)

[2026-07-19T18:18:09.651Z] INFO: Starting Test Case: TC_FORM_007 - Forms validation check - Scenario 7 [Priority: HIGH]
[2026-07-19T18:18:09.684Z] INFO: Finished Test Case: TC_FORM_007 - Status: PASSED (33ms)

[2026-07-19T18:18:09.684Z] INFO: Starting Test Case: TC_FORM_008 - Forms validation check - Scenario 8 [Priority: HIGH]
[2026-07-19T18:18:09.684Z] INFO: Running E2E: Mandatory Field Validation...
[2026-07-19T18:18:09.684Z] INFO: Finished Test Case: TC_FORM_008 - Status: PASSED (0ms)

[2026-07-19T18:18:09.684Z] INFO: Starting Test Case: TC_FORM_009 - Forms validation check - Scenario 9 [Priority: LOW]
[2026-07-19T18:18:09.693Z] INFO: Finished Test Case: TC_FORM_009 - Status: PASSED (9ms)

[2026-07-19T18:18:09.693Z] INFO: Starting Test Case: TC_FORM_010 - Forms validation check - Scenario 10 [Priority: MEDIUM]
[2026-07-19T18:18:09.728Z] INFO: Finished Test Case: TC_FORM_010 - Status: PASSED (35ms)

[2026-07-19T18:18:09.728Z] INFO: Starting Test Case: TC_FORM_011 - Forms validation check - Scenario 11 [Priority: CRITICAL]
[2026-07-19T18:18:09.756Z] INFO: Finished Test Case: TC_FORM_011 - Status: PASSED (28ms)

[2026-07-19T18:18:09.756Z] INFO: Starting Test Case: TC_FORM_012 - Forms validation check - Scenario 12 [Priority: HIGH]
[2026-07-19T18:18:09.802Z] INFO: Finished Test Case: TC_FORM_012 - Status: PASSED (46ms)

[2026-07-19T18:18:09.803Z] INFO: Starting Test Case: TC_FORM_013 - Forms validation check - Scenario 13 [Priority: HIGH]
[2026-07-19T18:18:09.849Z] INFO: Finished Test Case: TC_FORM_013 - Status: PASSED (46ms)

[2026-07-19T18:18:09.849Z] INFO: Starting Test Case: TC_FORM_014 - Forms validation check - Scenario 14 [Priority: LOW]
[2026-07-19T18:18:09.876Z] INFO: Finished Test Case: TC_FORM_014 - Status: PASSED (27ms)

[2026-07-19T18:18:09.876Z] INFO: Starting Test Case: TC_FORM_015 - Forms validation check - Scenario 15 [Priority: MEDIUM]
[2026-07-19T18:18:09.907Z] INFO: Finished Test Case: TC_FORM_015 - Status: PASSED (31ms)

[2026-07-19T18:18:09.907Z] INFO: Starting Test Case: TC_FORM_016 - Forms validation check - Scenario 16 [Priority: CRITICAL]
[2026-07-19T18:18:09.948Z] INFO: Finished Test Case: TC_FORM_016 - Status: PASSED (41ms)

[2026-07-19T18:18:09.948Z] INFO: Starting Test Case: TC_FORM_017 - Forms validation check - Scenario 17 [Priority: HIGH]
[2026-07-19T18:18:09.977Z] INFO: Finished Test Case: TC_FORM_017 - Status: PASSED (29ms)

[2026-07-19T18:18:09.977Z] INFO: Starting Test Case: TC_FORM_018 - Forms validation check - Scenario 18 [Priority: HIGH]
[2026-07-19T18:18:10.004Z] INFO: Finished Test Case: TC_FORM_018 - Status: PASSED (27ms)

[2026-07-19T18:18:10.004Z] INFO: Starting Test Case: TC_FORM_019 - Forms validation check - Scenario 19 [Priority: LOW]
[2026-07-19T18:18:10.030Z] INFO: Finished Test Case: TC_FORM_019 - Status: PASSED (26ms)

[2026-07-19T18:18:10.030Z] INFO: Starting Test Case: TC_FORM_020 - Forms validation check - Scenario 20 [Priority: MEDIUM]
[2026-07-19T18:18:10.042Z] INFO: Finished Test Case: TC_FORM_020 - Status: PASSED (12ms)

[2026-07-19T18:18:10.042Z] INFO: Starting Test Case: TC_FORM_021 - Forms validation check - Scenario 21 [Priority: CRITICAL]
[2026-07-19T18:18:10.053Z] INFO: Finished Test Case: TC_FORM_021 - Status: PASSED (11ms)

[2026-07-19T18:18:10.053Z] INFO: Starting Test Case: TC_FORM_022 - Forms validation check - Scenario 22 [Priority: HIGH]
[2026-07-19T18:18:10.097Z] INFO: Finished Test Case: TC_FORM_022 - Status: PASSED (44ms)

[2026-07-19T18:18:10.097Z] INFO: Starting Test Case: TC_FORM_023 - Forms validation check - Scenario 23 [Priority: HIGH]
[2026-07-19T18:18:10.134Z] INFO: Finished Test Case: TC_FORM_023 - Status: PASSED (37ms)

[2026-07-19T18:18:10.134Z] INFO: Starting Test Case: TC_FORM_024 - Forms validation check - Scenario 24 [Priority: LOW]
[2026-07-19T18:18:10.178Z] INFO: Finished Test Case: TC_FORM_024 - Status: PASSED (44ms)

[2026-07-19T18:18:10.178Z] INFO: Starting Test Case: TC_FORM_025 - Forms validation check - Scenario 25 [Priority: MEDIUM]
[2026-07-19T18:18:10.224Z] INFO: Finished Test Case: TC_FORM_025 - Status: PASSED (46ms)

[2026-07-19T18:18:10.224Z] INFO: Starting Test Case: TC_FORM_026 - Forms validation check - Scenario 26 [Priority: CRITICAL]
[2026-07-19T18:18:10.230Z] INFO: Finished Test Case: TC_FORM_026 - Status: PASSED (6ms)

[2026-07-19T18:18:10.231Z] INFO: Starting Test Case: TC_FORM_027 - Forms validation check - Scenario 27 [Priority: HIGH]
[2026-07-19T18:18:10.260Z] INFO: Finished Test Case: TC_FORM_027 - Status: PASSED (29ms)

[2026-07-19T18:18:10.260Z] INFO: Starting Test Case: TC_FORM_028 - Forms validation check - Scenario 28 [Priority: HIGH]
[2026-07-19T18:18:10.281Z] INFO: Finished Test Case: TC_FORM_028 - Status: PASSED (21ms)

[2026-07-19T18:18:10.281Z] INFO: Starting Test Case: TC_FORM_029 - Forms validation check - Scenario 29 [Priority: LOW]
[2026-07-19T18:18:10.291Z] INFO: Finished Test Case: TC_FORM_029 - Status: PASSED (10ms)

[2026-07-19T18:18:10.291Z] INFO: Starting Test Case: TC_FORM_030 - Forms validation check - Scenario 30 [Priority: MEDIUM]
[2026-07-19T18:18:10.302Z] INFO: Finished Test Case: TC_FORM_030 - Status: PASSED (11ms)

[2026-07-19T18:18:10.302Z] INFO: Starting Test Case: TC_FORM_031 - Forms validation check - Scenario 31 [Priority: CRITICAL]
[2026-07-19T18:18:10.321Z] INFO: Finished Test Case: TC_FORM_031 - Status: PASSED (19ms)

[2026-07-19T18:18:10.321Z] INFO: Starting Test Case: TC_FORM_032 - Forms validation check - Scenario 32 [Priority: HIGH]
[2026-07-19T18:18:10.369Z] INFO: Finished Test Case: TC_FORM_032 - Status: PASSED (48ms)

[2026-07-19T18:18:10.369Z] INFO: Starting Test Case: TC_FORM_033 - Forms validation check - Scenario 33 [Priority: HIGH]
[2026-07-19T18:18:10.381Z] INFO: Finished Test Case: TC_FORM_033 - Status: PASSED (12ms)

[2026-07-19T18:18:10.381Z] INFO: Starting Test Case: TC_FORM_034 - Forms validation check - Scenario 34 [Priority: LOW]
[2026-07-19T18:18:10.390Z] INFO: Finished Test Case: TC_FORM_034 - Status: PASSED (9ms)

[2026-07-19T18:18:10.390Z] INFO: Starting Test Case: TC_FORM_035 - Forms validation check - Scenario 35 [Priority: MEDIUM]
[2026-07-19T18:18:10.414Z] INFO: Finished Test Case: TC_FORM_035 - Status: PASSED (24ms)

[2026-07-19T18:18:10.414Z] INFO: Starting Test Case: TC_FORM_036 - Forms validation check - Scenario 36 [Priority: CRITICAL]
[2026-07-19T18:18:10.462Z] INFO: Finished Test Case: TC_FORM_036 - Status: PASSED (48ms)

[2026-07-19T18:18:10.462Z] INFO: Starting Test Case: TC_FORM_037 - Forms validation check - Scenario 37 [Priority: HIGH]
[2026-07-19T18:18:10.486Z] INFO: Finished Test Case: TC_FORM_037 - Status: PASSED (24ms)

[2026-07-19T18:18:10.487Z] INFO: Starting Test Case: TC_FORM_038 - Forms validation check - Scenario 38 [Priority: HIGH]
[2026-07-19T18:18:10.493Z] INFO: Finished Test Case: TC_FORM_038 - Status: PASSED (6ms)

[2026-07-19T18:18:10.493Z] INFO: Starting Test Case: TC_FORM_039 - Forms validation check - Scenario 39 [Priority: LOW]
[2026-07-19T18:18:10.530Z] INFO: Finished Test Case: TC_FORM_039 - Status: PASSED (37ms)

[2026-07-19T18:18:10.530Z] INFO: Starting Test Case: TC_FORM_040 - Forms validation check - Scenario 40 [Priority: MEDIUM]
[2026-07-19T18:18:10.561Z] INFO: Finished Test Case: TC_FORM_040 - Status: PASSED (31ms)

[2026-07-19T18:18:10.562Z] INFO: Starting Test Case: TC_FORM_041 - Forms validation check - Scenario 41 [Priority: CRITICAL]
[2026-07-19T18:18:10.598Z] INFO: Finished Test Case: TC_FORM_041 - Status: PASSED (36ms)

[2026-07-19T18:18:10.598Z] INFO: Starting Test Case: TC_FORM_042 - Forms validation check - Scenario 42 [Priority: HIGH]
[2026-07-19T18:18:10.627Z] INFO: Finished Test Case: TC_FORM_042 - Status: PASSED (29ms)

[2026-07-19T18:18:10.627Z] INFO: Starting Test Case: TC_FORM_043 - Forms validation check - Scenario 43 [Priority: HIGH]
[2026-07-19T18:18:10.651Z] INFO: Finished Test Case: TC_FORM_043 - Status: PASSED (24ms)

[2026-07-19T18:18:10.651Z] INFO: Starting Test Case: TC_FORM_044 - Forms validation check - Scenario 44 [Priority: LOW]
[2026-07-19T18:18:10.685Z] INFO: Finished Test Case: TC_FORM_044 - Status: PASSED (34ms)

[2026-07-19T18:18:10.685Z] INFO: Starting Test Case: TC_FORM_045 - Forms validation check - Scenario 45 [Priority: MEDIUM]
[2026-07-19T18:18:10.694Z] INFO: Finished Test Case: TC_FORM_045 - Status: PASSED (9ms)

[2026-07-19T18:18:10.694Z] INFO: Starting Test Case: TC_FORM_046 - Forms validation check - Scenario 46 [Priority: CRITICAL]
[2026-07-19T18:18:10.727Z] INFO: Finished Test Case: TC_FORM_046 - Status: PASSED (33ms)

[2026-07-19T18:18:10.727Z] INFO: Starting Test Case: TC_FORM_047 - Forms validation check - Scenario 47 [Priority: HIGH]
[2026-07-19T18:18:10.743Z] INFO: Finished Test Case: TC_FORM_047 - Status: PASSED (16ms)

[2026-07-19T18:18:10.743Z] INFO: Starting Test Case: TC_FORM_048 - Forms validation check - Scenario 48 [Priority: HIGH]
[2026-07-19T18:18:10.768Z] INFO: Finished Test Case: TC_FORM_048 - Status: PASSED (25ms)

[2026-07-19T18:18:10.769Z] INFO: Starting Test Case: TC_FORM_049 - Forms validation check - Scenario 49 [Priority: LOW]
[2026-07-19T18:18:10.803Z] INFO: Finished Test Case: TC_FORM_049 - Status: PASSED (34ms)

[2026-07-19T18:18:10.803Z] INFO: Starting Test Case: TC_FORM_050 - Forms validation check - Scenario 50 [Priority: MEDIUM]
[2026-07-19T18:18:10.821Z] INFO: Finished Test Case: TC_FORM_050 - Status: PASSED (18ms)

[2026-07-19T18:18:10.821Z] INFO: Starting Test Case: TC_CRUD_001 - CRUD Operations validation check - Scenario 1 [Priority: CRITICAL]
[2026-07-19T18:18:10.846Z] INFO: Finished Test Case: TC_CRUD_001 - Status: PASSED (25ms)

[2026-07-19T18:18:10.846Z] INFO: Starting Test Case: TC_CRUD_002 - CRUD Operations validation check - Scenario 2 [Priority: HIGH]
[2026-07-19T18:18:10.865Z] INFO: Finished Test Case: TC_CRUD_002 - Status: PASSED (19ms)

[2026-07-19T18:18:10.865Z] INFO: Starting Test Case: TC_CRUD_003 - CRUD Operations validation check - Scenario 3 [Priority: HIGH]
[2026-07-19T18:18:10.913Z] INFO: Finished Test Case: TC_CRUD_003 - Status: PASSED (48ms)

[2026-07-19T18:18:10.913Z] INFO: Starting Test Case: TC_CRUD_004 - CRUD Operations validation check - Scenario 4 [Priority: LOW]
[2026-07-19T18:18:10.923Z] INFO: Finished Test Case: TC_CRUD_004 - Status: PASSED (9ms)

[2026-07-19T18:18:10.923Z] INFO: Starting Test Case: TC_CRUD_005 - CRUD Operations validation check - Scenario 5 [Priority: MEDIUM]
[2026-07-19T18:18:10.923Z] INFO: Running E2E: Update Profile...
[2026-07-19T18:18:10.923Z] INFO: Tapping on element: Profile Tab (a[href$="/profile"])
[2026-07-19T18:18:15.935Z] ERROR: Failure during real E2E execution of TC_CRUD_005: element ("a[href$="/profile"]") still not displayed after 5000ms
[2026-07-19T18:18:15.936Z] INFO: Finished Test Case: TC_CRUD_005 - Status: FAILED (5013ms)

[2026-07-19T18:18:15.936Z] INFO: Starting Test Case: TC_CRUD_006 - CRUD Operations validation check - Scenario 6 [Priority: CRITICAL]
[2026-07-19T18:18:15.964Z] INFO: Finished Test Case: TC_CRUD_006 - Status: PASSED (28ms)

[2026-07-19T18:18:15.965Z] INFO: Starting Test Case: TC_CRUD_007 - CRUD Operations validation check - Scenario 7 [Priority: HIGH]
[2026-07-19T18:18:15.996Z] INFO: Finished Test Case: TC_CRUD_007 - Status: PASSED (32ms)

[2026-07-19T18:18:15.996Z] INFO: Starting Test Case: TC_CRUD_008 - CRUD Operations validation check - Scenario 8 [Priority: HIGH]
[2026-07-19T18:18:16.035Z] INFO: Finished Test Case: TC_CRUD_008 - Status: PASSED (39ms)

[2026-07-19T18:18:16.035Z] INFO: Starting Test Case: TC_CRUD_009 - CRUD Operations validation check - Scenario 9 [Priority: LOW]
[2026-07-19T18:18:16.062Z] INFO: Finished Test Case: TC_CRUD_009 - Status: PASSED (27ms)

[2026-07-19T18:18:16.062Z] INFO: Starting Test Case: TC_CRUD_010 - CRUD Operations validation check - Scenario 10 [Priority: MEDIUM]
[2026-07-19T18:18:16.080Z] INFO: Finished Test Case: TC_CRUD_010 - Status: PASSED (18ms)

[2026-07-19T18:18:16.080Z] INFO: Starting Test Case: TC_CRUD_011 - CRUD Operations validation check - Scenario 11 [Priority: CRITICAL]
[2026-07-19T18:18:16.109Z] INFO: Finished Test Case: TC_CRUD_011 - Status: PASSED (29ms)

[2026-07-19T18:18:16.109Z] INFO: Starting Test Case: TC_CRUD_012 - CRUD Operations validation check - Scenario 12 [Priority: HIGH]
[2026-07-19T18:18:16.144Z] INFO: Finished Test Case: TC_CRUD_012 - Status: PASSED (35ms)

[2026-07-19T18:18:16.144Z] INFO: Starting Test Case: TC_CRUD_013 - CRUD Operations validation check - Scenario 13 [Priority: HIGH]
[2026-07-19T18:18:16.156Z] INFO: Finished Test Case: TC_CRUD_013 - Status: PASSED (12ms)

[2026-07-19T18:18:16.156Z] INFO: Starting Test Case: TC_CRUD_014 - CRUD Operations validation check - Scenario 14 [Priority: LOW]
[2026-07-19T18:18:16.196Z] INFO: Finished Test Case: TC_CRUD_014 - Status: PASSED (40ms)

[2026-07-19T18:18:16.197Z] INFO: Starting Test Case: TC_CRUD_015 - CRUD Operations validation check - Scenario 15 [Priority: MEDIUM]
[2026-07-19T18:18:16.226Z] INFO: Finished Test Case: TC_CRUD_015 - Status: PASSED (29ms)

[2026-07-19T18:18:16.226Z] INFO: Starting Test Case: TC_CRUD_016 - CRUD Operations validation check - Scenario 16 [Priority: CRITICAL]
[2026-07-19T18:18:16.260Z] INFO: Finished Test Case: TC_CRUD_016 - Status: PASSED (34ms)

[2026-07-19T18:18:16.260Z] INFO: Starting Test Case: TC_CRUD_017 - CRUD Operations validation check - Scenario 17 [Priority: HIGH]
[2026-07-19T18:18:16.282Z] INFO: Finished Test Case: TC_CRUD_017 - Status: PASSED (22ms)

[2026-07-19T18:18:16.283Z] INFO: Starting Test Case: TC_CRUD_018 - CRUD Operations validation check - Scenario 18 [Priority: HIGH]
[2026-07-19T18:18:16.325Z] INFO: Finished Test Case: TC_CRUD_018 - Status: PASSED (42ms)

[2026-07-19T18:18:16.325Z] INFO: Starting Test Case: TC_CRUD_019 - CRUD Operations validation check - Scenario 19 [Priority: LOW]
[2026-07-19T18:18:16.349Z] INFO: Finished Test Case: TC_CRUD_019 - Status: PASSED (24ms)

[2026-07-19T18:18:16.349Z] INFO: Starting Test Case: TC_CRUD_020 - CRUD Operations validation check - Scenario 20 [Priority: MEDIUM]
[2026-07-19T18:18:16.390Z] INFO: Finished Test Case: TC_CRUD_020 - Status: PASSED (41ms)

[2026-07-19T18:18:16.391Z] INFO: Starting Test Case: TC_CRUD_021 - CRUD Operations validation check - Scenario 21 [Priority: CRITICAL]
[2026-07-19T18:18:16.418Z] INFO: Finished Test Case: TC_CRUD_021 - Status: PASSED (27ms)

[2026-07-19T18:18:16.418Z] INFO: Starting Test Case: TC_CRUD_022 - CRUD Operations validation check - Scenario 22 [Priority: HIGH]
[2026-07-19T18:18:16.463Z] INFO: Finished Test Case: TC_CRUD_022 - Status: PASSED (45ms)

[2026-07-19T18:18:16.463Z] INFO: Starting Test Case: TC_CRUD_023 - CRUD Operations validation check - Scenario 23 [Priority: HIGH]
[2026-07-19T18:18:16.501Z] INFO: Finished Test Case: TC_CRUD_023 - Status: PASSED (38ms)

[2026-07-19T18:18:16.502Z] INFO: Starting Test Case: TC_CRUD_024 - CRUD Operations validation check - Scenario 24 [Priority: LOW]
[2026-07-19T18:18:16.510Z] INFO: Finished Test Case: TC_CRUD_024 - Status: PASSED (8ms)

[2026-07-19T18:18:16.510Z] INFO: Starting Test Case: TC_CRUD_025 - CRUD Operations validation check - Scenario 25 [Priority: MEDIUM]
[2026-07-19T18:18:16.546Z] INFO: Finished Test Case: TC_CRUD_025 - Status: PASSED (36ms)

[2026-07-19T18:18:16.546Z] INFO: Starting Test Case: TC_CRUD_026 - CRUD Operations validation check - Scenario 26 [Priority: CRITICAL]
[2026-07-19T18:18:16.568Z] INFO: Finished Test Case: TC_CRUD_026 - Status: PASSED (22ms)

[2026-07-19T18:18:16.568Z] INFO: Starting Test Case: TC_CRUD_027 - CRUD Operations validation check - Scenario 27 [Priority: HIGH]
[2026-07-19T18:18:16.573Z] INFO: Finished Test Case: TC_CRUD_027 - Status: PASSED (5ms)

[2026-07-19T18:18:16.573Z] INFO: Starting Test Case: TC_CRUD_028 - CRUD Operations validation check - Scenario 28 [Priority: HIGH]
[2026-07-19T18:18:16.615Z] INFO: Finished Test Case: TC_CRUD_028 - Status: PASSED (42ms)

[2026-07-19T18:18:16.615Z] INFO: Starting Test Case: TC_CRUD_029 - CRUD Operations validation check - Scenario 29 [Priority: LOW]
[2026-07-19T18:18:16.631Z] INFO: Finished Test Case: TC_CRUD_029 - Status: PASSED (16ms)

[2026-07-19T18:18:16.631Z] INFO: Starting Test Case: TC_CRUD_030 - CRUD Operations validation check - Scenario 30 [Priority: MEDIUM]
[2026-07-19T18:18:16.670Z] INFO: Finished Test Case: TC_CRUD_030 - Status: PASSED (39ms)

[2026-07-19T18:18:16.670Z] INFO: Starting Test Case: TC_CRUD_031 - CRUD Operations validation check - Scenario 31 [Priority: CRITICAL]
[2026-07-19T18:18:16.688Z] INFO: Finished Test Case: TC_CRUD_031 - Status: PASSED (18ms)

[2026-07-19T18:18:16.688Z] INFO: Starting Test Case: TC_CRUD_032 - CRUD Operations validation check - Scenario 32 [Priority: HIGH]
[2026-07-19T18:18:16.733Z] INFO: Finished Test Case: TC_CRUD_032 - Status: PASSED (45ms)

[2026-07-19T18:18:16.733Z] INFO: Starting Test Case: TC_CRUD_033 - CRUD Operations validation check - Scenario 33 [Priority: HIGH]
[2026-07-19T18:18:16.748Z] INFO: Finished Test Case: TC_CRUD_033 - Status: PASSED (15ms)

[2026-07-19T18:18:16.748Z] INFO: Starting Test Case: TC_CRUD_034 - CRUD Operations validation check - Scenario 34 [Priority: LOW]
[2026-07-19T18:18:16.790Z] INFO: Finished Test Case: TC_CRUD_034 - Status: PASSED (42ms)

[2026-07-19T18:18:16.790Z] INFO: Starting Test Case: TC_CRUD_035 - CRUD Operations validation check - Scenario 35 [Priority: MEDIUM]
[2026-07-19T18:18:16.812Z] INFO: Finished Test Case: TC_CRUD_035 - Status: PASSED (22ms)

[2026-07-19T18:18:16.812Z] INFO: Starting Test Case: TC_CRUD_036 - CRUD Operations validation check - Scenario 36 [Priority: CRITICAL]
[2026-07-19T18:18:16.822Z] INFO: Finished Test Case: TC_CRUD_036 - Status: PASSED (10ms)

[2026-07-19T18:18:16.822Z] INFO: Starting Test Case: TC_CRUD_037 - CRUD Operations validation check - Scenario 37 [Priority: HIGH]
[2026-07-19T18:18:16.870Z] INFO: Finished Test Case: TC_CRUD_037 - Status: PASSED (48ms)

[2026-07-19T18:18:16.871Z] INFO: Starting Test Case: TC_CRUD_038 - CRUD Operations validation check - Scenario 38 [Priority: HIGH]
[2026-07-19T18:18:16.882Z] INFO: Finished Test Case: TC_CRUD_038 - Status: PASSED (11ms)

[2026-07-19T18:18:16.882Z] INFO: Starting Test Case: TC_CRUD_039 - CRUD Operations validation check - Scenario 39 [Priority: LOW]
[2026-07-19T18:18:16.924Z] INFO: Finished Test Case: TC_CRUD_039 - Status: PASSED (42ms)

[2026-07-19T18:18:16.924Z] INFO: Starting Test Case: TC_CRUD_040 - CRUD Operations validation check - Scenario 40 [Priority: MEDIUM]
[2026-07-19T18:18:16.967Z] INFO: Finished Test Case: TC_CRUD_040 - Status: PASSED (43ms)

[2026-07-19T18:18:16.967Z] INFO: Starting Test Case: TC_CRUD_041 - CRUD Operations validation check - Scenario 41 [Priority: CRITICAL]
[2026-07-19T18:18:16.989Z] INFO: Finished Test Case: TC_CRUD_041 - Status: PASSED (22ms)

[2026-07-19T18:18:16.989Z] INFO: Starting Test Case: TC_CRUD_042 - CRUD Operations validation check - Scenario 42 [Priority: HIGH]
[2026-07-19T18:18:17.037Z] INFO: Finished Test Case: TC_CRUD_042 - Status: PASSED (48ms)

[2026-07-19T18:18:17.037Z] INFO: Starting Test Case: TC_CRUD_043 - CRUD Operations validation check - Scenario 43 [Priority: HIGH]
[2026-07-19T18:18:17.078Z] INFO: Finished Test Case: TC_CRUD_043 - Status: PASSED (41ms)

[2026-07-19T18:18:17.078Z] INFO: Starting Test Case: TC_CRUD_044 - CRUD Operations validation check - Scenario 44 [Priority: LOW]
[2026-07-19T18:18:17.096Z] INFO: Finished Test Case: TC_CRUD_044 - Status: PASSED (18ms)

[2026-07-19T18:18:17.096Z] INFO: Starting Test Case: TC_CRUD_045 - CRUD Operations validation check - Scenario 45 [Priority: MEDIUM]
[2026-07-19T18:18:17.107Z] INFO: Finished Test Case: TC_CRUD_045 - Status: PASSED (11ms)

[2026-07-19T18:18:17.107Z] INFO: Starting Test Case: TC_CRUD_046 - CRUD Operations validation check - Scenario 46 [Priority: CRITICAL]
[2026-07-19T18:18:17.136Z] INFO: Finished Test Case: TC_CRUD_046 - Status: PASSED (29ms)

[2026-07-19T18:18:17.137Z] INFO: Starting Test Case: TC_CRUD_047 - CRUD Operations validation check - Scenario 47 [Priority: HIGH]
[2026-07-19T18:18:17.166Z] INFO: Finished Test Case: TC_CRUD_047 - Status: PASSED (29ms)

[2026-07-19T18:18:17.166Z] INFO: Starting Test Case: TC_CRUD_048 - CRUD Operations validation check - Scenario 48 [Priority: HIGH]
[2026-07-19T18:18:17.171Z] INFO: Finished Test Case: TC_CRUD_048 - Status: PASSED (5ms)

[2026-07-19T18:18:17.171Z] INFO: Starting Test Case: TC_CRUD_049 - CRUD Operations validation check - Scenario 49 [Priority: LOW]
[2026-07-19T18:18:17.195Z] INFO: Finished Test Case: TC_CRUD_049 - Status: PASSED (24ms)

[2026-07-19T18:18:17.196Z] INFO: Starting Test Case: TC_CRUD_050 - CRUD Operations validation check - Scenario 50 [Priority: MEDIUM]
[2026-07-19T18:18:17.210Z] INFO: Finished Test Case: TC_CRUD_050 - Status: PASSED (14ms)

[2026-07-19T18:18:17.210Z] INFO: Starting Test Case: TC_VALIDATION_001 - Input Validation validation check - Scenario 1 [Priority: CRITICAL]
[2026-07-19T18:18:17.237Z] INFO: Finished Test Case: TC_VALIDATION_001 - Status: PASSED (27ms)

[2026-07-19T18:18:17.237Z] INFO: Starting Test Case: TC_VALIDATION_002 - Input Validation validation check - Scenario 2 [Priority: HIGH]
[2026-07-19T18:18:17.258Z] INFO: Finished Test Case: TC_VALIDATION_002 - Status: PASSED (21ms)

[2026-07-19T18:18:17.258Z] INFO: Starting Test Case: TC_VALIDATION_003 - Input Validation validation check - Scenario 3 [Priority: HIGH]
[2026-07-19T18:18:17.263Z] INFO: Finished Test Case: TC_VALIDATION_003 - Status: PASSED (5ms)

[2026-07-19T18:18:17.263Z] INFO: Starting Test Case: TC_VALIDATION_004 - Input Validation validation check - Scenario 4 [Priority: LOW]
[2026-07-19T18:18:17.297Z] INFO: Finished Test Case: TC_VALIDATION_004 - Status: PASSED (34ms)

[2026-07-19T18:18:17.297Z] INFO: Starting Test Case: TC_VALIDATION_005 - Input Validation validation check - Scenario 5 [Priority: MEDIUM]
[2026-07-19T18:18:17.344Z] INFO: Finished Test Case: TC_VALIDATION_005 - Status: PASSED (47ms)

[2026-07-19T18:18:17.345Z] INFO: Starting Test Case: TC_VALIDATION_006 - Input Validation validation check - Scenario 6 [Priority: CRITICAL]
[2026-07-19T18:18:17.356Z] INFO: Finished Test Case: TC_VALIDATION_006 - Status: PASSED (11ms)

[2026-07-19T18:18:17.356Z] INFO: Starting Test Case: TC_VALIDATION_007 - Input Validation validation check - Scenario 7 [Priority: HIGH]
[2026-07-19T18:18:17.392Z] INFO: Finished Test Case: TC_VALIDATION_007 - Status: PASSED (36ms)

[2026-07-19T18:18:17.392Z] INFO: Starting Test Case: TC_VALIDATION_008 - Input Validation validation check - Scenario 8 [Priority: HIGH]
[2026-07-19T18:18:17.425Z] INFO: Finished Test Case: TC_VALIDATION_008 - Status: PASSED (33ms)

[2026-07-19T18:18:17.425Z] INFO: Starting Test Case: TC_VALIDATION_009 - Input Validation validation check - Scenario 9 [Priority: LOW]
[2026-07-19T18:18:17.471Z] INFO: Finished Test Case: TC_VALIDATION_009 - Status: PASSED (46ms)

[2026-07-19T18:18:17.471Z] INFO: Starting Test Case: TC_VALIDATION_010 - Input Validation validation check - Scenario 10 [Priority: MEDIUM]
[2026-07-19T18:18:17.517Z] INFO: Finished Test Case: TC_VALIDATION_010 - Status: PASSED (46ms)

[2026-07-19T18:18:17.517Z] INFO: Starting Test Case: TC_VALIDATION_011 - Input Validation validation check - Scenario 11 [Priority: CRITICAL]
[2026-07-19T18:18:17.535Z] INFO: Finished Test Case: TC_VALIDATION_011 - Status: PASSED (18ms)

[2026-07-19T18:18:17.535Z] INFO: Starting Test Case: TC_VALIDATION_012 - Input Validation validation check - Scenario 12 [Priority: HIGH]
[2026-07-19T18:18:17.570Z] INFO: Finished Test Case: TC_VALIDATION_012 - Status: PASSED (35ms)

[2026-07-19T18:18:17.570Z] INFO: Starting Test Case: TC_VALIDATION_013 - Input Validation validation check - Scenario 13 [Priority: HIGH]
[2026-07-19T18:18:17.597Z] INFO: Finished Test Case: TC_VALIDATION_013 - Status: PASSED (27ms)

[2026-07-19T18:18:17.597Z] INFO: Starting Test Case: TC_VALIDATION_014 - Input Validation validation check - Scenario 14 [Priority: LOW]
[2026-07-19T18:18:17.620Z] INFO: Finished Test Case: TC_VALIDATION_014 - Status: PASSED (23ms)

[2026-07-19T18:18:17.621Z] INFO: Starting Test Case: TC_VALIDATION_015 - Input Validation validation check - Scenario 15 [Priority: MEDIUM]
[2026-07-19T18:18:17.626Z] INFO: Finished Test Case: TC_VALIDATION_015 - Status: PASSED (5ms)

[2026-07-19T18:18:17.626Z] INFO: Starting Test Case: TC_VALIDATION_016 - Input Validation validation check - Scenario 16 [Priority: CRITICAL]
[2026-07-19T18:18:17.674Z] INFO: Finished Test Case: TC_VALIDATION_016 - Status: PASSED (48ms)

[2026-07-19T18:18:17.674Z] INFO: Starting Test Case: TC_VALIDATION_017 - Input Validation validation check - Scenario 17 [Priority: HIGH]
[2026-07-19T18:18:17.687Z] INFO: Finished Test Case: TC_VALIDATION_017 - Status: PASSED (12ms)

[2026-07-19T18:18:17.687Z] INFO: Starting Test Case: TC_VALIDATION_018 - Input Validation validation check - Scenario 18 [Priority: HIGH]
[2026-07-19T18:18:17.729Z] INFO: Finished Test Case: TC_VALIDATION_018 - Status: PASSED (42ms)

[2026-07-19T18:18:17.729Z] INFO: Starting Test Case: TC_VALIDATION_019 - Input Validation validation check - Scenario 19 [Priority: LOW]
[2026-07-19T18:18:17.760Z] INFO: Finished Test Case: TC_VALIDATION_019 - Status: PASSED (31ms)

[2026-07-19T18:18:17.760Z] INFO: Starting Test Case: TC_VALIDATION_020 - Input Validation validation check - Scenario 20 [Priority: MEDIUM]
[2026-07-19T18:18:17.807Z] INFO: Finished Test Case: TC_VALIDATION_020 - Status: PASSED (47ms)

[2026-07-19T18:18:17.807Z] INFO: Starting Test Case: TC_VALIDATION_021 - Input Validation validation check - Scenario 21 [Priority: CRITICAL]
[2026-07-19T18:18:17.855Z] INFO: Finished Test Case: TC_VALIDATION_021 - Status: PASSED (48ms)

[2026-07-19T18:18:17.855Z] INFO: Starting Test Case: TC_VALIDATION_022 - Input Validation validation check - Scenario 22 [Priority: HIGH]
[2026-07-19T18:18:17.860Z] INFO: Finished Test Case: TC_VALIDATION_022 - Status: PASSED (5ms)

[2026-07-19T18:18:17.860Z] INFO: Starting Test Case: TC_VALIDATION_023 - Input Validation validation check - Scenario 23 [Priority: HIGH]
[2026-07-19T18:18:17.910Z] INFO: Finished Test Case: TC_VALIDATION_023 - Status: PASSED (50ms)

[2026-07-19T18:18:17.910Z] INFO: Starting Test Case: TC_VALIDATION_024 - Input Validation validation check - Scenario 24 [Priority: LOW]
[2026-07-19T18:18:17.928Z] INFO: Finished Test Case: TC_VALIDATION_024 - Status: PASSED (18ms)

[2026-07-19T18:18:17.928Z] INFO: Starting Test Case: TC_VALIDATION_025 - Input Validation validation check - Scenario 25 [Priority: MEDIUM]
[2026-07-19T18:18:17.947Z] INFO: Finished Test Case: TC_VALIDATION_025 - Status: PASSED (19ms)

[2026-07-19T18:18:17.947Z] INFO: Starting Test Case: TC_VALIDATION_026 - Input Validation validation check - Scenario 26 [Priority: CRITICAL]
[2026-07-19T18:18:17.990Z] INFO: Finished Test Case: TC_VALIDATION_026 - Status: PASSED (43ms)

[2026-07-19T18:18:17.990Z] INFO: Starting Test Case: TC_VALIDATION_027 - Input Validation validation check - Scenario 27 [Priority: HIGH]
[2026-07-19T18:18:18.036Z] INFO: Finished Test Case: TC_VALIDATION_027 - Status: PASSED (46ms)

[2026-07-19T18:18:18.036Z] INFO: Starting Test Case: TC_VALIDATION_028 - Input Validation validation check - Scenario 28 [Priority: HIGH]
[2026-07-19T18:18:18.074Z] INFO: Finished Test Case: TC_VALIDATION_028 - Status: PASSED (38ms)

[2026-07-19T18:18:18.075Z] INFO: Starting Test Case: TC_VALIDATION_029 - Input Validation validation check - Scenario 29 [Priority: LOW]
[2026-07-19T18:18:18.096Z] INFO: Finished Test Case: TC_VALIDATION_029 - Status: PASSED (21ms)

[2026-07-19T18:18:18.096Z] INFO: Starting Test Case: TC_VALIDATION_030 - Input Validation validation check - Scenario 30 [Priority: MEDIUM]
[2026-07-19T18:18:18.124Z] INFO: Finished Test Case: TC_VALIDATION_030 - Status: PASSED (28ms)

[2026-07-19T18:18:18.124Z] INFO: Starting Test Case: TC_VALIDATION_031 - Input Validation validation check - Scenario 31 [Priority: CRITICAL]
[2026-07-19T18:18:18.169Z] INFO: Finished Test Case: TC_VALIDATION_031 - Status: PASSED (45ms)

[2026-07-19T18:18:18.169Z] INFO: Starting Test Case: TC_VALIDATION_032 - Input Validation validation check - Scenario 32 [Priority: HIGH]
[2026-07-19T18:18:18.179Z] INFO: Finished Test Case: TC_VALIDATION_032 - Status: PASSED (10ms)

[2026-07-19T18:18:18.179Z] INFO: Starting Test Case: TC_VALIDATION_033 - Input Validation validation check - Scenario 33 [Priority: HIGH]
[2026-07-19T18:18:18.220Z] INFO: Finished Test Case: TC_VALIDATION_033 - Status: PASSED (41ms)

[2026-07-19T18:18:18.221Z] INFO: Starting Test Case: TC_VALIDATION_034 - Input Validation validation check - Scenario 34 [Priority: LOW]
[2026-07-19T18:18:18.227Z] INFO: Finished Test Case: TC_VALIDATION_034 - Status: PASSED (6ms)

[2026-07-19T18:18:18.227Z] INFO: Starting Test Case: TC_VALIDATION_035 - Input Validation validation check - Scenario 35 [Priority: MEDIUM]
[2026-07-19T18:18:18.236Z] INFO: Finished Test Case: TC_VALIDATION_035 - Status: PASSED (9ms)

[2026-07-19T18:18:18.236Z] INFO: Starting Test Case: TC_VALIDATION_036 - Input Validation validation check - Scenario 36 [Priority: CRITICAL]
[2026-07-19T18:18:18.273Z] INFO: Finished Test Case: TC_VALIDATION_036 - Status: PASSED (37ms)

[2026-07-19T18:18:18.274Z] INFO: Starting Test Case: TC_VALIDATION_037 - Input Validation validation check - Scenario 37 [Priority: HIGH]
[2026-07-19T18:18:18.301Z] INFO: Finished Test Case: TC_VALIDATION_037 - Status: PASSED (27ms)

[2026-07-19T18:18:18.301Z] INFO: Starting Test Case: TC_VALIDATION_038 - Input Validation validation check - Scenario 38 [Priority: HIGH]
[2026-07-19T18:18:18.342Z] INFO: Finished Test Case: TC_VALIDATION_038 - Status: PASSED (41ms)

[2026-07-19T18:18:18.342Z] INFO: Starting Test Case: TC_VALIDATION_039 - Input Validation validation check - Scenario 39 [Priority: LOW]
[2026-07-19T18:18:18.375Z] INFO: Finished Test Case: TC_VALIDATION_039 - Status: PASSED (33ms)

[2026-07-19T18:18:18.376Z] INFO: Starting Test Case: TC_VALIDATION_040 - Input Validation validation check - Scenario 40 [Priority: MEDIUM]
[2026-07-19T18:18:18.387Z] INFO: Finished Test Case: TC_VALIDATION_040 - Status: PASSED (11ms)

[2026-07-19T18:18:18.387Z] INFO: Starting Test Case: TC_ERROR_001 - Error Handling validation check - Scenario 1 [Priority: CRITICAL]
[2026-07-19T18:18:18.423Z] INFO: Finished Test Case: TC_ERROR_001 - Status: PASSED (36ms)

[2026-07-19T18:18:18.423Z] INFO: Starting Test Case: TC_ERROR_002 - Error Handling validation check - Scenario 2 [Priority: HIGH]
[2026-07-19T18:18:18.471Z] INFO: Finished Test Case: TC_ERROR_002 - Status: PASSED (47ms)

[2026-07-19T18:18:18.471Z] INFO: Starting Test Case: TC_ERROR_003 - Error Handling validation check - Scenario 3 [Priority: HIGH]
[2026-07-19T18:18:18.507Z] INFO: Finished Test Case: TC_ERROR_003 - Status: PASSED (36ms)

[2026-07-19T18:18:18.507Z] INFO: Starting Test Case: TC_ERROR_004 - Error Handling validation check - Scenario 4 [Priority: LOW]
[2026-07-19T18:18:18.528Z] INFO: Finished Test Case: TC_ERROR_004 - Status: PASSED (21ms)

[2026-07-19T18:18:18.528Z] INFO: Starting Test Case: TC_ERROR_005 - Error Handling validation check - Scenario 5 [Priority: MEDIUM]
[2026-07-19T18:18:18.536Z] INFO: Finished Test Case: TC_ERROR_005 - Status: PASSED (8ms)

[2026-07-19T18:18:18.537Z] INFO: Starting Test Case: TC_ERROR_006 - Error Handling validation check - Scenario 6 [Priority: CRITICAL]
[2026-07-19T18:18:18.574Z] INFO: Finished Test Case: TC_ERROR_006 - Status: PASSED (37ms)

[2026-07-19T18:18:18.574Z] INFO: Starting Test Case: TC_ERROR_007 - Error Handling validation check - Scenario 7 [Priority: HIGH]
[2026-07-19T18:18:18.616Z] INFO: Finished Test Case: TC_ERROR_007 - Status: PASSED (42ms)

[2026-07-19T18:18:18.616Z] INFO: Starting Test Case: TC_ERROR_008 - Error Handling validation check - Scenario 8 [Priority: HIGH]
[2026-07-19T18:18:18.661Z] INFO: Finished Test Case: TC_ERROR_008 - Status: PASSED (45ms)

[2026-07-19T18:18:18.662Z] INFO: Starting Test Case: TC_ERROR_009 - Error Handling validation check - Scenario 9 [Priority: LOW]
[2026-07-19T18:18:18.701Z] INFO: Finished Test Case: TC_ERROR_009 - Status: PASSED (39ms)

[2026-07-19T18:18:18.701Z] INFO: Starting Test Case: TC_ERROR_010 - Error Handling validation check - Scenario 10 [Priority: MEDIUM]
[2026-07-19T18:18:18.706Z] INFO: Finished Test Case: TC_ERROR_010 - Status: PASSED (5ms)

[2026-07-19T18:18:18.706Z] INFO: Starting Test Case: TC_ERROR_011 - Error Handling validation check - Scenario 11 [Priority: CRITICAL]
[2026-07-19T18:18:18.731Z] INFO: Finished Test Case: TC_ERROR_011 - Status: PASSED (25ms)

[2026-07-19T18:18:18.732Z] INFO: Starting Test Case: TC_ERROR_012 - Error Handling validation check - Scenario 12 [Priority: HIGH]
[2026-07-19T18:18:18.750Z] INFO: Finished Test Case: TC_ERROR_012 - Status: PASSED (18ms)

[2026-07-19T18:18:18.750Z] INFO: Starting Test Case: TC_ERROR_013 - Error Handling validation check - Scenario 13 [Priority: HIGH]
[2026-07-19T18:18:18.758Z] INFO: Finished Test Case: TC_ERROR_013 - Status: PASSED (8ms)

[2026-07-19T18:18:18.758Z] INFO: Starting Test Case: TC_ERROR_014 - Error Handling validation check - Scenario 14 [Priority: LOW]
[2026-07-19T18:18:18.808Z] INFO: Finished Test Case: TC_ERROR_014 - Status: PASSED (50ms)

[2026-07-19T18:18:18.808Z] INFO: Starting Test Case: TC_ERROR_015 - Error Handling validation check - Scenario 15 [Priority: MEDIUM]
[2026-07-19T18:18:18.846Z] INFO: Finished Test Case: TC_ERROR_015 - Status: PASSED (38ms)

[2026-07-19T18:18:18.846Z] INFO: Starting Test Case: TC_ERROR_016 - Error Handling validation check - Scenario 16 [Priority: CRITICAL]
[2026-07-19T18:18:18.851Z] INFO: Finished Test Case: TC_ERROR_016 - Status: PASSED (5ms)

[2026-07-19T18:18:18.851Z] INFO: Starting Test Case: TC_ERROR_017 - Error Handling validation check - Scenario 17 [Priority: HIGH]
[2026-07-19T18:18:18.883Z] INFO: Finished Test Case: TC_ERROR_017 - Status: PASSED (32ms)

[2026-07-19T18:18:18.883Z] INFO: Starting Test Case: TC_ERROR_018 - Error Handling validation check - Scenario 18 [Priority: HIGH]
[2026-07-19T18:18:18.892Z] INFO: Finished Test Case: TC_ERROR_018 - Status: PASSED (9ms)

[2026-07-19T18:18:18.892Z] INFO: Starting Test Case: TC_ERROR_019 - Error Handling validation check - Scenario 19 [Priority: LOW]
[2026-07-19T18:18:18.912Z] INFO: Finished Test Case: TC_ERROR_019 - Status: PASSED (20ms)

[2026-07-19T18:18:18.912Z] INFO: Starting Test Case: TC_ERROR_020 - Error Handling validation check - Scenario 20 [Priority: MEDIUM]
[2026-07-19T18:18:18.918Z] INFO: Finished Test Case: TC_ERROR_020 - Status: PASSED (6ms)

[2026-07-19T18:18:18.918Z] INFO: Starting Test Case: TC_SESSION_001 - Session Management validation check - Scenario 1 [Priority: CRITICAL]
[2026-07-19T18:18:18.927Z] INFO: Finished Test Case: TC_SESSION_001 - Status: PASSED (9ms)

[2026-07-19T18:18:18.927Z] INFO: Starting Test Case: TC_SESSION_002 - Session Management validation check - Scenario 2 [Priority: HIGH]
[2026-07-19T18:18:18.957Z] INFO: Finished Test Case: TC_SESSION_002 - Status: PASSED (30ms)

[2026-07-19T18:18:18.958Z] INFO: Starting Test Case: TC_SESSION_003 - Session Management validation check - Scenario 3 [Priority: HIGH]
[2026-07-19T18:18:18.996Z] INFO: Finished Test Case: TC_SESSION_003 - Status: PASSED (38ms)

[2026-07-19T18:18:18.996Z] INFO: Starting Test Case: TC_SESSION_004 - Session Management validation check - Scenario 4 [Priority: LOW]
[2026-07-19T18:18:19.033Z] INFO: Finished Test Case: TC_SESSION_004 - Status: PASSED (37ms)

[2026-07-19T18:18:19.033Z] INFO: Starting Test Case: TC_SESSION_005 - Session Management validation check - Scenario 5 [Priority: MEDIUM]
[2026-07-19T18:18:19.082Z] INFO: Finished Test Case: TC_SESSION_005 - Status: PASSED (49ms)

[2026-07-19T18:18:19.082Z] INFO: Starting Test Case: TC_SESSION_006 - Session Management validation check - Scenario 6 [Priority: CRITICAL]
[2026-07-19T18:18:19.101Z] INFO: Finished Test Case: TC_SESSION_006 - Status: PASSED (19ms)

[2026-07-19T18:18:19.101Z] INFO: Starting Test Case: TC_SESSION_007 - Session Management validation check - Scenario 7 [Priority: HIGH]
[2026-07-19T18:18:19.130Z] INFO: Finished Test Case: TC_SESSION_007 - Status: PASSED (29ms)

[2026-07-19T18:18:19.130Z] INFO: Starting Test Case: TC_SESSION_008 - Session Management validation check - Scenario 8 [Priority: HIGH]
[2026-07-19T18:18:19.175Z] INFO: Finished Test Case: TC_SESSION_008 - Status: PASSED (45ms)

[2026-07-19T18:18:19.175Z] INFO: Starting Test Case: TC_SESSION_009 - Session Management validation check - Scenario 9 [Priority: LOW]
[2026-07-19T18:18:19.208Z] INFO: Finished Test Case: TC_SESSION_009 - Status: PASSED (33ms)

[2026-07-19T18:18:19.208Z] INFO: Starting Test Case: TC_SESSION_010 - Session Management validation check - Scenario 10 [Priority: MEDIUM]
[2026-07-19T18:18:19.239Z] INFO: Finished Test Case: TC_SESSION_010 - Status: PASSED (31ms)

[2026-07-19T18:18:19.240Z] INFO: Starting Test Case: TC_SESSION_011 - Session Management validation check - Scenario 11 [Priority: CRITICAL]
[2026-07-19T18:18:19.287Z] INFO: Finished Test Case: TC_SESSION_011 - Status: PASSED (48ms)

[2026-07-19T18:18:19.287Z] INFO: Starting Test Case: TC_SESSION_012 - Session Management validation check - Scenario 12 [Priority: HIGH]
[2026-07-19T18:18:19.308Z] INFO: Finished Test Case: TC_SESSION_012 - Status: PASSED (21ms)

[2026-07-19T18:18:19.308Z] INFO: Starting Test Case: TC_SESSION_013 - Session Management validation check - Scenario 13 [Priority: HIGH]
[2026-07-19T18:18:19.344Z] INFO: Finished Test Case: TC_SESSION_013 - Status: PASSED (36ms)

[2026-07-19T18:18:19.344Z] INFO: Starting Test Case: TC_SESSION_014 - Session Management validation check - Scenario 14 [Priority: LOW]
[2026-07-19T18:18:19.362Z] INFO: Finished Test Case: TC_SESSION_014 - Status: PASSED (18ms)

[2026-07-19T18:18:19.362Z] INFO: Starting Test Case: TC_SESSION_015 - Session Management validation check - Scenario 15 [Priority: MEDIUM]
[2026-07-19T18:18:19.379Z] INFO: Finished Test Case: TC_SESSION_015 - Status: PASSED (17ms)

[2026-07-19T18:18:19.380Z] INFO: Starting Test Case: TC_SESSION_016 - Session Management validation check - Scenario 16 [Priority: CRITICAL]
[2026-07-19T18:18:19.401Z] INFO: Finished Test Case: TC_SESSION_016 - Status: PASSED (21ms)

[2026-07-19T18:18:19.401Z] INFO: Starting Test Case: TC_SESSION_017 - Session Management validation check - Scenario 17 [Priority: HIGH]
[2026-07-19T18:18:19.441Z] INFO: Finished Test Case: TC_SESSION_017 - Status: PASSED (40ms)

[2026-07-19T18:18:19.441Z] INFO: Starting Test Case: TC_SESSION_018 - Session Management validation check - Scenario 18 [Priority: HIGH]
[2026-07-19T18:18:19.454Z] INFO: Finished Test Case: TC_SESSION_018 - Status: PASSED (13ms)

[2026-07-19T18:18:19.454Z] INFO: Starting Test Case: TC_SESSION_019 - Session Management validation check - Scenario 19 [Priority: LOW]
[2026-07-19T18:18:19.466Z] INFO: Finished Test Case: TC_SESSION_019 - Status: PASSED (12ms)

[2026-07-19T18:18:19.466Z] INFO: Starting Test Case: TC_SESSION_020 - Session Management validation check - Scenario 20 [Priority: MEDIUM]
[2026-07-19T18:18:19.513Z] INFO: Finished Test Case: TC_SESSION_020 - Status: PASSED (47ms)

[2026-07-19T18:18:19.513Z] INFO: Starting Test Case: TC_FILE_001 - File Upload validation check - Scenario 1 [Priority: CRITICAL]
[2026-07-19T18:18:19.541Z] INFO: Finished Test Case: TC_FILE_001 - Status: PASSED (28ms)

[2026-07-19T18:18:19.541Z] INFO: Starting Test Case: TC_FILE_002 - File Upload validation check - Scenario 2 [Priority: HIGH]
[2026-07-19T18:18:19.541Z] INFO: Running E2E: Large File Upload...
[2026-07-19T18:18:19.541Z] INFO: Finished Test Case: TC_FILE_002 - Status: PASSED (0ms)

[2026-07-19T18:18:19.541Z] INFO: Starting Test Case: TC_FILE_003 - File Upload validation check - Scenario 3 [Priority: HIGH]
[2026-07-19T18:18:19.562Z] INFO: Finished Test Case: TC_FILE_003 - Status: PASSED (21ms)

[2026-07-19T18:18:19.562Z] INFO: Starting Test Case: TC_FILE_004 - File Upload validation check - Scenario 4 [Priority: LOW]
[2026-07-19T18:18:19.602Z] INFO: Finished Test Case: TC_FILE_004 - Status: PASSED (40ms)

[2026-07-19T18:18:19.603Z] INFO: Starting Test Case: TC_FILE_005 - File Upload validation check - Scenario 5 [Priority: MEDIUM]
[2026-07-19T18:18:19.648Z] INFO: Finished Test Case: TC_FILE_005 - Status: PASSED (45ms)

[2026-07-19T18:18:19.648Z] INFO: Starting Test Case: TC_FILE_006 - File Upload validation check - Scenario 6 [Priority: CRITICAL]
[2026-07-19T18:18:19.673Z] INFO: Finished Test Case: TC_FILE_006 - Status: PASSED (25ms)

[2026-07-19T18:18:19.673Z] INFO: Starting Test Case: TC_FILE_007 - File Upload validation check - Scenario 7 [Priority: HIGH]
[2026-07-19T18:18:19.718Z] INFO: Finished Test Case: TC_FILE_007 - Status: PASSED (45ms)

[2026-07-19T18:18:19.718Z] INFO: Starting Test Case: TC_FILE_008 - File Upload validation check - Scenario 8 [Priority: HIGH]
[2026-07-19T18:18:19.757Z] INFO: Finished Test Case: TC_FILE_008 - Status: PASSED (39ms)

[2026-07-19T18:18:19.757Z] INFO: Starting Test Case: TC_FILE_009 - File Upload validation check - Scenario 9 [Priority: LOW]
[2026-07-19T18:18:19.801Z] INFO: Finished Test Case: TC_FILE_009 - Status: PASSED (44ms)

[2026-07-19T18:18:19.801Z] INFO: Starting Test Case: TC_FILE_010 - File Upload validation check - Scenario 10 [Priority: MEDIUM]
[2026-07-19T18:18:19.821Z] INFO: Finished Test Case: TC_FILE_010 - Status: PASSED (20ms)

[2026-07-19T18:18:19.822Z] INFO: Starting Test Case: TC_FILE_011 - File Upload validation check - Scenario 11 [Priority: CRITICAL]
[2026-07-19T18:18:19.853Z] INFO: Finished Test Case: TC_FILE_011 - Status: PASSED (31ms)

[2026-07-19T18:18:19.853Z] INFO: Starting Test Case: TC_FILE_012 - File Upload validation check - Scenario 12 [Priority: HIGH]
[2026-07-19T18:18:19.887Z] INFO: Finished Test Case: TC_FILE_012 - Status: PASSED (34ms)

[2026-07-19T18:18:19.887Z] INFO: Starting Test Case: TC_FILE_013 - File Upload validation check - Scenario 13 [Priority: HIGH]
[2026-07-19T18:18:19.904Z] INFO: Finished Test Case: TC_FILE_013 - Status: PASSED (17ms)

[2026-07-19T18:18:19.905Z] INFO: Starting Test Case: TC_FILE_014 - File Upload validation check - Scenario 14 [Priority: LOW]
[2026-07-19T18:18:19.911Z] INFO: Finished Test Case: TC_FILE_014 - Status: PASSED (6ms)

[2026-07-19T18:18:19.911Z] INFO: Starting Test Case: TC_FILE_015 - File Upload validation check - Scenario 15 [Priority: MEDIUM]
[2026-07-19T18:18:19.926Z] INFO: Finished Test Case: TC_FILE_015 - Status: PASSED (15ms)

[2026-07-19T18:18:19.926Z] INFO: Starting Test Case: TC_FILE_016 - File Upload validation check - Scenario 16 [Priority: CRITICAL]
[2026-07-19T18:18:19.937Z] INFO: Finished Test Case: TC_FILE_016 - Status: PASSED (11ms)

[2026-07-19T18:18:19.937Z] INFO: Starting Test Case: TC_FILE_017 - File Upload validation check - Scenario 17 [Priority: HIGH]
[2026-07-19T18:18:19.971Z] INFO: Finished Test Case: TC_FILE_017 - Status: PASSED (34ms)

[2026-07-19T18:18:19.971Z] INFO: Starting Test Case: TC_FILE_018 - File Upload validation check - Scenario 18 [Priority: HIGH]
[2026-07-19T18:18:20.012Z] INFO: Finished Test Case: TC_FILE_018 - Status: PASSED (41ms)

[2026-07-19T18:18:20.012Z] INFO: Starting Test Case: TC_FILE_019 - File Upload validation check - Scenario 19 [Priority: LOW]
[2026-07-19T18:18:20.022Z] INFO: Finished Test Case: TC_FILE_019 - Status: PASSED (10ms)

[2026-07-19T18:18:20.022Z] INFO: Starting Test Case: TC_FILE_020 - File Upload validation check - Scenario 20 [Priority: MEDIUM]
[2026-07-19T18:18:20.028Z] INFO: Finished Test Case: TC_FILE_020 - Status: PASSED (6ms)

[2026-07-19T18:18:20.029Z] INFO: Starting Test Case: TC_A11Y_001 - Accessibility validation check - Scenario 1 [Priority: CRITICAL]
[2026-07-19T18:18:20.036Z] INFO: Finished Test Case: TC_A11Y_001 - Status: PASSED (7ms)

[2026-07-19T18:18:20.036Z] INFO: Starting Test Case: TC_A11Y_002 - Accessibility validation check - Scenario 2 [Priority: HIGH]
[2026-07-19T18:18:20.041Z] INFO: Finished Test Case: TC_A11Y_002 - Status: PASSED (5ms)

[2026-07-19T18:18:20.041Z] INFO: Starting Test Case: TC_A11Y_003 - Accessibility validation check - Scenario 3 [Priority: HIGH]
[2026-07-19T18:18:20.060Z] INFO: Finished Test Case: TC_A11Y_003 - Status: PASSED (19ms)

[2026-07-19T18:18:20.060Z] INFO: Starting Test Case: TC_A11Y_004 - Accessibility validation check - Scenario 4 [Priority: LOW]
[2026-07-19T18:18:20.110Z] INFO: Finished Test Case: TC_A11Y_004 - Status: PASSED (50ms)

[2026-07-19T18:18:20.110Z] INFO: Starting Test Case: TC_A11Y_005 - Accessibility validation check - Scenario 5 [Priority: MEDIUM]
[2026-07-19T18:18:20.125Z] INFO: Finished Test Case: TC_A11Y_005 - Status: PASSED (15ms)

[2026-07-19T18:18:20.125Z] INFO: Starting Test Case: TC_A11Y_006 - Accessibility validation check - Scenario 6 [Priority: CRITICAL]
[2026-07-19T18:18:20.145Z] INFO: Finished Test Case: TC_A11Y_006 - Status: PASSED (20ms)

[2026-07-19T18:18:20.146Z] INFO: Starting Test Case: TC_A11Y_007 - Accessibility validation check - Scenario 7 [Priority: HIGH]
[2026-07-19T18:18:20.189Z] INFO: Finished Test Case: TC_A11Y_007 - Status: PASSED (43ms)

[2026-07-19T18:18:20.189Z] INFO: Starting Test Case: TC_A11Y_008 - Accessibility validation check - Scenario 8 [Priority: HIGH]
[2026-07-19T18:18:20.211Z] INFO: Finished Test Case: TC_A11Y_008 - Status: PASSED (22ms)

[2026-07-19T18:18:20.211Z] INFO: Starting Test Case: TC_A11Y_009 - Accessibility validation check - Scenario 9 [Priority: LOW]
[2026-07-19T18:18:20.247Z] INFO: Finished Test Case: TC_A11Y_009 - Status: PASSED (36ms)

[2026-07-19T18:18:20.247Z] INFO: Starting Test Case: TC_A11Y_010 - Accessibility validation check - Scenario 10 [Priority: MEDIUM]
[2026-07-19T18:18:20.265Z] INFO: Finished Test Case: TC_A11Y_010 - Status: PASSED (18ms)

[2026-07-19T18:18:20.265Z] INFO: Starting Test Case: TC_A11Y_011 - Accessibility validation check - Scenario 11 [Priority: CRITICAL]
[2026-07-19T18:18:20.279Z] INFO: Finished Test Case: TC_A11Y_011 - Status: PASSED (14ms)

[2026-07-19T18:18:20.279Z] INFO: Starting Test Case: TC_A11Y_012 - Accessibility validation check - Scenario 12 [Priority: HIGH]
[2026-07-19T18:18:20.326Z] INFO: Finished Test Case: TC_A11Y_012 - Status: PASSED (47ms)

[2026-07-19T18:18:20.326Z] INFO: Starting Test Case: TC_A11Y_013 - Accessibility validation check - Scenario 13 [Priority: HIGH]
[2026-07-19T18:18:20.351Z] INFO: Finished Test Case: TC_A11Y_013 - Status: PASSED (25ms)

[2026-07-19T18:18:20.351Z] INFO: Starting Test Case: TC_A11Y_014 - Accessibility validation check - Scenario 14 [Priority: LOW]
[2026-07-19T18:18:20.393Z] INFO: Finished Test Case: TC_A11Y_014 - Status: PASSED (42ms)

[2026-07-19T18:18:20.393Z] INFO: Starting Test Case: TC_A11Y_015 - Accessibility validation check - Scenario 15 [Priority: MEDIUM]
[2026-07-19T18:18:20.408Z] INFO: Finished Test Case: TC_A11Y_015 - Status: PASSED (15ms)

[2026-07-19T18:18:20.408Z] INFO: Starting Test Case: TC_A11Y_016 - Accessibility validation check - Scenario 16 [Priority: CRITICAL]
[2026-07-19T18:18:20.421Z] INFO: Finished Test Case: TC_A11Y_016 - Status: PASSED (13ms)

[2026-07-19T18:18:20.421Z] INFO: Starting Test Case: TC_A11Y_017 - Accessibility validation check - Scenario 17 [Priority: HIGH]
[2026-07-19T18:18:20.426Z] INFO: Finished Test Case: TC_A11Y_017 - Status: PASSED (5ms)

[2026-07-19T18:18:20.426Z] INFO: Starting Test Case: TC_A11Y_018 - Accessibility validation check - Scenario 18 [Priority: HIGH]
[2026-07-19T18:18:20.431Z] INFO: Finished Test Case: TC_A11Y_018 - Status: PASSED (5ms)

[2026-07-19T18:18:20.432Z] INFO: Starting Test Case: TC_A11Y_019 - Accessibility validation check - Scenario 19 [Priority: LOW]
[2026-07-19T18:18:20.480Z] INFO: Finished Test Case: TC_A11Y_019 - Status: PASSED (48ms)

[2026-07-19T18:18:20.480Z] INFO: Starting Test Case: TC_A11Y_020 - Accessibility validation check - Scenario 20 [Priority: MEDIUM]
[2026-07-19T18:18:20.527Z] INFO: Finished Test Case: TC_A11Y_020 - Status: PASSED (47ms)

[2026-07-19T18:18:20.527Z] INFO: Starting Test Case: TC_RESPONSIVE_001 - Responsive Design validation check - Scenario 1 [Priority: CRITICAL]
[2026-07-19T18:18:20.557Z] INFO: Finished Test Case: TC_RESPONSIVE_001 - Status: PASSED (30ms)

[2026-07-19T18:18:20.558Z] INFO: Starting Test Case: TC_RESPONSIVE_002 - Responsive Design validation check - Scenario 2 [Priority: HIGH]
[2026-07-19T18:18:20.603Z] INFO: Finished Test Case: TC_RESPONSIVE_002 - Status: PASSED (45ms)

[2026-07-19T18:18:20.603Z] INFO: Starting Test Case: TC_RESPONSIVE_003 - Responsive Design validation check - Scenario 3 [Priority: HIGH]
[2026-07-19T18:18:20.650Z] INFO: Finished Test Case: TC_RESPONSIVE_003 - Status: PASSED (47ms)

[2026-07-19T18:18:20.650Z] INFO: Starting Test Case: TC_RESPONSIVE_004 - Responsive Design validation check - Scenario 4 [Priority: LOW]
[2026-07-19T18:18:20.679Z] INFO: Finished Test Case: TC_RESPONSIVE_004 - Status: PASSED (29ms)

[2026-07-19T18:18:20.680Z] INFO: Starting Test Case: TC_RESPONSIVE_005 - Responsive Design validation check - Scenario 5 [Priority: MEDIUM]
[2026-07-19T18:18:20.727Z] INFO: Finished Test Case: TC_RESPONSIVE_005 - Status: PASSED (47ms)

[2026-07-19T18:18:20.727Z] INFO: Starting Test Case: TC_RESPONSIVE_006 - Responsive Design validation check - Scenario 6 [Priority: CRITICAL]
[2026-07-19T18:18:20.759Z] INFO: Finished Test Case: TC_RESPONSIVE_006 - Status: PASSED (32ms)

[2026-07-19T18:18:20.759Z] INFO: Starting Test Case: TC_RESPONSIVE_007 - Responsive Design validation check - Scenario 7 [Priority: HIGH]
[2026-07-19T18:18:20.777Z] INFO: Finished Test Case: TC_RESPONSIVE_007 - Status: PASSED (18ms)

[2026-07-19T18:18:20.777Z] INFO: Starting Test Case: TC_RESPONSIVE_008 - Responsive Design validation check - Scenario 8 [Priority: HIGH]
[2026-07-19T18:18:20.825Z] INFO: Finished Test Case: TC_RESPONSIVE_008 - Status: PASSED (48ms)

[2026-07-19T18:18:20.825Z] INFO: Starting Test Case: TC_RESPONSIVE_009 - Responsive Design validation check - Scenario 9 [Priority: LOW]
[2026-07-19T18:18:20.858Z] INFO: Finished Test Case: TC_RESPONSIVE_009 - Status: PASSED (33ms)

[2026-07-19T18:18:20.858Z] INFO: Starting Test Case: TC_RESPONSIVE_010 - Responsive Design validation check - Scenario 10 [Priority: MEDIUM]
[2026-07-19T18:18:20.889Z] INFO: Finished Test Case: TC_RESPONSIVE_010 - Status: PASSED (31ms)

[2026-07-19T18:18:20.889Z] INFO: Starting Test Case: TC_RESPONSIVE_011 - Responsive Design validation check - Scenario 11 [Priority: CRITICAL]
[2026-07-19T18:18:20.894Z] INFO: Finished Test Case: TC_RESPONSIVE_011 - Status: PASSED (5ms)

[2026-07-19T18:18:20.894Z] INFO: Starting Test Case: TC_RESPONSIVE_012 - Responsive Design validation check - Scenario 12 [Priority: HIGH]
[2026-07-19T18:18:20.923Z] INFO: Finished Test Case: TC_RESPONSIVE_012 - Status: PASSED (29ms)

[2026-07-19T18:18:20.923Z] INFO: Starting Test Case: TC_RESPONSIVE_013 - Responsive Design validation check - Scenario 13 [Priority: HIGH]
[2026-07-19T18:18:20.943Z] INFO: Finished Test Case: TC_RESPONSIVE_013 - Status: PASSED (20ms)

[2026-07-19T18:18:20.943Z] INFO: Starting Test Case: TC_RESPONSIVE_014 - Responsive Design validation check - Scenario 14 [Priority: LOW]
[2026-07-19T18:18:20.951Z] INFO: Finished Test Case: TC_RESPONSIVE_014 - Status: PASSED (8ms)

[2026-07-19T18:18:20.951Z] INFO: Starting Test Case: TC_RESPONSIVE_015 - Responsive Design validation check - Scenario 15 [Priority: MEDIUM]
[2026-07-19T18:18:20.975Z] INFO: Finished Test Case: TC_RESPONSIVE_015 - Status: PASSED (24ms)

[2026-07-19T18:18:20.976Z] INFO: Starting Test Case: TC_RESPONSIVE_016 - Responsive Design validation check - Scenario 16 [Priority: CRITICAL]
[2026-07-19T18:18:21.005Z] INFO: Finished Test Case: TC_RESPONSIVE_016 - Status: PASSED (29ms)

[2026-07-19T18:18:21.005Z] INFO: Starting Test Case: TC_RESPONSIVE_017 - Responsive Design validation check - Scenario 17 [Priority: HIGH]
[2026-07-19T18:18:21.025Z] INFO: Finished Test Case: TC_RESPONSIVE_017 - Status: PASSED (20ms)

[2026-07-19T18:18:21.025Z] INFO: Starting Test Case: TC_RESPONSIVE_018 - Responsive Design validation check - Scenario 18 [Priority: HIGH]
[2026-07-19T18:18:21.038Z] INFO: Finished Test Case: TC_RESPONSIVE_018 - Status: PASSED (13ms)

[2026-07-19T18:18:21.038Z] INFO: Starting Test Case: TC_RESPONSIVE_019 - Responsive Design validation check - Scenario 19 [Priority: LOW]
[2026-07-19T18:18:21.070Z] INFO: Finished Test Case: TC_RESPONSIVE_019 - Status: PASSED (32ms)

[2026-07-19T18:18:21.070Z] INFO: Starting Test Case: TC_RESPONSIVE_020 - Responsive Design validation check - Scenario 20 [Priority: MEDIUM]
[2026-07-19T18:18:21.102Z] INFO: Finished Test Case: TC_RESPONSIVE_020 - Status: PASSED (32ms)

[2026-07-19T18:18:21.102Z] INFO: Starting Test Case: TC_PERF_001 - Performance Smoke validation check - Scenario 1 [Priority: CRITICAL]
[2026-07-19T18:18:21.139Z] INFO: Finished Test Case: TC_PERF_001 - Status: PASSED (36ms)

[2026-07-19T18:18:21.139Z] INFO: Starting Test Case: TC_PERF_002 - Performance Smoke validation check - Scenario 2 [Priority: HIGH]
[2026-07-19T18:18:21.181Z] INFO: Finished Test Case: TC_PERF_002 - Status: PASSED (42ms)

[2026-07-19T18:18:21.181Z] INFO: Starting Test Case: TC_PERF_003 - Performance Smoke validation check - Scenario 3 [Priority: HIGH]
[2026-07-19T18:18:21.223Z] INFO: Finished Test Case: TC_PERF_003 - Status: PASSED (42ms)

[2026-07-19T18:18:21.223Z] INFO: Starting Test Case: TC_PERF_004 - Performance Smoke validation check - Scenario 4 [Priority: LOW]
[2026-07-19T18:18:21.267Z] INFO: Finished Test Case: TC_PERF_004 - Status: PASSED (44ms)

[2026-07-19T18:18:21.267Z] INFO: Starting Test Case: TC_PERF_005 - Performance Smoke validation check - Scenario 5 [Priority: MEDIUM]
[2026-07-19T18:18:21.301Z] INFO: Finished Test Case: TC_PERF_005 - Status: PASSED (34ms)

[2026-07-19T18:18:21.301Z] INFO: Starting Test Case: TC_PERF_006 - Performance Smoke validation check - Scenario 6 [Priority: CRITICAL]
[2026-07-19T18:18:21.313Z] INFO: Finished Test Case: TC_PERF_006 - Status: PASSED (12ms)

[2026-07-19T18:18:21.313Z] INFO: Starting Test Case: TC_PERF_007 - Performance Smoke validation check - Scenario 7 [Priority: HIGH]
[2026-07-19T18:18:21.341Z] INFO: Finished Test Case: TC_PERF_007 - Status: PASSED (28ms)

[2026-07-19T18:18:21.342Z] INFO: Starting Test Case: TC_PERF_008 - Performance Smoke validation check - Scenario 8 [Priority: HIGH]
[2026-07-19T18:18:21.386Z] INFO: Finished Test Case: TC_PERF_008 - Status: PASSED (44ms)

[2026-07-19T18:18:21.386Z] INFO: Starting Test Case: TC_PERF_009 - Performance Smoke validation check - Scenario 9 [Priority: LOW]
[2026-07-19T18:18:21.403Z] INFO: Finished Test Case: TC_PERF_009 - Status: PASSED (17ms)

[2026-07-19T18:18:21.403Z] INFO: Starting Test Case: TC_PERF_010 - Performance Smoke validation check - Scenario 10 [Priority: MEDIUM]
[2026-07-19T18:18:21.432Z] INFO: Finished Test Case: TC_PERF_010 - Status: PASSED (29ms)

[2026-07-19T18:18:21.432Z] INFO: Starting Test Case: TC_PERF_011 - Performance Smoke validation check - Scenario 11 [Priority: CRITICAL]
[2026-07-19T18:18:21.442Z] INFO: Finished Test Case: TC_PERF_011 - Status: PASSED (10ms)

[2026-07-19T18:18:21.442Z] INFO: Starting Test Case: TC_PERF_012 - Performance Smoke validation check - Scenario 12 [Priority: HIGH]
[2026-07-19T18:18:21.450Z] INFO: Finished Test Case: TC_PERF_012 - Status: PASSED (8ms)

[2026-07-19T18:18:21.450Z] INFO: Starting Test Case: TC_PERF_013 - Performance Smoke validation check - Scenario 13 [Priority: HIGH]
[2026-07-19T18:18:21.462Z] INFO: Finished Test Case: TC_PERF_013 - Status: PASSED (12ms)

[2026-07-19T18:18:21.462Z] INFO: Starting Test Case: TC_PERF_014 - Performance Smoke validation check - Scenario 14 [Priority: LOW]
[2026-07-19T18:18:21.486Z] INFO: Finished Test Case: TC_PERF_014 - Status: PASSED (24ms)

[2026-07-19T18:18:21.486Z] INFO: Starting Test Case: TC_PERF_015 - Performance Smoke validation check - Scenario 15 [Priority: MEDIUM]
[2026-07-19T18:18:21.524Z] INFO: Finished Test Case: TC_PERF_015 - Status: PASSED (38ms)

[2026-07-19T18:18:21.524Z] INFO: Starting Test Case: TC_PERF_016 - Performance Smoke validation check - Scenario 16 [Priority: CRITICAL]
[2026-07-19T18:18:21.533Z] INFO: Finished Test Case: TC_PERF_016 - Status: PASSED (9ms)

[2026-07-19T18:18:21.533Z] INFO: Starting Test Case: TC_PERF_017 - Performance Smoke validation check - Scenario 17 [Priority: HIGH]
[2026-07-19T18:18:21.564Z] INFO: Finished Test Case: TC_PERF_017 - Status: PASSED (31ms)

[2026-07-19T18:18:21.564Z] INFO: Starting Test Case: TC_PERF_018 - Performance Smoke validation check - Scenario 18 [Priority: HIGH]
[2026-07-19T18:18:21.589Z] INFO: Finished Test Case: TC_PERF_018 - Status: PASSED (25ms)

[2026-07-19T18:18:21.589Z] INFO: Starting Test Case: TC_PERF_019 - Performance Smoke validation check - Scenario 19 [Priority: LOW]
[2026-07-19T18:18:21.619Z] INFO: Finished Test Case: TC_PERF_019 - Status: PASSED (30ms)

[2026-07-19T18:18:21.620Z] INFO: Starting Test Case: TC_PERF_020 - Performance Smoke validation check - Scenario 20 [Priority: MEDIUM]
[2026-07-19T18:18:21.656Z] INFO: Finished Test Case: TC_PERF_020 - Status: PASSED (36ms)

[2026-07-19T18:18:21.656Z] INFO: Starting Test Case: TC_REGR_001 - Regression validation check - Scenario 1 [Priority: CRITICAL]
[2026-07-19T18:18:21.680Z] INFO: Finished Test Case: TC_REGR_001 - Status: PASSED (24ms)

[2026-07-19T18:18:21.680Z] INFO: Starting Test Case: TC_REGR_002 - Regression validation check - Scenario 2 [Priority: HIGH]
[2026-07-19T18:18:21.695Z] INFO: Finished Test Case: TC_REGR_002 - Status: PASSED (14ms)

[2026-07-19T18:18:21.695Z] INFO: Starting Test Case: TC_REGR_003 - Regression validation check - Scenario 3 [Priority: HIGH]
[2026-07-19T18:18:21.713Z] INFO: Finished Test Case: TC_REGR_003 - Status: PASSED (18ms)

[2026-07-19T18:18:21.713Z] INFO: Starting Test Case: TC_REGR_004 - Regression validation check - Scenario 4 [Priority: LOW]
[2026-07-19T18:18:21.727Z] INFO: Finished Test Case: TC_REGR_004 - Status: PASSED (14ms)

[2026-07-19T18:18:21.727Z] INFO: Starting Test Case: TC_REGR_005 - Regression validation check - Scenario 5 [Priority: MEDIUM]
[2026-07-19T18:18:21.754Z] INFO: Finished Test Case: TC_REGR_005 - Status: PASSED (27ms)

[2026-07-19T18:18:21.754Z] INFO: Starting Test Case: TC_REGR_006 - Regression validation check - Scenario 6 [Priority: CRITICAL]
[2026-07-19T18:18:21.790Z] INFO: Finished Test Case: TC_REGR_006 - Status: PASSED (36ms)

[2026-07-19T18:18:21.790Z] INFO: Starting Test Case: TC_REGR_007 - Regression validation check - Scenario 7 [Priority: HIGH]
[2026-07-19T18:18:21.812Z] INFO: Finished Test Case: TC_REGR_007 - Status: PASSED (22ms)

[2026-07-19T18:18:21.812Z] INFO: Starting Test Case: TC_REGR_008 - Regression validation check - Scenario 8 [Priority: HIGH]
[2026-07-19T18:18:21.848Z] INFO: Finished Test Case: TC_REGR_008 - Status: PASSED (36ms)

[2026-07-19T18:18:21.849Z] INFO: Starting Test Case: TC_REGR_009 - Regression validation check - Scenario 9 [Priority: LOW]
[2026-07-19T18:18:21.880Z] INFO: Finished Test Case: TC_REGR_009 - Status: PASSED (31ms)

[2026-07-19T18:18:21.880Z] INFO: Starting Test Case: TC_REGR_010 - Regression validation check - Scenario 10 [Priority: MEDIUM]
[2026-07-19T18:18:21.906Z] INFO: Finished Test Case: TC_REGR_010 - Status: PASSED (26ms)

[2026-07-19T18:18:21.906Z] INFO: Starting Test Case: TC_REGR_011 - Regression validation check - Scenario 11 [Priority: CRITICAL]
[2026-07-19T18:18:21.951Z] INFO: Finished Test Case: TC_REGR_011 - Status: PASSED (45ms)

[2026-07-19T18:18:21.951Z] INFO: Starting Test Case: TC_REGR_012 - Regression validation check - Scenario 12 [Priority: HIGH]
[2026-07-19T18:18:21.964Z] INFO: Finished Test Case: TC_REGR_012 - Status: PASSED (13ms)

[2026-07-19T18:18:21.964Z] INFO: Starting Test Case: TC_REGR_013 - Regression validation check - Scenario 13 [Priority: HIGH]
[2026-07-19T18:18:21.974Z] INFO: Finished Test Case: TC_REGR_013 - Status: PASSED (10ms)

[2026-07-19T18:18:21.974Z] INFO: Starting Test Case: TC_REGR_014 - Regression validation check - Scenario 14 [Priority: LOW]
[2026-07-19T18:18:22.015Z] INFO: Finished Test Case: TC_REGR_014 - Status: PASSED (41ms)

[2026-07-19T18:18:22.015Z] INFO: Starting Test Case: TC_REGR_015 - Regression validation check - Scenario 15 [Priority: MEDIUM]
[2026-07-19T18:18:22.029Z] INFO: Finished Test Case: TC_REGR_015 - Status: PASSED (14ms)

[2026-07-19T18:18:22.029Z] INFO: Starting Test Case: TC_REGR_016 - Regression validation check - Scenario 16 [Priority: CRITICAL]
[2026-07-19T18:18:22.058Z] INFO: Finished Test Case: TC_REGR_016 - Status: PASSED (29ms)

[2026-07-19T18:18:22.058Z] INFO: Starting Test Case: TC_REGR_017 - Regression validation check - Scenario 17 [Priority: HIGH]
[2026-07-19T18:18:22.070Z] INFO: Finished Test Case: TC_REGR_017 - Status: PASSED (12ms)

[2026-07-19T18:18:22.070Z] INFO: Starting Test Case: TC_REGR_018 - Regression validation check - Scenario 18 [Priority: HIGH]
[2026-07-19T18:18:22.089Z] INFO: Finished Test Case: TC_REGR_018 - Status: PASSED (19ms)

[2026-07-19T18:18:22.089Z] INFO: Starting Test Case: TC_REGR_019 - Regression validation check - Scenario 19 [Priority: LOW]
[2026-07-19T18:18:22.112Z] INFO: Finished Test Case: TC_REGR_019 - Status: PASSED (23ms)

[2026-07-19T18:18:22.113Z] INFO: Starting Test Case: TC_REGR_020 - Regression validation check - Scenario 20 [Priority: MEDIUM]
[2026-07-19T18:18:22.138Z] INFO: Finished Test Case: TC_REGR_020 - Status: PASSED (26ms)

[2026-07-19T18:18:22.138Z] INFO: Starting Test Case: TC_REGR_021 - Regression validation check - Scenario 21 [Priority: CRITICAL]
[2026-07-19T18:18:22.167Z] INFO: Finished Test Case: TC_REGR_021 - Status: PASSED (29ms)

[2026-07-19T18:18:22.167Z] INFO: Starting Test Case: TC_REGR_022 - Regression validation check - Scenario 22 [Priority: HIGH]
[2026-07-19T18:18:22.173Z] INFO: Finished Test Case: TC_REGR_022 - Status: PASSED (6ms)

[2026-07-19T18:18:22.174Z] INFO: Starting Test Case: TC_REGR_023 - Regression validation check - Scenario 23 [Priority: HIGH]
[2026-07-19T18:18:22.182Z] INFO: Finished Test Case: TC_REGR_023 - Status: PASSED (9ms)

[2026-07-19T18:18:22.182Z] INFO: Starting Test Case: TC_REGR_024 - Regression validation check - Scenario 24 [Priority: LOW]
[2026-07-19T18:18:22.204Z] INFO: Finished Test Case: TC_REGR_024 - Status: PASSED (22ms)

[2026-07-19T18:18:22.204Z] INFO: Starting Test Case: TC_REGR_025 - Regression validation check - Scenario 25 [Priority: MEDIUM]
[2026-07-19T18:18:22.225Z] INFO: Finished Test Case: TC_REGR_025 - Status: PASSED (21ms)

[2026-07-19T18:18:22.225Z] INFO: Starting Test Case: TC_REGR_026 - Regression validation check - Scenario 26 [Priority: CRITICAL]
[2026-07-19T18:18:22.272Z] INFO: Finished Test Case: TC_REGR_026 - Status: PASSED (47ms)

[2026-07-19T18:18:22.272Z] INFO: Starting Test Case: TC_REGR_027 - Regression validation check - Scenario 27 [Priority: HIGH]
[2026-07-19T18:18:22.287Z] INFO: Finished Test Case: TC_REGR_027 - Status: PASSED (15ms)

[2026-07-19T18:18:22.287Z] INFO: Starting Test Case: TC_REGR_028 - Regression validation check - Scenario 28 [Priority: HIGH]
[2026-07-19T18:18:22.317Z] INFO: Finished Test Case: TC_REGR_028 - Status: PASSED (30ms)

[2026-07-19T18:18:22.318Z] INFO: Starting Test Case: TC_REGR_029 - Regression validation check - Scenario 29 [Priority: LOW]
[2026-07-19T18:18:22.364Z] INFO: Finished Test Case: TC_REGR_029 - Status: PASSED (46ms)

[2026-07-19T18:18:22.364Z] INFO: Starting Test Case: TC_REGR_030 - Regression validation check - Scenario 30 [Priority: MEDIUM]
[2026-07-19T18:18:22.382Z] INFO: Finished Test Case: TC_REGR_030 - Status: PASSED (18ms)

[2026-07-19T18:18:22.382Z] INFO: Starting Test Case: TC_REGR_031 - Regression validation check - Scenario 31 [Priority: CRITICAL]
[2026-07-19T18:18:22.417Z] INFO: Finished Test Case: TC_REGR_031 - Status: PASSED (35ms)

[2026-07-19T18:18:22.417Z] INFO: Starting Test Case: TC_REGR_032 - Regression validation check - Scenario 32 [Priority: HIGH]
[2026-07-19T18:18:22.446Z] INFO: Finished Test Case: TC_REGR_032 - Status: PASSED (29ms)

[2026-07-19T18:18:22.446Z] INFO: Starting Test Case: TC_REGR_033 - Regression validation check - Scenario 33 [Priority: HIGH]
[2026-07-19T18:18:22.492Z] INFO: Finished Test Case: TC_REGR_033 - Status: PASSED (46ms)

[2026-07-19T18:18:22.492Z] INFO: Starting Test Case: TC_REGR_034 - Regression validation check - Scenario 34 [Priority: LOW]
[2026-07-19T18:18:22.533Z] INFO: Finished Test Case: TC_REGR_034 - Status: PASSED (41ms)

[2026-07-19T18:18:22.534Z] INFO: Starting Test Case: TC_REGR_035 - Regression validation check - Scenario 35 [Priority: MEDIUM]
[2026-07-19T18:18:22.575Z] INFO: Finished Test Case: TC_REGR_035 - Status: PASSED (41ms)

[2026-07-19T18:18:22.575Z] INFO: Starting Test Case: TC_REGR_036 - Regression validation check - Scenario 36 [Priority: CRITICAL]
[2026-07-19T18:18:22.607Z] INFO: Finished Test Case: TC_REGR_036 - Status: PASSED (32ms)

[2026-07-19T18:18:22.607Z] INFO: Starting Test Case: TC_REGR_037 - Regression validation check - Scenario 37 [Priority: HIGH]
[2026-07-19T18:18:22.622Z] INFO: Finished Test Case: TC_REGR_037 - Status: PASSED (15ms)

[2026-07-19T18:18:22.622Z] INFO: Starting Test Case: TC_REGR_038 - Regression validation check - Scenario 38 [Priority: HIGH]
[2026-07-19T18:18:22.660Z] INFO: Finished Test Case: TC_REGR_038 - Status: PASSED (38ms)

[2026-07-19T18:18:22.660Z] INFO: Starting Test Case: TC_REGR_039 - Regression validation check - Scenario 39 [Priority: LOW]
[2026-07-19T18:18:22.672Z] INFO: Finished Test Case: TC_REGR_039 - Status: PASSED (12ms)

[2026-07-19T18:18:22.672Z] INFO: Starting Test Case: TC_REGR_040 - Regression validation check - Scenario 40 [Priority: MEDIUM]
[2026-07-19T18:18:22.684Z] INFO: Finished Test Case: TC_REGR_040 - Status: PASSED (12ms)

[2026-07-19T18:18:22.684Z] INFO: Starting Test Case: TC_REGR_041 - Regression validation check - Scenario 41 [Priority: CRITICAL]
[2026-07-19T18:18:22.693Z] INFO: Finished Test Case: TC_REGR_041 - Status: PASSED (9ms)

[2026-07-19T18:18:22.693Z] INFO: Starting Test Case: TC_REGR_042 - Regression validation check - Scenario 42 [Priority: HIGH]
[2026-07-19T18:18:22.725Z] INFO: Finished Test Case: TC_REGR_042 - Status: PASSED (32ms)

[2026-07-19T18:18:22.725Z] INFO: Starting Test Case: TC_REGR_043 - Regression validation check - Scenario 43 [Priority: HIGH]
[2026-07-19T18:18:22.770Z] INFO: Finished Test Case: TC_REGR_043 - Status: PASSED (45ms)

[2026-07-19T18:18:22.770Z] INFO: Starting Test Case: TC_REGR_044 - Regression validation check - Scenario 44 [Priority: LOW]
[2026-07-19T18:18:22.813Z] INFO: Finished Test Case: TC_REGR_044 - Status: PASSED (43ms)

[2026-07-19T18:18:22.813Z] INFO: Starting Test Case: TC_REGR_045 - Regression validation check - Scenario 45 [Priority: MEDIUM]
[2026-07-19T18:18:22.857Z] INFO: Finished Test Case: TC_REGR_045 - Status: PASSED (44ms)

[2026-07-19T18:18:22.857Z] INFO: Starting Test Case: TC_REGR_046 - Regression validation check - Scenario 46 [Priority: CRITICAL]
[2026-07-19T18:18:22.893Z] INFO: Finished Test Case: TC_REGR_046 - Status: PASSED (36ms)

[2026-07-19T18:18:22.893Z] INFO: Starting Test Case: TC_REGR_047 - Regression validation check - Scenario 47 [Priority: HIGH]
[2026-07-19T18:18:22.920Z] INFO: Finished Test Case: TC_REGR_047 - Status: PASSED (27ms)

[2026-07-19T18:18:22.920Z] INFO: Starting Test Case: TC_REGR_048 - Regression validation check - Scenario 48 [Priority: HIGH]
[2026-07-19T18:18:22.945Z] INFO: Finished Test Case: TC_REGR_048 - Status: PASSED (25ms)

[2026-07-19T18:18:22.945Z] INFO: Starting Test Case: TC_REGR_049 - Regression validation check - Scenario 49 [Priority: LOW]
[2026-07-19T18:18:22.984Z] INFO: Finished Test Case: TC_REGR_049 - Status: PASSED (39ms)

[2026-07-19T18:18:22.984Z] INFO: Starting Test Case: TC_REGR_050 - Regression validation check - Scenario 50 [Priority: MEDIUM]
[2026-07-19T18:18:23.005Z] INFO: Finished Test Case: TC_REGR_050 - Status: PASSED (21ms)

[2026-07-19T18:18:23.005Z] INFO: Closing Chrome driver session...
[2026-07-19T18:18:23.008Z] INFO: Browser logs saved successfully to: /home/runner/work/pddtesting/pddtesting/automation/reports/Logs/browser-console.log
[2026-07-19T18:18:23.060Z] INFO: Session closed.
[2026-07-19T18:18:23.060Z] INFO: E2E suite execution finished. Total duration: 44.59s
[2026-07-19T18:18:23.061Z] INFO: Generating Excel automation reports...
[2026-07-19T18:18:23.285Z] INFO: Master Excel report written to: /home/runner/work/pddtesting/pddtesting/automation/reports/Excel/Automation_Test_Report.xlsx
[2026-07-19T18:18:23.371Z] INFO: Excel report generation completed successfully!
[2026-07-19T18:18:23.371Z] INFO: Generating HTML automation reports...
[2026-07-19T18:18:23.374Z] INFO: HTML Reports successfully written to: /home/runner/work/pddtesting/pddtesting/automation/reports/HTML
[2026-07-19T18:18:23.375Z] INFO: JSON report generated at: /home/runner/work/pddtesting/pddtesting/automation/reports/JSON/execution-results.json
[2026-07-19T18:18:23.376Z] INFO: Markdown step summary generated at: /home/runner/work/pddtesting/pddtesting/automation/reports/Summary/summary.md
[2026-07-19T18:18:23.376Z] INFO: Final Metrics -> Total: 470, Passed: 467, Pass Rate: 99.36%
[2026-07-19T18:18:23.376Z] INFO: Critical Tests -> Total: 95, Failed: 1, Critical Fail Rate: 1.05%
[2026-07-19T18:18:23.376Z] INFO: Execution Passed: All criteria (Pass Rate >= 95% and Critical Fail Rate <= 5%) met successfully!
