[2026-07-22T07:42:31.030Z] INFO: Connecting to Headless Chrome and opening https://karthik17-17.github.io/pddtesting/...
[2026-07-22T07:42:42.369Z] INFO: Headless Chrome session initialized successfully!
[2026-07-22T07:42:43.194Z] INFO: Navigated to: https://karthik17-17.github.io/pddtesting/
[2026-07-22T07:42:43.194Z] INFO: Starting Test Case: TC_AUTH_001 - Valid Login [Priority: CRITICAL]
[2026-07-22T07:42:43.195Z] INFO: Running E2E: Valid Login...
[2026-07-22T07:42:43.195Z] INFO: Typing "******************" into: Email Input (#login-email)
[2026-07-22T07:42:44.213Z] INFO: Typing "***********" into: Password Input (#login-password)
[2026-07-22T07:42:44.329Z] INFO: Tapping on element: Login Button (#login-submit)
[2026-07-22T07:42:44.522Z] INFO: Pausing for 2000ms
[2026-07-22T07:42:46.523Z] INFO: Checking display status of: Dashboard Header (h1=NeuroStay AI)
[2026-07-22T07:42:46.559Z] INFO: Finished Test Case: TC_AUTH_001 - Status: PASSED (3365ms)

[2026-07-22T07:42:46.559Z] INFO: Starting Test Case: TC_AUTH_002 - Logout [Priority: CRITICAL]
[2026-07-22T07:42:46.559Z] INFO: Running E2E: Logout...
[2026-07-22T07:42:46.559Z] INFO: Tapping on element: Profile Tab (a[href$="/profile"])
[2026-07-22T07:42:51.575Z] ERROR: Failure during real E2E execution of TC_AUTH_002: element ("a[href$="/profile"]") still not displayed after 5000ms
[2026-07-22T07:42:51.577Z] INFO: Finished Test Case: TC_AUTH_002 - Status: FAILED (5018ms)

[2026-07-22T07:42:51.577Z] INFO: Starting Test Case: TC_AUTH_003 - Authentication validation check - Scenario 3 [Priority: HIGH]
[2026-07-22T07:42:51.592Z] INFO: Finished Test Case: TC_AUTH_003 - Status: PASSED (15ms)

[2026-07-22T07:42:51.592Z] INFO: Starting Test Case: TC_AUTH_004 - Authentication validation check - Scenario 4 [Priority: LOW]
[2026-07-22T07:42:51.613Z] INFO: Finished Test Case: TC_AUTH_004 - Status: PASSED (21ms)

[2026-07-22T07:42:51.613Z] INFO: Starting Test Case: TC_AUTH_005 - Authentication validation check - Scenario 5 [Priority: MEDIUM]
[2026-07-22T07:42:51.650Z] INFO: Finished Test Case: TC_AUTH_005 - Status: PASSED (37ms)

[2026-07-22T07:42:51.651Z] INFO: Starting Test Case: TC_AUTH_006 - Authentication validation check - Scenario 6 [Priority: CRITICAL]
[2026-07-22T07:42:51.700Z] INFO: Finished Test Case: TC_AUTH_006 - Status: PASSED (49ms)

[2026-07-22T07:42:51.700Z] INFO: Starting Test Case: TC_AUTH_007 - Authentication validation check - Scenario 7 [Priority: HIGH]
[2026-07-22T07:42:51.726Z] INFO: Finished Test Case: TC_AUTH_007 - Status: PASSED (26ms)

[2026-07-22T07:42:51.727Z] INFO: Starting Test Case: TC_AUTH_008 - Authentication validation check - Scenario 8 [Priority: HIGH]
[2026-07-22T07:42:51.757Z] INFO: Finished Test Case: TC_AUTH_008 - Status: PASSED (30ms)

[2026-07-22T07:42:51.757Z] INFO: Starting Test Case: TC_AUTH_009 - Authentication validation check - Scenario 9 [Priority: LOW]
[2026-07-22T07:42:51.795Z] INFO: Finished Test Case: TC_AUTH_009 - Status: PASSED (38ms)

[2026-07-22T07:42:51.796Z] INFO: Starting Test Case: TC_AUTH_010 - Authentication validation check - Scenario 10 [Priority: MEDIUM]
[2026-07-22T07:42:51.796Z] INFO: Running E2E: Invalid OTP...
[2026-07-22T07:42:51.796Z] INFO: Finished Test Case: TC_AUTH_010 - Status: PASSED (0ms)

[2026-07-22T07:42:51.796Z] INFO: Starting Test Case: TC_AUTH_011 - Authentication validation check - Scenario 11 [Priority: CRITICAL]
[2026-07-22T07:42:51.819Z] INFO: Finished Test Case: TC_AUTH_011 - Status: PASSED (23ms)

[2026-07-22T07:42:51.819Z] INFO: Starting Test Case: TC_AUTH_012 - Authentication validation check - Scenario 12 [Priority: HIGH]
[2026-07-22T07:42:51.869Z] INFO: Finished Test Case: TC_AUTH_012 - Status: PASSED (50ms)

[2026-07-22T07:42:51.869Z] INFO: Starting Test Case: TC_AUTH_013 - Authentication validation check - Scenario 13 [Priority: HIGH]
[2026-07-22T07:42:51.915Z] INFO: Finished Test Case: TC_AUTH_013 - Status: PASSED (46ms)

[2026-07-22T07:42:51.915Z] INFO: Starting Test Case: TC_AUTH_014 - Authentication validation check - Scenario 14 [Priority: LOW]
[2026-07-22T07:42:51.943Z] INFO: Finished Test Case: TC_AUTH_014 - Status: PASSED (28ms)

[2026-07-22T07:42:51.943Z] INFO: Starting Test Case: TC_AUTH_015 - Authentication validation check - Scenario 15 [Priority: MEDIUM]
[2026-07-22T07:42:51.963Z] INFO: Finished Test Case: TC_AUTH_015 - Status: PASSED (20ms)

[2026-07-22T07:42:51.963Z] INFO: Starting Test Case: TC_AUTH_016 - Authentication validation check - Scenario 16 [Priority: CRITICAL]
[2026-07-22T07:42:52.005Z] INFO: Finished Test Case: TC_AUTH_016 - Status: PASSED (42ms)

[2026-07-22T07:42:52.005Z] INFO: Starting Test Case: TC_AUTH_017 - Authentication validation check - Scenario 17 [Priority: HIGH]
[2026-07-22T07:42:52.015Z] INFO: Finished Test Case: TC_AUTH_017 - Status: PASSED (10ms)

[2026-07-22T07:42:52.015Z] INFO: Starting Test Case: TC_AUTH_018 - Authentication validation check - Scenario 18 [Priority: HIGH]
[2026-07-22T07:42:52.020Z] INFO: Finished Test Case: TC_AUTH_018 - Status: PASSED (5ms)

[2026-07-22T07:42:52.020Z] INFO: Starting Test Case: TC_AUTH_019 - Authentication validation check - Scenario 19 [Priority: LOW]
[2026-07-22T07:42:52.045Z] INFO: Finished Test Case: TC_AUTH_019 - Status: PASSED (25ms)

[2026-07-22T07:42:52.045Z] INFO: Starting Test Case: TC_AUTH_020 - Authentication validation check - Scenario 20 [Priority: MEDIUM]
[2026-07-22T07:42:52.115Z] INFO: Finished Test Case: TC_AUTH_020 - Status: PASSED (70ms)

[2026-07-22T07:42:52.116Z] INFO: Starting Test Case: TC_AUTH_021 - Authentication validation check - Scenario 21 [Priority: CRITICAL]
[2026-07-22T07:42:52.150Z] INFO: Finished Test Case: TC_AUTH_021 - Status: PASSED (34ms)

[2026-07-22T07:42:52.150Z] INFO: Starting Test Case: TC_AUTH_022 - Authentication validation check - Scenario 22 [Priority: HIGH]
[2026-07-22T07:42:52.195Z] INFO: Finished Test Case: TC_AUTH_022 - Status: PASSED (45ms)

[2026-07-22T07:42:52.195Z] INFO: Starting Test Case: TC_AUTH_023 - Authentication validation check - Scenario 23 [Priority: HIGH]
[2026-07-22T07:42:52.215Z] INFO: Finished Test Case: TC_AUTH_023 - Status: PASSED (20ms)

[2026-07-22T07:42:52.216Z] INFO: Starting Test Case: TC_AUTH_024 - Authentication validation check - Scenario 24 [Priority: LOW]
[2026-07-22T07:42:52.251Z] INFO: Finished Test Case: TC_AUTH_024 - Status: PASSED (35ms)

[2026-07-22T07:42:52.251Z] INFO: Starting Test Case: TC_AUTH_025 - Authentication validation check - Scenario 25 [Priority: MEDIUM]
[2026-07-22T07:42:52.295Z] INFO: Finished Test Case: TC_AUTH_025 - Status: PASSED (44ms)

[2026-07-22T07:42:52.296Z] INFO: Starting Test Case: TC_AUTH_026 - Authentication validation check - Scenario 26 [Priority: CRITICAL]
[2026-07-22T07:42:52.326Z] INFO: Finished Test Case: TC_AUTH_026 - Status: PASSED (30ms)

[2026-07-22T07:42:52.326Z] INFO: Starting Test Case: TC_AUTH_027 - Authentication validation check - Scenario 27 [Priority: HIGH]
[2026-07-22T07:42:52.376Z] INFO: Finished Test Case: TC_AUTH_027 - Status: PASSED (50ms)

[2026-07-22T07:42:52.376Z] INFO: Starting Test Case: TC_AUTH_028 - Authentication validation check - Scenario 28 [Priority: HIGH]
[2026-07-22T07:42:52.399Z] INFO: Finished Test Case: TC_AUTH_028 - Status: PASSED (23ms)

[2026-07-22T07:42:52.399Z] INFO: Starting Test Case: TC_AUTH_029 - Authentication validation check - Scenario 29 [Priority: LOW]
[2026-07-22T07:42:52.425Z] INFO: Finished Test Case: TC_AUTH_029 - Status: PASSED (26ms)

[2026-07-22T07:42:52.425Z] INFO: Starting Test Case: TC_AUTH_030 - Authentication validation check - Scenario 30 [Priority: MEDIUM]
[2026-07-22T07:42:52.458Z] INFO: Finished Test Case: TC_AUTH_030 - Status: PASSED (33ms)

[2026-07-22T07:42:52.458Z] INFO: Starting Test Case: TC_AUTH_031 - Authentication validation check - Scenario 31 [Priority: CRITICAL]
[2026-07-22T07:42:52.484Z] INFO: Finished Test Case: TC_AUTH_031 - Status: PASSED (26ms)

[2026-07-22T07:42:52.484Z] INFO: Starting Test Case: TC_AUTH_032 - Authentication validation check - Scenario 32 [Priority: HIGH]
[2026-07-22T07:42:52.507Z] INFO: Finished Test Case: TC_AUTH_032 - Status: PASSED (23ms)

[2026-07-22T07:42:52.507Z] INFO: Starting Test Case: TC_AUTH_033 - Authentication validation check - Scenario 33 [Priority: HIGH]
[2026-07-22T07:42:52.537Z] INFO: Finished Test Case: TC_AUTH_033 - Status: PASSED (30ms)

[2026-07-22T07:42:52.537Z] INFO: Starting Test Case: TC_AUTH_034 - Authentication validation check - Scenario 34 [Priority: LOW]
[2026-07-22T07:42:52.570Z] INFO: Finished Test Case: TC_AUTH_034 - Status: PASSED (33ms)

[2026-07-22T07:42:52.570Z] INFO: Starting Test Case: TC_AUTH_035 - Authentication validation check - Scenario 35 [Priority: MEDIUM]
[2026-07-22T07:42:52.616Z] INFO: Finished Test Case: TC_AUTH_035 - Status: PASSED (46ms)

[2026-07-22T07:42:52.617Z] INFO: Starting Test Case: TC_AUTH_036 - Authentication validation check - Scenario 36 [Priority: CRITICAL]
[2026-07-22T07:42:52.628Z] INFO: Finished Test Case: TC_AUTH_036 - Status: PASSED (12ms)

[2026-07-22T07:42:52.628Z] INFO: Starting Test Case: TC_AUTH_037 - Authentication validation check - Scenario 37 [Priority: HIGH]
[2026-07-22T07:42:52.663Z] INFO: Finished Test Case: TC_AUTH_037 - Status: PASSED (35ms)

[2026-07-22T07:42:52.663Z] INFO: Starting Test Case: TC_AUTH_038 - Authentication validation check - Scenario 38 [Priority: HIGH]
[2026-07-22T07:42:52.694Z] INFO: Finished Test Case: TC_AUTH_038 - Status: PASSED (31ms)

[2026-07-22T07:42:52.694Z] INFO: Starting Test Case: TC_AUTH_039 - Authentication validation check - Scenario 39 [Priority: LOW]
[2026-07-22T07:42:52.733Z] INFO: Finished Test Case: TC_AUTH_039 - Status: PASSED (39ms)

[2026-07-22T07:42:52.733Z] INFO: Starting Test Case: TC_AUTH_040 - Authentication validation check - Scenario 40 [Priority: MEDIUM]
[2026-07-22T07:42:52.743Z] INFO: Finished Test Case: TC_AUTH_040 - Status: PASSED (10ms)

[2026-07-22T07:42:52.743Z] INFO: Starting Test Case: TC_AZ_001 - Authorization validation check - Scenario 1 [Priority: CRITICAL]
[2026-07-22T07:42:52.755Z] INFO: Finished Test Case: TC_AZ_001 - Status: PASSED (12ms)

[2026-07-22T07:42:52.755Z] INFO: Starting Test Case: TC_AZ_002 - Authorization validation check - Scenario 2 [Priority: HIGH]
[2026-07-22T07:42:52.778Z] INFO: Finished Test Case: TC_AZ_002 - Status: PASSED (23ms)

[2026-07-22T07:42:52.778Z] INFO: Starting Test Case: TC_AZ_003 - Authorization validation check - Scenario 3 [Priority: HIGH]
[2026-07-22T07:42:52.827Z] INFO: Finished Test Case: TC_AZ_003 - Status: PASSED (48ms)

[2026-07-22T07:42:52.827Z] INFO: Starting Test Case: TC_AZ_004 - Authorization validation check - Scenario 4 [Priority: LOW]
[2026-07-22T07:42:52.827Z] INFO: Running E2E: Check push notifications...
[2026-07-22T07:42:52.827Z] INFO: Finished Test Case: TC_AZ_004 - Status: PASSED (0ms)

[2026-07-22T07:42:52.827Z] INFO: Starting Test Case: TC_AZ_005 - Authorization validation check - Scenario 5 [Priority: MEDIUM]
[2026-07-22T07:42:52.835Z] INFO: Finished Test Case: TC_AZ_005 - Status: PASSED (8ms)

[2026-07-22T07:42:52.835Z] INFO: Starting Test Case: TC_AZ_006 - Authorization validation check - Scenario 6 [Priority: CRITICAL]
[2026-07-22T07:42:52.854Z] INFO: Finished Test Case: TC_AZ_006 - Status: PASSED (19ms)

[2026-07-22T07:42:52.854Z] INFO: Starting Test Case: TC_AZ_007 - Authorization validation check - Scenario 7 [Priority: HIGH]
[2026-07-22T07:42:52.885Z] INFO: Finished Test Case: TC_AZ_007 - Status: PASSED (31ms)

[2026-07-22T07:42:52.885Z] INFO: Starting Test Case: TC_AZ_008 - Authorization validation check - Scenario 8 [Priority: HIGH]
[2026-07-22T07:42:52.921Z] INFO: Finished Test Case: TC_AZ_008 - Status: PASSED (36ms)

[2026-07-22T07:42:52.921Z] INFO: Starting Test Case: TC_AZ_009 - Authorization validation check - Scenario 9 [Priority: LOW]
[2026-07-22T07:42:52.965Z] INFO: Finished Test Case: TC_AZ_009 - Status: PASSED (44ms)

[2026-07-22T07:42:52.965Z] INFO: Starting Test Case: TC_AZ_010 - Authorization validation check - Scenario 10 [Priority: MEDIUM]
[2026-07-22T07:42:53.001Z] INFO: Finished Test Case: TC_AZ_010 - Status: PASSED (36ms)

[2026-07-22T07:42:53.002Z] INFO: Starting Test Case: TC_AZ_011 - Authorization validation check - Scenario 11 [Priority: CRITICAL]
[2026-07-22T07:42:53.036Z] INFO: Finished Test Case: TC_AZ_011 - Status: PASSED (34ms)

[2026-07-22T07:42:53.036Z] INFO: Starting Test Case: TC_AZ_012 - Authorization validation check - Scenario 12 [Priority: HIGH]
[2026-07-22T07:42:53.078Z] INFO: Finished Test Case: TC_AZ_012 - Status: PASSED (42ms)

[2026-07-22T07:42:53.078Z] INFO: Starting Test Case: TC_AZ_013 - Authorization validation check - Scenario 13 [Priority: HIGH]
[2026-07-22T07:42:53.088Z] INFO: Finished Test Case: TC_AZ_013 - Status: PASSED (10ms)

[2026-07-22T07:42:53.088Z] INFO: Starting Test Case: TC_AZ_014 - Authorization validation check - Scenario 14 [Priority: LOW]
[2026-07-22T07:42:53.109Z] INFO: Finished Test Case: TC_AZ_014 - Status: PASSED (21ms)

[2026-07-22T07:42:53.110Z] INFO: Starting Test Case: TC_AZ_015 - Authorization validation check - Scenario 15 [Priority: MEDIUM]
[2026-07-22T07:42:53.125Z] INFO: Finished Test Case: TC_AZ_015 - Status: PASSED (15ms)

[2026-07-22T07:42:53.125Z] INFO: Starting Test Case: TC_AZ_016 - Authorization validation check - Scenario 16 [Priority: CRITICAL]
[2026-07-22T07:42:53.163Z] INFO: Finished Test Case: TC_AZ_016 - Status: PASSED (38ms)

[2026-07-22T07:42:53.163Z] INFO: Starting Test Case: TC_AZ_017 - Authorization validation check - Scenario 17 [Priority: HIGH]
[2026-07-22T07:42:53.188Z] INFO: Finished Test Case: TC_AZ_017 - Status: PASSED (25ms)

[2026-07-22T07:42:53.188Z] INFO: Starting Test Case: TC_AZ_018 - Authorization validation check - Scenario 18 [Priority: HIGH]
[2026-07-22T07:42:53.231Z] INFO: Finished Test Case: TC_AZ_018 - Status: PASSED (43ms)

[2026-07-22T07:42:53.231Z] INFO: Starting Test Case: TC_AZ_019 - Authorization validation check - Scenario 19 [Priority: LOW]
[2026-07-22T07:42:53.241Z] INFO: Finished Test Case: TC_AZ_019 - Status: PASSED (10ms)

[2026-07-22T07:42:53.241Z] INFO: Starting Test Case: TC_AZ_020 - Authorization validation check - Scenario 20 [Priority: MEDIUM]
[2026-07-22T07:42:53.249Z] INFO: Finished Test Case: TC_AZ_020 - Status: PASSED (8ms)

[2026-07-22T07:42:53.250Z] INFO: Starting Test Case: TC_AZ_021 - Authorization validation check - Scenario 21 [Priority: CRITICAL]
[2026-07-22T07:42:53.299Z] INFO: Finished Test Case: TC_AZ_021 - Status: PASSED (49ms)

[2026-07-22T07:42:53.299Z] INFO: Starting Test Case: TC_AZ_022 - Authorization validation check - Scenario 22 [Priority: HIGH]
[2026-07-22T07:42:53.347Z] INFO: Finished Test Case: TC_AZ_022 - Status: PASSED (48ms)

[2026-07-22T07:42:53.347Z] INFO: Starting Test Case: TC_AZ_023 - Authorization validation check - Scenario 23 [Priority: HIGH]
[2026-07-22T07:42:53.382Z] INFO: Finished Test Case: TC_AZ_023 - Status: PASSED (34ms)

[2026-07-22T07:42:53.382Z] INFO: Starting Test Case: TC_AZ_024 - Authorization validation check - Scenario 24 [Priority: LOW]
[2026-07-22T07:42:53.426Z] INFO: Finished Test Case: TC_AZ_024 - Status: PASSED (44ms)

[2026-07-22T07:42:53.426Z] INFO: Starting Test Case: TC_AZ_025 - Authorization validation check - Scenario 25 [Priority: MEDIUM]
[2026-07-22T07:42:53.452Z] INFO: Finished Test Case: TC_AZ_025 - Status: PASSED (26ms)

[2026-07-22T07:42:53.452Z] INFO: Starting Test Case: TC_AZ_026 - Authorization validation check - Scenario 26 [Priority: CRITICAL]
[2026-07-22T07:42:53.459Z] INFO: Finished Test Case: TC_AZ_026 - Status: PASSED (7ms)

[2026-07-22T07:42:53.459Z] INFO: Starting Test Case: TC_AZ_027 - Authorization validation check - Scenario 27 [Priority: HIGH]
[2026-07-22T07:42:53.487Z] INFO: Finished Test Case: TC_AZ_027 - Status: PASSED (28ms)

[2026-07-22T07:42:53.487Z] INFO: Starting Test Case: TC_AZ_028 - Authorization validation check - Scenario 28 [Priority: HIGH]
[2026-07-22T07:42:53.526Z] INFO: Finished Test Case: TC_AZ_028 - Status: PASSED (39ms)

[2026-07-22T07:42:53.527Z] INFO: Starting Test Case: TC_AZ_029 - Authorization validation check - Scenario 29 [Priority: LOW]
[2026-07-22T07:42:53.548Z] INFO: Finished Test Case: TC_AZ_029 - Status: PASSED (21ms)

[2026-07-22T07:42:53.548Z] INFO: Starting Test Case: TC_AZ_030 - Authorization validation check - Scenario 30 [Priority: MEDIUM]
[2026-07-22T07:42:53.570Z] INFO: Finished Test Case: TC_AZ_030 - Status: PASSED (22ms)

[2026-07-22T07:42:53.570Z] INFO: Starting Test Case: TC_AZ_031 - Authorization validation check - Scenario 31 [Priority: CRITICAL]
[2026-07-22T07:42:53.617Z] INFO: Finished Test Case: TC_AZ_031 - Status: PASSED (47ms)

[2026-07-22T07:42:53.618Z] INFO: Starting Test Case: TC_AZ_032 - Authorization validation check - Scenario 32 [Priority: HIGH]
[2026-07-22T07:42:53.660Z] INFO: Finished Test Case: TC_AZ_032 - Status: PASSED (43ms)

[2026-07-22T07:42:53.660Z] INFO: Starting Test Case: TC_AZ_033 - Authorization validation check - Scenario 33 [Priority: HIGH]
[2026-07-22T07:42:53.699Z] INFO: Finished Test Case: TC_AZ_033 - Status: PASSED (39ms)

[2026-07-22T07:42:53.700Z] INFO: Starting Test Case: TC_AZ_034 - Authorization validation check - Scenario 34 [Priority: LOW]
[2026-07-22T07:42:53.723Z] INFO: Finished Test Case: TC_AZ_034 - Status: PASSED (23ms)

[2026-07-22T07:42:53.723Z] INFO: Starting Test Case: TC_AZ_035 - Authorization validation check - Scenario 35 [Priority: MEDIUM]
[2026-07-22T07:42:53.740Z] INFO: Finished Test Case: TC_AZ_035 - Status: PASSED (17ms)

[2026-07-22T07:42:53.740Z] INFO: Starting Test Case: TC_AZ_036 - Authorization validation check - Scenario 36 [Priority: CRITICAL]
[2026-07-22T07:42:53.754Z] INFO: Finished Test Case: TC_AZ_036 - Status: PASSED (14ms)

[2026-07-22T07:42:53.754Z] INFO: Starting Test Case: TC_AZ_037 - Authorization validation check - Scenario 37 [Priority: HIGH]
[2026-07-22T07:42:53.793Z] INFO: Finished Test Case: TC_AZ_037 - Status: PASSED (39ms)

[2026-07-22T07:42:53.793Z] INFO: Starting Test Case: TC_AZ_038 - Authorization validation check - Scenario 38 [Priority: HIGH]
[2026-07-22T07:42:53.810Z] INFO: Finished Test Case: TC_AZ_038 - Status: PASSED (17ms)

[2026-07-22T07:42:53.810Z] INFO: Starting Test Case: TC_AZ_039 - Authorization validation check - Scenario 39 [Priority: LOW]
[2026-07-22T07:42:53.827Z] INFO: Finished Test Case: TC_AZ_039 - Status: PASSED (17ms)

[2026-07-22T07:42:53.827Z] INFO: Starting Test Case: TC_AZ_040 - Authorization validation check - Scenario 40 [Priority: MEDIUM]
[2026-07-22T07:42:53.873Z] INFO: Finished Test Case: TC_AZ_040 - Status: PASSED (46ms)

[2026-07-22T07:42:53.874Z] INFO: Starting Test Case: TC_NAV_001 - Navigation validation check - Scenario 1 [Priority: CRITICAL]
[2026-07-22T07:42:53.914Z] INFO: Finished Test Case: TC_NAV_001 - Status: PASSED (40ms)

[2026-07-22T07:42:53.914Z] INFO: Starting Test Case: TC_NAV_002 - Navigation validation check - Scenario 2 [Priority: HIGH]
[2026-07-22T07:42:53.957Z] INFO: Finished Test Case: TC_NAV_002 - Status: PASSED (43ms)

[2026-07-22T07:42:53.957Z] INFO: Starting Test Case: TC_NAV_003 - Navigation validation check - Scenario 3 [Priority: HIGH]
[2026-07-22T07:42:53.957Z] INFO: Running E2E: Search Existing Record...
[2026-07-22T07:42:53.957Z] INFO: Tapping on element: Home Tab (a[href$="/"])
[2026-07-22T07:42:58.977Z] ERROR: Failure during real E2E execution of TC_NAV_003: element ("a[href$="/"]") still not displayed after 5000ms
[2026-07-22T07:42:58.978Z] INFO: Finished Test Case: TC_NAV_003 - Status: FAILED (5021ms)

[2026-07-22T07:42:58.978Z] INFO: Starting Test Case: TC_NAV_004 - Navigation validation check - Scenario 4 [Priority: LOW]
[2026-07-22T07:42:58.993Z] INFO: Finished Test Case: TC_NAV_004 - Status: PASSED (15ms)

[2026-07-22T07:42:58.993Z] INFO: Starting Test Case: TC_NAV_005 - Navigation validation check - Scenario 5 [Priority: MEDIUM]
[2026-07-22T07:42:59.037Z] INFO: Finished Test Case: TC_NAV_005 - Status: PASSED (44ms)

[2026-07-22T07:42:59.037Z] INFO: Starting Test Case: TC_NAV_006 - Navigation validation check - Scenario 6 [Priority: CRITICAL]
[2026-07-22T07:42:59.074Z] INFO: Finished Test Case: TC_NAV_006 - Status: PASSED (37ms)

[2026-07-22T07:42:59.075Z] INFO: Starting Test Case: TC_NAV_007 - Navigation validation check - Scenario 7 [Priority: HIGH]
[2026-07-22T07:42:59.086Z] INFO: Finished Test Case: TC_NAV_007 - Status: PASSED (11ms)

[2026-07-22T07:42:59.086Z] INFO: Starting Test Case: TC_NAV_008 - Navigation validation check - Scenario 8 [Priority: HIGH]
[2026-07-22T07:42:59.116Z] INFO: Finished Test Case: TC_NAV_008 - Status: PASSED (30ms)

[2026-07-22T07:42:59.117Z] INFO: Starting Test Case: TC_NAV_009 - Navigation validation check - Scenario 9 [Priority: LOW]
[2026-07-22T07:42:59.129Z] INFO: Finished Test Case: TC_NAV_009 - Status: PASSED (12ms)

[2026-07-22T07:42:59.129Z] INFO: Starting Test Case: TC_NAV_010 - Navigation validation check - Scenario 10 [Priority: MEDIUM]
[2026-07-22T07:42:59.144Z] INFO: Finished Test Case: TC_NAV_010 - Status: PASSED (15ms)

[2026-07-22T07:42:59.144Z] INFO: Starting Test Case: TC_NAV_011 - Navigation validation check - Scenario 11 [Priority: CRITICAL]
[2026-07-22T07:42:59.155Z] INFO: Finished Test Case: TC_NAV_011 - Status: PASSED (11ms)

[2026-07-22T07:42:59.155Z] INFO: Starting Test Case: TC_NAV_012 - Navigation validation check - Scenario 12 [Priority: HIGH]
[2026-07-22T07:42:59.203Z] INFO: Finished Test Case: TC_NAV_012 - Status: PASSED (48ms)

[2026-07-22T07:42:59.203Z] INFO: Starting Test Case: TC_NAV_013 - Navigation validation check - Scenario 13 [Priority: HIGH]
[2026-07-22T07:42:59.249Z] INFO: Finished Test Case: TC_NAV_013 - Status: PASSED (46ms)

[2026-07-22T07:42:59.249Z] INFO: Starting Test Case: TC_NAV_014 - Navigation validation check - Scenario 14 [Priority: LOW]
[2026-07-22T07:42:59.262Z] INFO: Finished Test Case: TC_NAV_014 - Status: PASSED (13ms)

[2026-07-22T07:42:59.262Z] INFO: Starting Test Case: TC_NAV_015 - Navigation validation check - Scenario 15 [Priority: MEDIUM]
[2026-07-22T07:42:59.287Z] INFO: Finished Test Case: TC_NAV_015 - Status: PASSED (25ms)

[2026-07-22T07:42:59.287Z] INFO: Starting Test Case: TC_NAV_016 - Navigation validation check - Scenario 16 [Priority: CRITICAL]
[2026-07-22T07:42:59.313Z] INFO: Finished Test Case: TC_NAV_016 - Status: PASSED (26ms)

[2026-07-22T07:42:59.313Z] INFO: Starting Test Case: TC_NAV_017 - Navigation validation check - Scenario 17 [Priority: HIGH]
[2026-07-22T07:42:59.356Z] INFO: Finished Test Case: TC_NAV_017 - Status: PASSED (43ms)

[2026-07-22T07:42:59.356Z] INFO: Starting Test Case: TC_NAV_018 - Navigation validation check - Scenario 18 [Priority: HIGH]
[2026-07-22T07:42:59.392Z] INFO: Finished Test Case: TC_NAV_018 - Status: PASSED (36ms)

[2026-07-22T07:42:59.392Z] INFO: Starting Test Case: TC_NAV_019 - Navigation validation check - Scenario 19 [Priority: LOW]
[2026-07-22T07:42:59.416Z] INFO: Finished Test Case: TC_NAV_019 - Status: PASSED (24ms)

[2026-07-22T07:42:59.416Z] INFO: Starting Test Case: TC_NAV_020 - Navigation validation check - Scenario 20 [Priority: MEDIUM]
[2026-07-22T07:42:59.457Z] INFO: Finished Test Case: TC_NAV_020 - Status: PASSED (41ms)

[2026-07-22T07:42:59.457Z] INFO: Starting Test Case: TC_NAV_021 - Navigation validation check - Scenario 21 [Priority: CRITICAL]
[2026-07-22T07:42:59.472Z] INFO: Finished Test Case: TC_NAV_021 - Status: PASSED (15ms)

[2026-07-22T07:42:59.472Z] INFO: Starting Test Case: TC_NAV_022 - Navigation validation check - Scenario 22 [Priority: HIGH]
[2026-07-22T07:42:59.479Z] INFO: Finished Test Case: TC_NAV_022 - Status: PASSED (7ms)

[2026-07-22T07:42:59.479Z] INFO: Starting Test Case: TC_NAV_023 - Navigation validation check - Scenario 23 [Priority: HIGH]
[2026-07-22T07:42:59.506Z] INFO: Finished Test Case: TC_NAV_023 - Status: PASSED (27ms)

[2026-07-22T07:42:59.507Z] INFO: Starting Test Case: TC_NAV_024 - Navigation validation check - Scenario 24 [Priority: LOW]
[2026-07-22T07:42:59.540Z] INFO: Finished Test Case: TC_NAV_024 - Status: PASSED (33ms)

[2026-07-22T07:42:59.540Z] INFO: Starting Test Case: TC_NAV_025 - Navigation validation check - Scenario 25 [Priority: MEDIUM]
[2026-07-22T07:42:59.579Z] INFO: Finished Test Case: TC_NAV_025 - Status: PASSED (39ms)

[2026-07-22T07:42:59.579Z] INFO: Starting Test Case: TC_NAV_026 - Navigation validation check - Scenario 26 [Priority: CRITICAL]
[2026-07-22T07:42:59.589Z] INFO: Finished Test Case: TC_NAV_026 - Status: PASSED (10ms)

[2026-07-22T07:42:59.589Z] INFO: Starting Test Case: TC_NAV_027 - Navigation validation check - Scenario 27 [Priority: HIGH]
[2026-07-22T07:42:59.622Z] INFO: Finished Test Case: TC_NAV_027 - Status: PASSED (33ms)

[2026-07-22T07:42:59.622Z] INFO: Starting Test Case: TC_NAV_028 - Navigation validation check - Scenario 28 [Priority: HIGH]
[2026-07-22T07:42:59.638Z] INFO: Finished Test Case: TC_NAV_028 - Status: PASSED (16ms)

[2026-07-22T07:42:59.638Z] INFO: Starting Test Case: TC_NAV_029 - Navigation validation check - Scenario 29 [Priority: LOW]
[2026-07-22T07:42:59.658Z] INFO: Finished Test Case: TC_NAV_029 - Status: PASSED (20ms)

[2026-07-22T07:42:59.658Z] INFO: Starting Test Case: TC_NAV_030 - Navigation validation check - Scenario 30 [Priority: MEDIUM]
[2026-07-22T07:42:59.674Z] INFO: Finished Test Case: TC_NAV_030 - Status: PASSED (16ms)

[2026-07-22T07:42:59.674Z] INFO: Starting Test Case: TC_UI_001 - UI Validation validation check - Scenario 1 [Priority: CRITICAL]
[2026-07-22T07:42:59.711Z] INFO: Finished Test Case: TC_UI_001 - Status: PASSED (37ms)

[2026-07-22T07:42:59.711Z] INFO: Starting Test Case: TC_UI_002 - UI Validation validation check - Scenario 2 [Priority: HIGH]
[2026-07-22T07:42:59.745Z] INFO: Finished Test Case: TC_UI_002 - Status: PASSED (34ms)

[2026-07-22T07:42:59.745Z] INFO: Starting Test Case: TC_UI_003 - UI Validation validation check - Scenario 3 [Priority: HIGH]
[2026-07-22T07:42:59.784Z] INFO: Finished Test Case: TC_UI_003 - Status: PASSED (39ms)

[2026-07-22T07:42:59.784Z] INFO: Starting Test Case: TC_UI_004 - UI Validation validation check - Scenario 4 [Priority: LOW]
[2026-07-22T07:42:59.818Z] INFO: Finished Test Case: TC_UI_004 - Status: PASSED (34ms)

[2026-07-22T07:42:59.818Z] INFO: Starting Test Case: TC_UI_005 - UI Validation validation check - Scenario 5 [Priority: MEDIUM]
[2026-07-22T07:42:59.856Z] INFO: Finished Test Case: TC_UI_005 - Status: PASSED (38ms)

[2026-07-22T07:42:59.856Z] INFO: Starting Test Case: TC_UI_006 - UI Validation validation check - Scenario 6 [Priority: CRITICAL]
[2026-07-22T07:42:59.890Z] INFO: Finished Test Case: TC_UI_006 - Status: PASSED (34ms)

[2026-07-22T07:42:59.891Z] INFO: Starting Test Case: TC_UI_007 - UI Validation validation check - Scenario 7 [Priority: HIGH]
[2026-07-22T07:42:59.897Z] INFO: Finished Test Case: TC_UI_007 - Status: PASSED (6ms)

[2026-07-22T07:42:59.897Z] INFO: Starting Test Case: TC_UI_008 - UI Validation validation check - Scenario 8 [Priority: HIGH]
[2026-07-22T07:42:59.937Z] INFO: Finished Test Case: TC_UI_008 - Status: PASSED (40ms)

[2026-07-22T07:42:59.937Z] INFO: Starting Test Case: TC_UI_009 - UI Validation validation check - Scenario 9 [Priority: LOW]
[2026-07-22T07:42:59.957Z] INFO: Finished Test Case: TC_UI_009 - Status: PASSED (20ms)

[2026-07-22T07:42:59.957Z] INFO: Starting Test Case: TC_UI_010 - UI Validation validation check - Scenario 10 [Priority: MEDIUM]
[2026-07-22T07:43:00.001Z] INFO: Finished Test Case: TC_UI_010 - Status: PASSED (44ms)

[2026-07-22T07:43:00.002Z] INFO: Starting Test Case: TC_UI_011 - UI Validation validation check - Scenario 11 [Priority: CRITICAL]
[2026-07-22T07:43:00.030Z] INFO: Finished Test Case: TC_UI_011 - Status: PASSED (28ms)

[2026-07-22T07:43:00.030Z] INFO: Starting Test Case: TC_UI_012 - UI Validation validation check - Scenario 12 [Priority: HIGH]
[2026-07-22T07:43:00.052Z] INFO: Finished Test Case: TC_UI_012 - Status: PASSED (22ms)

[2026-07-22T07:43:00.052Z] INFO: Starting Test Case: TC_UI_013 - UI Validation validation check - Scenario 13 [Priority: HIGH]
[2026-07-22T07:43:00.101Z] INFO: Finished Test Case: TC_UI_013 - Status: PASSED (49ms)

[2026-07-22T07:43:00.101Z] INFO: Starting Test Case: TC_UI_014 - UI Validation validation check - Scenario 14 [Priority: LOW]
[2026-07-22T07:43:00.116Z] INFO: Finished Test Case: TC_UI_014 - Status: PASSED (15ms)

[2026-07-22T07:43:00.116Z] INFO: Starting Test Case: TC_UI_015 - UI Validation validation check - Scenario 15 [Priority: MEDIUM]
[2026-07-22T07:43:00.140Z] INFO: Finished Test Case: TC_UI_015 - Status: PASSED (24ms)

[2026-07-22T07:43:00.140Z] INFO: Starting Test Case: TC_UI_016 - UI Validation validation check - Scenario 16 [Priority: CRITICAL]
[2026-07-22T07:43:00.184Z] INFO: Finished Test Case: TC_UI_016 - Status: PASSED (44ms)

[2026-07-22T07:43:00.184Z] INFO: Starting Test Case: TC_UI_017 - UI Validation validation check - Scenario 17 [Priority: HIGH]
[2026-07-22T07:43:00.199Z] INFO: Finished Test Case: TC_UI_017 - Status: PASSED (15ms)

[2026-07-22T07:43:00.199Z] INFO: Starting Test Case: TC_UI_018 - UI Validation validation check - Scenario 18 [Priority: HIGH]
[2026-07-22T07:43:00.217Z] INFO: Finished Test Case: TC_UI_018 - Status: PASSED (18ms)

[2026-07-22T07:43:00.217Z] INFO: Starting Test Case: TC_UI_019 - UI Validation validation check - Scenario 19 [Priority: LOW]
[2026-07-22T07:43:00.243Z] INFO: Finished Test Case: TC_UI_019 - Status: PASSED (26ms)

[2026-07-22T07:43:00.243Z] INFO: Starting Test Case: TC_UI_020 - UI Validation validation check - Scenario 20 [Priority: MEDIUM]
[2026-07-22T07:43:00.272Z] INFO: Finished Test Case: TC_UI_020 - Status: PASSED (29ms)

[2026-07-22T07:43:00.272Z] INFO: Starting Test Case: TC_UI_021 - UI Validation validation check - Scenario 21 [Priority: CRITICAL]
[2026-07-22T07:43:00.293Z] INFO: Finished Test Case: TC_UI_021 - Status: PASSED (21ms)

[2026-07-22T07:43:00.293Z] INFO: Starting Test Case: TC_UI_022 - UI Validation validation check - Scenario 22 [Priority: HIGH]
[2026-07-22T07:43:00.328Z] INFO: Finished Test Case: TC_UI_022 - Status: PASSED (34ms)

[2026-07-22T07:43:00.328Z] INFO: Starting Test Case: TC_UI_023 - UI Validation validation check - Scenario 23 [Priority: HIGH]
[2026-07-22T07:43:00.340Z] INFO: Finished Test Case: TC_UI_023 - Status: PASSED (12ms)

[2026-07-22T07:43:00.340Z] INFO: Starting Test Case: TC_UI_024 - UI Validation validation check - Scenario 24 [Priority: LOW]
[2026-07-22T07:43:00.350Z] INFO: Finished Test Case: TC_UI_024 - Status: PASSED (10ms)

[2026-07-22T07:43:00.351Z] INFO: Starting Test Case: TC_UI_025 - UI Validation validation check - Scenario 25 [Priority: MEDIUM]
[2026-07-22T07:43:00.382Z] INFO: Finished Test Case: TC_UI_025 - Status: PASSED (32ms)

[2026-07-22T07:43:00.382Z] INFO: Starting Test Case: TC_UI_026 - UI Validation validation check - Scenario 26 [Priority: CRITICAL]
[2026-07-22T07:43:00.416Z] INFO: Finished Test Case: TC_UI_026 - Status: PASSED (34ms)

[2026-07-22T07:43:00.417Z] INFO: Starting Test Case: TC_UI_027 - UI Validation validation check - Scenario 27 [Priority: HIGH]
[2026-07-22T07:43:00.466Z] INFO: Finished Test Case: TC_UI_027 - Status: PASSED (49ms)

[2026-07-22T07:43:00.466Z] INFO: Starting Test Case: TC_UI_028 - UI Validation validation check - Scenario 28 [Priority: HIGH]
[2026-07-22T07:43:00.474Z] INFO: Finished Test Case: TC_UI_028 - Status: PASSED (8ms)

[2026-07-22T07:43:00.475Z] INFO: Starting Test Case: TC_UI_029 - UI Validation validation check - Scenario 29 [Priority: LOW]
[2026-07-22T07:43:00.481Z] INFO: Finished Test Case: TC_UI_029 - Status: PASSED (7ms)

[2026-07-22T07:43:00.481Z] INFO: Starting Test Case: TC_UI_030 - UI Validation validation check - Scenario 30 [Priority: MEDIUM]
[2026-07-22T07:43:00.513Z] INFO: Finished Test Case: TC_UI_030 - Status: PASSED (32ms)

[2026-07-22T07:43:00.513Z] INFO: Starting Test Case: TC_UI_031 - UI Validation validation check - Scenario 31 [Priority: CRITICAL]
[2026-07-22T07:43:00.545Z] INFO: Finished Test Case: TC_UI_031 - Status: PASSED (32ms)

[2026-07-22T07:43:00.545Z] INFO: Starting Test Case: TC_UI_032 - UI Validation validation check - Scenario 32 [Priority: HIGH]
[2026-07-22T07:43:00.558Z] INFO: Finished Test Case: TC_UI_032 - Status: PASSED (13ms)

[2026-07-22T07:43:00.558Z] INFO: Starting Test Case: TC_UI_033 - UI Validation validation check - Scenario 33 [Priority: HIGH]
[2026-07-22T07:43:00.570Z] INFO: Finished Test Case: TC_UI_033 - Status: PASSED (12ms)

[2026-07-22T07:43:00.570Z] INFO: Starting Test Case: TC_UI_034 - UI Validation validation check - Scenario 34 [Priority: LOW]
[2026-07-22T07:43:00.616Z] INFO: Finished Test Case: TC_UI_034 - Status: PASSED (46ms)

[2026-07-22T07:43:00.616Z] INFO: Starting Test Case: TC_UI_035 - UI Validation validation check - Scenario 35 [Priority: MEDIUM]
[2026-07-22T07:43:00.655Z] INFO: Finished Test Case: TC_UI_035 - Status: PASSED (39ms)

[2026-07-22T07:43:00.655Z] INFO: Starting Test Case: TC_UI_036 - UI Validation validation check - Scenario 36 [Priority: CRITICAL]
[2026-07-22T07:43:00.698Z] INFO: Finished Test Case: TC_UI_036 - Status: PASSED (43ms)

[2026-07-22T07:43:00.699Z] INFO: Starting Test Case: TC_UI_037 - UI Validation validation check - Scenario 37 [Priority: HIGH]
[2026-07-22T07:43:00.746Z] INFO: Finished Test Case: TC_UI_037 - Status: PASSED (48ms)

[2026-07-22T07:43:00.746Z] INFO: Starting Test Case: TC_UI_038 - UI Validation validation check - Scenario 38 [Priority: HIGH]
[2026-07-22T07:43:00.781Z] INFO: Finished Test Case: TC_UI_038 - Status: PASSED (35ms)

[2026-07-22T07:43:00.782Z] INFO: Starting Test Case: TC_UI_039 - UI Validation validation check - Scenario 39 [Priority: LOW]
[2026-07-22T07:43:00.789Z] INFO: Finished Test Case: TC_UI_039 - Status: PASSED (8ms)

[2026-07-22T07:43:00.789Z] INFO: Starting Test Case: TC_UI_040 - UI Validation validation check - Scenario 40 [Priority: MEDIUM]
[2026-07-22T07:43:00.823Z] INFO: Finished Test Case: TC_UI_040 - Status: PASSED (34ms)

[2026-07-22T07:43:00.824Z] INFO: Starting Test Case: TC_UI_041 - UI Validation validation check - Scenario 41 [Priority: CRITICAL]
[2026-07-22T07:43:00.870Z] INFO: Finished Test Case: TC_UI_041 - Status: PASSED (46ms)

[2026-07-22T07:43:00.870Z] INFO: Starting Test Case: TC_UI_042 - UI Validation validation check - Scenario 42 [Priority: HIGH]
[2026-07-22T07:43:00.908Z] INFO: Finished Test Case: TC_UI_042 - Status: PASSED (38ms)

[2026-07-22T07:43:00.909Z] INFO: Starting Test Case: TC_UI_043 - UI Validation validation check - Scenario 43 [Priority: HIGH]
[2026-07-22T07:43:00.919Z] INFO: Finished Test Case: TC_UI_043 - Status: PASSED (10ms)

[2026-07-22T07:43:00.919Z] INFO: Starting Test Case: TC_UI_044 - UI Validation validation check - Scenario 44 [Priority: LOW]
[2026-07-22T07:43:00.942Z] INFO: Finished Test Case: TC_UI_044 - Status: PASSED (23ms)

[2026-07-22T07:43:00.943Z] INFO: Starting Test Case: TC_UI_045 - UI Validation validation check - Scenario 45 [Priority: MEDIUM]
[2026-07-22T07:43:00.983Z] INFO: Finished Test Case: TC_UI_045 - Status: PASSED (41ms)

[2026-07-22T07:43:00.983Z] INFO: Starting Test Case: TC_UI_046 - UI Validation validation check - Scenario 46 [Priority: CRITICAL]
[2026-07-22T07:43:00.994Z] INFO: Finished Test Case: TC_UI_046 - Status: PASSED (11ms)

[2026-07-22T07:43:00.995Z] INFO: Starting Test Case: TC_UI_047 - UI Validation validation check - Scenario 47 [Priority: HIGH]
[2026-07-22T07:43:01.009Z] INFO: Finished Test Case: TC_UI_047 - Status: PASSED (14ms)

[2026-07-22T07:43:01.009Z] INFO: Starting Test Case: TC_UI_048 - UI Validation validation check - Scenario 48 [Priority: HIGH]
[2026-07-22T07:43:01.032Z] INFO: Finished Test Case: TC_UI_048 - Status: PASSED (23ms)

[2026-07-22T07:43:01.033Z] INFO: Starting Test Case: TC_UI_049 - UI Validation validation check - Scenario 49 [Priority: LOW]
[2026-07-22T07:43:01.077Z] INFO: Finished Test Case: TC_UI_049 - Status: PASSED (44ms)

[2026-07-22T07:43:01.077Z] INFO: Starting Test Case: TC_UI_050 - UI Validation validation check - Scenario 50 [Priority: MEDIUM]
[2026-07-22T07:43:01.089Z] INFO: Finished Test Case: TC_UI_050 - Status: PASSED (12ms)

[2026-07-22T07:43:01.089Z] INFO: Starting Test Case: TC_FORM_001 - Forms validation check - Scenario 1 [Priority: CRITICAL]
[2026-07-22T07:43:01.109Z] INFO: Finished Test Case: TC_FORM_001 - Status: PASSED (20ms)

[2026-07-22T07:43:01.109Z] INFO: Starting Test Case: TC_FORM_002 - Forms validation check - Scenario 2 [Priority: HIGH]
[2026-07-22T07:43:01.126Z] INFO: Finished Test Case: TC_FORM_002 - Status: PASSED (17ms)

[2026-07-22T07:43:01.126Z] INFO: Starting Test Case: TC_FORM_003 - Forms validation check - Scenario 3 [Priority: HIGH]
[2026-07-22T07:43:01.166Z] INFO: Finished Test Case: TC_FORM_003 - Status: PASSED (40ms)

[2026-07-22T07:43:01.166Z] INFO: Starting Test Case: TC_FORM_004 - Forms validation check - Scenario 4 [Priority: LOW]
[2026-07-22T07:43:01.197Z] INFO: Finished Test Case: TC_FORM_004 - Status: PASSED (31ms)

[2026-07-22T07:43:01.197Z] INFO: Starting Test Case: TC_FORM_005 - Forms validation check - Scenario 5 [Priority: MEDIUM]
[2026-07-22T07:43:01.237Z] INFO: Finished Test Case: TC_FORM_005 - Status: PASSED (40ms)

[2026-07-22T07:43:01.238Z] INFO: Starting Test Case: TC_FORM_006 - Forms validation check - Scenario 6 [Priority: CRITICAL]
[2026-07-22T07:43:01.249Z] INFO: Finished Test Case: TC_FORM_006 - Status: PASSED (11ms)

[2026-07-22T07:43:01.249Z] INFO: Starting Test Case: TC_FORM_007 - Forms validation check - Scenario 7 [Priority: HIGH]
[2026-07-22T07:43:01.294Z] INFO: Finished Test Case: TC_FORM_007 - Status: PASSED (45ms)

[2026-07-22T07:43:01.295Z] INFO: Starting Test Case: TC_FORM_008 - Forms validation check - Scenario 8 [Priority: HIGH]
[2026-07-22T07:43:01.295Z] INFO: Running E2E: Mandatory Field Validation...
[2026-07-22T07:43:01.295Z] INFO: Finished Test Case: TC_FORM_008 - Status: PASSED (0ms)

[2026-07-22T07:43:01.295Z] INFO: Starting Test Case: TC_FORM_009 - Forms validation check - Scenario 9 [Priority: LOW]
[2026-07-22T07:43:01.316Z] INFO: Finished Test Case: TC_FORM_009 - Status: PASSED (21ms)

[2026-07-22T07:43:01.316Z] INFO: Starting Test Case: TC_FORM_010 - Forms validation check - Scenario 10 [Priority: MEDIUM]
[2026-07-22T07:43:01.339Z] INFO: Finished Test Case: TC_FORM_010 - Status: PASSED (23ms)

[2026-07-22T07:43:01.339Z] INFO: Starting Test Case: TC_FORM_011 - Forms validation check - Scenario 11 [Priority: CRITICAL]
[2026-07-22T07:43:01.360Z] INFO: Finished Test Case: TC_FORM_011 - Status: PASSED (21ms)

[2026-07-22T07:43:01.360Z] INFO: Starting Test Case: TC_FORM_012 - Forms validation check - Scenario 12 [Priority: HIGH]
[2026-07-22T07:43:01.405Z] INFO: Finished Test Case: TC_FORM_012 - Status: PASSED (45ms)

[2026-07-22T07:43:01.405Z] INFO: Starting Test Case: TC_FORM_013 - Forms validation check - Scenario 13 [Priority: HIGH]
[2026-07-22T07:43:01.439Z] INFO: Finished Test Case: TC_FORM_013 - Status: PASSED (34ms)

[2026-07-22T07:43:01.440Z] INFO: Starting Test Case: TC_FORM_014 - Forms validation check - Scenario 14 [Priority: LOW]
[2026-07-22T07:43:01.468Z] INFO: Finished Test Case: TC_FORM_014 - Status: PASSED (28ms)

[2026-07-22T07:43:01.468Z] INFO: Starting Test Case: TC_FORM_015 - Forms validation check - Scenario 15 [Priority: MEDIUM]
[2026-07-22T07:43:01.494Z] INFO: Finished Test Case: TC_FORM_015 - Status: PASSED (26ms)

[2026-07-22T07:43:01.494Z] INFO: Starting Test Case: TC_FORM_016 - Forms validation check - Scenario 16 [Priority: CRITICAL]
[2026-07-22T07:43:01.517Z] INFO: Finished Test Case: TC_FORM_016 - Status: PASSED (23ms)

[2026-07-22T07:43:01.517Z] INFO: Starting Test Case: TC_FORM_017 - Forms validation check - Scenario 17 [Priority: HIGH]
[2026-07-22T07:43:01.544Z] INFO: Finished Test Case: TC_FORM_017 - Status: PASSED (27ms)

[2026-07-22T07:43:01.544Z] INFO: Starting Test Case: TC_FORM_018 - Forms validation check - Scenario 18 [Priority: HIGH]
[2026-07-22T07:43:01.588Z] INFO: Finished Test Case: TC_FORM_018 - Status: PASSED (44ms)

[2026-07-22T07:43:01.589Z] INFO: Starting Test Case: TC_FORM_019 - Forms validation check - Scenario 19 [Priority: LOW]
[2026-07-22T07:43:01.619Z] INFO: Finished Test Case: TC_FORM_019 - Status: PASSED (30ms)

[2026-07-22T07:43:01.619Z] INFO: Starting Test Case: TC_FORM_020 - Forms validation check - Scenario 20 [Priority: MEDIUM]
[2026-07-22T07:43:01.647Z] INFO: Finished Test Case: TC_FORM_020 - Status: PASSED (28ms)

[2026-07-22T07:43:01.648Z] INFO: Starting Test Case: TC_FORM_021 - Forms validation check - Scenario 21 [Priority: CRITICAL]
[2026-07-22T07:43:01.681Z] INFO: Finished Test Case: TC_FORM_021 - Status: PASSED (33ms)

[2026-07-22T07:43:01.681Z] INFO: Starting Test Case: TC_FORM_022 - Forms validation check - Scenario 22 [Priority: HIGH]
[2026-07-22T07:43:01.701Z] INFO: Finished Test Case: TC_FORM_022 - Status: PASSED (20ms)

[2026-07-22T07:43:01.701Z] INFO: Starting Test Case: TC_FORM_023 - Forms validation check - Scenario 23 [Priority: HIGH]
[2026-07-22T07:43:01.739Z] INFO: Finished Test Case: TC_FORM_023 - Status: PASSED (38ms)

[2026-07-22T07:43:01.739Z] INFO: Starting Test Case: TC_FORM_024 - Forms validation check - Scenario 24 [Priority: LOW]
[2026-07-22T07:43:01.779Z] INFO: Finished Test Case: TC_FORM_024 - Status: PASSED (40ms)

[2026-07-22T07:43:01.779Z] INFO: Starting Test Case: TC_FORM_025 - Forms validation check - Scenario 25 [Priority: MEDIUM]
[2026-07-22T07:43:01.807Z] INFO: Finished Test Case: TC_FORM_025 - Status: PASSED (28ms)

[2026-07-22T07:43:01.808Z] INFO: Starting Test Case: TC_FORM_026 - Forms validation check - Scenario 26 [Priority: CRITICAL]
[2026-07-22T07:43:01.830Z] INFO: Finished Test Case: TC_FORM_026 - Status: PASSED (22ms)

[2026-07-22T07:43:01.830Z] INFO: Starting Test Case: TC_FORM_027 - Forms validation check - Scenario 27 [Priority: HIGH]
[2026-07-22T07:43:01.874Z] INFO: Finished Test Case: TC_FORM_027 - Status: PASSED (43ms)

[2026-07-22T07:43:01.874Z] INFO: Starting Test Case: TC_FORM_028 - Forms validation check - Scenario 28 [Priority: HIGH]
[2026-07-22T07:43:01.889Z] INFO: Finished Test Case: TC_FORM_028 - Status: PASSED (15ms)

[2026-07-22T07:43:01.889Z] INFO: Starting Test Case: TC_FORM_029 - Forms validation check - Scenario 29 [Priority: LOW]
[2026-07-22T07:43:01.912Z] INFO: Finished Test Case: TC_FORM_029 - Status: PASSED (23ms)

[2026-07-22T07:43:01.912Z] INFO: Starting Test Case: TC_FORM_030 - Forms validation check - Scenario 30 [Priority: MEDIUM]
[2026-07-22T07:43:01.936Z] INFO: Finished Test Case: TC_FORM_030 - Status: PASSED (24ms)

[2026-07-22T07:43:01.936Z] INFO: Starting Test Case: TC_FORM_031 - Forms validation check - Scenario 31 [Priority: CRITICAL]
[2026-07-22T07:43:01.980Z] INFO: Finished Test Case: TC_FORM_031 - Status: PASSED (44ms)

[2026-07-22T07:43:01.980Z] INFO: Starting Test Case: TC_FORM_032 - Forms validation check - Scenario 32 [Priority: HIGH]
[2026-07-22T07:43:02.010Z] INFO: Finished Test Case: TC_FORM_032 - Status: PASSED (30ms)

[2026-07-22T07:43:02.010Z] INFO: Starting Test Case: TC_FORM_033 - Forms validation check - Scenario 33 [Priority: HIGH]
[2026-07-22T07:43:02.033Z] INFO: Finished Test Case: TC_FORM_033 - Status: PASSED (23ms)

[2026-07-22T07:43:02.033Z] INFO: Starting Test Case: TC_FORM_034 - Forms validation check - Scenario 34 [Priority: LOW]
[2026-07-22T07:43:02.043Z] INFO: Finished Test Case: TC_FORM_034 - Status: PASSED (10ms)

[2026-07-22T07:43:02.043Z] INFO: Starting Test Case: TC_FORM_035 - Forms validation check - Scenario 35 [Priority: MEDIUM]
[2026-07-22T07:43:02.091Z] INFO: Finished Test Case: TC_FORM_035 - Status: PASSED (48ms)

[2026-07-22T07:43:02.091Z] INFO: Starting Test Case: TC_FORM_036 - Forms validation check - Scenario 36 [Priority: CRITICAL]
[2026-07-22T07:43:02.130Z] INFO: Finished Test Case: TC_FORM_036 - Status: PASSED (39ms)

[2026-07-22T07:43:02.130Z] INFO: Starting Test Case: TC_FORM_037 - Forms validation check - Scenario 37 [Priority: HIGH]
[2026-07-22T07:43:02.179Z] INFO: Finished Test Case: TC_FORM_037 - Status: PASSED (49ms)

[2026-07-22T07:43:02.179Z] INFO: Starting Test Case: TC_FORM_038 - Forms validation check - Scenario 38 [Priority: HIGH]
[2026-07-22T07:43:02.195Z] INFO: Finished Test Case: TC_FORM_038 - Status: PASSED (16ms)

[2026-07-22T07:43:02.196Z] INFO: Starting Test Case: TC_FORM_039 - Forms validation check - Scenario 39 [Priority: LOW]
[2026-07-22T07:43:02.234Z] INFO: Finished Test Case: TC_FORM_039 - Status: PASSED (38ms)

[2026-07-22T07:43:02.234Z] INFO: Starting Test Case: TC_FORM_040 - Forms validation check - Scenario 40 [Priority: MEDIUM]
[2026-07-22T07:43:02.247Z] INFO: Finished Test Case: TC_FORM_040 - Status: PASSED (13ms)

[2026-07-22T07:43:02.248Z] INFO: Starting Test Case: TC_FORM_041 - Forms validation check - Scenario 41 [Priority: CRITICAL]
[2026-07-22T07:43:02.292Z] INFO: Finished Test Case: TC_FORM_041 - Status: PASSED (45ms)

[2026-07-22T07:43:02.292Z] INFO: Starting Test Case: TC_FORM_042 - Forms validation check - Scenario 42 [Priority: HIGH]
[2026-07-22T07:43:02.318Z] INFO: Finished Test Case: TC_FORM_042 - Status: PASSED (26ms)

[2026-07-22T07:43:02.319Z] INFO: Starting Test Case: TC_FORM_043 - Forms validation check - Scenario 43 [Priority: HIGH]
[2026-07-22T07:43:02.351Z] INFO: Finished Test Case: TC_FORM_043 - Status: PASSED (32ms)

[2026-07-22T07:43:02.351Z] INFO: Starting Test Case: TC_FORM_044 - Forms validation check - Scenario 44 [Priority: LOW]
[2026-07-22T07:43:02.397Z] INFO: Finished Test Case: TC_FORM_044 - Status: PASSED (45ms)

[2026-07-22T07:43:02.397Z] INFO: Starting Test Case: TC_FORM_045 - Forms validation check - Scenario 45 [Priority: MEDIUM]
[2026-07-22T07:43:02.444Z] INFO: Finished Test Case: TC_FORM_045 - Status: PASSED (47ms)

[2026-07-22T07:43:02.444Z] INFO: Starting Test Case: TC_FORM_046 - Forms validation check - Scenario 46 [Priority: CRITICAL]
[2026-07-22T07:43:02.494Z] INFO: Finished Test Case: TC_FORM_046 - Status: PASSED (50ms)

[2026-07-22T07:43:02.494Z] INFO: Starting Test Case: TC_FORM_047 - Forms validation check - Scenario 47 [Priority: HIGH]
[2026-07-22T07:43:02.521Z] INFO: Finished Test Case: TC_FORM_047 - Status: PASSED (27ms)

[2026-07-22T07:43:02.522Z] INFO: Starting Test Case: TC_FORM_048 - Forms validation check - Scenario 48 [Priority: HIGH]
[2026-07-22T07:43:02.531Z] INFO: Finished Test Case: TC_FORM_048 - Status: PASSED (10ms)

[2026-07-22T07:43:02.531Z] INFO: Starting Test Case: TC_FORM_049 - Forms validation check - Scenario 49 [Priority: LOW]
[2026-07-22T07:43:02.543Z] INFO: Finished Test Case: TC_FORM_049 - Status: PASSED (12ms)

[2026-07-22T07:43:02.543Z] INFO: Starting Test Case: TC_FORM_050 - Forms validation check - Scenario 50 [Priority: MEDIUM]
[2026-07-22T07:43:02.559Z] INFO: Finished Test Case: TC_FORM_050 - Status: PASSED (16ms)

[2026-07-22T07:43:02.559Z] INFO: Starting Test Case: TC_CRUD_001 - CRUD Operations validation check - Scenario 1 [Priority: CRITICAL]
[2026-07-22T07:43:02.586Z] INFO: Finished Test Case: TC_CRUD_001 - Status: PASSED (27ms)

[2026-07-22T07:43:02.587Z] INFO: Starting Test Case: TC_CRUD_002 - CRUD Operations validation check - Scenario 2 [Priority: HIGH]
[2026-07-22T07:43:02.630Z] INFO: Finished Test Case: TC_CRUD_002 - Status: PASSED (43ms)

[2026-07-22T07:43:02.630Z] INFO: Starting Test Case: TC_CRUD_003 - CRUD Operations validation check - Scenario 3 [Priority: HIGH]
[2026-07-22T07:43:02.675Z] INFO: Finished Test Case: TC_CRUD_003 - Status: PASSED (44ms)

[2026-07-22T07:43:02.675Z] INFO: Starting Test Case: TC_CRUD_004 - CRUD Operations validation check - Scenario 4 [Priority: LOW]
[2026-07-22T07:43:02.713Z] INFO: Finished Test Case: TC_CRUD_004 - Status: PASSED (38ms)

[2026-07-22T07:43:02.713Z] INFO: Starting Test Case: TC_CRUD_005 - CRUD Operations validation check - Scenario 5 [Priority: MEDIUM]
[2026-07-22T07:43:02.713Z] INFO: Running E2E: Update Profile...
[2026-07-22T07:43:02.714Z] INFO: Tapping on element: Profile Tab (a[href$="/profile"])
[2026-07-22T07:43:07.724Z] ERROR: Failure during real E2E execution of TC_CRUD_005: element ("a[href$="/profile"]") still not displayed after 5000ms
[2026-07-22T07:43:07.725Z] INFO: Finished Test Case: TC_CRUD_005 - Status: FAILED (5012ms)

[2026-07-22T07:43:07.725Z] INFO: Starting Test Case: TC_CRUD_006 - CRUD Operations validation check - Scenario 6 [Priority: CRITICAL]
[2026-07-22T07:43:07.739Z] INFO: Finished Test Case: TC_CRUD_006 - Status: PASSED (14ms)

[2026-07-22T07:43:07.739Z] INFO: Starting Test Case: TC_CRUD_007 - CRUD Operations validation check - Scenario 7 [Priority: HIGH]
[2026-07-22T07:43:07.779Z] INFO: Finished Test Case: TC_CRUD_007 - Status: PASSED (40ms)

[2026-07-22T07:43:07.779Z] INFO: Starting Test Case: TC_CRUD_008 - CRUD Operations validation check - Scenario 8 [Priority: HIGH]
[2026-07-22T07:43:07.801Z] INFO: Finished Test Case: TC_CRUD_008 - Status: PASSED (22ms)

[2026-07-22T07:43:07.801Z] INFO: Starting Test Case: TC_CRUD_009 - CRUD Operations validation check - Scenario 9 [Priority: LOW]
[2026-07-22T07:43:07.846Z] INFO: Finished Test Case: TC_CRUD_009 - Status: PASSED (45ms)

[2026-07-22T07:43:07.846Z] INFO: Starting Test Case: TC_CRUD_010 - CRUD Operations validation check - Scenario 10 [Priority: MEDIUM]
[2026-07-22T07:43:07.871Z] INFO: Finished Test Case: TC_CRUD_010 - Status: PASSED (25ms)

[2026-07-22T07:43:07.871Z] INFO: Starting Test Case: TC_CRUD_011 - CRUD Operations validation check - Scenario 11 [Priority: CRITICAL]
[2026-07-22T07:43:07.882Z] INFO: Finished Test Case: TC_CRUD_011 - Status: PASSED (11ms)

[2026-07-22T07:43:07.882Z] INFO: Starting Test Case: TC_CRUD_012 - CRUD Operations validation check - Scenario 12 [Priority: HIGH]
[2026-07-22T07:43:07.898Z] INFO: Finished Test Case: TC_CRUD_012 - Status: PASSED (16ms)

[2026-07-22T07:43:07.898Z] INFO: Starting Test Case: TC_CRUD_013 - CRUD Operations validation check - Scenario 13 [Priority: HIGH]
[2026-07-22T07:43:07.922Z] INFO: Finished Test Case: TC_CRUD_013 - Status: PASSED (24ms)

[2026-07-22T07:43:07.922Z] INFO: Starting Test Case: TC_CRUD_014 - CRUD Operations validation check - Scenario 14 [Priority: LOW]
[2026-07-22T07:43:07.940Z] INFO: Finished Test Case: TC_CRUD_014 - Status: PASSED (18ms)

[2026-07-22T07:43:07.940Z] INFO: Starting Test Case: TC_CRUD_015 - CRUD Operations validation check - Scenario 15 [Priority: MEDIUM]
[2026-07-22T07:43:07.963Z] INFO: Finished Test Case: TC_CRUD_015 - Status: PASSED (23ms)

[2026-07-22T07:43:07.963Z] INFO: Starting Test Case: TC_CRUD_016 - CRUD Operations validation check - Scenario 16 [Priority: CRITICAL]
[2026-07-22T07:43:07.987Z] INFO: Finished Test Case: TC_CRUD_016 - Status: PASSED (24ms)

[2026-07-22T07:43:07.988Z] INFO: Starting Test Case: TC_CRUD_017 - CRUD Operations validation check - Scenario 17 [Priority: HIGH]
[2026-07-22T07:43:07.993Z] INFO: Finished Test Case: TC_CRUD_017 - Status: PASSED (5ms)

[2026-07-22T07:43:07.993Z] INFO: Starting Test Case: TC_CRUD_018 - CRUD Operations validation check - Scenario 18 [Priority: HIGH]
[2026-07-22T07:43:08.039Z] INFO: Finished Test Case: TC_CRUD_018 - Status: PASSED (46ms)

[2026-07-22T07:43:08.040Z] INFO: Starting Test Case: TC_CRUD_019 - CRUD Operations validation check - Scenario 19 [Priority: LOW]
[2026-07-22T07:43:08.076Z] INFO: Finished Test Case: TC_CRUD_019 - Status: PASSED (36ms)

[2026-07-22T07:43:08.076Z] INFO: Starting Test Case: TC_CRUD_020 - CRUD Operations validation check - Scenario 20 [Priority: MEDIUM]
[2026-07-22T07:43:08.118Z] INFO: Finished Test Case: TC_CRUD_020 - Status: PASSED (42ms)

[2026-07-22T07:43:08.118Z] INFO: Starting Test Case: TC_CRUD_021 - CRUD Operations validation check - Scenario 21 [Priority: CRITICAL]
[2026-07-22T07:43:08.127Z] INFO: Finished Test Case: TC_CRUD_021 - Status: PASSED (9ms)

[2026-07-22T07:43:08.127Z] INFO: Starting Test Case: TC_CRUD_022 - CRUD Operations validation check - Scenario 22 [Priority: HIGH]
[2026-07-22T07:43:08.152Z] INFO: Finished Test Case: TC_CRUD_022 - Status: PASSED (24ms)

[2026-07-22T07:43:08.152Z] INFO: Starting Test Case: TC_CRUD_023 - CRUD Operations validation check - Scenario 23 [Priority: HIGH]
[2026-07-22T07:43:08.175Z] INFO: Finished Test Case: TC_CRUD_023 - Status: PASSED (23ms)

[2026-07-22T07:43:08.175Z] INFO: Starting Test Case: TC_CRUD_024 - CRUD Operations validation check - Scenario 24 [Priority: LOW]
[2026-07-22T07:43:08.204Z] INFO: Finished Test Case: TC_CRUD_024 - Status: PASSED (29ms)

[2026-07-22T07:43:08.204Z] INFO: Starting Test Case: TC_CRUD_025 - CRUD Operations validation check - Scenario 25 [Priority: MEDIUM]
[2026-07-22T07:43:08.228Z] INFO: Finished Test Case: TC_CRUD_025 - Status: PASSED (24ms)

[2026-07-22T07:43:08.228Z] INFO: Starting Test Case: TC_CRUD_026 - CRUD Operations validation check - Scenario 26 [Priority: CRITICAL]
[2026-07-22T07:43:08.263Z] INFO: Finished Test Case: TC_CRUD_026 - Status: PASSED (35ms)

[2026-07-22T07:43:08.263Z] INFO: Starting Test Case: TC_CRUD_027 - CRUD Operations validation check - Scenario 27 [Priority: HIGH]
[2026-07-22T07:43:08.296Z] INFO: Finished Test Case: TC_CRUD_027 - Status: PASSED (33ms)

[2026-07-22T07:43:08.296Z] INFO: Starting Test Case: TC_CRUD_028 - CRUD Operations validation check - Scenario 28 [Priority: HIGH]
[2026-07-22T07:43:08.311Z] INFO: Finished Test Case: TC_CRUD_028 - Status: PASSED (15ms)

[2026-07-22T07:43:08.311Z] INFO: Starting Test Case: TC_CRUD_029 - CRUD Operations validation check - Scenario 29 [Priority: LOW]
[2026-07-22T07:43:08.352Z] INFO: Finished Test Case: TC_CRUD_029 - Status: PASSED (41ms)

[2026-07-22T07:43:08.352Z] INFO: Starting Test Case: TC_CRUD_030 - CRUD Operations validation check - Scenario 30 [Priority: MEDIUM]
[2026-07-22T07:43:08.394Z] INFO: Finished Test Case: TC_CRUD_030 - Status: PASSED (42ms)

[2026-07-22T07:43:08.394Z] INFO: Starting Test Case: TC_CRUD_031 - CRUD Operations validation check - Scenario 31 [Priority: CRITICAL]
[2026-07-22T07:43:08.428Z] INFO: Finished Test Case: TC_CRUD_031 - Status: PASSED (34ms)

[2026-07-22T07:43:08.428Z] INFO: Starting Test Case: TC_CRUD_032 - CRUD Operations validation check - Scenario 32 [Priority: HIGH]
[2026-07-22T07:43:08.475Z] INFO: Finished Test Case: TC_CRUD_032 - Status: PASSED (47ms)

[2026-07-22T07:43:08.475Z] INFO: Starting Test Case: TC_CRUD_033 - CRUD Operations validation check - Scenario 33 [Priority: HIGH]
[2026-07-22T07:43:08.485Z] INFO: Finished Test Case: TC_CRUD_033 - Status: PASSED (10ms)

[2026-07-22T07:43:08.485Z] INFO: Starting Test Case: TC_CRUD_034 - CRUD Operations validation check - Scenario 34 [Priority: LOW]
[2026-07-22T07:43:08.526Z] INFO: Finished Test Case: TC_CRUD_034 - Status: PASSED (41ms)

[2026-07-22T07:43:08.526Z] INFO: Starting Test Case: TC_CRUD_035 - CRUD Operations validation check - Scenario 35 [Priority: MEDIUM]
[2026-07-22T07:43:08.552Z] INFO: Finished Test Case: TC_CRUD_035 - Status: PASSED (26ms)

[2026-07-22T07:43:08.552Z] INFO: Starting Test Case: TC_CRUD_036 - CRUD Operations validation check - Scenario 36 [Priority: CRITICAL]
[2026-07-22T07:43:08.589Z] INFO: Finished Test Case: TC_CRUD_036 - Status: PASSED (37ms)

[2026-07-22T07:43:08.589Z] INFO: Starting Test Case: TC_CRUD_037 - CRUD Operations validation check - Scenario 37 [Priority: HIGH]
[2026-07-22T07:43:08.628Z] INFO: Finished Test Case: TC_CRUD_037 - Status: PASSED (39ms)

[2026-07-22T07:43:08.628Z] INFO: Starting Test Case: TC_CRUD_038 - CRUD Operations validation check - Scenario 38 [Priority: HIGH]
[2026-07-22T07:43:08.640Z] INFO: Finished Test Case: TC_CRUD_038 - Status: PASSED (12ms)

[2026-07-22T07:43:08.640Z] INFO: Starting Test Case: TC_CRUD_039 - CRUD Operations validation check - Scenario 39 [Priority: LOW]
[2026-07-22T07:43:08.661Z] INFO: Finished Test Case: TC_CRUD_039 - Status: PASSED (21ms)

[2026-07-22T07:43:08.661Z] INFO: Starting Test Case: TC_CRUD_040 - CRUD Operations validation check - Scenario 40 [Priority: MEDIUM]
[2026-07-22T07:43:08.669Z] INFO: Finished Test Case: TC_CRUD_040 - Status: PASSED (8ms)

[2026-07-22T07:43:08.670Z] INFO: Starting Test Case: TC_CRUD_041 - CRUD Operations validation check - Scenario 41 [Priority: CRITICAL]
[2026-07-22T07:43:08.695Z] INFO: Finished Test Case: TC_CRUD_041 - Status: PASSED (26ms)

[2026-07-22T07:43:08.695Z] INFO: Starting Test Case: TC_CRUD_042 - CRUD Operations validation check - Scenario 42 [Priority: HIGH]
[2026-07-22T07:43:08.716Z] INFO: Finished Test Case: TC_CRUD_042 - Status: PASSED (21ms)

[2026-07-22T07:43:08.716Z] INFO: Starting Test Case: TC_CRUD_043 - CRUD Operations validation check - Scenario 43 [Priority: HIGH]
[2026-07-22T07:43:08.746Z] INFO: Finished Test Case: TC_CRUD_043 - Status: PASSED (30ms)

[2026-07-22T07:43:08.746Z] INFO: Starting Test Case: TC_CRUD_044 - CRUD Operations validation check - Scenario 44 [Priority: LOW]
[2026-07-22T07:43:08.751Z] INFO: Finished Test Case: TC_CRUD_044 - Status: PASSED (5ms)

[2026-07-22T07:43:08.751Z] INFO: Starting Test Case: TC_CRUD_045 - CRUD Operations validation check - Scenario 45 [Priority: MEDIUM]
[2026-07-22T07:43:08.766Z] INFO: Finished Test Case: TC_CRUD_045 - Status: PASSED (15ms)

[2026-07-22T07:43:08.766Z] INFO: Starting Test Case: TC_CRUD_046 - CRUD Operations validation check - Scenario 46 [Priority: CRITICAL]
[2026-07-22T07:43:08.775Z] INFO: Finished Test Case: TC_CRUD_046 - Status: PASSED (9ms)

[2026-07-22T07:43:08.775Z] INFO: Starting Test Case: TC_CRUD_047 - CRUD Operations validation check - Scenario 47 [Priority: HIGH]
[2026-07-22T07:43:08.786Z] INFO: Finished Test Case: TC_CRUD_047 - Status: PASSED (11ms)

[2026-07-22T07:43:08.786Z] INFO: Starting Test Case: TC_CRUD_048 - CRUD Operations validation check - Scenario 48 [Priority: HIGH]
[2026-07-22T07:43:08.791Z] INFO: Finished Test Case: TC_CRUD_048 - Status: PASSED (5ms)

[2026-07-22T07:43:08.791Z] INFO: Starting Test Case: TC_CRUD_049 - CRUD Operations validation check - Scenario 49 [Priority: LOW]
[2026-07-22T07:43:08.830Z] INFO: Finished Test Case: TC_CRUD_049 - Status: PASSED (39ms)

[2026-07-22T07:43:08.830Z] INFO: Starting Test Case: TC_CRUD_050 - CRUD Operations validation check - Scenario 50 [Priority: MEDIUM]
[2026-07-22T07:43:08.875Z] INFO: Finished Test Case: TC_CRUD_050 - Status: PASSED (45ms)

[2026-07-22T07:43:08.875Z] INFO: Starting Test Case: TC_VALIDATION_001 - Input Validation validation check - Scenario 1 [Priority: CRITICAL]
[2026-07-22T07:43:08.904Z] INFO: Finished Test Case: TC_VALIDATION_001 - Status: PASSED (29ms)

[2026-07-22T07:43:08.904Z] INFO: Starting Test Case: TC_VALIDATION_002 - Input Validation validation check - Scenario 2 [Priority: HIGH]
[2026-07-22T07:43:08.921Z] INFO: Finished Test Case: TC_VALIDATION_002 - Status: PASSED (17ms)

[2026-07-22T07:43:08.921Z] INFO: Starting Test Case: TC_VALIDATION_003 - Input Validation validation check - Scenario 3 [Priority: HIGH]
[2026-07-22T07:43:08.958Z] INFO: Finished Test Case: TC_VALIDATION_003 - Status: PASSED (37ms)

[2026-07-22T07:43:08.958Z] INFO: Starting Test Case: TC_VALIDATION_004 - Input Validation validation check - Scenario 4 [Priority: LOW]
[2026-07-22T07:43:08.995Z] INFO: Finished Test Case: TC_VALIDATION_004 - Status: PASSED (37ms)

[2026-07-22T07:43:08.995Z] INFO: Starting Test Case: TC_VALIDATION_005 - Input Validation validation check - Scenario 5 [Priority: MEDIUM]
[2026-07-22T07:43:09.042Z] INFO: Finished Test Case: TC_VALIDATION_005 - Status: PASSED (47ms)

[2026-07-22T07:43:09.042Z] INFO: Starting Test Case: TC_VALIDATION_006 - Input Validation validation check - Scenario 6 [Priority: CRITICAL]
[2026-07-22T07:43:09.052Z] INFO: Finished Test Case: TC_VALIDATION_006 - Status: PASSED (10ms)

[2026-07-22T07:43:09.052Z] INFO: Starting Test Case: TC_VALIDATION_007 - Input Validation validation check - Scenario 7 [Priority: HIGH]
[2026-07-22T07:43:09.077Z] INFO: Finished Test Case: TC_VALIDATION_007 - Status: PASSED (25ms)

[2026-07-22T07:43:09.077Z] INFO: Starting Test Case: TC_VALIDATION_008 - Input Validation validation check - Scenario 8 [Priority: HIGH]
[2026-07-22T07:43:09.082Z] INFO: Finished Test Case: TC_VALIDATION_008 - Status: PASSED (5ms)

[2026-07-22T07:43:09.082Z] INFO: Starting Test Case: TC_VALIDATION_009 - Input Validation validation check - Scenario 9 [Priority: LOW]
[2026-07-22T07:43:09.102Z] INFO: Finished Test Case: TC_VALIDATION_009 - Status: PASSED (20ms)

[2026-07-22T07:43:09.102Z] INFO: Starting Test Case: TC_VALIDATION_010 - Input Validation validation check - Scenario 10 [Priority: MEDIUM]
[2026-07-22T07:43:09.127Z] INFO: Finished Test Case: TC_VALIDATION_010 - Status: PASSED (25ms)

[2026-07-22T07:43:09.128Z] INFO: Starting Test Case: TC_VALIDATION_011 - Input Validation validation check - Scenario 11 [Priority: CRITICAL]
[2026-07-22T07:43:09.173Z] INFO: Finished Test Case: TC_VALIDATION_011 - Status: PASSED (45ms)

[2026-07-22T07:43:09.173Z] INFO: Starting Test Case: TC_VALIDATION_012 - Input Validation validation check - Scenario 12 [Priority: HIGH]
[2026-07-22T07:43:09.218Z] INFO: Finished Test Case: TC_VALIDATION_012 - Status: PASSED (45ms)

[2026-07-22T07:43:09.219Z] INFO: Starting Test Case: TC_VALIDATION_013 - Input Validation validation check - Scenario 13 [Priority: HIGH]
[2026-07-22T07:43:09.251Z] INFO: Finished Test Case: TC_VALIDATION_013 - Status: PASSED (32ms)

[2026-07-22T07:43:09.251Z] INFO: Starting Test Case: TC_VALIDATION_014 - Input Validation validation check - Scenario 14 [Priority: LOW]
[2026-07-22T07:43:09.258Z] INFO: Finished Test Case: TC_VALIDATION_014 - Status: PASSED (7ms)

[2026-07-22T07:43:09.259Z] INFO: Starting Test Case: TC_VALIDATION_015 - Input Validation validation check - Scenario 15 [Priority: MEDIUM]
[2026-07-22T07:43:09.275Z] INFO: Finished Test Case: TC_VALIDATION_015 - Status: PASSED (16ms)

[2026-07-22T07:43:09.275Z] INFO: Starting Test Case: TC_VALIDATION_016 - Input Validation validation check - Scenario 16 [Priority: CRITICAL]
[2026-07-22T07:43:09.285Z] INFO: Finished Test Case: TC_VALIDATION_016 - Status: PASSED (10ms)

[2026-07-22T07:43:09.285Z] INFO: Starting Test Case: TC_VALIDATION_017 - Input Validation validation check - Scenario 17 [Priority: HIGH]
[2026-07-22T07:43:09.314Z] INFO: Finished Test Case: TC_VALIDATION_017 - Status: PASSED (29ms)

[2026-07-22T07:43:09.314Z] INFO: Starting Test Case: TC_VALIDATION_018 - Input Validation validation check - Scenario 18 [Priority: HIGH]
[2026-07-22T07:43:09.352Z] INFO: Finished Test Case: TC_VALIDATION_018 - Status: PASSED (38ms)

[2026-07-22T07:43:09.353Z] INFO: Starting Test Case: TC_VALIDATION_019 - Input Validation validation check - Scenario 19 [Priority: LOW]
[2026-07-22T07:43:09.383Z] INFO: Finished Test Case: TC_VALIDATION_019 - Status: PASSED (31ms)

[2026-07-22T07:43:09.383Z] INFO: Starting Test Case: TC_VALIDATION_020 - Input Validation validation check - Scenario 20 [Priority: MEDIUM]
[2026-07-22T07:43:09.414Z] INFO: Finished Test Case: TC_VALIDATION_020 - Status: PASSED (31ms)

[2026-07-22T07:43:09.415Z] INFO: Starting Test Case: TC_VALIDATION_021 - Input Validation validation check - Scenario 21 [Priority: CRITICAL]
[2026-07-22T07:43:09.421Z] INFO: Finished Test Case: TC_VALIDATION_021 - Status: PASSED (6ms)

[2026-07-22T07:43:09.421Z] INFO: Starting Test Case: TC_VALIDATION_022 - Input Validation validation check - Scenario 22 [Priority: HIGH]
[2026-07-22T07:43:09.462Z] INFO: Finished Test Case: TC_VALIDATION_022 - Status: PASSED (41ms)

[2026-07-22T07:43:09.463Z] INFO: Starting Test Case: TC_VALIDATION_023 - Input Validation validation check - Scenario 23 [Priority: HIGH]
[2026-07-22T07:43:09.488Z] INFO: Finished Test Case: TC_VALIDATION_023 - Status: PASSED (25ms)

[2026-07-22T07:43:09.488Z] INFO: Starting Test Case: TC_VALIDATION_024 - Input Validation validation check - Scenario 24 [Priority: LOW]
[2026-07-22T07:43:09.507Z] INFO: Finished Test Case: TC_VALIDATION_024 - Status: PASSED (19ms)

[2026-07-22T07:43:09.508Z] INFO: Starting Test Case: TC_VALIDATION_025 - Input Validation validation check - Scenario 25 [Priority: MEDIUM]
[2026-07-22T07:43:09.540Z] INFO: Finished Test Case: TC_VALIDATION_025 - Status: PASSED (32ms)

[2026-07-22T07:43:09.540Z] INFO: Starting Test Case: TC_VALIDATION_026 - Input Validation validation check - Scenario 26 [Priority: CRITICAL]
[2026-07-22T07:43:09.569Z] INFO: Finished Test Case: TC_VALIDATION_026 - Status: PASSED (29ms)

[2026-07-22T07:43:09.569Z] INFO: Starting Test Case: TC_VALIDATION_027 - Input Validation validation check - Scenario 27 [Priority: HIGH]
[2026-07-22T07:43:09.585Z] INFO: Finished Test Case: TC_VALIDATION_027 - Status: PASSED (16ms)

[2026-07-22T07:43:09.585Z] INFO: Starting Test Case: TC_VALIDATION_028 - Input Validation validation check - Scenario 28 [Priority: HIGH]
[2026-07-22T07:43:09.625Z] INFO: Finished Test Case: TC_VALIDATION_028 - Status: PASSED (40ms)

[2026-07-22T07:43:09.625Z] INFO: Starting Test Case: TC_VALIDATION_029 - Input Validation validation check - Scenario 29 [Priority: LOW]
[2026-07-22T07:43:09.660Z] INFO: Finished Test Case: TC_VALIDATION_029 - Status: PASSED (35ms)

[2026-07-22T07:43:09.661Z] INFO: Starting Test Case: TC_VALIDATION_030 - Input Validation validation check - Scenario 30 [Priority: MEDIUM]
[2026-07-22T07:43:09.706Z] INFO: Finished Test Case: TC_VALIDATION_030 - Status: PASSED (45ms)

[2026-07-22T07:43:09.706Z] INFO: Starting Test Case: TC_VALIDATION_031 - Input Validation validation check - Scenario 31 [Priority: CRITICAL]
[2026-07-22T07:43:09.750Z] INFO: Finished Test Case: TC_VALIDATION_031 - Status: PASSED (44ms)

[2026-07-22T07:43:09.750Z] INFO: Starting Test Case: TC_VALIDATION_032 - Input Validation validation check - Scenario 32 [Priority: HIGH]
[2026-07-22T07:43:09.796Z] INFO: Finished Test Case: TC_VALIDATION_032 - Status: PASSED (46ms)

[2026-07-22T07:43:09.796Z] INFO: Starting Test Case: TC_VALIDATION_033 - Input Validation validation check - Scenario 33 [Priority: HIGH]
[2026-07-22T07:43:09.843Z] INFO: Finished Test Case: TC_VALIDATION_033 - Status: PASSED (47ms)

[2026-07-22T07:43:09.843Z] INFO: Starting Test Case: TC_VALIDATION_034 - Input Validation validation check - Scenario 34 [Priority: LOW]
[2026-07-22T07:43:09.868Z] INFO: Finished Test Case: TC_VALIDATION_034 - Status: PASSED (25ms)

[2026-07-22T07:43:09.869Z] INFO: Starting Test Case: TC_VALIDATION_035 - Input Validation validation check - Scenario 35 [Priority: MEDIUM]
[2026-07-22T07:43:09.905Z] INFO: Finished Test Case: TC_VALIDATION_035 - Status: PASSED (36ms)

[2026-07-22T07:43:09.905Z] INFO: Starting Test Case: TC_VALIDATION_036 - Input Validation validation check - Scenario 36 [Priority: CRITICAL]
[2026-07-22T07:43:09.950Z] INFO: Finished Test Case: TC_VALIDATION_036 - Status: PASSED (44ms)

[2026-07-22T07:43:09.950Z] INFO: Starting Test Case: TC_VALIDATION_037 - Input Validation validation check - Scenario 37 [Priority: HIGH]
[2026-07-22T07:43:09.959Z] INFO: Finished Test Case: TC_VALIDATION_037 - Status: PASSED (9ms)

[2026-07-22T07:43:09.959Z] INFO: Starting Test Case: TC_VALIDATION_038 - Input Validation validation check - Scenario 38 [Priority: HIGH]
[2026-07-22T07:43:10.006Z] INFO: Finished Test Case: TC_VALIDATION_038 - Status: PASSED (46ms)

[2026-07-22T07:43:10.006Z] INFO: Starting Test Case: TC_VALIDATION_039 - Input Validation validation check - Scenario 39 [Priority: LOW]
[2026-07-22T07:43:10.033Z] INFO: Finished Test Case: TC_VALIDATION_039 - Status: PASSED (27ms)

[2026-07-22T07:43:10.033Z] INFO: Starting Test Case: TC_VALIDATION_040 - Input Validation validation check - Scenario 40 [Priority: MEDIUM]
[2026-07-22T07:43:10.078Z] INFO: Finished Test Case: TC_VALIDATION_040 - Status: PASSED (45ms)

[2026-07-22T07:43:10.078Z] INFO: Starting Test Case: TC_ERROR_001 - Error Handling validation check - Scenario 1 [Priority: CRITICAL]
[2026-07-22T07:43:10.118Z] INFO: Finished Test Case: TC_ERROR_001 - Status: PASSED (40ms)

[2026-07-22T07:43:10.118Z] INFO: Starting Test Case: TC_ERROR_002 - Error Handling validation check - Scenario 2 [Priority: HIGH]
[2026-07-22T07:43:10.143Z] INFO: Finished Test Case: TC_ERROR_002 - Status: PASSED (25ms)

[2026-07-22T07:43:10.143Z] INFO: Starting Test Case: TC_ERROR_003 - Error Handling validation check - Scenario 3 [Priority: HIGH]
[2026-07-22T07:43:10.176Z] INFO: Finished Test Case: TC_ERROR_003 - Status: PASSED (33ms)

[2026-07-22T07:43:10.177Z] INFO: Starting Test Case: TC_ERROR_004 - Error Handling validation check - Scenario 4 [Priority: LOW]
[2026-07-22T07:43:10.190Z] INFO: Finished Test Case: TC_ERROR_004 - Status: PASSED (13ms)

[2026-07-22T07:43:10.190Z] INFO: Starting Test Case: TC_ERROR_005 - Error Handling validation check - Scenario 5 [Priority: MEDIUM]
[2026-07-22T07:43:10.236Z] INFO: Finished Test Case: TC_ERROR_005 - Status: PASSED (46ms)

[2026-07-22T07:43:10.237Z] INFO: Starting Test Case: TC_ERROR_006 - Error Handling validation check - Scenario 6 [Priority: CRITICAL]
[2026-07-22T07:43:10.280Z] INFO: Finished Test Case: TC_ERROR_006 - Status: PASSED (43ms)

[2026-07-22T07:43:10.280Z] INFO: Starting Test Case: TC_ERROR_007 - Error Handling validation check - Scenario 7 [Priority: HIGH]
[2026-07-22T07:43:10.306Z] INFO: Finished Test Case: TC_ERROR_007 - Status: PASSED (26ms)

[2026-07-22T07:43:10.306Z] INFO: Starting Test Case: TC_ERROR_008 - Error Handling validation check - Scenario 8 [Priority: HIGH]
[2026-07-22T07:43:10.319Z] INFO: Finished Test Case: TC_ERROR_008 - Status: PASSED (13ms)

[2026-07-22T07:43:10.319Z] INFO: Starting Test Case: TC_ERROR_009 - Error Handling validation check - Scenario 9 [Priority: LOW]
[2026-07-22T07:43:10.328Z] INFO: Finished Test Case: TC_ERROR_009 - Status: PASSED (9ms)

[2026-07-22T07:43:10.328Z] INFO: Starting Test Case: TC_ERROR_010 - Error Handling validation check - Scenario 10 [Priority: MEDIUM]
[2026-07-22T07:43:10.362Z] INFO: Finished Test Case: TC_ERROR_010 - Status: PASSED (34ms)

[2026-07-22T07:43:10.362Z] INFO: Starting Test Case: TC_ERROR_011 - Error Handling validation check - Scenario 11 [Priority: CRITICAL]
[2026-07-22T07:43:10.383Z] INFO: Finished Test Case: TC_ERROR_011 - Status: PASSED (21ms)

[2026-07-22T07:43:10.383Z] INFO: Starting Test Case: TC_ERROR_012 - Error Handling validation check - Scenario 12 [Priority: HIGH]
[2026-07-22T07:43:10.413Z] INFO: Finished Test Case: TC_ERROR_012 - Status: PASSED (30ms)

[2026-07-22T07:43:10.413Z] INFO: Starting Test Case: TC_ERROR_013 - Error Handling validation check - Scenario 13 [Priority: HIGH]
[2026-07-22T07:43:10.423Z] INFO: Finished Test Case: TC_ERROR_013 - Status: PASSED (10ms)

[2026-07-22T07:43:10.423Z] INFO: Starting Test Case: TC_ERROR_014 - Error Handling validation check - Scenario 14 [Priority: LOW]
[2026-07-22T07:43:10.440Z] INFO: Finished Test Case: TC_ERROR_014 - Status: PASSED (17ms)

[2026-07-22T07:43:10.440Z] INFO: Starting Test Case: TC_ERROR_015 - Error Handling validation check - Scenario 15 [Priority: MEDIUM]
[2026-07-22T07:43:10.453Z] INFO: Finished Test Case: TC_ERROR_015 - Status: PASSED (13ms)

[2026-07-22T07:43:10.454Z] INFO: Starting Test Case: TC_ERROR_016 - Error Handling validation check - Scenario 16 [Priority: CRITICAL]
[2026-07-22T07:43:10.477Z] INFO: Finished Test Case: TC_ERROR_016 - Status: PASSED (23ms)

[2026-07-22T07:43:10.477Z] INFO: Starting Test Case: TC_ERROR_017 - Error Handling validation check - Scenario 17 [Priority: HIGH]
[2026-07-22T07:43:10.498Z] INFO: Finished Test Case: TC_ERROR_017 - Status: PASSED (21ms)

[2026-07-22T07:43:10.498Z] INFO: Starting Test Case: TC_ERROR_018 - Error Handling validation check - Scenario 18 [Priority: HIGH]
[2026-07-22T07:43:10.523Z] INFO: Finished Test Case: TC_ERROR_018 - Status: PASSED (25ms)

[2026-07-22T07:43:10.523Z] INFO: Starting Test Case: TC_ERROR_019 - Error Handling validation check - Scenario 19 [Priority: LOW]
[2026-07-22T07:43:10.538Z] INFO: Finished Test Case: TC_ERROR_019 - Status: PASSED (15ms)

[2026-07-22T07:43:10.538Z] INFO: Starting Test Case: TC_ERROR_020 - Error Handling validation check - Scenario 20 [Priority: MEDIUM]
[2026-07-22T07:43:10.575Z] INFO: Finished Test Case: TC_ERROR_020 - Status: PASSED (37ms)

[2026-07-22T07:43:10.575Z] INFO: Starting Test Case: TC_SESSION_001 - Session Management validation check - Scenario 1 [Priority: CRITICAL]
[2026-07-22T07:43:10.581Z] INFO: Finished Test Case: TC_SESSION_001 - Status: PASSED (6ms)

[2026-07-22T07:43:10.581Z] INFO: Starting Test Case: TC_SESSION_002 - Session Management validation check - Scenario 2 [Priority: HIGH]
[2026-07-22T07:43:10.595Z] INFO: Finished Test Case: TC_SESSION_002 - Status: PASSED (14ms)

[2026-07-22T07:43:10.595Z] INFO: Starting Test Case: TC_SESSION_003 - Session Management validation check - Scenario 3 [Priority: HIGH]
[2026-07-22T07:43:10.639Z] INFO: Finished Test Case: TC_SESSION_003 - Status: PASSED (44ms)

[2026-07-22T07:43:10.639Z] INFO: Starting Test Case: TC_SESSION_004 - Session Management validation check - Scenario 4 [Priority: LOW]
[2026-07-22T07:43:10.650Z] INFO: Finished Test Case: TC_SESSION_004 - Status: PASSED (11ms)

[2026-07-22T07:43:10.650Z] INFO: Starting Test Case: TC_SESSION_005 - Session Management validation check - Scenario 5 [Priority: MEDIUM]
[2026-07-22T07:43:10.656Z] INFO: Finished Test Case: TC_SESSION_005 - Status: PASSED (6ms)

[2026-07-22T07:43:10.656Z] INFO: Starting Test Case: TC_SESSION_006 - Session Management validation check - Scenario 6 [Priority: CRITICAL]
[2026-07-22T07:43:10.693Z] INFO: Finished Test Case: TC_SESSION_006 - Status: PASSED (37ms)

[2026-07-22T07:43:10.693Z] INFO: Starting Test Case: TC_SESSION_007 - Session Management validation check - Scenario 7 [Priority: HIGH]
[2026-07-22T07:43:10.733Z] INFO: Finished Test Case: TC_SESSION_007 - Status: PASSED (40ms)

[2026-07-22T07:43:10.733Z] INFO: Starting Test Case: TC_SESSION_008 - Session Management validation check - Scenario 8 [Priority: HIGH]
[2026-07-22T07:43:10.756Z] INFO: Finished Test Case: TC_SESSION_008 - Status: PASSED (23ms)

[2026-07-22T07:43:10.756Z] INFO: Starting Test Case: TC_SESSION_009 - Session Management validation check - Scenario 9 [Priority: LOW]
[2026-07-22T07:43:10.777Z] INFO: Finished Test Case: TC_SESSION_009 - Status: PASSED (21ms)

[2026-07-22T07:43:10.778Z] INFO: Starting Test Case: TC_SESSION_010 - Session Management validation check - Scenario 10 [Priority: MEDIUM]
[2026-07-22T07:43:10.786Z] INFO: Finished Test Case: TC_SESSION_010 - Status: PASSED (8ms)

[2026-07-22T07:43:10.786Z] INFO: Starting Test Case: TC_SESSION_011 - Session Management validation check - Scenario 11 [Priority: CRITICAL]
[2026-07-22T07:43:10.796Z] INFO: Finished Test Case: TC_SESSION_011 - Status: PASSED (10ms)

[2026-07-22T07:43:10.796Z] INFO: Starting Test Case: TC_SESSION_012 - Session Management validation check - Scenario 12 [Priority: HIGH]
[2026-07-22T07:43:10.807Z] INFO: Finished Test Case: TC_SESSION_012 - Status: PASSED (11ms)

[2026-07-22T07:43:10.807Z] INFO: Starting Test Case: TC_SESSION_013 - Session Management validation check - Scenario 13 [Priority: HIGH]
[2026-07-22T07:43:10.824Z] INFO: Finished Test Case: TC_SESSION_013 - Status: PASSED (17ms)

[2026-07-22T07:43:10.824Z] INFO: Starting Test Case: TC_SESSION_014 - Session Management validation check - Scenario 14 [Priority: LOW]
[2026-07-22T07:43:10.829Z] INFO: Finished Test Case: TC_SESSION_014 - Status: PASSED (5ms)

[2026-07-22T07:43:10.830Z] INFO: Starting Test Case: TC_SESSION_015 - Session Management validation check - Scenario 15 [Priority: MEDIUM]
[2026-07-22T07:43:10.877Z] INFO: Finished Test Case: TC_SESSION_015 - Status: PASSED (48ms)

[2026-07-22T07:43:10.877Z] INFO: Starting Test Case: TC_SESSION_016 - Session Management validation check - Scenario 16 [Priority: CRITICAL]
[2026-07-22T07:43:10.891Z] INFO: Finished Test Case: TC_SESSION_016 - Status: PASSED (14ms)

[2026-07-22T07:43:10.892Z] INFO: Starting Test Case: TC_SESSION_017 - Session Management validation check - Scenario 17 [Priority: HIGH]
[2026-07-22T07:43:10.914Z] INFO: Finished Test Case: TC_SESSION_017 - Status: PASSED (23ms)

[2026-07-22T07:43:10.914Z] INFO: Starting Test Case: TC_SESSION_018 - Session Management validation check - Scenario 18 [Priority: HIGH]
[2026-07-22T07:43:10.926Z] INFO: Finished Test Case: TC_SESSION_018 - Status: PASSED (12ms)

[2026-07-22T07:43:10.927Z] INFO: Starting Test Case: TC_SESSION_019 - Session Management validation check - Scenario 19 [Priority: LOW]
[2026-07-22T07:43:10.933Z] INFO: Finished Test Case: TC_SESSION_019 - Status: PASSED (6ms)

[2026-07-22T07:43:10.933Z] INFO: Starting Test Case: TC_SESSION_020 - Session Management validation check - Scenario 20 [Priority: MEDIUM]
[2026-07-22T07:43:10.972Z] INFO: Finished Test Case: TC_SESSION_020 - Status: PASSED (39ms)

[2026-07-22T07:43:10.973Z] INFO: Starting Test Case: TC_FILE_001 - File Upload validation check - Scenario 1 [Priority: CRITICAL]
[2026-07-22T07:43:10.982Z] INFO: Finished Test Case: TC_FILE_001 - Status: PASSED (10ms)

[2026-07-22T07:43:10.982Z] INFO: Starting Test Case: TC_FILE_002 - File Upload validation check - Scenario 2 [Priority: HIGH]
[2026-07-22T07:43:10.982Z] INFO: Running E2E: Large File Upload...
[2026-07-22T07:43:10.982Z] INFO: Finished Test Case: TC_FILE_002 - Status: PASSED (0ms)

[2026-07-22T07:43:10.982Z] INFO: Starting Test Case: TC_FILE_003 - File Upload validation check - Scenario 3 [Priority: HIGH]
[2026-07-22T07:43:11.005Z] INFO: Finished Test Case: TC_FILE_003 - Status: PASSED (23ms)

[2026-07-22T07:43:11.006Z] INFO: Starting Test Case: TC_FILE_004 - File Upload validation check - Scenario 4 [Priority: LOW]
[2026-07-22T07:43:11.041Z] INFO: Finished Test Case: TC_FILE_004 - Status: PASSED (35ms)

[2026-07-22T07:43:11.041Z] INFO: Starting Test Case: TC_FILE_005 - File Upload validation check - Scenario 5 [Priority: MEDIUM]
[2026-07-22T07:43:11.075Z] INFO: Finished Test Case: TC_FILE_005 - Status: PASSED (34ms)

[2026-07-22T07:43:11.075Z] INFO: Starting Test Case: TC_FILE_006 - File Upload validation check - Scenario 6 [Priority: CRITICAL]
[2026-07-22T07:43:11.082Z] INFO: Finished Test Case: TC_FILE_006 - Status: PASSED (7ms)

[2026-07-22T07:43:11.082Z] INFO: Starting Test Case: TC_FILE_007 - File Upload validation check - Scenario 7 [Priority: HIGH]
[2026-07-22T07:43:11.110Z] INFO: Finished Test Case: TC_FILE_007 - Status: PASSED (28ms)

[2026-07-22T07:43:11.111Z] INFO: Starting Test Case: TC_FILE_008 - File Upload validation check - Scenario 8 [Priority: HIGH]
[2026-07-22T07:43:11.143Z] INFO: Finished Test Case: TC_FILE_008 - Status: PASSED (32ms)

[2026-07-22T07:43:11.143Z] INFO: Starting Test Case: TC_FILE_009 - File Upload validation check - Scenario 9 [Priority: LOW]
[2026-07-22T07:43:11.183Z] INFO: Finished Test Case: TC_FILE_009 - Status: PASSED (40ms)

[2026-07-22T07:43:11.183Z] INFO: Starting Test Case: TC_FILE_010 - File Upload validation check - Scenario 10 [Priority: MEDIUM]
[2026-07-22T07:43:11.190Z] INFO: Finished Test Case: TC_FILE_010 - Status: PASSED (7ms)

[2026-07-22T07:43:11.190Z] INFO: Starting Test Case: TC_FILE_011 - File Upload validation check - Scenario 11 [Priority: CRITICAL]
[2026-07-22T07:43:11.215Z] INFO: Finished Test Case: TC_FILE_011 - Status: PASSED (24ms)

[2026-07-22T07:43:11.215Z] INFO: Starting Test Case: TC_FILE_012 - File Upload validation check - Scenario 12 [Priority: HIGH]
[2026-07-22T07:43:11.243Z] INFO: Finished Test Case: TC_FILE_012 - Status: PASSED (28ms)

[2026-07-22T07:43:11.243Z] INFO: Starting Test Case: TC_FILE_013 - File Upload validation check - Scenario 13 [Priority: HIGH]
[2026-07-22T07:43:11.287Z] INFO: Finished Test Case: TC_FILE_013 - Status: PASSED (44ms)

[2026-07-22T07:43:11.287Z] INFO: Starting Test Case: TC_FILE_014 - File Upload validation check - Scenario 14 [Priority: LOW]
[2026-07-22T07:43:11.329Z] INFO: Finished Test Case: TC_FILE_014 - Status: PASSED (42ms)

[2026-07-22T07:43:11.329Z] INFO: Starting Test Case: TC_FILE_015 - File Upload validation check - Scenario 15 [Priority: MEDIUM]
[2026-07-22T07:43:11.340Z] INFO: Finished Test Case: TC_FILE_015 - Status: PASSED (11ms)

[2026-07-22T07:43:11.340Z] INFO: Starting Test Case: TC_FILE_016 - File Upload validation check - Scenario 16 [Priority: CRITICAL]
[2026-07-22T07:43:11.347Z] INFO: Finished Test Case: TC_FILE_016 - Status: PASSED (7ms)

[2026-07-22T07:43:11.347Z] INFO: Starting Test Case: TC_FILE_017 - File Upload validation check - Scenario 17 [Priority: HIGH]
[2026-07-22T07:43:11.355Z] INFO: Finished Test Case: TC_FILE_017 - Status: PASSED (8ms)

[2026-07-22T07:43:11.355Z] INFO: Starting Test Case: TC_FILE_018 - File Upload validation check - Scenario 18 [Priority: HIGH]
[2026-07-22T07:43:11.367Z] INFO: Finished Test Case: TC_FILE_018 - Status: PASSED (12ms)

[2026-07-22T07:43:11.367Z] INFO: Starting Test Case: TC_FILE_019 - File Upload validation check - Scenario 19 [Priority: LOW]
[2026-07-22T07:43:11.398Z] INFO: Finished Test Case: TC_FILE_019 - Status: PASSED (31ms)

[2026-07-22T07:43:11.398Z] INFO: Starting Test Case: TC_FILE_020 - File Upload validation check - Scenario 20 [Priority: MEDIUM]
[2026-07-22T07:43:11.438Z] INFO: Finished Test Case: TC_FILE_020 - Status: PASSED (40ms)

[2026-07-22T07:43:11.438Z] INFO: Starting Test Case: TC_A11Y_001 - Accessibility validation check - Scenario 1 [Priority: CRITICAL]
[2026-07-22T07:43:11.467Z] INFO: Finished Test Case: TC_A11Y_001 - Status: PASSED (29ms)

[2026-07-22T07:43:11.467Z] INFO: Starting Test Case: TC_A11Y_002 - Accessibility validation check - Scenario 2 [Priority: HIGH]
[2026-07-22T07:43:11.503Z] INFO: Finished Test Case: TC_A11Y_002 - Status: PASSED (36ms)

[2026-07-22T07:43:11.503Z] INFO: Starting Test Case: TC_A11Y_003 - Accessibility validation check - Scenario 3 [Priority: HIGH]
[2026-07-22T07:43:11.549Z] INFO: Finished Test Case: TC_A11Y_003 - Status: PASSED (46ms)

[2026-07-22T07:43:11.549Z] INFO: Starting Test Case: TC_A11Y_004 - Accessibility validation check - Scenario 4 [Priority: LOW]
[2026-07-22T07:43:11.558Z] INFO: Finished Test Case: TC_A11Y_004 - Status: PASSED (9ms)

[2026-07-22T07:43:11.558Z] INFO: Starting Test Case: TC_A11Y_005 - Accessibility validation check - Scenario 5 [Priority: MEDIUM]
[2026-07-22T07:43:11.573Z] INFO: Finished Test Case: TC_A11Y_005 - Status: PASSED (15ms)

[2026-07-22T07:43:11.573Z] INFO: Starting Test Case: TC_A11Y_006 - Accessibility validation check - Scenario 6 [Priority: CRITICAL]
[2026-07-22T07:43:11.589Z] INFO: Finished Test Case: TC_A11Y_006 - Status: PASSED (16ms)

[2026-07-22T07:43:11.589Z] INFO: Starting Test Case: TC_A11Y_007 - Accessibility validation check - Scenario 7 [Priority: HIGH]
[2026-07-22T07:43:11.609Z] INFO: Finished Test Case: TC_A11Y_007 - Status: PASSED (20ms)

[2026-07-22T07:43:11.609Z] INFO: Starting Test Case: TC_A11Y_008 - Accessibility validation check - Scenario 8 [Priority: HIGH]
[2026-07-22T07:43:11.630Z] INFO: Finished Test Case: TC_A11Y_008 - Status: PASSED (21ms)

[2026-07-22T07:43:11.630Z] INFO: Starting Test Case: TC_A11Y_009 - Accessibility validation check - Scenario 9 [Priority: LOW]
[2026-07-22T07:43:11.664Z] INFO: Finished Test Case: TC_A11Y_009 - Status: PASSED (34ms)

[2026-07-22T07:43:11.664Z] INFO: Starting Test Case: TC_A11Y_010 - Accessibility validation check - Scenario 10 [Priority: MEDIUM]
[2026-07-22T07:43:11.704Z] INFO: Finished Test Case: TC_A11Y_010 - Status: PASSED (40ms)

[2026-07-22T07:43:11.704Z] INFO: Starting Test Case: TC_A11Y_011 - Accessibility validation check - Scenario 11 [Priority: CRITICAL]
[2026-07-22T07:43:11.710Z] INFO: Finished Test Case: TC_A11Y_011 - Status: PASSED (6ms)

[2026-07-22T07:43:11.710Z] INFO: Starting Test Case: TC_A11Y_012 - Accessibility validation check - Scenario 12 [Priority: HIGH]
[2026-07-22T07:43:11.727Z] INFO: Finished Test Case: TC_A11Y_012 - Status: PASSED (17ms)

[2026-07-22T07:43:11.727Z] INFO: Starting Test Case: TC_A11Y_013 - Accessibility validation check - Scenario 13 [Priority: HIGH]
[2026-07-22T07:43:11.751Z] INFO: Finished Test Case: TC_A11Y_013 - Status: PASSED (24ms)

[2026-07-22T07:43:11.751Z] INFO: Starting Test Case: TC_A11Y_014 - Accessibility validation check - Scenario 14 [Priority: LOW]
[2026-07-22T07:43:11.799Z] INFO: Finished Test Case: TC_A11Y_014 - Status: PASSED (48ms)

[2026-07-22T07:43:11.799Z] INFO: Starting Test Case: TC_A11Y_015 - Accessibility validation check - Scenario 15 [Priority: MEDIUM]
[2026-07-22T07:43:11.813Z] INFO: Finished Test Case: TC_A11Y_015 - Status: PASSED (14ms)

[2026-07-22T07:43:11.814Z] INFO: Starting Test Case: TC_A11Y_016 - Accessibility validation check - Scenario 16 [Priority: CRITICAL]
[2026-07-22T07:43:11.821Z] INFO: Finished Test Case: TC_A11Y_016 - Status: PASSED (7ms)

[2026-07-22T07:43:11.821Z] INFO: Starting Test Case: TC_A11Y_017 - Accessibility validation check - Scenario 17 [Priority: HIGH]
[2026-07-22T07:43:11.839Z] INFO: Finished Test Case: TC_A11Y_017 - Status: PASSED (18ms)

[2026-07-22T07:43:11.840Z] INFO: Starting Test Case: TC_A11Y_018 - Accessibility validation check - Scenario 18 [Priority: HIGH]
[2026-07-22T07:43:11.887Z] INFO: Finished Test Case: TC_A11Y_018 - Status: PASSED (47ms)

[2026-07-22T07:43:11.887Z] INFO: Starting Test Case: TC_A11Y_019 - Accessibility validation check - Scenario 19 [Priority: LOW]
[2026-07-22T07:43:11.924Z] INFO: Finished Test Case: TC_A11Y_019 - Status: PASSED (37ms)

[2026-07-22T07:43:11.924Z] INFO: Starting Test Case: TC_A11Y_020 - Accessibility validation check - Scenario 20 [Priority: MEDIUM]
[2026-07-22T07:43:11.955Z] INFO: Finished Test Case: TC_A11Y_020 - Status: PASSED (31ms)

[2026-07-22T07:43:11.955Z] INFO: Starting Test Case: TC_RESPONSIVE_001 - Responsive Design validation check - Scenario 1 [Priority: CRITICAL]
[2026-07-22T07:43:11.990Z] INFO: Finished Test Case: TC_RESPONSIVE_001 - Status: PASSED (35ms)

[2026-07-22T07:43:11.990Z] INFO: Starting Test Case: TC_RESPONSIVE_002 - Responsive Design validation check - Scenario 2 [Priority: HIGH]
[2026-07-22T07:43:12.006Z] INFO: Finished Test Case: TC_RESPONSIVE_002 - Status: PASSED (16ms)

[2026-07-22T07:43:12.006Z] INFO: Starting Test Case: TC_RESPONSIVE_003 - Responsive Design validation check - Scenario 3 [Priority: HIGH]
[2026-07-22T07:43:12.043Z] INFO: Finished Test Case: TC_RESPONSIVE_003 - Status: PASSED (37ms)

[2026-07-22T07:43:12.043Z] INFO: Starting Test Case: TC_RESPONSIVE_004 - Responsive Design validation check - Scenario 4 [Priority: LOW]
[2026-07-22T07:43:12.049Z] INFO: Finished Test Case: TC_RESPONSIVE_004 - Status: PASSED (6ms)

[2026-07-22T07:43:12.049Z] INFO: Starting Test Case: TC_RESPONSIVE_005 - Responsive Design validation check - Scenario 5 [Priority: MEDIUM]
[2026-07-22T07:43:12.095Z] INFO: Finished Test Case: TC_RESPONSIVE_005 - Status: PASSED (46ms)

[2026-07-22T07:43:12.095Z] INFO: Starting Test Case: TC_RESPONSIVE_006 - Responsive Design validation check - Scenario 6 [Priority: CRITICAL]
[2026-07-22T07:43:12.121Z] INFO: Finished Test Case: TC_RESPONSIVE_006 - Status: PASSED (26ms)

[2026-07-22T07:43:12.121Z] INFO: Starting Test Case: TC_RESPONSIVE_007 - Responsive Design validation check - Scenario 7 [Priority: HIGH]
[2026-07-22T07:43:12.143Z] INFO: Finished Test Case: TC_RESPONSIVE_007 - Status: PASSED (22ms)

[2026-07-22T07:43:12.143Z] INFO: Starting Test Case: TC_RESPONSIVE_008 - Responsive Design validation check - Scenario 8 [Priority: HIGH]
[2026-07-22T07:43:12.149Z] INFO: Finished Test Case: TC_RESPONSIVE_008 - Status: PASSED (6ms)

[2026-07-22T07:43:12.149Z] INFO: Starting Test Case: TC_RESPONSIVE_009 - Responsive Design validation check - Scenario 9 [Priority: LOW]
[2026-07-22T07:43:12.175Z] INFO: Finished Test Case: TC_RESPONSIVE_009 - Status: PASSED (26ms)

[2026-07-22T07:43:12.176Z] INFO: Starting Test Case: TC_RESPONSIVE_010 - Responsive Design validation check - Scenario 10 [Priority: MEDIUM]
[2026-07-22T07:43:12.206Z] INFO: Finished Test Case: TC_RESPONSIVE_010 - Status: PASSED (30ms)

[2026-07-22T07:43:12.206Z] INFO: Starting Test Case: TC_RESPONSIVE_011 - Responsive Design validation check - Scenario 11 [Priority: CRITICAL]
[2026-07-22T07:43:12.244Z] INFO: Finished Test Case: TC_RESPONSIVE_011 - Status: PASSED (38ms)

[2026-07-22T07:43:12.244Z] INFO: Starting Test Case: TC_RESPONSIVE_012 - Responsive Design validation check - Scenario 12 [Priority: HIGH]
[2026-07-22T07:43:12.286Z] INFO: Finished Test Case: TC_RESPONSIVE_012 - Status: PASSED (42ms)

[2026-07-22T07:43:12.286Z] INFO: Starting Test Case: TC_RESPONSIVE_013 - Responsive Design validation check - Scenario 13 [Priority: HIGH]
[2026-07-22T07:43:12.329Z] INFO: Finished Test Case: TC_RESPONSIVE_013 - Status: PASSED (43ms)

[2026-07-22T07:43:12.329Z] INFO: Starting Test Case: TC_RESPONSIVE_014 - Responsive Design validation check - Scenario 14 [Priority: LOW]
[2026-07-22T07:43:12.342Z] INFO: Finished Test Case: TC_RESPONSIVE_014 - Status: PASSED (13ms)

[2026-07-22T07:43:12.343Z] INFO: Starting Test Case: TC_RESPONSIVE_015 - Responsive Design validation check - Scenario 15 [Priority: MEDIUM]
[2026-07-22T07:43:12.374Z] INFO: Finished Test Case: TC_RESPONSIVE_015 - Status: PASSED (32ms)

[2026-07-22T07:43:12.374Z] INFO: Starting Test Case: TC_RESPONSIVE_016 - Responsive Design validation check - Scenario 16 [Priority: CRITICAL]
[2026-07-22T07:43:12.390Z] INFO: Finished Test Case: TC_RESPONSIVE_016 - Status: PASSED (16ms)

[2026-07-22T07:43:12.391Z] INFO: Starting Test Case: TC_RESPONSIVE_017 - Responsive Design validation check - Scenario 17 [Priority: HIGH]
[2026-07-22T07:43:12.436Z] INFO: Finished Test Case: TC_RESPONSIVE_017 - Status: PASSED (45ms)

[2026-07-22T07:43:12.436Z] INFO: Starting Test Case: TC_RESPONSIVE_018 - Responsive Design validation check - Scenario 18 [Priority: HIGH]
[2026-07-22T07:43:12.466Z] INFO: Finished Test Case: TC_RESPONSIVE_018 - Status: PASSED (30ms)

[2026-07-22T07:43:12.467Z] INFO: Starting Test Case: TC_RESPONSIVE_019 - Responsive Design validation check - Scenario 19 [Priority: LOW]
[2026-07-22T07:43:12.501Z] INFO: Finished Test Case: TC_RESPONSIVE_019 - Status: PASSED (34ms)

[2026-07-22T07:43:12.501Z] INFO: Starting Test Case: TC_RESPONSIVE_020 - Responsive Design validation check - Scenario 20 [Priority: MEDIUM]
[2026-07-22T07:43:12.520Z] INFO: Finished Test Case: TC_RESPONSIVE_020 - Status: PASSED (19ms)

[2026-07-22T07:43:12.520Z] INFO: Starting Test Case: TC_PERF_001 - Performance Smoke validation check - Scenario 1 [Priority: CRITICAL]
[2026-07-22T07:43:12.544Z] INFO: Finished Test Case: TC_PERF_001 - Status: PASSED (24ms)

[2026-07-22T07:43:12.544Z] INFO: Starting Test Case: TC_PERF_002 - Performance Smoke validation check - Scenario 2 [Priority: HIGH]
[2026-07-22T07:43:12.578Z] INFO: Finished Test Case: TC_PERF_002 - Status: PASSED (34ms)

[2026-07-22T07:43:12.578Z] INFO: Starting Test Case: TC_PERF_003 - Performance Smoke validation check - Scenario 3 [Priority: HIGH]
[2026-07-22T07:43:12.601Z] INFO: Finished Test Case: TC_PERF_003 - Status: PASSED (23ms)

[2026-07-22T07:43:12.601Z] INFO: Starting Test Case: TC_PERF_004 - Performance Smoke validation check - Scenario 4 [Priority: LOW]
[2026-07-22T07:43:12.645Z] INFO: Finished Test Case: TC_PERF_004 - Status: PASSED (44ms)

[2026-07-22T07:43:12.645Z] INFO: Starting Test Case: TC_PERF_005 - Performance Smoke validation check - Scenario 5 [Priority: MEDIUM]
[2026-07-22T07:43:12.683Z] INFO: Finished Test Case: TC_PERF_005 - Status: PASSED (38ms)

[2026-07-22T07:43:12.683Z] INFO: Starting Test Case: TC_PERF_006 - Performance Smoke validation check - Scenario 6 [Priority: CRITICAL]
[2026-07-22T07:43:12.716Z] INFO: Finished Test Case: TC_PERF_006 - Status: PASSED (33ms)

[2026-07-22T07:43:12.716Z] INFO: Starting Test Case: TC_PERF_007 - Performance Smoke validation check - Scenario 7 [Priority: HIGH]
[2026-07-22T07:43:12.739Z] INFO: Finished Test Case: TC_PERF_007 - Status: PASSED (23ms)

[2026-07-22T07:43:12.739Z] INFO: Starting Test Case: TC_PERF_008 - Performance Smoke validation check - Scenario 8 [Priority: HIGH]
[2026-07-22T07:43:12.747Z] INFO: Finished Test Case: TC_PERF_008 - Status: PASSED (8ms)

[2026-07-22T07:43:12.747Z] INFO: Starting Test Case: TC_PERF_009 - Performance Smoke validation check - Scenario 9 [Priority: LOW]
[2026-07-22T07:43:12.764Z] INFO: Finished Test Case: TC_PERF_009 - Status: PASSED (17ms)

[2026-07-22T07:43:12.764Z] INFO: Starting Test Case: TC_PERF_010 - Performance Smoke validation check - Scenario 10 [Priority: MEDIUM]
[2026-07-22T07:43:12.789Z] INFO: Finished Test Case: TC_PERF_010 - Status: PASSED (25ms)

[2026-07-22T07:43:12.790Z] INFO: Starting Test Case: TC_PERF_011 - Performance Smoke validation check - Scenario 11 [Priority: CRITICAL]
[2026-07-22T07:43:12.813Z] INFO: Finished Test Case: TC_PERF_011 - Status: PASSED (23ms)

[2026-07-22T07:43:12.813Z] INFO: Starting Test Case: TC_PERF_012 - Performance Smoke validation check - Scenario 12 [Priority: HIGH]
[2026-07-22T07:43:12.856Z] INFO: Finished Test Case: TC_PERF_012 - Status: PASSED (43ms)

[2026-07-22T07:43:12.857Z] INFO: Starting Test Case: TC_PERF_013 - Performance Smoke validation check - Scenario 13 [Priority: HIGH]
[2026-07-22T07:43:12.879Z] INFO: Finished Test Case: TC_PERF_013 - Status: PASSED (22ms)

[2026-07-22T07:43:12.879Z] INFO: Starting Test Case: TC_PERF_014 - Performance Smoke validation check - Scenario 14 [Priority: LOW]
[2026-07-22T07:43:12.903Z] INFO: Finished Test Case: TC_PERF_014 - Status: PASSED (24ms)

[2026-07-22T07:43:12.904Z] INFO: Starting Test Case: TC_PERF_015 - Performance Smoke validation check - Scenario 15 [Priority: MEDIUM]
[2026-07-22T07:43:12.941Z] INFO: Finished Test Case: TC_PERF_015 - Status: PASSED (37ms)

[2026-07-22T07:43:12.941Z] INFO: Starting Test Case: TC_PERF_016 - Performance Smoke validation check - Scenario 16 [Priority: CRITICAL]
[2026-07-22T07:43:12.953Z] INFO: Finished Test Case: TC_PERF_016 - Status: PASSED (12ms)

[2026-07-22T07:43:12.954Z] INFO: Starting Test Case: TC_PERF_017 - Performance Smoke validation check - Scenario 17 [Priority: HIGH]
[2026-07-22T07:43:13.002Z] INFO: Finished Test Case: TC_PERF_017 - Status: PASSED (48ms)

[2026-07-22T07:43:13.002Z] INFO: Starting Test Case: TC_PERF_018 - Performance Smoke validation check - Scenario 18 [Priority: HIGH]
[2026-07-22T07:43:13.023Z] INFO: Finished Test Case: TC_PERF_018 - Status: PASSED (21ms)

[2026-07-22T07:43:13.024Z] INFO: Starting Test Case: TC_PERF_019 - Performance Smoke validation check - Scenario 19 [Priority: LOW]
[2026-07-22T07:43:13.046Z] INFO: Finished Test Case: TC_PERF_019 - Status: PASSED (22ms)

[2026-07-22T07:43:13.046Z] INFO: Starting Test Case: TC_PERF_020 - Performance Smoke validation check - Scenario 20 [Priority: MEDIUM]
[2026-07-22T07:43:13.082Z] INFO: Finished Test Case: TC_PERF_020 - Status: PASSED (36ms)

[2026-07-22T07:43:13.082Z] INFO: Starting Test Case: TC_REGR_001 - Regression validation check - Scenario 1 [Priority: CRITICAL]
[2026-07-22T07:43:13.089Z] INFO: Finished Test Case: TC_REGR_001 - Status: PASSED (7ms)

[2026-07-22T07:43:13.089Z] INFO: Starting Test Case: TC_REGR_002 - Regression validation check - Scenario 2 [Priority: HIGH]
[2026-07-22T07:43:13.103Z] INFO: Finished Test Case: TC_REGR_002 - Status: PASSED (14ms)

[2026-07-22T07:43:13.104Z] INFO: Starting Test Case: TC_REGR_003 - Regression validation check - Scenario 3 [Priority: HIGH]
[2026-07-22T07:43:13.130Z] INFO: Finished Test Case: TC_REGR_003 - Status: PASSED (26ms)

[2026-07-22T07:43:13.130Z] INFO: Starting Test Case: TC_REGR_004 - Regression validation check - Scenario 4 [Priority: LOW]
[2026-07-22T07:43:13.171Z] INFO: Finished Test Case: TC_REGR_004 - Status: PASSED (41ms)

[2026-07-22T07:43:13.172Z] INFO: Starting Test Case: TC_REGR_005 - Regression validation check - Scenario 5 [Priority: MEDIUM]
[2026-07-22T07:43:13.214Z] INFO: Finished Test Case: TC_REGR_005 - Status: PASSED (42ms)

[2026-07-22T07:43:13.214Z] INFO: Starting Test Case: TC_REGR_006 - Regression validation check - Scenario 6 [Priority: CRITICAL]
[2026-07-22T07:43:13.230Z] INFO: Finished Test Case: TC_REGR_006 - Status: PASSED (16ms)

[2026-07-22T07:43:13.230Z] INFO: Starting Test Case: TC_REGR_007 - Regression validation check - Scenario 7 [Priority: HIGH]
[2026-07-22T07:43:13.259Z] INFO: Finished Test Case: TC_REGR_007 - Status: PASSED (29ms)

[2026-07-22T07:43:13.259Z] INFO: Starting Test Case: TC_REGR_008 - Regression validation check - Scenario 8 [Priority: HIGH]
[2026-07-22T07:43:13.269Z] INFO: Finished Test Case: TC_REGR_008 - Status: PASSED (10ms)

[2026-07-22T07:43:13.269Z] INFO: Starting Test Case: TC_REGR_009 - Regression validation check - Scenario 9 [Priority: LOW]
[2026-07-22T07:43:13.292Z] INFO: Finished Test Case: TC_REGR_009 - Status: PASSED (23ms)

[2026-07-22T07:43:13.292Z] INFO: Starting Test Case: TC_REGR_010 - Regression validation check - Scenario 10 [Priority: MEDIUM]
[2026-07-22T07:43:13.299Z] INFO: Finished Test Case: TC_REGR_010 - Status: PASSED (7ms)

[2026-07-22T07:43:13.299Z] INFO: Starting Test Case: TC_REGR_011 - Regression validation check - Scenario 11 [Priority: CRITICAL]
[2026-07-22T07:43:13.334Z] INFO: Finished Test Case: TC_REGR_011 - Status: PASSED (35ms)

[2026-07-22T07:43:13.334Z] INFO: Starting Test Case: TC_REGR_012 - Regression validation check - Scenario 12 [Priority: HIGH]
[2026-07-22T07:43:13.375Z] INFO: Finished Test Case: TC_REGR_012 - Status: PASSED (40ms)

[2026-07-22T07:43:13.375Z] INFO: Starting Test Case: TC_REGR_013 - Regression validation check - Scenario 13 [Priority: HIGH]
[2026-07-22T07:43:13.419Z] INFO: Finished Test Case: TC_REGR_013 - Status: PASSED (44ms)

[2026-07-22T07:43:13.419Z] INFO: Starting Test Case: TC_REGR_014 - Regression validation check - Scenario 14 [Priority: LOW]
[2026-07-22T07:43:13.454Z] INFO: Finished Test Case: TC_REGR_014 - Status: PASSED (35ms)

[2026-07-22T07:43:13.454Z] INFO: Starting Test Case: TC_REGR_015 - Regression validation check - Scenario 15 [Priority: MEDIUM]
[2026-07-22T07:43:13.476Z] INFO: Finished Test Case: TC_REGR_015 - Status: PASSED (22ms)

[2026-07-22T07:43:13.476Z] INFO: Starting Test Case: TC_REGR_016 - Regression validation check - Scenario 16 [Priority: CRITICAL]
[2026-07-22T07:43:13.504Z] INFO: Finished Test Case: TC_REGR_016 - Status: PASSED (28ms)

[2026-07-22T07:43:13.504Z] INFO: Starting Test Case: TC_REGR_017 - Regression validation check - Scenario 17 [Priority: HIGH]
[2026-07-22T07:43:13.520Z] INFO: Finished Test Case: TC_REGR_017 - Status: PASSED (16ms)

[2026-07-22T07:43:13.520Z] INFO: Starting Test Case: TC_REGR_018 - Regression validation check - Scenario 18 [Priority: HIGH]
[2026-07-22T07:43:13.535Z] INFO: Finished Test Case: TC_REGR_018 - Status: PASSED (15ms)

[2026-07-22T07:43:13.535Z] INFO: Starting Test Case: TC_REGR_019 - Regression validation check - Scenario 19 [Priority: LOW]
[2026-07-22T07:43:13.568Z] INFO: Finished Test Case: TC_REGR_019 - Status: PASSED (33ms)

[2026-07-22T07:43:13.568Z] INFO: Starting Test Case: TC_REGR_020 - Regression validation check - Scenario 20 [Priority: MEDIUM]
[2026-07-22T07:43:13.613Z] INFO: Finished Test Case: TC_REGR_020 - Status: PASSED (45ms)

[2026-07-22T07:43:13.613Z] INFO: Starting Test Case: TC_REGR_021 - Regression validation check - Scenario 21 [Priority: CRITICAL]
[2026-07-22T07:43:13.660Z] INFO: Finished Test Case: TC_REGR_021 - Status: PASSED (47ms)

[2026-07-22T07:43:13.660Z] INFO: Starting Test Case: TC_REGR_022 - Regression validation check - Scenario 22 [Priority: HIGH]
[2026-07-22T07:43:13.710Z] INFO: Finished Test Case: TC_REGR_022 - Status: PASSED (50ms)

[2026-07-22T07:43:13.710Z] INFO: Starting Test Case: TC_REGR_023 - Regression validation check - Scenario 23 [Priority: HIGH]
[2026-07-22T07:43:13.718Z] INFO: Finished Test Case: TC_REGR_023 - Status: PASSED (8ms)

[2026-07-22T07:43:13.718Z] INFO: Starting Test Case: TC_REGR_024 - Regression validation check - Scenario 24 [Priority: LOW]
[2026-07-22T07:43:13.739Z] INFO: Finished Test Case: TC_REGR_024 - Status: PASSED (21ms)

[2026-07-22T07:43:13.739Z] INFO: Starting Test Case: TC_REGR_025 - Regression validation check - Scenario 25 [Priority: MEDIUM]
[2026-07-22T07:43:13.769Z] INFO: Finished Test Case: TC_REGR_025 - Status: PASSED (30ms)

[2026-07-22T07:43:13.769Z] INFO: Starting Test Case: TC_REGR_026 - Regression validation check - Scenario 26 [Priority: CRITICAL]
[2026-07-22T07:43:13.788Z] INFO: Finished Test Case: TC_REGR_026 - Status: PASSED (19ms)

[2026-07-22T07:43:13.788Z] INFO: Starting Test Case: TC_REGR_027 - Regression validation check - Scenario 27 [Priority: HIGH]
[2026-07-22T07:43:13.796Z] INFO: Finished Test Case: TC_REGR_027 - Status: PASSED (8ms)

[2026-07-22T07:43:13.796Z] INFO: Starting Test Case: TC_REGR_028 - Regression validation check - Scenario 28 [Priority: HIGH]
[2026-07-22T07:43:13.816Z] INFO: Finished Test Case: TC_REGR_028 - Status: PASSED (19ms)

[2026-07-22T07:43:13.816Z] INFO: Starting Test Case: TC_REGR_029 - Regression validation check - Scenario 29 [Priority: LOW]
[2026-07-22T07:43:13.835Z] INFO: Finished Test Case: TC_REGR_029 - Status: PASSED (19ms)

[2026-07-22T07:43:13.835Z] INFO: Starting Test Case: TC_REGR_030 - Regression validation check - Scenario 30 [Priority: MEDIUM]
[2026-07-22T07:43:13.876Z] INFO: Finished Test Case: TC_REGR_030 - Status: PASSED (41ms)

[2026-07-22T07:43:13.876Z] INFO: Starting Test Case: TC_REGR_031 - Regression validation check - Scenario 31 [Priority: CRITICAL]
[2026-07-22T07:43:13.899Z] INFO: Finished Test Case: TC_REGR_031 - Status: PASSED (23ms)

[2026-07-22T07:43:13.899Z] INFO: Starting Test Case: TC_REGR_032 - Regression validation check - Scenario 32 [Priority: HIGH]
[2026-07-22T07:43:13.943Z] INFO: Finished Test Case: TC_REGR_032 - Status: PASSED (44ms)

[2026-07-22T07:43:13.943Z] INFO: Starting Test Case: TC_REGR_033 - Regression validation check - Scenario 33 [Priority: HIGH]
[2026-07-22T07:43:13.988Z] INFO: Finished Test Case: TC_REGR_033 - Status: PASSED (45ms)

[2026-07-22T07:43:13.988Z] INFO: Starting Test Case: TC_REGR_034 - Regression validation check - Scenario 34 [Priority: LOW]
[2026-07-22T07:43:14.033Z] INFO: Finished Test Case: TC_REGR_034 - Status: PASSED (45ms)

[2026-07-22T07:43:14.033Z] INFO: Starting Test Case: TC_REGR_035 - Regression validation check - Scenario 35 [Priority: MEDIUM]
[2026-07-22T07:43:14.077Z] INFO: Finished Test Case: TC_REGR_035 - Status: PASSED (44ms)

[2026-07-22T07:43:14.077Z] INFO: Starting Test Case: TC_REGR_036 - Regression validation check - Scenario 36 [Priority: CRITICAL]
[2026-07-22T07:43:14.114Z] INFO: Finished Test Case: TC_REGR_036 - Status: PASSED (37ms)

[2026-07-22T07:43:14.114Z] INFO: Starting Test Case: TC_REGR_037 - Regression validation check - Scenario 37 [Priority: HIGH]
[2026-07-22T07:43:14.132Z] INFO: Finished Test Case: TC_REGR_037 - Status: PASSED (18ms)

[2026-07-22T07:43:14.132Z] INFO: Starting Test Case: TC_REGR_038 - Regression validation check - Scenario 38 [Priority: HIGH]
[2026-07-22T07:43:14.153Z] INFO: Finished Test Case: TC_REGR_038 - Status: PASSED (21ms)

[2026-07-22T07:43:14.153Z] INFO: Starting Test Case: TC_REGR_039 - Regression validation check - Scenario 39 [Priority: LOW]
[2026-07-22T07:43:14.163Z] INFO: Finished Test Case: TC_REGR_039 - Status: PASSED (10ms)

[2026-07-22T07:43:14.163Z] INFO: Starting Test Case: TC_REGR_040 - Regression validation check - Scenario 40 [Priority: MEDIUM]
[2026-07-22T07:43:14.190Z] INFO: Finished Test Case: TC_REGR_040 - Status: PASSED (27ms)

[2026-07-22T07:43:14.191Z] INFO: Starting Test Case: TC_REGR_041 - Regression validation check - Scenario 41 [Priority: CRITICAL]
[2026-07-22T07:43:14.216Z] INFO: Finished Test Case: TC_REGR_041 - Status: PASSED (25ms)

[2026-07-22T07:43:14.216Z] INFO: Starting Test Case: TC_REGR_042 - Regression validation check - Scenario 42 [Priority: HIGH]
[2026-07-22T07:43:14.229Z] INFO: Finished Test Case: TC_REGR_042 - Status: PASSED (13ms)

[2026-07-22T07:43:14.230Z] INFO: Starting Test Case: TC_REGR_043 - Regression validation check - Scenario 43 [Priority: HIGH]
[2026-07-22T07:43:14.235Z] INFO: Finished Test Case: TC_REGR_043 - Status: PASSED (5ms)

[2026-07-22T07:43:14.235Z] INFO: Starting Test Case: TC_REGR_044 - Regression validation check - Scenario 44 [Priority: LOW]
[2026-07-22T07:43:14.273Z] INFO: Finished Test Case: TC_REGR_044 - Status: PASSED (38ms)

[2026-07-22T07:43:14.273Z] INFO: Starting Test Case: TC_REGR_045 - Regression validation check - Scenario 45 [Priority: MEDIUM]
[2026-07-22T07:43:14.295Z] INFO: Finished Test Case: TC_REGR_045 - Status: PASSED (22ms)

[2026-07-22T07:43:14.295Z] INFO: Starting Test Case: TC_REGR_046 - Regression validation check - Scenario 46 [Priority: CRITICAL]
[2026-07-22T07:43:14.334Z] INFO: Finished Test Case: TC_REGR_046 - Status: PASSED (39ms)

[2026-07-22T07:43:14.334Z] INFO: Starting Test Case: TC_REGR_047 - Regression validation check - Scenario 47 [Priority: HIGH]
[2026-07-22T07:43:14.343Z] INFO: Finished Test Case: TC_REGR_047 - Status: PASSED (9ms)

[2026-07-22T07:43:14.343Z] INFO: Starting Test Case: TC_REGR_048 - Regression validation check - Scenario 48 [Priority: HIGH]
[2026-07-22T07:43:14.377Z] INFO: Finished Test Case: TC_REGR_048 - Status: PASSED (34ms)

[2026-07-22T07:43:14.377Z] INFO: Starting Test Case: TC_REGR_049 - Regression validation check - Scenario 49 [Priority: LOW]
[2026-07-22T07:43:14.400Z] INFO: Finished Test Case: TC_REGR_049 - Status: PASSED (23ms)

[2026-07-22T07:43:14.400Z] INFO: Starting Test Case: TC_REGR_050 - Regression validation check - Scenario 50 [Priority: MEDIUM]
[2026-07-22T07:43:14.446Z] INFO: Finished Test Case: TC_REGR_050 - Status: PASSED (46ms)

[2026-07-22T07:43:14.446Z] INFO: Closing Chrome driver session...
[2026-07-22T07:43:14.449Z] INFO: Browser logs saved successfully to: /home/runner/work/pddtesting/pddtesting/automation/reports/Logs/browser-console.log
[2026-07-22T07:43:14.502Z] INFO: Session closed.
[2026-07-22T07:43:14.502Z] INFO: E2E suite execution finished. Total duration: 43.48s
[2026-07-22T07:43:14.502Z] INFO: Generating Excel automation reports...
[2026-07-22T07:43:14.736Z] INFO: Master Excel report written to: /home/runner/work/pddtesting/pddtesting/automation/reports/Excel/Automation_Test_Report.xlsx
[2026-07-22T07:43:14.853Z] INFO: Excel report generation completed successfully!
[2026-07-22T07:43:14.853Z] INFO: Generating HTML automation reports...
[2026-07-22T07:43:14.860Z] INFO: HTML Reports successfully written to: /home/runner/work/pddtesting/pddtesting/automation/reports/HTML
[2026-07-22T07:43:14.862Z] INFO: JSON report generated at: /home/runner/work/pddtesting/pddtesting/automation/reports/JSON/execution-results.json
[2026-07-22T07:43:14.862Z] INFO: Markdown step summary generated at: /home/runner/work/pddtesting/pddtesting/automation/reports/Summary/summary.md
[2026-07-22T07:43:14.862Z] INFO: Final Metrics -> Total: 470, Passed: 467, Pass Rate: 99.36%
[2026-07-22T07:43:14.862Z] INFO: Critical Tests -> Total: 95, Failed: 1, Critical Fail Rate: 1.05%
[2026-07-22T07:43:14.863Z] INFO: Execution Passed: All criteria (Pass Rate >= 95% and Critical Fail Rate <= 5%) met successfully!
